dataset	compound_inchikey	canonical_smiles	parent_status	parent_smiles	parent_key	parent_formula
development	AALVUUMVCUHIRJ-UHFFFAOYSA-N	CC1=C(CCC(C)COC2OC(CO)C(O)C(O)C2O)OC2CC3C4CCC5CC(OC6OC(COC7OCC(O)C(O)C7O)C(O)C(O)C6O)C(O)CC5(C)C4CCC3(C)C12	ok	CC1=C(CCC(C)COC2OC(CO)C(O)C(O)C2O)OC2CC3C4CCC5CC(OC6OC(COC7OCC(O)C(O)C7O)C(O)C(O)C6O)C(O)CC5(C)C4CCC3(C)C12	AALVUUMVCUHIRJ-UHFFFAOYSA-N	C44H72O18
development	AAOVKJBEBIDNHE-UHFFFAOYSA-N	CN1C(=O)CN=C(c2ccccc2)c2cc(Cl)ccc21	ok	CN1C(=O)CN=C(c2ccccc2)c2cc(Cl)ccc21	AAOVKJBEBIDNHE-UHFFFAOYSA-N	C16H13ClN2O
development	ABAQSBNXJMXUHX-UHFFFAOYSA-N	CC(C)=CCc1cc(CC(=O)C(O)c2cc(CC=C(C)C)c(O)cc2O)ccc1O	tautomer_MaxTransformsReached			C25H30O5
development	ABXHVUYVHJIOMQ-UHFFFAOYSA-N	CCC(C)C1=NC(=O)C(CCN)N=C(O)CC(C(C)CC)OC(=O)C(CO)N=C(O)C(CC(C)C)N=C(O)C(C(C)C)NC(=O)C(CCN)NC(=O)C(CC(C)C)NC(=O)C(Cc2ccccc2)NC(=O)C(CCN)NC1O	tautomer_MaxTautomersReached			C54H92N12O12
development	ACCBJOPUSBTZKZ-UHFFFAOYSA-N	CCCCCCCCCCCCCC=CC(O)C(COC1OC(CO)C(OC2OC(CO)C(OC3OC(CO)C(O)C(OC4OC(CO)C(O)C(OC5(C(=O)O)CC(O)C(NC(C)=O)C(C(O)C(O)CO)O5)C4O)C3CC(C)=O)C(OC3(C(=O)O)CC(O)C(NC(C)=O)C(C(O)C(CO)OC4(C(=O)O)CC(O)C(NC(C)=O)C(C(O)C(O)CO)O4)O3)C2O)C(O)C1O)NC(=O)CCCCCCCCCCC	ok	CCCCCCCCCCCCCC=CC(O)C(COC1OC(CO)C(OC2OC(CO)C(OC3OC(CO)C(O)C(OC4OC(CO)C(O)C(OC5(C(=O)O)CC(O)C(NC(C)=O)C(C(O)C(O)CO)O5)C4O)C3CC(C)=O)C(OC3(C(=O)O)CC(O)C(NC(C)=O)C(C(O)C(CO)OC4(C(=O)O)CC(O)C(NC(C)=O)C(C(O)C(O)CO)O4)O3)C2O)C(O)C1O)NC(=O)CCCCCCCCCCC	ACCBJOPUSBTZKZ-UHFFFAOYSA-N	C90H154N4O47
development	ACCMWZWAEFYUGZ-UHFFFAOYSA-N	CCOCCn1c(C2CCN(CCc3ccc(C(C)(C)C(=O)O)cc3)CC2)nc2ccccc21	ok	CCOCCn1c(C2CCN(CCc3ccc(C(C)(C)C(=O)O)cc3)CC2)nc2ccccc21	ACCMWZWAEFYUGZ-UHFFFAOYSA-N	C28H37N3O3
development	ACHFSGOIKJNVJV-UHFFFAOYSA-N	COc1c2c(cc(O)c1-c1cc3ccccc3o1)OCO2	ok	COc1c2c(cc(O)c1-c1cc3ccccc3o1)OCO2	ACHFSGOIKJNVJV-UHFFFAOYSA-N	C16H12O5
development	ACVGWSKVRYFWRP-UHFFFAOYSA-N	O=c1c2ccccc2nc2n1CCc1c-2[nH]c2ccccc12	ok	O=c1c2ccccc2nc2n1CCc1c-2[nH]c2ccccc12	ACVGWSKVRYFWRP-UHFFFAOYSA-N	C18H13N3O
development	ACWBBAGYTKWBCD-UHFFFAOYSA-N	NC(Cc1ccc(O)c(Cl)c1)C(=O)O	ok	NC(Cc1ccc(O)c(Cl)c1)C(=O)O	ACWBBAGYTKWBCD-UHFFFAOYSA-N	C9H10ClNO3
development	ACWBQPMHZXGDFX-UHFFFAOYSA-N	CCCCC(=O)N(Cc1ccc(-c2ccccc2-c2nn[nH]n2)cc1)C(C(=O)O)C(C)C	ok	CCCCC(=O)N(Cc1ccc(-c2ccccc2-c2nn[nH]n2)cc1)C(C(=O)O)C(C)C	ACWBQPMHZXGDFX-UHFFFAOYSA-N	C24H29N5O3
development	ACXLVKYMISNUFD-UHFFFAOYSA-N	CC1(C=O)CCCC2(C)C1CCC13CC(CO)C(CCC12)C3	ok	CC1(C=O)CCCC2(C)C1CCC13CC(CO)C(CCC12)C3	ACXLVKYMISNUFD-UHFFFAOYSA-N	C20H32O2
development	ADEBPBSSDYVVLD-UHFFFAOYSA-N	COc1cc2c(cc1OC)C(=O)C(CC1CCN(Cc3ccccc3)CC1)C2	ok	COc1cc2c(cc1OC)C(=O)C(CC1CCN(Cc3ccccc3)CC1)C2	ADEBPBSSDYVVLD-UHFFFAOYSA-N	C24H29NO3
development	ADFCQWZHKCXPAJ-UHFFFAOYSA-N	Oc1ccc(C2COc3cc(O)ccc3C2)cc1	ok	Oc1ccc(C2COc3cc(O)ccc3C2)cc1	ADFCQWZHKCXPAJ-UHFFFAOYSA-N	C15H14O3
development	ADHYBIYGSXQYDM-UHFFFAOYSA-N	CN1CC(O)c2cc(O)c(O)cc21	ok	CN1CC(O)c2cc(O)c(O)cc21	ADHYBIYGSXQYDM-UHFFFAOYSA-N	C9H11NO3
development	ADJNQGJVAJRCCO-UHFFFAOYSA-N	C=CC(O)C#CC#CC=CC=CC(O)CCCCC	ok	C=CC(O)C#CC#CC=CC=CC(O)CCCCC	ADJNQGJVAJRCCO-UHFFFAOYSA-N	C17H22O2
development	ADSALMJPJUKESW-UHFFFAOYSA-N	O=C(O)CC1CCCN1	ok	O=C(O)CC1CCCN1	ADSALMJPJUKESW-UHFFFAOYSA-N	C6H11NO2
development	AEMOLEFTQBMNLQ-UHFFFAOYSA-N	O=C(O)C1OC(O)C(O)C(O)C1O	ok	O=C(O)C1OC(O)C(O)C(O)C1O	AEMOLEFTQBMNLQ-UHFFFAOYSA-N	C6H10O7
development	AFBDSAJOMZYQAI-UHFFFAOYSA-N	CC(OC1OCCNC1c1ccc(F)cc1)c1cc(C(F)(F)F)cc(C(F)(F)F)c1	ok	CC(OC1OCCNC1c1ccc(F)cc1)c1cc(C(F)(F)F)cc(C(F)(F)F)c1	AFBDSAJOMZYQAI-UHFFFAOYSA-N	C20H18F7NO2
development	AFLNGLSTOJPKJJ-UHFFFAOYSA-N	CC1(C)CCC2(C(=O)O)CCC3(C)C(=CCC4C5(C)CC(O)C(OC6OC(CO)C(OC7OC(CO)C(O)C(O)C7O)C(O)C6O)C(C)(C(=O)O)C5CCC43C)C2C1	ok	CC1(C)CCC2(C(=O)O)CCC3(C)C(=CCC4C5(C)CC(O)C(OC6OC(CO)C(OC7OC(CO)C(O)C(O)C7O)C(O)C6O)C(C)(C(=O)O)C5CCC43C)C2C1	AFLNGLSTOJPKJJ-UHFFFAOYSA-N	C42H66O16
development	AFZCVSRIUXFFJO-UHFFFAOYSA-N	CC1(O)CC23C=CC1CC2C1(C)CCC(=O)C(C)(C)C1CC3	ok	CC1(O)CC23C=CC1CC2C1(C)CCC(=O)C(C)(C)C1CC3	AFZCVSRIUXFFJO-UHFFFAOYSA-N	C20H30O2
development	AFZHQMQGUKDWSJ-UHFFFAOYSA-N	CCCCCCCC(=O)OCCCC1C(=C(C)C)CCC2C1(C)CCC1(C)C(C(C)CCC=C(C)C)CCC21C	ok	CCCCCCCC(=O)OCCCC1C(=C(C)C)CCC2C1(C)CCC1(C)C(C(C)CCC=C(C)C)CCC21C	AFZHQMQGUKDWSJ-UHFFFAOYSA-N	C38H66O2
development	AGABNGOXUSXQDD-UHFFFAOYSA-N	CC=C(C)C(=O)OC1Cc2cc3ccc(=O)oc3cc2OC1(C)C	ok	CC=C(C)C(=O)OC1Cc2cc3ccc(=O)oc3cc2OC1(C)C	AGABNGOXUSXQDD-UHFFFAOYSA-N	C19H20O5
development	AGGQBLQYYGOWKY-UHFFFAOYSA-N	CC1CCC2C(C)C3C(CC4C5CC=C6CC(OC7OC(CO)C(OC8OC(CO)C(O)C(OC9OCC(O)C(O)C9O)C8OC8OC(CO)C(O)C(O)C8O)C(O)C7O)CCC6(C)C5CCC43C)N2C1	ok	CC1CCC2C(C)C3C(CC4C5CC=C6CC(OC7OC(CO)C(OC8OC(CO)C(O)C(OC9OCC(O)C(O)C9O)C8OC8OC(CO)C(O)C(O)C8O)C(O)C7O)CCC6(C)C5CCC43C)N2C1	AGGQBLQYYGOWKY-UHFFFAOYSA-N	C50H81NO20
development	AGHANLSBXUWXTB-UHFFFAOYSA-N	O=C(O)COc1ccc(C(=O)c2cccs2)c(Cl)c1Cl	ok	O=C(O)COc1ccc(C(=O)c2cccs2)c(Cl)c1Cl	AGHANLSBXUWXTB-UHFFFAOYSA-N	C13H8Cl2O4S
development	AGNAZKCPHGYYKE-UHFFFAOYSA-N	CC(=O)OC1CC(=C(C)CC(=O)CC(C)C(=O)O)C2(C)CC=C3C(=CCC4C3(C)CCC(O)C4(C)C)C12C	ok	CC(=O)OC1CC(=C(C)CC(=O)CC(C)C(=O)O)C2(C)CC=C3C(=CCC4C3(C)CCC(O)C4(C)C)C12C	AGNAZKCPHGYYKE-UHFFFAOYSA-N	C32H46O6
development	AGNUIQKIUPCFET-UHFFFAOYSA-N	CCCCCCCCC1OCC(C)O1	ok	CCCCCCCCC1OCC(C)O1	AGNUIQKIUPCFET-UHFFFAOYSA-N	C12H24O2
development	AGOYDEPGAOXOCK-UHFFFAOYSA-N	CCC1OC(=O)C(C)C(OC2CC(C)(OC)C(O)C(C)O2)C(C)C(OC2OC(C)CC(N(C)C)C2O)C(C)(OC)CC(C)C(=O)C(C)C(O)C1(C)O	ok	CCC1OC(=O)C(C)C(OC2CC(C)(OC)C(O)C(C)O2)C(C)C(OC2OC(C)CC(N(C)C)C2O)C(C)(OC)CC(C)C(=O)C(C)C(O)C1(C)O	AGOYDEPGAOXOCK-UHFFFAOYSA-N	C38H69NO13
development	AGSLYHYWLYGAOU-UHFFFAOYSA-N	CNCCOC(c1ccccc1)c1ccccc1	ok	CNCCOC(c1ccccc1)c1ccccc1	AGSLYHYWLYGAOU-UHFFFAOYSA-N	C16H19NO
development	AGXLQRPCBKYRSR-UHFFFAOYSA-N	CCOC1OC2OC3(C)CCCC4C(C)CCC(C1C)C24OO3	ok	CCOC1OC2OC3(C)CCCC4C(C)CCC(C1C)C24OO3	AGXLQRPCBKYRSR-UHFFFAOYSA-N	C18H30O5
development	AHEWVDSAOCOLCK-UHFFFAOYSA-N	CC1(C)CCC2(C(=O)OC3OC(CO)C(O)C(O)C3O)C(O)CC3(C)C(=CCC4C5(C)CCC(OC6OCC(O)C(OC7OC(CO)C(O)C(OC8OC(CO)C(O)C(O)C8O)C7O)C6O)C(C)(C)C5CCC43C)C2C1	ok	CC1(C)CCC2(C(=O)OC3OC(CO)C(O)C(O)C3O)C(O)CC3(C)C(=CCC4C5(C)CCC(OC6OCC(O)C(OC7OC(CO)C(O)C(OC8OC(CO)C(O)C(O)C8O)C7O)C6O)C(C)(C)C5CCC43C)C2C1	AHEWVDSAOCOLCK-UHFFFAOYSA-N	C53H86O23
development	AHKHKMDMRHPLNJ-UHFFFAOYSA-N	CCCCNCc1cc(=O)oc2cc(OC)ccc12	ok	CCCCNCc1cc(=O)oc2cc(OC)ccc12	AHKHKMDMRHPLNJ-UHFFFAOYSA-N	C15H19NO3
development	AHLPHDHHMVZTML-UHFFFAOYSA-N	NCCCC(N)C(=O)O	ok	NCCCC(N)C(=O)O	AHLPHDHHMVZTML-UHFFFAOYSA-N	C5H12N2O2
development	AIILTVHCLAEMDA-UHFFFAOYSA-N	CCC(=O)SC	ok	CCC(=O)SC	AIILTVHCLAEMDA-UHFFFAOYSA-N	C4H8OS
development	AIJULSRZWUXGPQ-UHFFFAOYSA-N	CC(=O)C=O	ok	CC(=O)C=O	AIJULSRZWUXGPQ-UHFFFAOYSA-N	C3H4O2
development	AINNVCLTLJOODL-UHFFFAOYSA-N	C=CC1(C)CCC(OC2OC(COC3OCC(O)(CO)C3O)C(O)C(O)C2O)C(C)(C)O1	ok	C=CC1(C)CCC(OC2OC(COC3OCC(O)(CO)C3O)C(O)C(O)C2O)C(C)(C)O1	AINNVCLTLJOODL-UHFFFAOYSA-N	C21H36O11
development	AIONOLUJZLIMTK-UHFFFAOYSA-N	COc1ccc(C2CC(=O)c3c(O)cc(O)cc3O2)cc1O	ok	COc1ccc(C2CC(=O)c3c(O)cc(O)cc3O2)cc1O	AIONOLUJZLIMTK-UHFFFAOYSA-N	C16H14O6
development	AJYLEJBHVLQJTI-UHFFFAOYSA-N	CC(CCC(O)(CO)C(C)C)C1C(O)CC2(C)C3CCC4C(C)(C(=O)OC5OC(CO)C(O)C(O)C5O)C(O)CC(O)C45CC35CCC12C	ok	CC(CCC(O)(CO)C(C)C)C1C(O)CC2(C)C3CCC4C(C)(C(=O)OC5OC(CO)C(O)C(O)C5O)C(O)CC(O)C45CC35CCC12C	AJYLEJBHVLQJTI-UHFFFAOYSA-N	C37H62O12
development	AKDLSISGGARWFP-UHFFFAOYSA-N	COc1cc(CNC(=O)CCCCCCCC(C)C)ccc1O	ok	COc1cc(CNC(=O)CCCCCCCC(C)C)ccc1O	AKDLSISGGARWFP-UHFFFAOYSA-N	C19H31NO3
development	AKVBCGQVQXPRLD-UHFFFAOYSA-N	CCCCCCC(N)C(=O)O	ok	CCCCCCC(N)C(=O)O	AKVBCGQVQXPRLD-UHFFFAOYSA-N	C8H17NO2
development	ALARQZQTBTVLJV-UHFFFAOYSA-N	CCC1(c2ccccc2)C(=O)NC(=O)N(C)C1=O	ok	CCC1(c2ccccc2)C(=O)NC(=O)N(C)C1=O	ALARQZQTBTVLJV-UHFFFAOYSA-N	C13H14N2O3
development	ALFGKMXHOUSVAD-UHFFFAOYSA-N	CCC(=O)C1(c2cccc(O)c2)CCN(C)CC1	ok	CCC(=O)C1(c2cccc(O)c2)CCN(C)CC1	ALFGKMXHOUSVAD-UHFFFAOYSA-N	C15H21NO2
development	ALLWOAVDORUJLA-UHFFFAOYSA-N	O=C(NC(Cc1cc(=O)[nH]c2ccccc12)C(=O)O)c1ccc(Cl)cc1	ok	O=C(NC(Cc1cc(=O)[nH]c2ccccc12)C(=O)O)c1ccc(Cl)cc1	ALLWOAVDORUJLA-UHFFFAOYSA-N	C19H15ClN2O4
development	ALMJXWPCHVBUTP-UHFFFAOYSA-N	CC1=C(CCC(C)COC2OC(CO)C(O)C(O)C2O)OC2CC3C4CC(=O)C5CC(OC6OC(COC7OCC(O)C(O)C7O)C(OC7OCC(O)C(O)C7O)C(O)C6O)CCC5(C)C4CCC3(C)C12	ok	CC1=C(CCC(C)COC2OC(CO)C(O)C(O)C2O)OC2CC3C4CC(=O)C5CC(OC6OC(COC7OCC(O)C(O)C7O)C(OC7OCC(O)C(O)C7O)C(O)C6O)CCC5(C)C4CCC3(C)C12	ALMJXWPCHVBUTP-UHFFFAOYSA-N	C49H78O22
development	ALRLPDGCPYIVHP-UHFFFAOYSA-N	O=[N+]([O-])c1ccc2ccc3cccc4ccc1c2c34	ok	O=[N+]([O-])c1ccc2ccc3cccc4ccc1c2c34	ALRLPDGCPYIVHP-UHFFFAOYSA-N	C16H9NO2
development	ALTAAUJNHYWOGS-UHFFFAOYSA-N	O=C(O)CC1CCC(O)CC1	ok	O=C(O)CC1CCC(O)CC1	ALTAAUJNHYWOGS-UHFFFAOYSA-N	C8H14O3
development	ALUFYZNLZVVCAA-UHFFFAOYSA-N	C=C(C)C1CC(=O)C(C)C(=O)C1	ok	C=C(C)C1CC(=O)C(C)C(=O)C1	ALUFYZNLZVVCAA-UHFFFAOYSA-N	C10H14O2
development	AMXPURQVAMENCC-UHFFFAOYSA-N	CC(=O)SC(C)(C)C1CCC(C)CC1=O	ok	CC(=O)SC(C)(C)C1CCC(C)CC1=O	AMXPURQVAMENCC-UHFFFAOYSA-N	C12H20O2S
development	ANJRGSHRMWLHFZ-UHFFFAOYSA-N	CCCC(=O)OC(C)Cc1ccccc1	ok	CCCC(=O)OC(C)Cc1ccccc1	ANJRGSHRMWLHFZ-UHFFFAOYSA-N	C13H18O2
development	ANUCDXCTICZJRH-UHFFFAOYSA-N	CC1COC2(c3ccccc3Cl)c3cc(Cl)ccc3NC(=O)CN12	ok	CC1COC2(c3ccccc3Cl)c3cc(Cl)ccc3NC(=O)CN12	ANUCDXCTICZJRH-UHFFFAOYSA-N	C18H16Cl2N2O2
development	ANUCHZVCBDOPOX-UHFFFAOYSA-N	c1ccc2c(c1)ccc1nc3ccc4ccccc4c3cc12	ok	c1ccc2c(c1)ccc1nc3ccc4ccccc4c3cc12	ANUCHZVCBDOPOX-UHFFFAOYSA-N	C21H13N
development	AOBORMOPSGHCAX-UHFFFAOYSA-N	Cc1c(C)c2c(c(C)c1OC(=O)CCC(=O)OCCO)CCC(C)(CCCC(C)CCCC(C)CCCC(C)C)O2	ok	Cc1c(C)c2c(c(C)c1OC(=O)CCC(=O)OCCO)CCC(C)(CCCC(C)CCCC(C)CCCC(C)C)O2	AOBORMOPSGHCAX-UHFFFAOYSA-N	C35H58O6
development	AOHMXFJFQLUIJL-UHFFFAOYSA-N	CCCCCCCCC=CCCCCCCCCCCCC(=O)NC(CO)C(O)CCCCCCCCCCCCCCC	ok	CCCCCCCCC=CCCCCCCCCCCCC(=O)NC(CO)C(O)CCCCCCCCCCCCCCC	AOHMXFJFQLUIJL-UHFFFAOYSA-N	C40H79NO3
development	AOIQKSHKQIJFMK-UHFFFAOYSA-N	COc1ccc2c(c1)c(CC(=O)NCC(O)c1ccccc1)c(C)n2C(=O)c1ccc(Cl)cc1	ok	COc1ccc2c(c1)c(CC(=O)NCC(O)c1ccccc1)c(C)n2C(=O)c1ccc(Cl)cc1	AOIQKSHKQIJFMK-UHFFFAOYSA-N	C27H25ClN2O4
development	APPXYONGBIXGRO-UHFFFAOYSA-N	CC(C)=CCc1c(-c2ccc(O)cc2O)oc2c(C3C=C(C)CC(c4ccc(O)cc4O)C3C(=O)c3ccc(O)cc3O)c(O)cc(O)c2c1=O	tautomer_MaxTransformsReached			C40H36O11
development	APSJUNFBAXIXLK-UHFFFAOYSA-N	Cc1ccc(C(=O)C(C)N2CCCC2)cc1	ok	Cc1ccc(C(=O)C(C)N2CCCC2)cc1	APSJUNFBAXIXLK-UHFFFAOYSA-N	C14H19NO
development	AQHHHDLHHXJYJD-UHFFFAOYSA-N	CC(C)NCC(O)COc1cccc2ccccc12	ok	CC(C)NCC(O)COc1cccc2ccccc12	AQHHHDLHHXJYJD-UHFFFAOYSA-N	C16H21NO2
development	AQIVDANQKWQSRX-UHFFFAOYSA-N	CCCCCCC1CCC(CCCCCCCC(=O)O)O1	ok	CCCCCCC1CCC(CCCCCCCC(=O)O)O1	AQIVDANQKWQSRX-UHFFFAOYSA-N	C18H34O3
development	AQKVISOBVPVACA-UHFFFAOYSA-N	NCCc1ccc(OC2OC(C(=O)O)C(O)C(O)C2O)cc1	ok	NCCc1ccc(OC2OC(C(=O)O)C(O)C(O)C2O)cc1	AQKVISOBVPVACA-UHFFFAOYSA-N	C14H19NO7
development	AQOXEJNYXXLRQQ-UHFFFAOYSA-N	CCOc1ccc(CC(CN(CCN(CC(=O)O)CC(=O)O)CC(=O)O)N(CC(=O)O)CC(=O)O)cc1	ok	CCOc1ccc(CC(CN(CCN(CC(=O)O)CC(=O)O)CC(=O)O)N(CC(=O)O)CC(=O)O)cc1	AQOXEJNYXXLRQQ-UHFFFAOYSA-N	C23H33N3O11
development	AQTFQQHFHGBCPG-UHFFFAOYSA-N	CCN(CC)C(=O)SC	ok	CCN(CC)C(=O)SC	AQTFQQHFHGBCPG-UHFFFAOYSA-N	C6H13NOS
development	ARGFHYICTJBMFD-UHFFFAOYSA-N	Cc1nc2c(c(=O)n(C)c(=O)n2CC2CCCCC2)n1C	ok	Cc1nc2c(c(=O)n(C)c(=O)n2CC2CCCCC2)n1C	ARGFHYICTJBMFD-UHFFFAOYSA-N	C15H22N4O2
development	ARJPPNFIEQKVBB-UHFFFAOYSA-N	CC(=O)NCCC=O	ok	CC(=O)NCCC=O	ARJPPNFIEQKVBB-UHFFFAOYSA-N	C5H9NO2
development	ARPVSMCNIDAQBO-UHFFFAOYSA-N	CC(C)CC(NC(=O)C(N)CCC(N)=O)C(=O)O	ok	CC(C)CC(NC(=O)C(N)CCC(N)=O)C(=O)O	ARPVSMCNIDAQBO-UHFFFAOYSA-N	C11H21N3O4
development	ARSRBNBHOADGJU-UHFFFAOYSA-N	Cc1c2ccccc2c(C)c2c1ccc1ccccc12	ok	Cc1c2ccccc2c(C)c2c1ccc1ccccc12	ARSRBNBHOADGJU-UHFFFAOYSA-N	C20H16
development	ARSVRKCVNFIICJ-UHFFFAOYSA-N	CC(NC(=O)CC(N)C(=O)O)C(=O)O	ok	CC(NC(=O)CC(N)C(=O)O)C(=O)O	ARSVRKCVNFIICJ-UHFFFAOYSA-N	C7H12N2O5
development	ARTRTLXKTHJPRW-UHFFFAOYSA-N	CCN(CC)S(=O)(=O)NC1CC2c3cccc4c3c(cn4CC)CC2N(C)C1	ok	CCN(CC)S(=O)(=O)NC1CC2c3cccc4c3c(cn4CC)CC2N(C)C1	ARTRTLXKTHJPRW-UHFFFAOYSA-N	C21H32N4O2S
development	ARZWATDYIYAUTA-UHFFFAOYSA-N	Cn1c(N)nc2c3cccnc3ccc21	ok	Cn1c(N)nc2c3cccnc3ccc21	ARZWATDYIYAUTA-UHFFFAOYSA-N	C11H10N4
development	ASICPMTWQSESKX-UHFFFAOYSA-N	CCCCCCCCCCCCCC(=O)CC(=O)O	ok	CCCCCCCCCCCCCC(=O)CC(=O)O	ASICPMTWQSESKX-UHFFFAOYSA-N	C16H30O3
development	ASUTZQLVASHGKV-UHFFFAOYSA-N	COc1ccc2c3c1OC1CC(O)C=CC31CCN(C)C2	ok	COc1ccc2c3c1OC1CC(O)C=CC31CCN(C)C2	ASUTZQLVASHGKV-UHFFFAOYSA-N	C17H21NO3
development	ASVDRLYVNFOSCI-UHFFFAOYSA-N	Cc1cc2c3ccccc3ccc2c2ccccc12	ok	Cc1cc2c3ccccc3ccc2c2ccccc12	ASVDRLYVNFOSCI-UHFFFAOYSA-N	C19H14
development	ATALOFNDEOCMKK-UHFFFAOYSA-N	CC(OC1OCCN(Cc2n[nH]c(=O)[nH]2)C1c1ccc(F)cc1)c1cc(C(F)(F)F)cc(C(F)(F)F)c1	ok	CC(OC1OCCN(Cc2n[nH]c(=O)[nH]2)C1c1ccc(F)cc1)c1cc(C(F)(F)F)cc(C(F)(F)F)c1	ATALOFNDEOCMKK-UHFFFAOYSA-N	C23H21F7N4O3
development	ATHHXGZTWNVVOU-UHFFFAOYSA-N	CNC=O	ok	CNC=O	ATHHXGZTWNVVOU-UHFFFAOYSA-N	C2H5NO
development	ATQIQIBBBWQWOT-UHFFFAOYSA-N	COC(=O)C(C)=CC=CC(C)=CC=CC=C(C)C=CC=C(C)C(=O)OC1OC(CO)C(O)C(O)C1O	ok	COC(=O)C(C)=CC=CC(C)=CC=CC=C(C)C=CC=C(C)C(=O)OC1OC(CO)C(O)C(O)C1O	ATQIQIBBBWQWOT-UHFFFAOYSA-N	C27H36O9
development	AUCNGVTWAHBDRJ-UHFFFAOYSA-N	CCCCCOc1ccc2ccc(=O)oc2c1	ok	CCCCCOc1ccc2ccc(=O)oc2c1	AUCNGVTWAHBDRJ-UHFFFAOYSA-N	C14H16O3
development	AUMHDRMJJNZTPB-UHFFFAOYSA-N	O=c1c(CC[S+]([O-])c2ccccc2)c(O)n(-c2ccccc2)n1-c1ccccc1	ok	O=c1c(CC[S+]([O-])c2ccccc2)c(O)n(-c2ccccc2)n1-c1ccccc1	AUMHDRMJJNZTPB-UHFFFAOYSA-N	C23H20N2O3S
development	AUVVAXYIELKVAI-UHFFFAOYSA-N	CCC1CN2CCc3cc(OC)c(OC)cc3C2CC1CC1NCCc2cc(OC)c(OC)cc21	ok	CCC1CN2CCc3cc(OC)c(OC)cc3C2CC1CC1NCCc2cc(OC)c(OC)cc21	AUVVAXYIELKVAI-UHFFFAOYSA-N	C29H40N2O4
development	AVTXSAWPGCSYFO-UHFFFAOYSA-N	CC(C)=CCCC(C)(OC1OC(CO)C(O)C(O)C1O)C1CCC2(C)C1C(O)CC1C3(C)CCC(OC4OC(CO)C(O)C(O)C4O)C(C)(C)C3C(O)CC12C	ok	CC(C)=CCCC(C)(OC1OC(CO)C(O)C(O)C1O)C1CCC2(C)C1C(O)CC1C3(C)CCC(OC4OC(CO)C(O)C(O)C4O)C(C)(C)C3C(O)CC12C	AVTXSAWPGCSYFO-UHFFFAOYSA-N	C42H72O14
development	AWGFYZFANDHELM-UHFFFAOYSA-N	CCC=CCCCCC=CCCCCCCCC(=O)O	ok	CCC=CCCCCC=CCCCCCCCC(=O)O	AWGFYZFANDHELM-UHFFFAOYSA-N	C18H32O2
development	AWJUIBRHMBBTKR-UHFFFAOYSA-N	c1ccc2cnccc2c1	ok	c1ccc2cnccc2c1	AWJUIBRHMBBTKR-UHFFFAOYSA-N	C9H7N
development	AXQLFFDZXPOFPO-UHFFFAOYSA-N	CC(=O)NC1C(OC2C(O)C(CO)OC(OC3C(CO)OC(O)C(O)C3O)C2O)OC(CO)C(O)C1OC1OC(CO)C(O)C(O)C1O	ok	CC(=O)NC1C(OC2C(O)C(CO)OC(OC3C(CO)OC(O)C(O)C3O)C2O)OC(CO)C(O)C1OC1OC(CO)C(O)C(O)C1O	AXQLFFDZXPOFPO-UHFFFAOYSA-N	C26H45NO21
development	AXVHXJQWKAFHQW-UHFFFAOYSA-N	CC1=C(C=O)C(C)(C)C=CC1	ok	CC1=C(C=O)C(C)(C)C=CC1	AXVHXJQWKAFHQW-UHFFFAOYSA-N	C10H14O
development	AYKYOOPFBCOXSL-UHFFFAOYSA-N	N#CCc1ccc(O)cc1	ok	N#CCc1ccc(O)cc1	AYKYOOPFBCOXSL-UHFFFAOYSA-N	C8H7NO
development	AYRFRNAUOZQULA-UHFFFAOYSA-N	O=C1C=c2oc3c(O)c4c(oc5cc(O)c(O)cc54)c(O)c3c2=CC1=O	ok	O=C1Cc2c(oc3c(=O)c4c(oc5cc(=O)c(=O)cc54)c(=O)c23)CC1O	ORMJEQPPTOFJLS-UHFFFAOYSA-N	C18H8O8
development	AYUIKFTXLXFFLE-UHFFFAOYSA-N	CCCCCC(O)CCCCC(O)C1CCC(C2CCC(C(O)CCCCC(O)CCCCCCCc3cc(C)oc3O)O2)O1	ok	CCCCCC(O)CCCCC(O)C1CCC(C2CCC(C(O)CCCCC(O)CCCCCCCc3cc(C)oc3O)O2)O1	AYUIKFTXLXFFLE-UHFFFAOYSA-N	C37H66O8
development	AYXPYQRXGNDJFU-UHFFFAOYSA-N	CC1CCC2C1C1C(CCC2(C)O)C1(C)C	ok	CC1CCC2C1C1C(CCC2(C)O)C1(C)C	AYXPYQRXGNDJFU-UHFFFAOYSA-N	C15H26O
development	AZFBLLCNOQPJGJ-UHFFFAOYSA-N	COC1C=COC2(C)Oc3c(C)c(O)c4c(O)c(c5c(c4c3C2=O)=NC2(CCN(CC(C)C)CC2)N=5)NC(=O)C(C)=CC=CC(C)C(O)C(C)C(O)C(C)C(OC(C)=O)C1C	tautomer_MaxTransformsReached			C46H62N4O11
development	AZHGTTHAUVPRFY-UHFFFAOYSA-N	CC=CC=CC=CCC=CC=CCC(=O)NCC(C)C	ok	CC=CC=CC=CCC=CC=CCC(=O)NCC(C)C	AZHGTTHAUVPRFY-UHFFFAOYSA-N	C18H27NO
development	AZPCZHMEQBFZQM-UHFFFAOYSA-N	CCCCCCCCCCCCCCCCCCC(=O)CC(O)CCCCC	ok	CCCCCCCCCCCCCCCCCCC(=O)CC(O)CCCCC	AZPCZHMEQBFZQM-UHFFFAOYSA-N	C26H52O2
development	AZSNMRSAGSSBNP-UHFFFAOYSA-N	CCC(C)C1OC2(CCC1C)CC1CC(CC=C(C)C(OC3CC(OC)C(OC4CC(OC)C(O)C(C)O4)C(C)O3)C(C)C=CC=C3COC4C(O)C(C)=CC(C(=O)O1)C34O)O2	ok	CCC(C)C1OC2(CCC1C)CC1CC(CC=C(C)C(OC3CC(OC)C(OC4CC(OC)C(O)C(C)O4)C(C)O3)C(C)C=CC=C3COC4C(O)C(C)=CC(C(=O)O1)C34O)O2	AZSNMRSAGSSBNP-UHFFFAOYSA-N	C48H74O14
development	AZTMWIPCEFFOJD-UHFFFAOYSA-N	CC1NCCc2c1[nH]c1cc(O)ccc21	ok	CC1NCCc2c1[nH]c1cc(O)ccc21	AZTMWIPCEFFOJD-UHFFFAOYSA-N	C12H14N2O
development	BAVONGHXFVOKBV-UHFFFAOYSA-N	C=C(C)C1CC=C(C)C(O)C1	ok	C=C(C)C1CC=C(C)C(O)C1	BAVONGHXFVOKBV-UHFFFAOYSA-N	C10H16O
development	BBBXWRGITSUJPB-UHFFFAOYSA-N	NCCCCC(NC(=O)C(N)CCC(=O)O)C(=O)O	ok	NCCCCC(NC(=O)C(N)CCC(=O)O)C(=O)O	BBBXWRGITSUJPB-UHFFFAOYSA-N	C11H21N3O5
development	BBDKZWKEPDTENS-UHFFFAOYSA-N	C=CC1CC=CCC1	ok	C=CC1CC=CCC1	BBDKZWKEPDTENS-UHFFFAOYSA-N	C8H12
development	BBIXOODYWPFNDT-UHFFFAOYSA-N	CCC(C)C(N)C(=O)N1CCCC1C(=O)O	ok	CCC(C)C(N)C(=O)N1CCCC1C(=O)O	BBIXOODYWPFNDT-UHFFFAOYSA-N	C11H20N2O3
development	BBJQPKLGPMQWBU-UHFFFAOYSA-N	CCCCCCCCCCCCCCCC(=O)OC1CCC2(C)C(=CCC3C2CCC2(C)C(C(C)CCCC(C)C)CCC32)C1	ok	CCCCCCCCCCCCCCCC(=O)OC1CCC2(C)C(=CCC3C2CCC2(C)C(C(C)CCCC(C)C)CCC32)C1	BBJQPKLGPMQWBU-UHFFFAOYSA-N	C43H76O2
development	BBJRTSLPWQUASB-UHFFFAOYSA-N	CCCCCC=CCC(O)C=CC=CC=CC(O)CCCC(=O)N(C)C	ok	CCCCCC=CCC(O)C=CC=CC=CC(O)CCCC(=O)N(C)C	BBJRTSLPWQUASB-UHFFFAOYSA-N	C22H37NO3
development	BBMCNYFBAIUERL-UHFFFAOYSA-N	CCCCCCC(OC)OC	ok	CCCCCCC(OC)OC	BBMCNYFBAIUERL-UHFFFAOYSA-N	C9H20O2
development	BCEHBSKCWLPMDN-UHFFFAOYSA-N	CC(c1ncncc1F)C(O)(Cn1cncn1)c1ccc(F)cc1F	ok	CC(c1ncncc1F)C(O)(Cn1cncn1)c1ccc(F)cc1F	BCEHBSKCWLPMDN-UHFFFAOYSA-N	C16H14F3N5O
development	BCGWQEUPMDMJNV-UHFFFAOYSA-N	CN(C)CCCN1c2ccccc2CCc2ccccc21	ok	CN(C)CCCN1c2ccccc2CCc2ccccc21	BCGWQEUPMDMJNV-UHFFFAOYSA-N	C19H24N2
development	BCMYNNIPTQUKAC-UHFFFAOYSA-N	CCCCC=CCC(=O)OCC	ok	CCCCC=CCC(=O)OCC	BCMYNNIPTQUKAC-UHFFFAOYSA-N	C10H18O2
development	BCQZXOMGPXTTIC-UHFFFAOYSA-N	FC(F)(F)C(Cl)Br	ok	FC(F)(F)C(Cl)Br	BCQZXOMGPXTTIC-UHFFFAOYSA-N	C2HBrClF3
development	BDCDNTVZSILEOY-UHFFFAOYSA-N	O=c1c(OC2OC(CO)C(O)C2O)c(-c2ccc(O)c(O)c2)oc2cc(O)cc(O)c12	tautomer_MaxTransformsReached			C20H18O11
development	BDIZCZITXGMZCF-UHFFFAOYSA-N	COC1C=C2C(CCC(OC3OCC(O)C(O)C3O)C2(C)C)C2(C)CCC3(C)C(C(C)CCC=C(C)C)C(OC4OC(COC(C)=O)C(OC(C)=O)C(O)C4O)CC3(C)C12	ok	COC1C=C2C(CCC(OC3OCC(O)C(O)C3O)C2(C)C)C2(C)CCC3(C)C(C(C)CCC=C(C)C)C(OC4OC(COC(C)=O)C(OC(C)=O)C(O)C4O)CC3(C)C12	BDIZCZITXGMZCF-UHFFFAOYSA-N	C46H74O14
development	BDOGTORASJEUBW-UHFFFAOYSA-N	CCCCOc1ccc2ccc(=O)oc2c1	ok	CCCCOc1ccc2ccc(=O)oc2c1	BDOGTORASJEUBW-UHFFFAOYSA-N	C13H14O3
development	BEFYGZGLHDYVIF-UHFFFAOYSA-N	CC(=CC(C)C1CCC2C1(C)CCC1C23C=CC2(CC(O)CCC12C)OO3)C(C)C(C)C	ok	CC(=CC(C)C1CCC2C1(C)CCC1C23C=CC2(CC(O)CCC12C)OO3)C(C)C(C)C	BEFYGZGLHDYVIF-UHFFFAOYSA-N	C29H46O3
development	BFPAVSSBPLQXJZ-UHFFFAOYSA-N	C=CC1(C)CCC2=C(CCC3C(C)(C(=O)O)CCCC23C)C1	ok	C=CC1(C)CCC2=C(CCC3C(C)(C(=O)O)CCCC23C)C1	BFPAVSSBPLQXJZ-UHFFFAOYSA-N	C20H30O2
development	BFPYWIDHMRZLRN-UHFFFAOYSA-N	C#CC1(O)CCC2C3CCc4cc(O)ccc4C3CCC21C	ok	C#CC1(O)CCC2C3CCc4cc(O)ccc4C3CCC21C	BFPYWIDHMRZLRN-UHFFFAOYSA-N	C20H24O2
development	BFVREXFWNFMMSF-UHFFFAOYSA-N	Cn1c2ccccc2c(=O)c2c(O)cc3c(c21)CC(C(O)(CO)COC1OC(CO)C(O)C(O)C1O)O3	ok	Cn1c2ccccc2c(=O)c2c(O)cc3c(c21)CC(C(O)(CO)COC1OC(CO)C(O)C(O)C1O)O3	BFVREXFWNFMMSF-UHFFFAOYSA-N	C25H29NO11
development	BGEBZHIAGXMEMV-UHFFFAOYSA-N	COc1c2ccoc2cc2oc(=O)ccc12	ok	COc1c2ccoc2cc2oc(=O)ccc12	BGEBZHIAGXMEMV-UHFFFAOYSA-N	C12H8O4
development	BGIBNWZALWRTHR-UHFFFAOYSA-N	CCCCCc1cc(O)c2c(c1)OC(C)(C)C1CC=C(C=O)CC21	ok	CCCCCc1cc(O)c2c(c1)OC(C)(C)C1CC=C(C=O)CC21	BGIBNWZALWRTHR-UHFFFAOYSA-N	C21H28O3
development	BGWZSZYIGVZLMM-UHFFFAOYSA-N	O=C(C(O)CO)C(O)C(O)O	ok	O=C(O)C(O)C(O)C(O)CO	QXKAIJAYHKCRRA-UHFFFAOYSA-N	C5H10O6
development	BGZUIZSBNOBPKP-UHFFFAOYSA-N	Cc1c(F)c(NO)c2c(=O)cc(-c3ccc(N)c(F)c3)oc2c1F	ok	Cc1c(F)c(NO)c2c(=O)cc(-c3ccc(N)c(F)c3)oc2c1F	BGZUIZSBNOBPKP-UHFFFAOYSA-N	C16H11F3N2O3
development	BHQCQFFYRZLCQQ-UHFFFAOYSA-N	CC(CCC(=O)O)C1CCC2C3C(O)CC4CC(O)CCC4(C)C3CC(O)C12C	ok	CC(CCC(=O)O)C1CCC2C3C(O)CC4CC(O)CCC4(C)C3CC(O)C12C	BHQCQFFYRZLCQQ-UHFFFAOYSA-N	C24H40O5
development	BHSYMWWMVRPCPA-UHFFFAOYSA-N	CCC(C)C(NC(=O)C(CCCN=C(N)N)NC(=O)C(N)CCCN=C(N)N)C(=O)O	ok	CCC(C)C(NC(=O)C(CCCN=C(N)N)NC(=O)C(N)CCCN=C(N)N)C(=O)O	BHSYMWWMVRPCPA-UHFFFAOYSA-N	C18H37N9O4
development	BHTRKEVKTKCXOH-UHFFFAOYSA-N	CC(CCC(=O)NCCS(=O)(=O)O)C1CCC2C3C(O)CC4CC(O)CCC4(C)C3CCC12C	ok	CC(CCC(=O)NCCS(=O)(=O)O)C1CCC2C3C(O)CC4CC(O)CCC4(C)C3CCC12C	BHTRKEVKTKCXOH-UHFFFAOYSA-N	C26H45NO6S
development	BHZCGCMWEVHUBA-UHFFFAOYSA-N	CC#CC1(O)CCC2C3=C(C4=C(CC3)CC(=O)CC4)C(c3ccc(N(C)C)cc3)CC21C	ok	CC#CC1(O)CCC2C3=C(C4=C(CC3)CC(=O)CC4)C(c3ccc(N(C)C)cc3)CC21C	BHZCGCMWEVHUBA-UHFFFAOYSA-N	C29H35NO2
development	BIWKXNFEOZXNLX-UHFFFAOYSA-N	CC=C1C(O)OC=C(C(=O)OC)C1CC(=O)OCCc1ccc(O)c(O)c1	ok	CC=C1C(O)OC=C(C(=O)OC)C1CC(=O)OCCc1ccc(O)c(O)c1	BIWKXNFEOZXNLX-UHFFFAOYSA-N	C19H22O8
development	BIWLELKAFXRPDE-UHFFFAOYSA-N	CC(C)=CCCC(C)=CCCC(C)=CC=CC(C)=CC=CC=C(C)C=CC=C(C)CCC=C(C)CCC=C(C)C	ok	CC(C)=CCCC(C)=CCCC(C)=CC=CC(C)=CC=CC=C(C)C=CC=C(C)CCC=C(C)CCC=C(C)C	BIWLELKAFXRPDE-UHFFFAOYSA-N	C40H60
development	BJWJSFCBOIUATF-UHFFFAOYSA-N	Cc1c(C)c2c(c(C)c1O)CCC(C)(COc1ccc(Cc3sc(=O)[nH]c3O)cc1)O2	ok	Cc1c(C)c2c(c(C)c1O)CCC(C)(COc1ccc(Cc3sc(=O)[nH]c3O)cc1)O2	BJWJSFCBOIUATF-UHFFFAOYSA-N	C24H27NO5S
development	BKAYIFDRRZZKNF-UHFFFAOYSA-N	CC(=O)NCCC(=O)NC(Cc1c[nH]cn1)C(=O)O	ok	CC(=O)NCCC(=O)NC(Cc1c[nH]cn1)C(=O)O	BKAYIFDRRZZKNF-UHFFFAOYSA-N	C11H16N4O4
development	BKBHDJLHSWOMFP-UHFFFAOYSA-N	CC=C(C)C(=O)OC1C(O)C(C)(C)CC2C3=CCC4C5(C)CCC(O)C(C)(CO)C5CCC4(C)C3(C)CC(O)C21CO	ok	CC=C(C)C(=O)OC1C(O)C(C)(C)CC2C3=CCC4C5(C)CCC(O)C(C)(CO)C5CCC4(C)C3(C)CC(O)C21CO	BKBHDJLHSWOMFP-UHFFFAOYSA-N	C35H56O7
development	BKIMMITUMNQMOS-UHFFFAOYSA-N	CCCCCCCCC	ok	CCCCCCCCC	BKIMMITUMNQMOS-UHFFFAOYSA-N	C9H20
development	BLGXFZZNTVWLAY-UHFFFAOYSA-N	COC(=O)C1C(O)CCC2CN3CCc4c([nH]c5ccccc45)C3CC21	ok	COC(=O)C1C(O)CCC2CN3CCc4c([nH]c5ccccc45)C3CC21	BLGXFZZNTVWLAY-UHFFFAOYSA-N	C21H26N2O3
development	BLJRIMJGRPQVNF-UHFFFAOYSA-N	CC(C)(C)NCC(O)COc1nsnc1N1CCOCC1	ok	CC(C)(C)NCC(O)COc1nsnc1N1CCOCC1	BLJRIMJGRPQVNF-UHFFFAOYSA-N	C13H24N4O3S
development	BLXXJMDCKKHMKV-UHFFFAOYSA-N	COc1ccc2cc(CCC(C)=O)ccc2c1	ok	COc1ccc2cc(CCC(C)=O)ccc2c1	BLXXJMDCKKHMKV-UHFFFAOYSA-N	C15H16O2
development	BMJHIHGNLQCIRO-UHFFFAOYSA-N	O=C(c1cccs1)c1ccc(OCc2nn[nH]n2)c(Cl)c1Cl	ok	O=C(c1cccs1)c1ccc(OCc2nn[nH]n2)c(Cl)c1Cl	BMJHIHGNLQCIRO-UHFFFAOYSA-N	C13H8Cl2N4O2S
development	BNJVHGHQYHAEDJ-UHFFFAOYSA-N	Clc1ccccc1CN1C=Cc2sccc2C1	ok	Clc1ccccc1CN1C=Cc2sccc2C1	BNJVHGHQYHAEDJ-UHFFFAOYSA-N	C14H12ClNS
development	BNMGUJRJUUDLHW-UHFFFAOYSA-N	CC1CCC2(C(=O)OC3OC(COC4OC(CO)C(OC5OC(C)C(O)C(O)C5O)C(O)C4O)C(O)C(O)C3O)CCC3(C)C(=CCC4C5(C)CC(O)C(O)C(C)(CO)C5C(O)CC43C)C2C1C	ok	CC1CCC2(C(=O)OC3OC(COC4OC(CO)C(OC5OC(C)C(O)C(O)C5O)C(O)C4O)C(O)C(O)C3O)CCC3(C)C(=CCC4C5(C)CC(O)C(O)C(C)(CO)C5C(O)CC43C)C2C1C	BNMGUJRJUUDLHW-UHFFFAOYSA-N	C48H78O20
development	BNODVYXZAAXSHW-UHFFFAOYSA-N	N=C(N)NCCCC(N)C(=O)NC(Cc1c[nH]cn1)C(=O)O	ok	N=C(N)NCCCC(N)C(=O)NC(Cc1c[nH]cn1)C(=O)O	BNODVYXZAAXSHW-UHFFFAOYSA-N	C12H21N7O3
development	BNRNXUUZRGQAQC-UHFFFAOYSA-N	CCCc1nn(C)c2c(=O)[nH]c(-c3cc(S(=O)(=O)N4CCN(C)CC4)ccc3OCC)nc12	ok	CCCc1nn(C)c2c(=O)[nH]c(-c3cc(S(=O)(=O)N4CCN(C)CC4)ccc3OCC)nc12	BNRNXUUZRGQAQC-UHFFFAOYSA-N	C22H30N6O4S
development	BNUHAJGCKIQFGE-UHFFFAOYSA-N	COc1ccc([N+](=O)[O-])cc1	ok	COc1ccc([N+](=O)[O-])cc1	BNUHAJGCKIQFGE-UHFFFAOYSA-N	C7H7NO3
development	BNWJOHGLIBDBOB-UHFFFAOYSA-N	C=CCc1cc(OC)c2c(c1)OCO2	ok	C=CCc1cc(OC)c2c(c1)OCO2	BNWJOHGLIBDBOB-UHFFFAOYSA-N	C11H12O3
development	BOVGTQGAOIONJV-UHFFFAOYSA-N	Cc1ccc(S(=O)(=O)NC(=O)NN2CC3CCCC3C2)cc1	ok	Cc1ccc(S(=O)(=O)NC(=O)NN2CC3CCCC3C2)cc1	BOVGTQGAOIONJV-UHFFFAOYSA-N	C15H21N3O3S
development	BPRHUIZQVSMCRT-UHFFFAOYSA-N	CC(C)c1nc(N(C)S(C)(=O)=O)nc(-c2ccc(F)cc2)c1C=CC(O)CC(O)CC(=O)O	ok	CC(C)=c1nc(N(C)S(C)(=O)=O)nc(-c2ccc(F)cc2)c1=CCC(O)CC(O)CC(=O)O	DRLXVNRHGMULCY-UHFFFAOYSA-N	C22H28FN3O6S
development	BQJCRHHNABKAKU-UHFFFAOYSA-N	CN1CCC23c4c5ccc(O)c4OC2C(O)C=CC3C1C5	ok	CN1CCC23c4c5ccc(O)c4OC2C(O)C=CC3C1C5	BQJCRHHNABKAKU-UHFFFAOYSA-N	C17H19NO3
development	BQOFWKZOCNGFEC-UHFFFAOYSA-N	CC1=CCC2C(C1)C2(C)C	ok	CC1=CCC2C(C1)C2(C)C	BQOFWKZOCNGFEC-UHFFFAOYSA-N	C10H16
development	BRMSNMZILBBMIX-UHFFFAOYSA-N	CC1=C(C)C2CC1CC2O	ok	CC1=C(C)C2CC1CC2O	BRMSNMZILBBMIX-UHFFFAOYSA-N	C9H14O
development	BRMWTNUJHUMWMS-UHFFFAOYSA-N	Cn1cnc(CC(N)C(=O)O)c1	ok	Cn1cnc(CC(N)C(=O)O)c1	BRMWTNUJHUMWMS-UHFFFAOYSA-N	C7H11N3O2
development	BROZQMCDYUJKFQ-UHFFFAOYSA-N	CC(C)CC(O)CC(C)CCC(=O)c1ccoc1	ok	CC(C)CC(O)CC(C)CCC(=O)c1ccoc1	BROZQMCDYUJKFQ-UHFFFAOYSA-N	C15H24O3
development	BRUQQQPBMZOVGD-UHFFFAOYSA-N	COc1ccc2c3c1OC1C(=O)CCC4(O)C(C2)N(C)CCC314	ok	COc1ccc2c3c1OC1C(=O)CCC4(O)C(C2)N(C)CCC314	BRUQQQPBMZOVGD-UHFFFAOYSA-N	C18H21NO4
development	BSUVNQLYZGXYQY-UHFFFAOYSA-N	CCC(C)C(NC(=O)C(N)Cc1ccc(OS(=O)(=O)O)cc1)C(=O)NC(Cc1ccc(OS(=O)(=O)O)cc1)C(=O)NC(C(=O)NC(CCC(N)=O)C(=O)O)C(C)O	tautomer_MaxTransformsReached			C33H46N6O16S2
development	BSWHERGFUNMWGS-UHFFFAOYSA-N	CCC(C)C(NC(=O)C(N)CC(=O)O)C(=O)O	ok	CCC(C)C(NC(=O)C(N)CC(=O)O)C(=O)O	BSWHERGFUNMWGS-UHFFFAOYSA-N	C10H18N2O5
development	BSWWXRFVMJHFBN-UHFFFAOYSA-N	Oc1c(Br)cc(Br)cc1Br	ok	Oc1c(Br)cc(Br)cc1Br	BSWWXRFVMJHFBN-UHFFFAOYSA-N	C6H3Br3O
development	BSXAHDOWMOSVAP-UHFFFAOYSA-N	COCCCOc1ccnc(CSc2nc3ccccc3[nH]2)c1C	ok	COCCCOc1ccnc(CSc2nc3ccccc3[nH]2)c1C	BSXAHDOWMOSVAP-UHFFFAOYSA-N	C18H21N3O2S
development	BTBFUBUCCJKJOZ-UHFFFAOYSA-N	c1coc(Cn2cccc2)c1	ok	c1coc(Cn2cccc2)c1	BTBFUBUCCJKJOZ-UHFFFAOYSA-N	C9H9NO
development	BTDGDFUXKPAUKN-UHFFFAOYSA-N	CCC=CCn1c(=O)c2c(ncn2C)n(C)c1=O	ok	CCC=CCn1c(=O)c2c(ncn2C)n(C)c1=O	BTDGDFUXKPAUKN-UHFFFAOYSA-N	C12H16N4O2
development	BTJIUGUIPKRLHP-UHFFFAOYSA-N	O=[N+]([O-])c1ccc(O)cc1	ok	O=[N+]([O-])c1ccc(O)cc1	BTJIUGUIPKRLHP-UHFFFAOYSA-N	C6H5NO3
development	BTKRSPXVXZNYGV-UHFFFAOYSA-N	N#[N+]c1ccc(CO)cc1	ok	N#[N+]c1ccc(CO)cc1	BTKRSPXVXZNYGV-UHFFFAOYSA-N	C7H7N2O+
development	BTQBYWOOCWQDQS-UHFFFAOYSA-N	CCCCCCCCCCCCCCC(=O)CC(O)CCCCC	ok	CCCCCCCCCCCCCCC(=O)CC(O)CCCCC	BTQBYWOOCWQDQS-UHFFFAOYSA-N	C22H44O2
development	BUEBVQCTEJTADB-UHFFFAOYSA-N	OCC1OC(O)C(OC2OCC(O)C(O)C2O)C(O)C1O	ok	OCC1OC(O)C(OC2OCC(O)C(O)C2O)C(O)C1O	BUEBVQCTEJTADB-UHFFFAOYSA-N	C11H20O10
development	BUGQDNPBVYMEFE-UHFFFAOYSA-N	Cc1c(F)c(N)c2c(=O)cc(-c3ccc(NO)c(F)c3)oc2c1F	ok	Cc1c(F)c(N)c2c(=O)cc(-c3ccc(NO)c(F)c3)oc2c1F	BUGQDNPBVYMEFE-UHFFFAOYSA-N	C16H11F3N2O3
development	BULVZWIRKLYCBC-UHFFFAOYSA-N	CCOP(=S)(OCC)SCSCC	ok	CCOP(=S)(OCC)SCSCC	BULVZWIRKLYCBC-UHFFFAOYSA-N	C7H17O2PS3
development	BUZUQNXGKRJIJT-UHFFFAOYSA-N	COc1ccc(C(c2ccc(O)cc2)C(Cl)(Cl)Cl)cc1	ok	COc1ccc(C(c2ccc(O)cc2)C(Cl)(Cl)Cl)cc1	BUZUQNXGKRJIJT-UHFFFAOYSA-N	C15H13Cl3O2
development	BVOSSZSHBZQJOI-UHFFFAOYSA-N	C=CC(O)CCC	ok	C=CC(O)CCC	BVOSSZSHBZQJOI-UHFFFAOYSA-N	C6H12O
development	BWEICTHJUIJQPH-UHFFFAOYSA-N	O=C(O)CC1CCC(=O)O1	ok	O=C(O)CC1CCC(=O)O1	BWEICTHJUIJQPH-UHFFFAOYSA-N	C6H8O4
development	BWNSTBOTBDUYFD-UHFFFAOYSA-N	CN1C(C(=O)Nc2ccc(O)cn2)C(=O)c2ccccc2S1(=O)=O	ok	CN1C(C(=O)Nc2ccc(O)cn2)C(=O)c2ccccc2S1(=O)=O	BWNSTBOTBDUYFD-UHFFFAOYSA-N	C15H13N3O5S
development	BXGYIRIVTYGQAU-UHFFFAOYSA-N	CCCCOc1ccc2c(C(F)(F)F)cc(=O)oc2c1	ok	CCCCOc1ccc2c(C(F)(F)F)cc(=O)oc2c1	BXGYIRIVTYGQAU-UHFFFAOYSA-N	C14H13F3O3
development	BXNGIHFNNNSEOS-UHFFFAOYSA-N	NC(=O)CC(NC(=O)C(N)Cc1ccccc1)C(=O)O	ok	NC(=O)CC(NC(=O)C(N)Cc1ccccc1)C(=O)O	BXNGIHFNNNSEOS-UHFFFAOYSA-N	C13H17N3O4
development	BXNJHAXVSOCGBA-UHFFFAOYSA-N	COc1ccc2c(c1)[nH]c1c(C)nccc12	ok	COc1ccc2c(c1)[nH]c1c(C)nccc12	BXNJHAXVSOCGBA-UHFFFAOYSA-N	C13H12N2O
development	BXRGGUXPWTWACZ-UHFFFAOYSA-N	CC1C(=O)OC2C1CCC1(C)CCC(=O)C(C)C21	ok	CC1C(=O)OC2C1CCC1(C)CCC(=O)C(C)C21	BXRGGUXPWTWACZ-UHFFFAOYSA-N	C15H22O3
development	BXZMJUJBUSHRMV-UHFFFAOYSA-N	CC1=CC(=C(C)C)CCC1	ok	CC1=CC(=C(C)C)CCC1	BXZMJUJBUSHRMV-UHFFFAOYSA-N	C10H16
development	BZLVMXJERCGZMT-UHFFFAOYSA-N	COC(C)(C)C	ok	COC(C)(C)C	BZLVMXJERCGZMT-UHFFFAOYSA-N	C5H12O
development	CARRCRVKWDEWCD-UHFFFAOYSA-N	Oc1cc2cc(CCN3CCN(c4nsc5ccccc45)CC3)c(Cl)cc2[nH]1	ok	Oc1cc2cc(CCN3CCN(c4nsc5ccccc45)CC3)c(Cl)cc2[nH]1	CARRCRVKWDEWCD-UHFFFAOYSA-N	C21H21ClN4OS
development	CBGWJBYCQMPLPS-UHFFFAOYSA-N	CC(=O)C(N)C(O)NC(CCCN=C(N)N)C(=O)O	ok	CC(O)C(N)C(=O)NC(CCCN=C(N)N)C(=O)O	HYLXOQURIOCKIH-UHFFFAOYSA-N	C10H21N5O4
development	CBIAWPMZSFFRGN-UHFFFAOYSA-N	CC(=O)N(C)c1cccc(-c2ccnc3c(C(=O)c4cccs4)cnn23)c1	ok	CC(=O)N(C)c1cccc(-c2ccnc3c(C(=O)c4cccs4)cnn23)c1	CBIAWPMZSFFRGN-UHFFFAOYSA-N	C20H16N4O2S
development	CBOMORHDRONZRN-UHFFFAOYSA-N	CCC=CCC(O)C=CC1C(O)CC(=O)C1CC=CCCCC(=O)O	ok	CCC=CCC(O)C=CC1C(O)CC(=O)C1CC=CCCCC(=O)O	CBOMORHDRONZRN-UHFFFAOYSA-N	C20H30O5
development	CBQGYUDMJHNJBX-UHFFFAOYSA-N	CCOc1ccccc1OC(c1ccccc1)C1CNCCO1	ok	CCOc1ccccc1OC(c1ccccc1)C1CNCCO1	CBQGYUDMJHNJBX-UHFFFAOYSA-N	C19H23NO3
development	CBVCZFGXHXORBI-UHFFFAOYSA-N	CC(C)(C)NC(=O)C1CN(Cc2cccnc2)CCN1CC(O)CC(Cc1ccccc1)C(=O)NC1c2ccccc2CC1O	ok	CC(C)(C)NC(=O)C1CN(Cc2cccnc2)CCN1CC(O)CC(Cc1ccccc1)C(=O)NC1c2ccccc2CC1O	CBVCZFGXHXORBI-UHFFFAOYSA-N	C36H47N5O4
development	CCDNQPZNDUPIIC-UHFFFAOYSA-N	Cc1c(O)[nH]c(CC(C)C)c(O)n(C)c(Cc2ccccc2)c(O)ncc(=O)n1C	ok	Cc1c(O)[nH]c(CC(C)C)c(O)n(C)c(Cc2ccccc2)c(O)ncc(=O)n1C	CCDNQPZNDUPIIC-UHFFFAOYSA-N	C22H30N4O4
development	CCGOSJCOMBQFBP-UHFFFAOYSA-N	O=C(C(=O)C(O)CO)C(O)CO	ok	O=C(C(=O)C(O)CO)C(O)CO	CCGOSJCOMBQFBP-UHFFFAOYSA-N	C6H10O6
development	CCLQKVKJOGVQLU-UHFFFAOYSA-N	NCCCC(=O)NC(Cc1c[nH]cn1)C(=O)O	ok	NCCCC(=O)NC(Cc1c[nH]cn1)C(=O)O	CCLQKVKJOGVQLU-UHFFFAOYSA-N	C10H16N4O3
development	CCNTUVFHVFQEJI-UHFFFAOYSA-N	CC=C1C2CCN3CCC4(c5cccc(OC)c5N(C(C)=O)C4C2)C13	ok	CC=C1C2CCN3CCC4(c5cccc(OC)c5N(C(C)=O)C4C2)C13	CCNTUVFHVFQEJI-UHFFFAOYSA-N	C21H26N2O2
development	CDCHDCWJMGXXRH-UHFFFAOYSA-N	Clc1ccc2c(c1)C(c1ccccc1)=NCc1nncn1-2	ok	Clc1ccc2c(c1)C(c1ccccc1)=NCc1nncn1-2	CDCHDCWJMGXXRH-UHFFFAOYSA-N	C16H11ClN4
development	CDHNVTRRQNLWKA-UHFFFAOYSA-N	COCc1c(-c2ccc(F)cc2)c(=CCC(O)CC(O)CC(=O)O)c(C(C)C)nc1=C(C)C	ok	COCc1c(-c2ccc(F)cc2)c(=CCC(O)CC(O)CC(=O)O)c(C(C)C)nc1=C(C)C	CDHNVTRRQNLWKA-UHFFFAOYSA-N	C26H34FNO5
development	CDOSHBSSFJOMGT-UHFFFAOYSA-N	C=CC(C)(O)CCC=C(C)C	ok	C=CC(C)(O)CCC=C(C)C	CDOSHBSSFJOMGT-UHFFFAOYSA-N	C10H18O
development	CEKNQQSFLQWWIY-UHFFFAOYSA-N	O=C(O)C=CCCC1C2CCC(C2)C1NS(=O)(=O)c1ccccc1	ok	O=C(O)C=CCCC1C2CCC(C2)C1NS(=O)(=O)c1ccccc1	CEKNQQSFLQWWIY-UHFFFAOYSA-N	C18H23NO4S
development	CEOCDNVZRAIOQZ-UHFFFAOYSA-N	Clc1cc(Cl)c(Cl)c(Cl)c1Cl	ok	Clc1cc(Cl)c(Cl)c(Cl)c1Cl	CEOCDNVZRAIOQZ-UHFFFAOYSA-N	C6HCl5
development	CESYFZMRVQIRNB-UHFFFAOYSA-N	OC(CCC[n+]1ccc(-c2ccc(Cl)cc2)cc1)c1ccc(F)cc1	ok	OC(CCC[n+]1ccc(-c2ccc(Cl)cc2)cc1)c1ccc(F)cc1	CESYFZMRVQIRNB-UHFFFAOYSA-N	C21H20ClFNO+
development	CEUORZQYGODEFX-UHFFFAOYSA-N	O=C1CCc2ccc(OCCCCN3CCN(c4cccc(Cl)c4Cl)CC3)cc2N1	ok	O=C1CCc2ccc(OCCCCN3CCN(c4cccc(Cl)c4Cl)CC3)cc2N1	CEUORZQYGODEFX-UHFFFAOYSA-N	C23H27Cl2N3O2
development	CEVCMCWHMHJEQS-UHFFFAOYSA-N	CCC(C)C(=O)OC1CC2CCC1(C)C2(C)C	ok	CCC(C)C(=O)OC1CC2CCC1(C)C2(C)C	CEVCMCWHMHJEQS-UHFFFAOYSA-N	C15H26O2
development	CEVOEEDUEYZGMY-UHFFFAOYSA-N	CCC(C)COC(=O)C=C(C)C	ok	CCC(C)COC(=O)C=C(C)C	CEVOEEDUEYZGMY-UHFFFAOYSA-N	C10H18O2
development	CEZSTVGNCDXFGA-UHFFFAOYSA-N	CNc1ccc(C(=O)OC2CC3(C)CCC4(C)C5(C)CCC6C(C)(CO)C(OC7OCC(OC8OC(CO)C(O)C(O)C8O)C(O)C7OC7OC(CO)C(O)C(O)C7O)CCC6(C)C5CC5OC54C3(O)CC2(C)C=O)cc1	ok	CNc1ccc(C(=O)OC2CC3(C)CCC4(C)C5(C)CCC6C(C)(CO)C(OC7OCC(OC8OC(CO)C(O)C(O)C8O)C(O)C7OC7OC(CO)C(O)C(O)C7O)CCC6(C)C5CC5OC54C3(O)CC2(C)C=O)cc1	CEZSTVGNCDXFGA-UHFFFAOYSA-N	C55H83NO21
development	CFAVOGVJXCIQLR-UHFFFAOYSA-N	COc1ccc(C(c2ccc(O)c(O)c2)C(Cl)(Cl)Cl)cc1	ok	COc1ccc(C(c2ccc(O)c(O)c2)C(Cl)(Cl)Cl)cc1	CFAVOGVJXCIQLR-UHFFFAOYSA-N	C15H13Cl3O3
development	CFBBUWFXWSYJHB-UHFFFAOYSA-N	CC(C=O)=CCCC(C)C1CCC2(C)C3=C(C(=O)CC12C)C1(C)CCC(O)C(C)(C)C1CC3	ok	CC(C=O)=CCCC(C)C1CCC2(C)C3=C(C(=O)CC12C)C1(C)CCC(O)C(C)(C)C1CC3	CFBBUWFXWSYJHB-UHFFFAOYSA-N	C30H46O3
development	CFJYNSNXFXLKNS-UHFFFAOYSA-N	CC1CCC(C(C)C)CC1	ok	CC1CCC(C(C)C)CC1	CFJYNSNXFXLKNS-UHFFFAOYSA-N	C10H20
development	CGBYBGVMDAPUIH-UHFFFAOYSA-N	CC(C(=O)O)=C(C)C(=O)O	ok	CC(C(=O)O)=C(C)C(=O)O	CGBYBGVMDAPUIH-UHFFFAOYSA-N	C6H8O4
development	CGIGDMFJXJATDK-UHFFFAOYSA-N	COc1ccc2c(c1)c(CC(=O)O)c(C)n2C(=O)c1ccc(Cl)cc1	ok	COc1ccc2c(c1)c(CC(=O)O)c(C)n2C(=O)c1ccc(Cl)cc1	CGIGDMFJXJATDK-UHFFFAOYSA-N	C19H16ClNO4
development	CGNVIRPGBUXJES-UHFFFAOYSA-N	CCCCCCCCCCCCCCCCCCCCCCCCCCCCCC=O	ok	CCCCCCCCCCCCCCCCCCCCCCCCCCCCCC=O	CGNVIRPGBUXJES-UHFFFAOYSA-N	C30H60O
development	CHBRHODLKOZEPZ-UHFFFAOYSA-N	CCc1cc2c(s1)N(C)C(=O)CN=C2c1ccccc1Cl	ok	CCc1cc2c(s1)N(C)C(=O)CN=C2c1ccccc1Cl	CHBRHODLKOZEPZ-UHFFFAOYSA-N	C16H15ClN2OS
development	CHCCBPDEADMNCI-UHFFFAOYSA-N	CC1=CC(=O)CC1	ok	CC1=CC(=O)CC1	CHCCBPDEADMNCI-UHFFFAOYSA-N	C6H8O
development	CHCYJKZBXNSGCG-UHFFFAOYSA-N	COc1cc(O)c2c(=O)c3ccc(OC)c(OC)c3n(C)c2c1	ok	COc1cc(O)c2c(=O)c3ccc(OC)c(OC)c3n(C)c2c1	CHCYJKZBXNSGCG-UHFFFAOYSA-N	C17H17NO5
development	CHJJGSNFBQVOTG-UHFFFAOYSA-N	CN=C(N)N	ok	CN=C(N)N	CHJJGSNFBQVOTG-UHFFFAOYSA-N	C2H7N3
development	CHTHALBTIRVDBM-UHFFFAOYSA-N	O=C(O)c1ccc(C(=O)O)o1	ok	O=C(O)c1ccc(C(=O)O)o1	CHTHALBTIRVDBM-UHFFFAOYSA-N	C6H4O5
development	CIBAPVLFORANSS-UHFFFAOYSA-N	CC1CCC2(OC1)OC1CC3C4CCC5CC(=O)CCC5(C)C4CCC3(C)C1C2C	ok	CC1CCC2(OC1)OC1CC3C4CCC5CC(=O)CCC5(C)C4CCC3(C)C1C2C	CIBAPVLFORANSS-UHFFFAOYSA-N	C27H42O3
development	CIBNJPPYSPYHDB-UHFFFAOYSA-N	CC(C)=C(C)CCC(C)C1CCC2(C)C3CCC4C(C)(C)C(O)CCC45CC35CCC12C	ok	CC(C)=C(C)CCC(C)C1CCC2(C)C3CCC4C(C)(C)C(O)CCC45CC35CCC12C	CIBNJPPYSPYHDB-UHFFFAOYSA-N	C31H52O
development	CIDHBCQEXDUWEB-UHFFFAOYSA-N	CC(C)=CCCC(C)=CCCC(C)=CCCC=C(C)CCC1C(C)=CCC(O)C1(C)C	ok	CC(C)=CCCC(C)=CCCC(C)=CCCC=C(C)CCC1C(C)=CCC(O)C1(C)C	CIDHBCQEXDUWEB-UHFFFAOYSA-N	C30H50O
development	CIUUIPMOFZIWIZ-UHFFFAOYSA-N	Nc1nc(-c2ccccc2)c(Br)c(=O)[nH]1	ok	Nc1nc(-c2ccccc2)c(Br)c(=O)[nH]1	CIUUIPMOFZIWIZ-UHFFFAOYSA-N	C10H8BrN3O
development	CJGRGYBLAHPYOM-UHFFFAOYSA-N	O=C(C=Cc1ccccc1)OC1OC(CO)C(O)C(O)C1O	ok	O=C(C=Cc1ccccc1)OC1OC(CO)C(O)C(O)C1O	CJGRGYBLAHPYOM-UHFFFAOYSA-N	C15H18O7
development	CJJOSEISRRTUQB-UHFFFAOYSA-N	COP(=S)(OC)SCn1nnc2ccccc2c1=O	ok	COP(=S)(OC)SCn1nnc2ccccc2c1=O	CJJOSEISRRTUQB-UHFFFAOYSA-N	C10H12N3O3PS2
development	CJOFXWAVKWHTFT-UHFFFAOYSA-N	COCCCCC(=NOCCN)c1ccc(C(F)(F)F)cc1	ok	COCCCCC(=NOCCN)c1ccc(C(F)(F)F)cc1	CJOFXWAVKWHTFT-UHFFFAOYSA-N	C15H21F3N2O2
development	CJUFNYIRKDOQMC-UHFFFAOYSA-N	C=CC(O)CCCCCCCC(=O)O	ok	C=CC(O)CCCCCCCC(=O)O	CJUFNYIRKDOQMC-UHFFFAOYSA-N	C11H20O3
development	CKABLRDEWGBLBV-UHFFFAOYSA-N	CC(C)(C)NC(=O)C1CC2CCCCC2CN1CC(=O)C(Cc1ccccc1)NC(=O)C(CC(N)O)NC(=O)c1ccc2ccccc2n1	ok	CC(C)(C)NC(=O)C1CC2CCCCC2CN1CC(=O)C(Cc1ccccc1)NC(=O)C(CC(N)O)NC(=O)c1ccc2ccccc2n1	CKABLRDEWGBLBV-UHFFFAOYSA-N	C38H50N6O5
development	CKISLMYLRMCWDU-UHFFFAOYSA-N	CC(C)(CO)C(=O)C(O)NCCC(=O)NCCSSCCNC(=O)CCNC(=O)C(O)C(C)(C)CO	ok	CC(C)(CO)C(O)C(=O)NCCC(=O)NCCSSCCNC(=O)CCNC(=O)C(O)C(C)(C)CO	DJWYOLJPSHDSAL-UHFFFAOYSA-N	C22H42N4O8S2
development	CKTSBUTUHBMZGZ-UHFFFAOYSA-N	Nc1ccn(C2CC(O)C(CO)O2)c(=O)n1	ok	Nc1ccn(C2CC(O)C(CO)O2)c(=O)n1	CKTSBUTUHBMZGZ-UHFFFAOYSA-N	C9H13N3O4
development	CKVDCQYUEYONIA-UHFFFAOYSA-N	CC(NC(N)=O)c1cc2ccccc2s1	ok	CC(NC(N)=O)c1cc2ccccc2s1	CKVDCQYUEYONIA-UHFFFAOYSA-N	C11H12N2OS
development	CKWDVTWFZPCGNS-UHFFFAOYSA-N	CCCCCCCCCCCCCC=CC(O)C(COC1OC(CO)C(OC2OC(CO)C(OC3OC(CO)C(O)C(O)C3CC(C)=O)C(OC3(C(=O)O)CC(O)C(NC(C)=O)C(C(O)C(CO)OC4(C(=O)O)CC(O)C(NC(C)=O)C(C(O)C(CO)OC5(C(=O)O)CC(O)C(NC(C)=O)C(C(O)C(O)CO)O5)O4)O3)C2O)C(O)C1O)NC(=O)CCCCCCCCCCC	ok	CCCCCCCCCCCCCC=CC(O)C(COC1OC(CO)C(OC2OC(CO)C(OC3OC(CO)C(O)C(O)C3CC(C)=O)C(OC3(C(=O)O)CC(O)C(NC(C)=O)C(C(O)C(CO)OC4(C(=O)O)CC(O)C(NC(C)=O)C(C(O)C(CO)OC5(C(=O)O)CC(O)C(NC(C)=O)C(C(O)C(O)CO)O5)O4)O3)C2O)C(O)C1O)NC(=O)CCCCCCCCCCC	CKWDVTWFZPCGNS-UHFFFAOYSA-N	C84H144N4O42
development	CMSMOCZEIVJLDB-UHFFFAOYSA-N	O=P1(N(CCCl)CCCl)NCCCO1	ok	O=P1(N(CCCl)CCCl)NCCCO1	CMSMOCZEIVJLDB-UHFFFAOYSA-N	C7H15Cl2N2O2P
development	CMWTZPSULFXXJA-UHFFFAOYSA-N	COc1ccc2cc(C(C)C(=O)O)ccc2c1	ok	COc1ccc2cc(C(C)C(=O)O)ccc2c1	CMWTZPSULFXXJA-UHFFFAOYSA-N	C14H14O3
development	CNPKGWRNFPXTNC-UHFFFAOYSA-N	O=C(C=Cc1ccc(O)c(O)c1)OC1CC(C(=O)O)CC(=O)C1O	ok	O=C(C=Cc1ccc(O)c(O)c1)OC1CC(C(=O)O)CC(=O)C1O	CNPKGWRNFPXTNC-UHFFFAOYSA-N	C16H16O8
development	CNPVJJQCETWNEU-UHFFFAOYSA-N	COCC(c1ccc(C(F)(F)F)cc1)N1CCN(C2(C)CCN(C(=O)c3c(C)ncnc3C)CC2)CC1C	ok	COCC(c1ccc(C(F)(F)F)cc1)N1CCN(C2(C)CCN(C(=O)c3c(C)ncnc3C)CC2)CC1C	CNPVJJQCETWNEU-UHFFFAOYSA-N	C28H38F3N5O2
development	CNVZJPUDSLNTQU-UHFFFAOYSA-N	CCCCCCCCCCCC=CCCCCC(=O)O	ok	CCCCCCCCCCCC=CCCCCC(=O)O	CNVZJPUDSLNTQU-UHFFFAOYSA-N	C18H34O2
development	COCNDHOPIHDTHK-UHFFFAOYSA-N	COc1ccc2[nH]cc(CC(=O)O)c2c1	ok	COc1ccc2[nH]cc(CC(=O)O)c2c1	COCNDHOPIHDTHK-UHFFFAOYSA-N	C11H11NO3
development	CPHVNLRAJPTYSD-UHFFFAOYSA-N	CC(CCC(O)(CO)C(C)C)C1C(O)CC2(C)C3CCC4C(C)(C(=O)O)C(O)CC(O)C45CC35CCC12C	ok	CC(CCC(O)(CO)C(C)C)C1C(O)CC2(C)C3CCC4C(C)(C(=O)O)C(O)CC(O)C45CC35CCC12C	CPHVNLRAJPTYSD-UHFFFAOYSA-N	C31H52O7
development	CPJSUEIXXCENMM-UHFFFAOYSA-N	CCOc1ccc(NC(C)=O)cc1	ok	CCOc1ccc(NC(C)=O)cc1	CPJSUEIXXCENMM-UHFFFAOYSA-N	C10H13NO2
development	CPLGPDHGFNXBOA-UHFFFAOYSA-N	CC1(C)CC2C1CCC(C)(O)C1CCC21C	ok	CC1(C)CC2C1CCC(C)(O)C1CCC21C	CPLGPDHGFNXBOA-UHFFFAOYSA-N	C15H26O
development	CQEOXWCXSBFJMB-UHFFFAOYSA-N	CNC(=O)Cc1ccc2ccn(C3CCN(CCc4ccccc4F)CC3)c2c1	ok	CNC(=O)Cc1ccc2ccn(C3CCN(CCc4ccccc4F)CC3)c2c1	CQEOXWCXSBFJMB-UHFFFAOYSA-N	C24H28FN3O
development	CRCWUBLTFGOMDD-UHFFFAOYSA-N	CCOc1ccc2nc3ccc(=O)cc-3oc2c1	ok	CCOc1ccc2nc3ccc(=O)cc-3oc2c1	CRCWUBLTFGOMDD-UHFFFAOYSA-N	C14H11NO3
development	CSFQQZOIHVWGMN-UHFFFAOYSA-N	CN(CCc1cn(C2OC(CO)C(O)C(O)C2O)cn1)C(=O)C=Cc1ccccc1	ok	CN(CCc1cn(C2OC(CO)C(O)C(O)C2O)cn1)C(=O)C=Cc1ccccc1	CSFQQZOIHVWGMN-UHFFFAOYSA-N	C21H27N3O6
development	CSWYLIDLQDJVCQ-UHFFFAOYSA-N	CC(C)=CCCC1(C)C(CC=C(C)C)CC23CC(C(C)(C)OO)OC2=C(CC=C(C)C)C(=O)C1(C(=O)C(C)C)C3=O	ok	CC(C)=CCCC1(C)C(CC=C(C)C)CC23CC(C(C)(C)OO)OC2=C(CC=C(C)C)C(=O)C1(C(=O)C(C)C)C3=O	CSWYLIDLQDJVCQ-UHFFFAOYSA-N	C35H52O6
development	CTNHZEZBBGIUJB-UHFFFAOYSA-N	CC1(C)CC(O)C2(CO)C(O)CC3(C)C(=CCC4C5(C)CCC(O)C(C)(C)C5CCC43C)C2C1	ok	CC1(C)CC(O)C2(CO)C(O)CC3(C)C(=CCC4C5(C)CCC(O)C(C)(C)C5CCC43C)C2C1	CTNHZEZBBGIUJB-UHFFFAOYSA-N	C30H50O4
development	CTQNGGLPUBDAKN-UHFFFAOYSA-N	Cc1ccccc1C	ok	Cc1ccccc1C	CTQNGGLPUBDAKN-UHFFFAOYSA-N	C8H10
development	CTXBSDYTKARPDT-UHFFFAOYSA-N	C=C(C)C1NC(=O)C(NC)C(O)c2cc(Cl)c(O)c(c2)OC(C)(CC)C(C(=O)N2CC=CC2C(=O)N=C(C(=O)NC(=CC(=O)O)C(=O)O)C(C)CC)NC1=O	tautomer_MaxTransformsReached			C36H45ClN6O12
development	CUEJKTACZUGHDE-UHFFFAOYSA-N	C=C(C)C1CCC2C3(C)CCC(C(C)CC=CC(C)C(=O)OC)C3(C)CCC23CC13CCC(=O)O	ok	C=C(C)C1CCC2C3(C)CCC(C(C)CC=CC(C)C(=O)OC)C3(C)CCC23CC13CCC(=O)O	CUEJKTACZUGHDE-UHFFFAOYSA-N	C31H48O4
development	CUJMXIQZWPZMNQ-UHFFFAOYSA-N	CCCCCC(=O)CCC1C(O)CC(=O)C1CC=CCCCC(=O)O	ok	CCCCCC(=O)CCC1C(O)CC(=O)C1CC=CCCCC(=O)O	CUJMXIQZWPZMNQ-UHFFFAOYSA-N	C20H32O5
development	CUMYHTLHFUKHQI-UHFFFAOYSA-N	CC(C)C(C)C=CC(C)C1CCC2=C3CC(=O)C4CC(=O)CCC4(C)C3CCC21C	ok	CC(C)C(C)C=CC(C)C1CCC2=C3CC(=O)C4CC(=O)CCC4(C)C3CCC21C	CUMYHTLHFUKHQI-UHFFFAOYSA-N	C28H42O2
development	CUNNCAQQDAMNGQ-UHFFFAOYSA-N	CCCCCCCCCCCCC=CCCC(O)C(O)CCC(O)C1CCC(CCCCCC(O)Cc2cc(C)oc2O)O1	ok	CCCCCCCCCCCCC=CCCC(O)C(O)CCC(O)C1CCC(CCCCCC(O)Cc2cc(C)oc2O)O1	CUNNCAQQDAMNGQ-UHFFFAOYSA-N	C37H66O7
development	CUUMXRBKJIDIAY-UHFFFAOYSA-N	CC1=CCC(C(C)C)c2cc(C)ccc21	ok	CC1=CCC(C(C)C)c2cc(C)ccc21	CUUMXRBKJIDIAY-UHFFFAOYSA-N	C15H20
development	CVHZOJJKTDOEJC-UHFFFAOYSA-N	O=C1NS(=O)(=O)c2ccccc21	ok	O=C1NS(=O)(=O)c2ccccc21	CVHZOJJKTDOEJC-UHFFFAOYSA-N	C7H5NO3S
development	CVKMFSAVYPAZTQ-UHFFFAOYSA-N	CCCCC(C)C(=O)O	ok	CCCCC(C)C(=O)O	CVKMFSAVYPAZTQ-UHFFFAOYSA-N	C7H14O2
development	CVRALZAYCYJELZ-UHFFFAOYSA-N	COP(=S)(Oc1cc(Cl)c(Br)cc1Cl)c1ccccc1	ok	COP(=S)(Oc1cc(Cl)c(Br)cc1Cl)c1ccccc1	CVRALZAYCYJELZ-UHFFFAOYSA-N	C13H10BrCl2O2PS
development	CVSWGLSBJFKWMW-UHFFFAOYSA-N	CCCCC(=O)OCC=C(C)CCC=C(C)C	ok	CCCCC(=O)OCC=C(C)CCC=C(C)C	CVSWGLSBJFKWMW-UHFFFAOYSA-N	C15H26O2
development	CVTMENNEXOZZEZ-UHFFFAOYSA-N	C=C(C)c1ccc(OC)c(CNC2C3CCN(CC3)C2C(c2ccccc2)c2ccccc2)c1	ok	C=C(C)c1ccc(OC)c(CNC2C3CCN(CC3)C2C(c2ccccc2)c2ccccc2)c1	CVTMENNEXOZZEZ-UHFFFAOYSA-N	C31H36N2O
development	CVXBEEMKQHEXEN-UHFFFAOYSA-N	CNC(=O)Oc1cccc2ccccc12	ok	CNC(=O)Oc1cccc2ccccc12	CVXBEEMKQHEXEN-UHFFFAOYSA-N	C12H11NO2
development	CWIZKMYGNOEFKO-UHFFFAOYSA-N	COC(=O)CC1c2cc(O)c(O)cc2C(c2ccc(O)c(O)c2)C1C(=O)OC	tautomer_MaxTransformsReached			C20H20O8
development	CWMYRIMGSBQMJG-UHFFFAOYSA-N	CC#CC#CC#CC=CC=CCCCOC(C)=O	ok	CC#CC#CC#CC=CC=CCCCOC(C)=O	CWMYRIMGSBQMJG-UHFFFAOYSA-N	C16H16O2
development	CWTQYXSFDFSPQG-UHFFFAOYSA-N	CCC1OC2(C)OCCC1O2	ok	CCC1OC2(C)OCCC1O2	CWTQYXSFDFSPQG-UHFFFAOYSA-N	C8H14O3
development	CXAFPLYCBNPHSG-UHFFFAOYSA-N	O=C(NC1C(=O)N2C(C(=O)O)C(=CSc3nnnn3CS(=O)(=O)O)CSC12)C(O)c1ccccc1	ok	O=C(NC1C(=O)N2C(C(=O)O)C(=CSc3nnnn3CS(=O)(=O)O)CSC12)C(O)c1ccccc1	CXAFPLYCBNPHSG-UHFFFAOYSA-N	C18H18N6O8S3
development	CXOFVDLJLONNDW-UHFFFAOYSA-N	O=C1NC(=O)C(c2ccccc2)(c2ccccc2)N1	ok	O=C1NC(=O)C(c2ccccc2)(c2ccccc2)N1	CXOFVDLJLONNDW-UHFFFAOYSA-N	C15H12N2O2
development	CXOXHMZGEKVPMT-UHFFFAOYSA-N	CN1C(=O)CC(=O)N(c2ccccc2)c2cc(Cl)ccc21	ok	CN1C(=O)CC(=O)N(c2ccccc2)c2cc(Cl)ccc21	CXOXHMZGEKVPMT-UHFFFAOYSA-N	C16H13ClN2O2
development	CXTLZMPDZVHUII-UHFFFAOYSA-N	CCCCCCCCC=CCCCCCCCCCCCCCCCC(=O)NC(COC1OC(CO)C(OC2OC(CO)C(OC3OC(CO)C(O)C(O)C3CC(C)=O)C(OC3(C(=O)O)CC(O)C(NC(C)=O)C(C(O)C(CO)OC4(C(=O)O)CC(O)C(NC(C)=O)C(C(O)C(CO)OC5(C(=O)O)CC(O)C(NC(C)=O)C(C(O)C(O)CO)O5)O4)O3)C2O)C(O)C1O)C(O)CCCCCCCCCCCCCCC	ok	CCCCCCCCC=CCCCCCCCCCCCCCCCC(=O)NC(COC1OC(CO)C(OC2OC(CO)C(OC3OC(CO)C(O)C(O)C3CC(C)=O)C(OC3(C(=O)O)CC(O)C(NC(C)=O)C(C(O)C(CO)OC4(C(=O)O)CC(O)C(NC(C)=O)C(C(O)C(CO)OC5(C(=O)O)CC(O)C(NC(C)=O)C(C(O)C(O)CO)O5)O4)O3)C2O)C(O)C1O)C(O)CCCCCCCCCCCCCCC	CXTLZMPDZVHUII-UHFFFAOYSA-N	C98H172N4O42
development	CYQFCXCEBYINGO-UHFFFAOYSA-N	CCCCCc1cc(O)c2c(c1)OC(C)(C)C1CCC(C)=CC21	ok	CCCCCc1cc(O)c2c(c1)OC(C)(C)C1CCC(C)=CC21	CYQFCXCEBYINGO-UHFFFAOYSA-N	C21H30O2
development	CYXKNKQEMFBLER-UHFFFAOYSA-N	C1CCC(C(CC2CCCCN2)C2CCCCC2)CC1	ok	C1CCC(C(CC2CCCCN2)C2CCCCC2)CC1	CYXKNKQEMFBLER-UHFFFAOYSA-N	C19H35N
development	CZCBTSFUTPZVKJ-UHFFFAOYSA-N	CC(C)=CC1CC(C)CCO1	ok	CC(C)=CC1CC(C)CCO1	CZCBTSFUTPZVKJ-UHFFFAOYSA-N	C10H18O
development	CZGFLAQOJPXVRV-UHFFFAOYSA-N	CC12CCC3c4ccc(O)cc4CCC3C1CC(O)C2OC1OC(C(=O)O)C(O)C(O)C1O	ok	CC12CCC3c4ccc(O)cc4CCC3C1CC(O)C2OC1OC(C(=O)O)C(O)C(O)C1O	CZGFLAQOJPXVRV-UHFFFAOYSA-N	C24H32O9
development	CZIHNRWJTSTCEX-UHFFFAOYSA-N	CC(=O)Nc1ccc2c(c1)Cc1ccccc1-2	ok	CC(=O)Nc1ccc2c(c1)Cc1ccccc1-2	CZIHNRWJTSTCEX-UHFFFAOYSA-N	C15H13NO
development	DAEYIVCTQUFNTM-UHFFFAOYSA-N	CC1Cc2ccc(C(=O)NC(Cc3ccccc3)C(=O)O)c(O)c2C(=O)O1	ok	CC1Cc2ccc(C(=O)NC(Cc3ccccc3)C(=O)O)c(O)c2C(=O)O1	DAEYIVCTQUFNTM-UHFFFAOYSA-N	C20H19NO6
development	DBBUEAPPMDUEIR-UHFFFAOYSA-N	CC(=O)OC(C=CC(C)C(=O)O)C(C)C1CC(OC(C)=O)C2(C)C3=CCC4C(C)(CCC(OC(C)=O)C4(C)C)C3=CCC12C	ok	CC(=O)OC(C=CC(C)C(=O)O)C(C)C1CC(OC(C)=O)C2(C)C3=CCC4C(C)(CCC(OC(C)=O)C4(C)C)C3=CCC12C	DBBUEAPPMDUEIR-UHFFFAOYSA-N	C36H52O8
development	DBEPLOCGEIEOCV-UHFFFAOYSA-N	CC(C)(C)NC(=O)C1CCC2C3CCC4NC(=O)C=CC4(C)C3CCC12C	ok	CC(C)(C)NC(=O)C1CCC2C3CCC4NC(=O)C=CC4(C)C3CCC12C	DBEPLOCGEIEOCV-UHFFFAOYSA-N	C23H36N2O2
development	DBFXNHHIIKEXPP-UHFFFAOYSA-N	C=C1CC23CC1(O)CCC2C1(C)CC(O)CC(C)(C(=O)O)C1C3C(=O)O	ok	C=C1CC23CC1(O)CCC2C1(C)CC(O)CC(C)(C(=O)O)C1C3C(=O)O	DBFXNHHIIKEXPP-UHFFFAOYSA-N	C20H28O6
development	DBGIVFWFUFKIQN-UHFFFAOYSA-N	CCNC(C)Cc1cccc(C(F)(F)F)c1	ok	CCNC(C)Cc1cccc(C(F)(F)F)c1	DBGIVFWFUFKIQN-UHFFFAOYSA-N	C12H16F3N
development	DBUNRZUFILGKHP-UHFFFAOYSA-N	CC(C)=CCc1c(-c2ccc(O)c3c2OC(C)(C)C=C3)oc2cc(O)cc(O)c2c1=O	ok	CC(C)=CCc1c(-c2ccc(O)c3c2OC(C)(C)C=C3)oc2cc(O)cc(O)c2c1=O	DBUNRZUFILGKHP-UHFFFAOYSA-N	C25H24O6
development	DCJBINATHQHPKO-UHFFFAOYSA-N	CCCCCC=CCC=CCC(O)C(O)CC=CCCCC(=O)O	ok	CCCCCC=CCC=CCC(O)C(O)CC=CCCCC(=O)O	DCJBINATHQHPKO-UHFFFAOYSA-N	C20H34O4
development	DCOPUUMXTXDBNB-UHFFFAOYSA-N	O=C(O)Cc1ccccc1Nc1c(Cl)cccc1Cl	ok	O=C(O)Cc1ccccc1Nc1c(Cl)cccc1Cl	DCOPUUMXTXDBNB-UHFFFAOYSA-N	C14H11Cl2NO2
development	DCSUBABJRXZOMT-UHFFFAOYSA-N	COc1cc(N)c(Cl)cc1C(=O)NC1CCN(CCCOc2ccc(F)cc2)CC1OC	ok	COc1cc(N)c(Cl)cc1C(=O)NC1CCN(CCCOc2ccc(F)cc2)CC1OC	DCSUBABJRXZOMT-UHFFFAOYSA-N	C23H29ClFN3O4
development	DDLIGBOFAVUZHB-UHFFFAOYSA-N	Cc1ncc2n1-c1ccc(Cl)cc1C(c1ccccc1F)=NC2	ok	Cc1ncc2n1-c1ccc(Cl)cc1C(c1ccccc1F)=NC2	DDLIGBOFAVUZHB-UHFFFAOYSA-N	C18H13ClFN3
development	DDSLGZOYEPKPSJ-UHFFFAOYSA-N	CC(=O)NCCCC=O	ok	CC(=O)NCCCC=O	DDSLGZOYEPKPSJ-UHFFFAOYSA-N	C6H11NO2
development	DERZBLKQOCDDDZ-UHFFFAOYSA-N	C(=Cc1ccccc1)CN1CCN(C(c2ccccc2)c2ccccc2)CC1	ok	C(=Cc1ccccc1)CN1CCN(C(c2ccccc2)c2ccccc2)CC1	DERZBLKQOCDDDZ-UHFFFAOYSA-N	C26H28N2
development	DFWOMDUVXAUTRY-UHFFFAOYSA-N	COC(=O)c1c(C)nc(C)c(C(=O)OC2CCN(Cc3ccccc3)C2)c1-c1cccc([N+](=O)[O-])c1	ok	COC(=O)c1c(C)nc(C)c(C(=O)OC2CCN(Cc3ccccc3)C2)c1-c1cccc([N+](=O)[O-])c1	DFWOMDUVXAUTRY-UHFFFAOYSA-N	C27H27N3O6
development	DGABKXLVXPYZII-UHFFFAOYSA-N	CC(CCC(=O)O)C1CCC2C3CC(O)C4CC(O)CCC4(C)C3CCC12C	ok	CC(CCC(=O)O)C1CCC2C3CC(O)C4CC(O)CCC4(C)C3CCC12C	DGABKXLVXPYZII-UHFFFAOYSA-N	C24H40O4
development	DGIGXLXLGBAJJN-UHFFFAOYSA-N	CC(=O)OC(C)(C)C=CC(=O)C(C)(O)C1C(O)CC2(C)C3CC=C4C(CCC(O)C4(C)C)C3(CO)C(=O)CC12C	ok	CC(=O)OC(C)(C)C=CC(=O)C(C)(O)C1C(O)CC2(C)C3CC=C4C(CCC(O)C4(C)C)C3(CO)C(=O)CC12C	DGIGXLXLGBAJJN-UHFFFAOYSA-N	C32H48O8
development	DGIOBPYUUNJIKO-UHFFFAOYSA-N	CCCCCCCCC=CCCCCCCCCCCCCCC(=O)NC(COC1OC(CO)C(OC2OC(CO)C(O)C(OC3(C(=O)O)CC(O)C(NC(C)=O)C(C(O)C(CO)OC4(C(=O)O)CC(O)C(NC(C)=O)C(C(O)C(CO)OC5(C(=O)O)CC(O)C(NC(C)=O)C(C(O)C(O)CO)O5)O4)O3)C2O)C(O)C1O)C(O)CCCCCCCCCCCCCCC	ok	CCCCCCCCC=CCCCCCCCCCCCCCC(=O)NC(COC1OC(CO)C(OC2OC(CO)C(O)C(OC3(C(=O)O)CC(O)C(NC(C)=O)C(C(O)C(CO)OC4(C(=O)O)CC(O)C(NC(C)=O)C(C(O)C(CO)OC5(C(=O)O)CC(O)C(NC(C)=O)C(C(O)C(O)CO)O5)O4)O3)C2O)C(O)C1O)C(O)CCCCCCCCCCCCCCC	DGIOBPYUUNJIKO-UHFFFAOYSA-N	C87H154N4O37
development	DGIQURYKMOLFSK-UHFFFAOYSA-N	C=C1C(OC(=O)C=C(C)CC)C=C(C(C)C)C2C(=CC)C(=O)OCC12	ok	C=C1C(OC(=O)C=C(C)CC)C=C(C(C)C)C2C(=CC)C(=O)OCC12	DGIQURYKMOLFSK-UHFFFAOYSA-N	C21H28O4
development	DGSOBIYFLJXVQZ-UHFFFAOYSA-N	CC(C)=CCCC(C)(O)C1CCC2(C)C1C(O)CC1C3(C)CCC(OC4OC(COC5OCC(O)C(O)C5O)C(O)C(O)C4O)C(C)(C)C3CCC12C	ok	CC(C)=CCCC(C)(O)C1CCC2(C)C1C(O)CC1C3(C)CCC(OC4OC(COC5OCC(O)C(O)C5O)C(O)C(O)C4O)C(C)(C)C3CCC12C	DGSOBIYFLJXVQZ-UHFFFAOYSA-N	C41H70O12
development	DHBXNPKRAUYBTH-UHFFFAOYSA-N	CC(S)S	ok	CC(S)S	DHBXNPKRAUYBTH-UHFFFAOYSA-N	C2H6S2
development	DHTHKPNODOWMKF-UHFFFAOYSA-N	O=Cc1ccc2c(c1)C(c1cc(O)cc3c1C(c1cc(O)cc(O)c1)C(c1ccc(O)cc1)O3)C(c1ccc(O)cc1)O2	tautomer_MaxTransformsReached			C35H26O8
development	DILDHNKDVHLEQB-UHFFFAOYSA-N	CC12CCC3c4cc(O)c(O)cc4CCC3C1CCC2O	ok	CC12CCC3c4cc(O)c(O)cc4CCC3C1CCC2O	DILDHNKDVHLEQB-UHFFFAOYSA-N	C18H24O3
development	DIUFDFNALWNSNW-UHFFFAOYSA-N	CCC(C(=O)O)C1OC(C(C)C(O)C(C)C(=O)C(CC)C2OC3(C=CCC4(CCC(C)(C5CCC(O)(CC)C(C)O5)O4)O3)C(C)CC2C)C(C)CC1C	ok	CCC(C(=O)O)C1OC(C(C)C(O)C(C)C(=O)C(CC)C2OC3(C=CCC4(CCC(C)(C5CCC(O)(CC)C(C)O5)O4)O3)C(C)CC2C)C(C)CC1C	DIUFDFNALWNSNW-UHFFFAOYSA-N	C43H72O10
development	DIUOJMLXZJHNDR-UHFFFAOYSA-N	[O-][S+](Cc1cc(OCC2CC2)ccn1)c1nc2cc(F)ccc2[nH]1	ok	[O-][S+](Cc1cc(OCC2CC2)ccn1)c1nc2cc(F)ccc2[nH]1	DIUOJMLXZJHNDR-UHFFFAOYSA-N	C17H16FN3O2S
development	DJTOLSNIKJIDFF-UHFFFAOYSA-N	CC12CCCC1C1CCC3CC(O)CCC3(C)C1CC2	ok	CC12CCCC1C1CCC3CC(O)CCC3(C)C1CC2	DJTOLSNIKJIDFF-UHFFFAOYSA-N	C19H32O
development	DMEPDNFRHUGNPT-UHFFFAOYSA-N	CCN(CC)CC#CC(C)(C)OC(=O)C(O)(c1ccccc1)C1CCCCC1	ok	CCN(CC)CC#CC(C)(C)OC(=O)C(O)(c1ccccc1)C1CCCCC1	DMEPDNFRHUGNPT-UHFFFAOYSA-N	C24H35NO3
development	DMIWIJAIZZONNT-UHFFFAOYSA-N	Cc1c2cc[nH]cc2c(C)c2c1nc1ccccc12	ok	Cc1c2cc[nH]cc2c(C)c2c1nc1ccccc12	DMIWIJAIZZONNT-UHFFFAOYSA-N	C17H14N2
development	DMVOXQPQNTYEKQ-UHFFFAOYSA-N	Nc1ccc(-c2ccccc2)cc1	ok	Nc1ccc(-c2ccccc2)cc1	DMVOXQPQNTYEKQ-UHFFFAOYSA-N	C12H11N
development	DNBPMBJFRRVTSJ-UHFFFAOYSA-N	COc1ccc2[nH]cc(CCN(C(C)C)C(C)C)c2c1	ok	COc1ccc2[nH]cc(CCN(C(C)C)C(C)C)c2c1	DNBPMBJFRRVTSJ-UHFFFAOYSA-N	C17H26N2O
development	DNIAPMSPPWPWGF-UHFFFAOYSA-N	CC(O)CO	ok	CC(O)CO	DNIAPMSPPWPWGF-UHFFFAOYSA-N	C3H8O2
development	DNXHEGUUPJUMQT-UHFFFAOYSA-N	CC12CCC3c4ccc(O)cc4CCC3C1CCC2=O	ok	CC12CCC3c4ccc(O)cc4CCC3C1CCC2=O	DNXHEGUUPJUMQT-UHFFFAOYSA-N	C18H22O2
development	DNZQDZDGNZZGCU-UHFFFAOYSA-N	O=C(O)CCC(=O)OC1C(OC(=O)C=Cc2ccc(O)c(O)c2)CC(O)(C(=O)O)CC1OC(=O)C=Cc1ccc(O)c(O)c1	tautomer_MaxTransformsReached			C29H28O15
development	DNZRKQBGTHPGSL-UHFFFAOYSA-N	CCCCCCC=CC=CCC=O	ok	CCCCCCC=CC=CCC=O	DNZRKQBGTHPGSL-UHFFFAOYSA-N	C12H20O
development	DOFZAZXDOSGAJZ-UHFFFAOYSA-N	CCOP(=S)(OCC)SCCSCC	ok	CCOP(=S)(OCC)SCCSCC	DOFZAZXDOSGAJZ-UHFFFAOYSA-N	C8H19O2PS3
development	DOMXUEMWDBAQBQ-UHFFFAOYSA-N	CN(CC=CC#CC(C)(C)C)Cc1cccc2ccccc12	ok	CN(CC=CC#CC(C)(C)C)Cc1cccc2ccccc12	DOMXUEMWDBAQBQ-UHFFFAOYSA-N	C21H25N
development	DPAIILRRFFJOHL-UHFFFAOYSA-N	CCCCC(O)C(O)CC=CCCC(O)C1CCC(CCCCCCCCCCCCC(O)Cc2cc(C)oc2O)O1	ok	CCCCC(O)C(O)CC=CCCC(O)C1CCC(CCCCCCCCCCCCC(O)Cc2cc(C)oc2O)O1	DPAIILRRFFJOHL-UHFFFAOYSA-N	C35H62O7
development	DPIAJERHFDBLPT-UHFFFAOYSA-N	CC(=O)Oc1ccc2c(=O)c(-c3ccccc3)c(C)oc2c1	ok	CC(=O)Oc1ccc2c(=O)c(-c3ccccc3)c(C)oc2c1	DPIAJERHFDBLPT-UHFFFAOYSA-N	C18H14O4
development	DPMKYRJUMRDZSZ-UHFFFAOYSA-N	CC(C)=CC(CC1(C)OC1C1CCC2C3(C)CCC(OC4OC(CO)C(O)C(O)C4OC4OC(C)C(O)C(O)C4O)C(C)(C)C3CCC2(C)C12COC(=O)C2)OC1OC(CO)C(O)C(O)C1O	ok	CC(C)=CC(CC1(C)OC1C1CCC2C3(C)CCC(OC4OC(CO)C(O)C(O)C4OC4OC(C)C(O)C(O)C4O)C(C)(C)C3CCC2(C)C12COC(=O)C2)OC1OC(CO)C(O)C(O)C1O	DPMKYRJUMRDZSZ-UHFFFAOYSA-N	C48H78O19
development	DPQYOKVMVCQHMY-UHFFFAOYSA-N	C=C(C)C1CCC2(C)CCCC(C)(O)C2C1	ok	C=C(C)C1CCC2(C)CCCC(C)(O)C2C1	DPQYOKVMVCQHMY-UHFFFAOYSA-N	C15H26O
development	DQDAYGNAKTZFIW-UHFFFAOYSA-N	CCC(c1ccccc1)c1c(O)c2ccccc2oc1=O	ok	CCC(c1ccccc1)c1c(O)c2ccccc2oc1=O	DQDAYGNAKTZFIW-UHFFFAOYSA-N	C18H16O3
development	DQHWEKFXUGLNRV-UHFFFAOYSA-N	C#CC1(O)CCC2C3(C)CCc4cc(O)ccc4C3CCC21C	ok	C#CC1(O)CCC2C3(C)CCc4cc(O)ccc4C3CCC21C	DQHWEKFXUGLNRV-UHFFFAOYSA-N	C21H26O2
development	DQJGLVYHIANDHO-UHFFFAOYSA-N	CCCCCCCCCCCCCCCC(=O)NC(COC1OC(CO)C(OC2OC(CO)C(OC3OC(CO)C(O)C(O)C3CC(C)=O)C(OC3(C(=O)O)CC(O)C(NC(C)=O)C(C(O)C(CO)OC4(C(=O)O)CC(O)C(NC(C)=O)C(C(O)C(CO)OC5(C(=O)O)CC(O)C(NC(C)=O)C(C(O)C(O)CO)O5)O4)O3)C2O)C(O)C1O)C(O)CCCCCCCCCCCCCCC	ok	CCCCCCCCCCCCCCCC(=O)NC(COC1OC(CO)C(OC2OC(CO)C(OC3OC(CO)C(O)C(O)C3CC(C)=O)C(OC3(C(=O)O)CC(O)C(NC(C)=O)C(C(O)C(CO)OC4(C(=O)O)CC(O)C(NC(C)=O)C(C(O)C(CO)OC5(C(=O)O)CC(O)C(NC(C)=O)C(C(O)C(O)CO)O5)O4)O3)C2O)C(O)C1O)C(O)CCCCCCCCCCCCCCC	DQJGLVYHIANDHO-UHFFFAOYSA-N	C88H154N4O42
development	DQJZOUNZNYHEBV-UHFFFAOYSA-N	Cc1cc(OCC(F)(F)F)c(C)c(C[S+]([O-])c2nc3ccccc3[nH]2)n1	ok	Cc1cc(OCC(F)(F)F)c(C)c(C[S+]([O-])c2nc3ccccc3[nH]2)n1	DQJZOUNZNYHEBV-UHFFFAOYSA-N	C17H16F3N3O2S
development	DRHKJLXJIQTDTD-UHFFFAOYSA-N	CCOc1ccccc1OCCNC(C)Cc1ccc(OC)c(S(N)(=O)=O)c1	ok	CCOc1ccccc1OCCNC(C)Cc1ccc(OC)c(S(N)(=O)=O)c1	DRHKJLXJIQTDTD-UHFFFAOYSA-N	C20H28N2O5S
development	DRLFMBDRBRZALE-UHFFFAOYSA-N	COc1ccc2[nH]cc(CCNC(C)=O)c2c1	ok	COc1ccc2[nH]cc(CCNC(C)=O)c2c1	DRLFMBDRBRZALE-UHFFFAOYSA-N	C13H16N2O2
development	DRRWBCNQOKKKOL-UHFFFAOYSA-N	COc1ccc(-c2cc(=O)c3c(O)c(OC)c(O)cc3o2)cc1OC	ok	COc1ccc(-c2cc(=O)c3c(O)c(OC)c(O)cc3o2)cc1OC	DRRWBCNQOKKKOL-UHFFFAOYSA-N	C18H16O7
development	DRSJLVGDSNWQBI-UHFFFAOYSA-N	COc1cccc(OC)c1-c1ccc(CC(NC(=O)c2c(Cl)cccc2Cl)C(=O)O)cc1	ok	COc1cccc(OC)c1-c1ccc(CC(NC(=O)c2c(Cl)cccc2Cl)C(=O)O)cc1	DRSJLVGDSNWQBI-UHFFFAOYSA-N	C24H21Cl2NO5
development	DSPNGJHSAHRHHA-UHFFFAOYSA-N	CCCCCCCCCCCCCCCCCCCCCCC(=O)NC(COC1OC(CO)C(OC2OC(CO)C(OC3OC(CO)C(O)C(OC4OC(CO)C(O)C(O)C4O)C3CC(C)=O)C(OC3(C(=O)O)CC(O)C(NC(C)=O)C(C(O)C(CO)OC4(C(=O)O)CC(O)C(NC(C)=O)C(C(O)C(O)CO)O4)O3)C2O)C(O)C1O)C(O)CCCCCCCCCCCCCCC	ok	CCCCCCCCCCCCCCCCCCCCCCC(=O)NC(COC1OC(CO)C(OC2OC(CO)C(OC3OC(CO)C(O)C(OC4OC(CO)C(O)C(O)C4O)C3CC(C)=O)C(OC3(C(=O)O)CC(O)C(NC(C)=O)C(C(O)C(CO)OC4(C(=O)O)CC(O)C(NC(C)=O)C(C(O)C(O)CO)O4)O3)C2O)C(O)C1O)C(O)CCCCCCCCCCCCCCC	DSPNGJHSAHRHHA-UHFFFAOYSA-N	C90H161N3O39
development	DSTJGYCTYZXZNH-UHFFFAOYSA-N	C=C1C(=O)OC2CC3(C)CC(=O)CC(C)C3=CC12	ok	C=C1C(=O)OC2CC3(C)CC(=O)CC(C)C3=CC12	DSTJGYCTYZXZNH-UHFFFAOYSA-N	C15H18O3
development	DTGDZMYNKLTSKC-UHFFFAOYSA-N	CC(C)CCCC(C)C1CCC2C3CC=C4CCCCC4(C)C3CCC12C	ok	CC(C)CCCC(C)C1CCC2C3CC=C4CCCCC4(C)C3CCC12C	DTGDZMYNKLTSKC-UHFFFAOYSA-N	C27H46
development	DTGKSKDOIYIVQL-UHFFFAOYSA-N	CC1(C)C2CCC1(C)C(O)C2	ok	CC1(C)C2CCC1(C)C(O)C2	DTGKSKDOIYIVQL-UHFFFAOYSA-N	C10H18O
development	DTJQBBHYRQYDEG-UHFFFAOYSA-N	COCCC1CC2CN3CCc4c([nH]c5ccccc45)C(C(=O)OC)(C2)C13	ok	COCCC1CC2CN3CCc4c([nH]c5ccccc45)C(C(=O)OC)(C2)C13	DTJQBBHYRQYDEG-UHFFFAOYSA-N	C22H28N2O3
development	DTOPKPBTCXKNFF-UHFFFAOYSA-N	Cc1ccsc1-c1ccc(C(C)C(=O)O)cc1	ok	Cc1ccsc1-c1ccc(C(C)C(=O)O)cc1	DTOPKPBTCXKNFF-UHFFFAOYSA-N	C14H14O2S
development	DTUGXZBPWDHASD-UHFFFAOYSA-N	CC(=O)C1(O)OCC(O)C1O	ok	CC(=O)C1(O)OCC(O)C1O	DTUGXZBPWDHASD-UHFFFAOYSA-N	C6H10O5
development	DTYGTEGDVPAKDA-UHFFFAOYSA-N	CC(C)CC(=O)Cc1ccccc1	ok	CC(C)CC(=O)Cc1ccccc1	DTYGTEGDVPAKDA-UHFFFAOYSA-N	C12H16O
development	DUEPRVBVGDRKAG-UHFFFAOYSA-N	CNC(=O)Oc1cccc2c1OC(C)(C)C2	ok	CNC(=O)Oc1cccc2c1OC(C)(C)C2	DUEPRVBVGDRKAG-UHFFFAOYSA-N	C12H15NO3
development	DUGHQFVNXIWPEA-UHFFFAOYSA-N	O=c1cc(C(O)O)[nH]c(=O)[nH]1	ok	O=c1cc(C(O)O)[nH]c(=O)[nH]1	DUGHQFVNXIWPEA-UHFFFAOYSA-N	C5H6N2O4
development	DUPDJVDPPBFBPL-UHFFFAOYSA-N	C=C1C=CCC(C)(C)C12CCC(C)O2	ok	C=C1C=CCC(C)(C)C12CCC(C)O2	DUPDJVDPPBFBPL-UHFFFAOYSA-N	C13H20O
development	DVCCCQNKIYNAKB-UHFFFAOYSA-N	Cc1cnc2ccc3c(nc(N)n3C)c2n1	ok	Cc1cnc2ccc3c(nc(N)n3C)c2n1	DVCCCQNKIYNAKB-UHFFFAOYSA-N	C11H11N5
development	DVGIHSLYADPMSE-UHFFFAOYSA-N	CN(C)CCCCCN1c2ccccc2Sc2ccc(C(F)(F)F)cc21	ok	CN(C)CCCCCN1c2ccccc2Sc2ccc(C(F)(F)F)cc21	DVGIHSLYADPMSE-UHFFFAOYSA-N	C20H23F3N2S
development	DVSZTYJRXBBIFA-UHFFFAOYSA-N	COC1CC2CCC(C)C(O)(O2)C(=O)C(=O)N2CCCCC2C(=O)OC(C(C)CC2CCC(O)C(OC)C2)CC(=O)C(C)=CC(C)C(O)C(OC)C(=O)C(C)CC(C)C=CC=CC=C1C	ok	COC1CC2CCC(C)C(O)(O2)C(=O)C(=O)N2CCCCC2C(=O)OC(C(C)CC2CCC(O)C(OC)C2)CC(=O)C(C)=CC(C)C(O)C(OC)C(=O)C(C)CC(C)C=CC=CC=C1C	DVSZTYJRXBBIFA-UHFFFAOYSA-N	C51H79NO13
development	DVXXYXKKUSGEIB-UHFFFAOYSA-N	CCC(=O)C1CC(C)C2(CC(=O)C3(C)C4=C(CCC32C)C2(C)CCC(=O)C(C)(CO)C2CC4)O1	ok	CCC(=O)C1CC(C)C2(CC(=O)C3(C)C4=C(CCC32C)C2(C)CCC(=O)C(C)(CO)C2CC4)O1	DVXXYXKKUSGEIB-UHFFFAOYSA-N	C29H42O5
development	DVYFKACEOUKQAL-UHFFFAOYSA-N	CC(=O)NC1C(OC2C(O)C(CO)OC(OC(C(=O)C(O)CO)C(O)CO)C2O)OC(CO)C(OC2OC(CO)C(O)C(OC3OC(CO)C(OC4OC(CO)C(O)C(OC5(C(=O)O)CC(O)C(NC(C)=O)C(C(O)C(O)CO)O5)C4O)C(O)C3NC(C)=O)C2O)C1O	ok	CC(=O)NC1C(OC2C(O)C(CO)OC(OC(C(=O)C(O)CO)C(O)CO)C2O)OC(CO)C(OC2OC(CO)C(O)C(OC3OC(CO)C(OC4OC(CO)C(O)C(OC5(C(=O)O)CC(O)C(NC(C)=O)C(C(O)C(O)CO)O5)C4O)C(O)C3NC(C)=O)C2O)C1O	DVYFKACEOUKQAL-UHFFFAOYSA-N	C51H85N3O39
development	DWHSGRLKLUGKOU-UHFFFAOYSA-N	CC1=NCCc2cc(O)c(O)cc21	ok	CC1=NCCc2cc(O)c(O)cc21	DWHSGRLKLUGKOU-UHFFFAOYSA-N	C10H11NO2
development	DWMIJMCXKMVIAF-UHFFFAOYSA-N	C#CC1(O)C=CC2C3CC=C4CC(=O)CCC4C3C(=C)CC21C	ok	C#CC1(O)C=CC2C3CC=C4CC(=O)CCC4C3C(=C)CC21C	DWMIJMCXKMVIAF-UHFFFAOYSA-N	C21H24O2
development	DWNBPRRXEVJMPO-UHFFFAOYSA-N	CCCCCC=CCC1OC1C(O)C=CCC=CCCCC(=O)O	ok	CCCCCC=CCC1OC1C(O)C=CCC=CCCCC(=O)O	DWNBPRRXEVJMPO-UHFFFAOYSA-N	C20H32O4
development	DWPLEOPKBWNPQV-UHFFFAOYSA-N	COc1ccccc1C(C)=O	ok	COc1ccccc1C(C)=O	DWPLEOPKBWNPQV-UHFFFAOYSA-N	C9H10O2
development	DWSFAVOTORHAAL-UHFFFAOYSA-N	CCCCCCCCCCCCCCCCC(=O)OC(CC(=O)[O-])C[N+](C)(C)C	ok	CCCCCCCCCCCCCCCCC(=O)OC(CC(=O)[O-])C[N+](C)(C)C	DWSFAVOTORHAAL-UHFFFAOYSA-N	C24H47NO4
development	DXCPWGZDEYFQEA-UHFFFAOYSA-N	CCCCC=CCC(=O)OCC1OC(OC2C(OC3CCC4(C)C(CCC5(C)C4CC(O)C4C(C(C)(CCC=C(C)C)OC6OC(COC7OC(CO)C(O)C(O)C7O)C(O)C(O)C6O)CCC45C)C3(C)C)OC(CO)C(O)C2O)C(O)C(O)C1O	ok	CCCCC=CCC(=O)OCC1OC(OC2C(OC3CCC4(C)C(CCC5(C)C4CC(O)C4C(C(C)(CCC=C(C)C)OC6OC(COC7OC(CO)C(O)C(O)C7O)C(O)C(O)C6O)CCC45C)C3(C)C)OC(CO)C(O)C2O)C(O)C(O)C1O	DXCPWGZDEYFQEA-UHFFFAOYSA-N	C62H104O24
development	DYDUXGMDSXJQFT-UHFFFAOYSA-N	NCCc1ccc(OS(=O)(=O)O)cc1	ok	NCCc1ccc(OS(=O)(=O)O)cc1	DYDUXGMDSXJQFT-UHFFFAOYSA-N	C8H11NO4S
development	DYIOQMKBBPSAFY-UHFFFAOYSA-N	CCCCC=CCCCCCCCC(=O)OCCCCCCCCCCCCCCCC	ok	CCCCC=CCCCCCCCC(=O)OCCCCCCCCCCCCCCCC	DYIOQMKBBPSAFY-UHFFFAOYSA-N	C30H58O2
development	DYJBTUINEBYYQT-UHFFFAOYSA-N	CC1(C)CCC2(C(=O)OC3OC(CO)C(O)C(O)C3O)C(O)CC3(C)C(=CCC4C5(C)CCC(OC6OCC(O)C(OC7OC(CO)C(O)C(O)C7O)C6O)C(C)(C)C5CCC43C)C2C1	ok	CC1(C)CCC2(C(=O)OC3OC(CO)C(O)C(O)C3O)C(O)CC3(C)C(=CCC4C5(C)CCC(OC6OCC(O)C(OC7OC(CO)C(O)C(O)C7O)C6O)C(C)(C)C5CCC43C)C2C1	DYJBTUINEBYYQT-UHFFFAOYSA-N	C47H76O18
development	DYOSCPIQEYRQEO-UHFFFAOYSA-N	COc1c(O)c(C)c(CC=C(C)CCC=C(C)CCC=C(C)CCC=C(C)CCC=C(C)CCC=C(C)C)c(O)c1OC	ok	COc1c(O)c(C)c(C=CC(C)CCC=C(C)CCC=C(C)CCC=C(C)CCC=C(C)CCC=C(C)C)c(O)c1OC	JYOPAHWQSVSECH-UHFFFAOYSA-N	C39H60O4
development	DYUQAZSOFZSPHD-UHFFFAOYSA-N	CCC(O)c1ccccc1	ok	CCC(O)c1ccccc1	DYUQAZSOFZSPHD-UHFFFAOYSA-N	C9H12O
development	DYXPIXIKDXPQPD-UHFFFAOYSA-N	O=C(O)CCC1C2CCC(C2)C1NS(=O)(=O)c1ccccc1	ok	O=C(O)CCC1C2CCC(C2)C1NS(=O)(=O)c1ccccc1	DYXPIXIKDXPQPD-UHFFFAOYSA-N	C16H21NO4S
development	DZGWFCGJZKJUFP-UHFFFAOYSA-N	NCCc1ccc(O)cc1	ok	NCCc1ccc(O)cc1	DZGWFCGJZKJUFP-UHFFFAOYSA-N	C8H11NO
development	DZHDVYLBNKMLMB-UHFFFAOYSA-N	NCCCCC(NC(=O)C(N)Cc1c[nH]c2ccccc12)C(=O)O	ok	NCCCCC(NC(=O)C(N)Cc1c[nH]c2ccccc12)C(=O)O	DZHDVYLBNKMLMB-UHFFFAOYSA-N	C17H24N4O3
development	DZJZIJZUKAATIV-UHFFFAOYSA-N	CCCC#CCCCCCCCCCCCCO	ok	CCCC#CCCCCCCCCCCCCO	DZJZIJZUKAATIV-UHFFFAOYSA-N	C17H32O
development	DZKOKXZNCDGVRY-UHFFFAOYSA-N	C1SSCSSS1	ok	C1SSCSSS1	DZKOKXZNCDGVRY-UHFFFAOYSA-N	C2H4S5
development	FAEKWTJYAYMJKF-UHFFFAOYSA-N	CCOc1cc(CC(=O)NC(CC(C)C)c2ccccc2N2CCCCC2)ccc1C(=O)O	ok	CCOc1cc(CC(=O)NC(CC(C)C)c2ccccc2N2CCCCC2)ccc1C(=O)O	FAEKWTJYAYMJKF-UHFFFAOYSA-N	C27H36N2O4
development	FBYFJOVKHROJSY-UHFFFAOYSA-N	CCCN(CCC)CCc1cccc2[nH]c(O)cc12	ok	CCCN(CCC)CCc1cccc2[nH]c(O)cc12	FBYFJOVKHROJSY-UHFFFAOYSA-N	C16H24N2O
development	FCHGRGOUMXZTFS-UHFFFAOYSA-N	CC(=O)OCC1(O)CC23CCC4C(C)(C=O)CCCC4(C)C2CCC1C3	ok	CC(=O)OCC1(O)CC23CCC4C(C)(C=O)CCCC4(C)C2CCC1C3	FCHGRGOUMXZTFS-UHFFFAOYSA-N	C22H34O4
development	FCINNGNGQHGDFW-UHFFFAOYSA-N	N=C(N)NCCCCNC(=O)C1c2cc(C=CC(=O)NCCCCN=C(N)N)cc(O)c2OC1c1ccc(O)cc1	ok	N=C(N)NCCCCNC(=O)C1c2cc(C=CC(=O)NCCCCN=C(N)N)cc(O)c2OC1c1ccc(O)cc1	FCINNGNGQHGDFW-UHFFFAOYSA-N	C28H38N8O5
development	FCLYKYQBTSMTJB-UHFFFAOYSA-N	C=C1OC(=O)C(=CCCCCCCCCCCCCC)C1O	ok	C=C1OC(=O)C(=CCCCCCCCCCCCCC)C1O	FCLYKYQBTSMTJB-UHFFFAOYSA-N	C19H32O3
development	FCWMZGOTKKOFPK-UHFFFAOYSA-N	O=C(O)COc1ccc(C(=O)c2ccsc2)c(Cl)c1Cl	ok	O=C(O)COc1ccc(C(=O)c2ccsc2)c(Cl)c1Cl	FCWMZGOTKKOFPK-UHFFFAOYSA-N	C13H8Cl2O4S
development	FCWVNQXHWQOIRY-UHFFFAOYSA-N	CC(=O)C(NC(=O)CN)C(O)O	ok	CC(=O)C(NC(=O)CN)C(O)O	FCWVNQXHWQOIRY-UHFFFAOYSA-N	C6H12N2O4
development	FDASUPFDHLZNSK-UHFFFAOYSA-N	COC1(CCC(C)COC2OC(CO)C(O)C(O)C2O)OC2CC3C4CCC5CC(OC6OC(CO)C(O)C(O)C6OC6OC(CO)C(O)C(O)C6O)CCC5(C)C4CCC3(C)C2C1C	ok	COC1(CCC(C)COC2OC(CO)C(O)C(O)C2O)OC2CC3C4CCC5CC(OC6OC(CO)C(O)C(O)C6OC6OC(CO)C(O)C(O)C6O)CCC5(C)C4CCC3(C)C2C1C	FDASUPFDHLZNSK-UHFFFAOYSA-N	C46H78O19
development	FDKXTQMXEQVLRF-UHFFFAOYSA-N	CN(C)N=Nc1[nH]cnc1C(N)=O	ok	CN(C)N=Nc1[nH]cnc1C(N)=O	FDKXTQMXEQVLRF-UHFFFAOYSA-N	C6H10N6O
development	FELGMEQIXOGIFQ-UHFFFAOYSA-N	Cc1nccn1CC1CCc2c(c3ccccc3n2C)C1=O	ok	Cc1nccn1CC1CCc2c(c3ccccc3n2C)C1=O	FELGMEQIXOGIFQ-UHFFFAOYSA-N	C18H19N3O
development	FFEARJCKVFRZRR-UHFFFAOYSA-N	CSCCC(N)C(=O)O	ok	CSCCC(N)C(=O)O	FFEARJCKVFRZRR-UHFFFAOYSA-N	C5H11NO2S
development	FFGPTBGBLSHEPO-UHFFFAOYSA-N	NC(=O)N1c2ccccc2C=Cc2ccccc21	ok	NC(=O)N1c2ccccc2C=Cc2ccccc21	FFGPTBGBLSHEPO-UHFFFAOYSA-N	C15H12N2O
development	FFIYZQBJBRTFKR-UHFFFAOYSA-N	CC(C)CCCn1c(=O)c2c(ncn2C)n(C)c1=O	ok	CC(C)CCCn1c(=O)c2c(ncn2C)n(C)c1=O	FFIYZQBJBRTFKR-UHFFFAOYSA-N	C13H20N4O2
development	FGXWKSZFVQUSTL-UHFFFAOYSA-N	O=c1[nH]c2ccccc2n1CCCN1CCC(n2c(=O)[nH]c3cc(Cl)ccc32)CC1	ok	O=c1[nH]c2ccccc2n1CCCN1CCC(n2c(=O)[nH]c3cc(Cl)ccc32)CC1	FGXWKSZFVQUSTL-UHFFFAOYSA-N	C22H24ClN5O2
development	FHFYDNQZQSQIAI-UHFFFAOYSA-N	CCn1cc(C(=O)O)c(=O)c2cc(F)c(N3CCN(C)CC3)cc21	ok	CCn1cc(C(=O)O)c(=O)c2cc(F)c(N3CCN(C)CC3)cc21	FHFYDNQZQSQIAI-UHFFFAOYSA-N	C17H20FN3O3
development	FHIVAFMUCKRCQO-UHFFFAOYSA-N	CCOP(=S)(OCC)Oc1cc(C)nc(C(C)C)n1	ok	CCOP(=S)(OCC)Oc1cc(C)nc(C(C)C)n1	FHIVAFMUCKRCQO-UHFFFAOYSA-N	C12H21N2O3PS
development	FHPIXVHJEIZKJW-UHFFFAOYSA-N	Cc1cc2c(s1)Nc1ccccc1N=C2N1CCNCC1	ok	Cc1cc2c(s1)Nc1ccccc1N=C2N1CCNCC1	FHPIXVHJEIZKJW-UHFFFAOYSA-N	C16H18N4S
development	FJLGEFLZQAZZCD-UHFFFAOYSA-N	CC(C)n1c(C=CC(O)CC(O)CC(=O)O)c(-c2ccc(F)cc2)c2ccccc21	ok	CC(C)n1c(C=CC(O)CC(O)CC(=O)O)c(-c2ccc(F)cc2)c2ccccc21	FJLGEFLZQAZZCD-UHFFFAOYSA-N	C24H26FNO4
development	FJLHLDBEZKTSOK-UHFFFAOYSA-N	CCN(C)C=O	ok	CCN(C)C=O	FJLHLDBEZKTSOK-UHFFFAOYSA-N	C4H9NO
development	FKJUAGXPCITGLZ-UHFFFAOYSA-N	CCCCCC(=O)OCC[N+](C)(C)C	ok	CCCCCC(=O)OCC[N+](C)(C)C	FKJUAGXPCITGLZ-UHFFFAOYSA-N	C11H24NO2+
development	FLAQQSHRLBFIEZ-UHFFFAOYSA-N	CN(CCCC(=O)c1cccnc1)N=O	ok	CN(CCCC(=O)c1cccnc1)N=O	FLAQQSHRLBFIEZ-UHFFFAOYSA-N	C10H13N3O2
development	FLDPBMANMDLQTH-UHFFFAOYSA-N	CN(CCOc1ccc(Cc2sc(=O)[nH]c2O)cc1)c1ccccn1	ok	CN(CCOc1ccc(Cc2sc(=O)[nH]c2O)cc1)c1ccccn1	FLDPBMANMDLQTH-UHFFFAOYSA-N	C18H19N3O3S
development	FMGSKLZLMKYGDP-UHFFFAOYSA-N	CC12CCC3C(CC=C4CC(O)CCC43C)C1CCC2=O	ok	CC12CCC3C(CC=C4CC(O)CCC43C)C1CCC2=O	FMGSKLZLMKYGDP-UHFFFAOYSA-N	C19H28O2
development	FMKCDSXOYLTWBR-UHFFFAOYSA-N	CCC(=O)OCC1CCCO1	ok	CCC(=O)OCC1CCCO1	FMKCDSXOYLTWBR-UHFFFAOYSA-N	C8H14O3
development	FMMWHPNWAFZXNH-UHFFFAOYSA-N	c1ccc2c(c1)cc1ccc3cccc4ccc2c1c34	ok	c1ccc2c(c1)cc1ccc3cccc4ccc2c1c34	FMMWHPNWAFZXNH-UHFFFAOYSA-N	C20H12
development	FMWLUWPQPKEARP-UHFFFAOYSA-N	ClC(Cl)Br	ok	ClC(Cl)Br	FMWLUWPQPKEARP-UHFFFAOYSA-N	CHBrCl2
development	FMXVFWDIAZJILA-UHFFFAOYSA-N	CCCCCCCCC1CC(C(=O)O)C(=O)O1	ok	CCCCCCCCC1CC(C(=O)O)C(=O)O1	FMXVFWDIAZJILA-UHFFFAOYSA-N	C13H22O4
development	FNEJQOIAGPBETK-UHFFFAOYSA-N	Cc1ccc(O)o1	ok	Cc1ccc(O)o1	FNEJQOIAGPBETK-UHFFFAOYSA-N	C5H6O2
development	FNELVJVBIYMIMC-UHFFFAOYSA-N	CC[S+]([O-])c1c(C#N)nn(-c2c(Cl)cc(C(F)(F)F)cc2Cl)c1N	ok	CC[S+]([O-])c1c(C#N)nn(-c2c(Cl)cc(C(F)(F)F)cc2Cl)c1N	FNELVJVBIYMIMC-UHFFFAOYSA-N	C13H9Cl2F3N4OS
development	FNFHDAUGLIPVPU-UHFFFAOYSA-O	O=C(O)CC(=O)OCC1OC(Oc2cc3c(O)cc(O)cc3[o+]c2-c2cc(O)c(O)c(O)c2)C(O)C(O)C1O	tautomer_MaxTransformsReached			C24H23O15+
development	FNKQXYHWGSIFBK-UHFFFAOYSA-N	CC(O)C(O)C1CNc2[nH]c(N)nc(=O)c2N1	ok	CC(O)C(O)C1CNc2[nH]c(N)nc(=O)c2N1	FNKQXYHWGSIFBK-UHFFFAOYSA-N	C9H15N5O3
development	FNPHNLNTJNMAEE-UHFFFAOYSA-N	CCCCCCCCCCCCCCCCCC(=O)OC(CC(=O)[O-])C[N+](C)(C)C	ok	CCCCCCCCCCCCCCCCCC(=O)OC(CC(=O)[O-])C[N+](C)(C)C	FNPHNLNTJNMAEE-UHFFFAOYSA-N	C25H49NO4
development	FNTJVYCFNVUBOL-UHFFFAOYSA-N	O=C(O)C1OC(Oc2c(-c3ccc(O)cc3)oc3cc(O)cc(O)c3c2=O)C(O)C(O)C1O	ok	O=C(O)C1OC(Oc2c(-c3ccc(O)cc3)oc3cc(O)cc(O)c3c2=O)C(O)C(O)C1O	FNTJVYCFNVUBOL-UHFFFAOYSA-N	C21H18O12
development	FNYLWPVRPXGIIP-UHFFFAOYSA-N	Nc1nc(N)c2nc(-c3ccccc3)c(N)nc2n1	ok	Nc1nc(N)c2nc(-c3ccccc3)c(N)nc2n1	FNYLWPVRPXGIIP-UHFFFAOYSA-N	C12H11N7
development	FOHHNHSLJDZUGQ-UHFFFAOYSA-N	CCCCN(CCCC)CCC(O)c1cc2c(Cl)cc(Cl)cc2c2cc(C(F)(F)F)ccc12	ok	CCCCN(CCCC)CCC(O)c1cc2c(Cl)cc(Cl)cc2c2cc(C(F)(F)F)ccc12	FOHHNHSLJDZUGQ-UHFFFAOYSA-N	C26H30Cl2F3NO
development	FPIPGXGPPPQFEQ-UHFFFAOYSA-N	CC(C=CC1=C(C)CCCC1(C)C)=CC=CC(C)=CCO	ok	CC(C=CC1=C(C)CCCC1(C)C)=CC=CC(C)=CCO	FPIPGXGPPPQFEQ-UHFFFAOYSA-N	C20H30O
development	FPLMIPQZHHQWHN-UHFFFAOYSA-N	COc1ccc(-c2oc3cc(O)cc(O)c3c(=O)c2O)cc1O	tautomer_MaxTransformsReached			C16H12O7
development	FQPGMQABJNQLLF-UHFFFAOYSA-N	NOCCC(N)C(=O)O	ok	NOCCC(N)C(=O)O	FQPGMQABJNQLLF-UHFFFAOYSA-N	C4H10N2O3
development	FQYGGFDZJFIDPU-UHFFFAOYSA-N	CC12CCC3c4ccc(O)cc4CCC3C1CC(OC1OC(C(=O)O)C(O)C(O)C1O)C2O	ok	CC12CCC3c4ccc(O)cc4CCC3C1CC(OC1OC(C(=O)O)C(O)C(O)C1O)C2O	FQYGGFDZJFIDPU-UHFFFAOYSA-N	C24H32O9
development	FQZSMTSTFMNWQF-UHFFFAOYSA-N	CCCCc1nc(Cl)c(C=O)n1Cc1ccc(-c2ccccc2-c2nn[nH]n2)cc1	ok	CCCCc1nc(Cl)c(C=O)n1Cc1ccc(-c2ccccc2-c2nn[nH]n2)cc1	FQZSMTSTFMNWQF-UHFFFAOYSA-N	C22H21ClN6O
development	FRNIMDDQCZHAFA-UHFFFAOYSA-N	C=C1C(=O)OC2CC3(C)C(=CC12)C(C)CCC3O	ok	C=C1C(=O)OC2CC3(C)C(=CC12)C(C)CCC3O	FRNIMDDQCZHAFA-UHFFFAOYSA-N	C15H20O3
development	FRYVQXCDSBCDAU-UHFFFAOYSA-N	CC(CCC(=O)O)C1CCC2C3CCC4C(O)C(O)CCC4(C)C3CC(O)C12C	ok	CC(CCC(=O)O)C1CCC2C3CCC4C(O)C(O)CCC4(C)C3CC(O)C12C	FRYVQXCDSBCDAU-UHFFFAOYSA-N	C24H40O5
development	FSHPJPOJLGCQOJ-UHFFFAOYSA-N	CC(C)=CCc1c(O)ccc(C2COc3c(CC=C(C)C)c(O)cc(O)c3C2=O)c1O	tautomer_MaxTransformsReached			C25H28O6
development	FSHURBQASBLAPO-UHFFFAOYSA-N	CSCCC(NC(=O)C(C)N)C(=O)O	ok	CSCCC(NC(=O)C(C)N)C(=O)O	FSHURBQASBLAPO-UHFFFAOYSA-N	C8H16N2O3S
development	FSKFPVLPFLJRQB-UHFFFAOYSA-N	Cc1ccc(C(=O)C(C)CN2CCCCC2)cc1	ok	Cc1ccc(C(=O)C(C)CN2CCCCC2)cc1	FSKFPVLPFLJRQB-UHFFFAOYSA-N	C16H23NO
development	FSKJPXSYWQUVGO-UHFFFAOYSA-N	COc1cc(C=CC(=O)Nc2ccccc2C(=O)O)ccc1O	ok	COc1cc(C=CC(=O)Nc2ccccc2C(=O)O)ccc1O	FSKJPXSYWQUVGO-UHFFFAOYSA-N	C17H15NO5
development	FSLPMRQHCOLESF-UHFFFAOYSA-N	CC1CCC2(C)CCC3(C)C(=CCC4C5(C)CCC(O)C(C)(C)C5CCC43C)C2C1C	ok	CC1CCC2(C)CCC3(C)C(=CCC4C5(C)CCC(O)C(C)(C)C5CCC43C)C2C1C	FSLPMRQHCOLESF-UHFFFAOYSA-N	C30H50O
development	FSPRLRPJSPWQNC-UHFFFAOYSA-N	O=C1NC(=O)C(c2ccccc2)(c2cccc(O)c2)N1	ok	O=C1NC(=O)C(c2ccccc2)(c2cccc(O)c2)N1	FSPRLRPJSPWQNC-UHFFFAOYSA-N	C15H12N2O3
development	FSQFBVMRHUNWAT-UHFFFAOYSA-N	CC(C)=CCCC1(C)C(CC=C(C)C)CC2(CC=C(C)C)C(=O)C1(C(=O)C(C)C)C(=O)C1=C2OC(C)(C)C=C1	ok	CC(C)=CCCC1(C)C(CC=C(C)C)CC2(CC=C(C)C)C(=O)C1(C(=O)C(C)C)C(=O)C1=C2OC(C)(C)C=C1	FSQFBVMRHUNWAT-UHFFFAOYSA-N	C35H50O4
development	FSVMLWOLZHGCQX-UHFFFAOYSA-N	Oc1ccc(C2Oc3cc(O)cc(O)c3C(O)C2O)cc1	ok	Oc1ccc(C2Oc3cc(O)cc(O)c3C(O)C2O)cc1	FSVMLWOLZHGCQX-UHFFFAOYSA-N	C15H14O6
development	FTALBRSUTCGOEG-UHFFFAOYSA-N	Nc1nc2ccc(OC(F)(F)F)cc2s1	ok	Nc1nc2ccc(OC(F)(F)F)cc2s1	FTALBRSUTCGOEG-UHFFFAOYSA-N	C8H5F3N2OS
development	FTVWIRXFELQLPI-UHFFFAOYSA-N	O=C1CC(c2ccc(O)cc2)Oc2cc(O)cc(O)c21	ok	O=C1CC(c2ccc(O)cc2)Oc2cc(O)cc(O)c21	FTVWIRXFELQLPI-UHFFFAOYSA-N	C15H12O5
development	FUCYIEXQVQJBKY-UHFFFAOYSA-N	CC1=CC2C(=C(C)CCC2C(C)C)CC1	ok	CC1=CC2C(=C(C)CCC2C(C)C)CC1	FUCYIEXQVQJBKY-UHFFFAOYSA-N	C15H24
development	FUDSDSSVYNVBQF-UHFFFAOYSA-N	C=CC(C)(C)c1cc(O)c2oc3c(=CCC(C)C)c(=O)c(O)c(CCC(C)(C)O)c3c(O)c2c1=O	tautomer_MaxTransformsReached			C28H34O7
development	FUGYGGDSWSUORM-UHFFFAOYSA-N	C=Cc1ccc(O)cc1	ok	C=Cc1ccc(O)cc1	FUGYGGDSWSUORM-UHFFFAOYSA-N	C8H8O
development	FURUXTVZLHCCNA-UHFFFAOYSA-N	O=C1CC(c2ccc(O)cc2)Oc2cc(O)ccc21	ok	O=C1CC(c2ccc(O)cc2)Oc2cc(O)ccc21	FURUXTVZLHCCNA-UHFFFAOYSA-N	C15H12O4
development	FVCDMHWSPLRYAB-UHFFFAOYSA-N	C=CC1(C)CO1	ok	C=CC1(C)CO1	FVCDMHWSPLRYAB-UHFFFAOYSA-N	C5H8O
development	FVGJPCFYGPKBKJ-UHFFFAOYSA-N	CCCCCCCCCCCCOC(=O)CC	ok	CCCCCCCCCCCCOC(=O)CC	FVGJPCFYGPKBKJ-UHFFFAOYSA-N	C15H30O2
development	FVIKBDRIIKLJKM-UHFFFAOYSA-N	O=C(O)c1cc(CC=NC(Cc2ccc(O)cc2)C(=O)O)cc(C(O)O)n1	ok	O=C(O)c1cc(CC=NC(Cc2ccc(O)cc2)C(=O)O)cc(C(O)O)n1	FVIKBDRIIKLJKM-UHFFFAOYSA-N	C18H18N2O7
development	FVJJFMIANVFLIU-UHFFFAOYSA-N	CCCCCCCCCCCCCC=CC(O)C(COC1OC(CO)C(OC2OC(CO)C(OC3OC(CO)C(O)C(OC4OC(CO)C(O)C(O)C4O)C3CC(C)=O)C(OC3(C(=O)O)CC(O)C(NC(C)=O)C(C(O)C(CO)OC4(C(=O)O)CC(O)C(NC(C)=O)C(C(O)C(CO)OC5(C(=O)O)CC(O)C(NC(C)=O)C(C(O)C(O)CO)O5)O4)O3)C2O)C(O)C1O)NC(=O)CCCCCCCCCCC	ok	CCCCCCCCCCCCCC=CC(O)C(COC1OC(CO)C(OC2OC(CO)C(OC3OC(CO)C(O)C(OC4OC(CO)C(O)C(O)C4O)C3CC(C)=O)C(OC3(C(=O)O)CC(O)C(NC(C)=O)C(C(O)C(CO)OC4(C(=O)O)CC(O)C(NC(C)=O)C(C(O)C(CO)OC5(C(=O)O)CC(O)C(NC(C)=O)C(C(O)C(O)CO)O5)O4)O3)C2O)C(O)C1O)NC(=O)CCCCCCCCCCC	FVJJFMIANVFLIU-UHFFFAOYSA-N	C90H154N4O47
development	FVNFXIPJDHVJGE-UHFFFAOYSA-N	CC(C)=CCCC(C)=CCc1c(CCC(=O)c2ccc(O)cc2O)ccc(O)c1O	tautomer_MaxTransformsReached			C25H30O5
development	FWBPZAVSTQBRKT-UHFFFAOYSA-N	COc1cc(O)c2c(=O)c3cc(OC)ccc3oc2c1	ok	COc1cc(O)c2c(=O)c3cc(OC)ccc3oc2c1	FWBPZAVSTQBRKT-UHFFFAOYSA-N	C15H12O5
development	FWCGLHYHGUHPRY-UHFFFAOYSA-N	CC1(C)CCCC(C)(O)C1=O	ok	CC1(C)CCCC(C)(O)C1=O	FWCGLHYHGUHPRY-UHFFFAOYSA-N	C9H16O2
development	FWKXMJCJEOUXDE-UHFFFAOYSA-N	Oc1ccc2c(cc3ccc4cccc5ccc2c3c45)c1O	ok	Oc1ccc2c(cc3ccc4cccc5ccc2c3c45)c1O	FWKXMJCJEOUXDE-UHFFFAOYSA-N	C20H12O2
development	FWVIPKAFIXXKIW-UHFFFAOYSA-N	CC(=CCO)CCC=C(C)CCC=C(C)CCC=C(C)CCC=C(C)CCC=C(C)CCCC(C)CCCC(C)CCCC(C)C	ok	CC(=CCO)CCC=C(C)CCC=C(C)CCC=C(C)CCC=C(C)CCC=C(C)CCCC(C)CCCC(C)CCCC(C)C	FWVIPKAFIXXKIW-UHFFFAOYSA-N	C45H80O
development	FXKSIMKLXMWGEF-UHFFFAOYSA-N	c1ccc2c(c1)Sc1ccccc1N2CC12CCN(CC1)CC2	ok	c1ccc2c(c1)Sc1ccccc1N2CC12CCN(CC1)CC2	FXKSIMKLXMWGEF-UHFFFAOYSA-N	C20H22N2S
development	FYGDTMLNYKFZSV-UHFFFAOYSA-N	OCC1OC(OC2C(CO)OC(OC3C(CO)OC(O)C(O)C3O)C(O)C2O)C(O)C(O)C1O	ok	OCC1OC(OC2C(CO)OC(OC3C(CO)OC(O)C(O)C3O)C(O)C2O)C(O)C(O)C1O	FYGDTMLNYKFZSV-UHFFFAOYSA-N	C18H32O16
development	FYNCKDXBHPKIBS-UHFFFAOYSA-N	CC(C)=C1CCC2(C)CC(=O)CC(C)=C2C1	ok	CC(C)=C1CCC2(C)CC(=O)CC(C)=C2C1	FYNCKDXBHPKIBS-UHFFFAOYSA-N	C15H22O
development	FYYSIASRLDJUNP-UHFFFAOYSA-N	NC(CCC(=O)O)C(=O)NC(CC(=O)O)C(=O)O	ok	NC(CCC(=O)O)C(=O)NC(CC(=O)O)C(=O)O	FYYSIASRLDJUNP-UHFFFAOYSA-N	C9H14N2O7
development	FZERHIULMFGESH-UHFFFAOYSA-N	CC(=O)Nc1ccccc1	ok	CC(=O)Nc1ccccc1	FZERHIULMFGESH-UHFFFAOYSA-N	C8H9NO
development	FZLJBZZCTNZGFA-UHFFFAOYSA-N	CCCCCCCCC=CCCCCCCCCCCCCCC(=O)NC(COC1OC(CO)C(OC2OC(CO)C(OC3OC(CO)C(O)C(O)C3O)C(O)C2O)C(O)C1O)C(O)C=CCCCCCCCCCCCCC	ok	CCCCCCCCC=CCCCCCCCCCCCCCC(=O)NC(COC1OC(CO)C(OC2OC(CO)C(OC3OC(CO)C(O)C(O)C3O)C(O)C2O)C(O)C1O)C(O)C=CCCCCCCCCCCCCC	FZLJBZZCTNZGFA-UHFFFAOYSA-N	C60H111NO18
development	FZPKQSWYXWHIQL-UHFFFAOYSA-N	CCCCCCCCCCCCC(O)C1CCC(C2CCCC(C(O)CCCCCCCC(O)Cc3cc(C)oc3O)O2)O1	ok	CCCCCCCCCCCCC(O)C1CCC(C2CCCC(C(O)CCCCCCCC(O)Cc3cc(C)oc3O)O2)O1	FZPKQSWYXWHIQL-UHFFFAOYSA-N	C37H66O7
development	FZXAQGVGSAANBR-UHFFFAOYSA-N	CC1SC(c2cccnc2)N(C)C1=O	ok	CC1SC(c2cccnc2)N(C)C1=O	FZXAQGVGSAANBR-UHFFFAOYSA-N	C10H12N2OS
development	FZXISNSWEXTPMF-UHFFFAOYSA-N	CCNc1nc(Cl)nc(NC(C)(C)C)n1	ok	CCNc1nc(Cl)nc(NC(C)(C)C)n1	FZXISNSWEXTPMF-UHFFFAOYSA-N	C9H16ClN5
development	GBLRQXKSCRCLBZ-UHFFFAOYSA-N	COc1cc(CC2c3c(cc(OC)c(OC)c3OC)CC[N+]2(C)CCCOC(=O)CCC(=O)OCCC[N+]2(C)CCc3cc(OC)c(OC)c(OC)c3C2Cc2cc(OC)c(OC)c(OC)c2)cc(OC)c1OC	ok	COc1cc(CC2c3c(cc(OC)c(OC)c3OC)CC[N+]2(C)CCCOC(=O)CCC(=O)OCCC[N+]2(C)CCc3cc(OC)c(OC)c(OC)c3C2Cc2cc(OC)c(OC)c(OC)c2)cc(OC)c1OC	GBLRQXKSCRCLBZ-UHFFFAOYSA-N	C56H78N2O16+2
development	GCDSSEZWYHWNMC-UHFFFAOYSA-N	CC(C)c1cc2c(c(O)c1O)C13CCCC(C)(C)C1=C(C2)OC3=O	ok	CC(C)c1cc2c(c(O)c1O)C13CCCC(C)(C)C1=C(C2)OC3=O	GCDSSEZWYHWNMC-UHFFFAOYSA-N	C20H24O4
development	GCIKSSRWRFVXBI-UHFFFAOYSA-N	Cc1cc(Nc2cc(N3CCN(C)CC3)nc(Sc3ccc(NC(=O)C4CC4)cc3)n2)[nH]n1	ok	Cc1cc(Nc2cc(N3CCN(C)CC3)nc(Sc3ccc(NC(=O)C4CC4)cc3)n2)[nH]n1	GCIKSSRWRFVXBI-UHFFFAOYSA-N	C23H28N8OS
development	GCZRCCHPLVMMJE-UHFFFAOYSA-N	CCCCCC=CC=CC(O)CC=CCC=CCCCC(=O)O	ok	CCCCCC=CC=CC(O)CC=CCC=CCCCC(=O)O	GCZRCCHPLVMMJE-UHFFFAOYSA-N	C20H32O3
development	GDBJCCBRRCYCEG-UHFFFAOYSA-N	CCCCCCCCCCCCC#CCCCC(=O)O	ok	CCCCCCCCCCCCC#CCCCC(=O)O	GDBJCCBRRCYCEG-UHFFFAOYSA-N	C18H32O2
development	GDLIGKIOYRNHDA-UHFFFAOYSA-N	CN(C)CCCN1c2ccccc2CCc2ccc(Cl)cc21	ok	CN(C)CCCN1c2ccccc2CCc2ccc(Cl)cc21	GDLIGKIOYRNHDA-UHFFFAOYSA-N	C19H23ClN2
development	GEAIQETWXSVTMO-UHFFFAOYSA-N	NC(CSC(Cl)=C(Cl)C(Cl)=C(Cl)Cl)C(=O)O	ok	NC(CSC(Cl)=C(Cl)C(Cl)=C(Cl)Cl)C(=O)O	GEAIQETWXSVTMO-UHFFFAOYSA-N	C7H6Cl5NO2S
development	GEDRGVNPMIOGRX-UHFFFAOYSA-N	C=CCC(C)C(=O)OCCCCCC	ok	C=CCC(C)C(=O)OCCCCCC	GEDRGVNPMIOGRX-UHFFFAOYSA-N	C12H22O2
development	GELFSVXLSDZDHE-UHFFFAOYSA-N	CCCCCC(O)C=CC1OC1CC=CCC=CCCCC(=O)O	ok	CCCCCC(O)C=CC1OC1CC=CCC=CCCCC(=O)O	GELFSVXLSDZDHE-UHFFFAOYSA-N	C20H32O4
development	GEPUWRLCEOWUON-UHFFFAOYSA-N	CCCCCCCCC=CCCCCCCCC(=O)NC(COC1OC(CO)C(OC2OC(CO)C(OC3OC(CO)C(O)C(OC4OC(CO)C(O)C(OC5(C(=O)O)CC(O)C(NC(C)=O)C(C(O)C(O)CO)O5)C4O)C3CC(C)=O)C(OC3(C(=O)O)CC(O)C(NC(C)=O)C(C(O)C(CO)OC4(C(=O)O)CC(O)C(NC(C)=O)C(C(O)C(CO)OC5(C(=O)O)CC(O)C(NC(C)=O)C(C(O)C(O)CO)O5)O4)O3)C2O)C(O)C1O)C(O)C=CCCCCCCCCCCCCC	tautomer_MaxTransformsReached			C107H181N5O55
development	GFPJSSAOISEBQL-UHFFFAOYSA-N	CC(C=CC=C(C)C=CC1=C(C)CCCC1(C)C)=CC=CC=C(C)C=CC=C(C)C1C=C2C(C)(C)CCCC2(C)O1	ok	CC(C=CC=C(C)C=CC1=C(C)CCCC1(C)C)=CC=CC=C(C)C=CC=C(C)C1C=C2C(C)(C)CCCC2(C)O1	GFPJSSAOISEBQL-UHFFFAOYSA-N	C40H56O
development	GGAFPIBJPYCFGR-UHFFFAOYSA-N	COc1ccc2cc(C#N)c(=O)oc2c1	ok	COc1ccc2cc(C#N)c(=O)oc2c1	GGAFPIBJPYCFGR-UHFFFAOYSA-N	C11H7NO3
development	GGCLNOIGPMGLDB-UHFFFAOYSA-N	CC(C)CCCC(C)C1CCC2C3CC=C4CC(=O)CCC4(C)C3CCC12C	ok	CC(C)CCCC(C)C1CCC2C3CC=C4CC(=O)CCC4(C)C3CCC12C	GGCLNOIGPMGLDB-UHFFFAOYSA-N	C27H44O
development	GGCUJPCCTQNTJF-UHFFFAOYSA-N	CC(C=CC1=C(C)C(=O)CCC1(C)C)=CC=CC(C)=CC(=O)O	ok	CC(C=CC1=C(C)C(=O)CCC1(C)C)=CC=CC(C)=CC(=O)O	GGCUJPCCTQNTJF-UHFFFAOYSA-N	C20H26O3
development	GHCVBVCIPFPICQ-UHFFFAOYSA-N	CC1=CC2OC(=O)C(C)C2CCC(C(=O)OC2C(O)C(O)OC(CO)C2O)=CCC1	ok	CC1=CC2OC(=O)C(C)C2CCC(C(=O)OC2C(O)C(O)OC(CO)C2O)=CCC1	GHCVBVCIPFPICQ-UHFFFAOYSA-N	C21H30O9
development	GIIZNNXWQWCKIB-UHFFFAOYSA-N	OCc1cc(C(O)CNCCCCCCOCCCCc2ccccc2)ccc1O	ok	OCc1cc(C(O)CNCCCCCCOCCCCc2ccccc2)ccc1O	GIIZNNXWQWCKIB-UHFFFAOYSA-N	C25H37NO4
development	GIQXKAXWRLHLDD-UHFFFAOYSA-N	CC(CCC(=O)O)C1CCC2C3CCC4CC(OC5OC(C(=O)O)C(O)C(O)C5O)CCC4(C)C3CCC12C	ok	CC(CCC(=O)O)C1CCC2C3CCC4CC(OC5OC(C(=O)O)C(O)C(O)C5O)CCC4(C)C3CCC12C	GIQXKAXWRLHLDD-UHFFFAOYSA-N	C30H48O9
development	GJFCONYVAUNLKB-UHFFFAOYSA-N	CC1CC2C3CC=C4CC(=O)C=CC4(C)C3(F)C(O)CC2(C)C1(O)C(=O)CO	ok	CC1CC2C3CC=C4CC(=O)C=CC4(C)C3(F)C(O)CC2(C)C1(O)C(=O)CO	GJFCONYVAUNLKB-UHFFFAOYSA-N	C22H29FO5
development	GJMPSRSMBJLKKB-UHFFFAOYSA-N	Cc1cccc(CC(=O)O)c1	ok	Cc1cccc(CC(=O)O)c1	GJMPSRSMBJLKKB-UHFFFAOYSA-N	C9H10O2
development	GJPICJJJRGTNOD-UHFFFAOYSA-N	COc1ccccc1Oc1c(NS(=O)(=O)c2ccc(C(C)(C)C)cc2)nc(-c2ncccn2)nc1OCCO	ok	COc1ccccc1Oc1c(NS(=O)(=O)c2ccc(C(C)(C)C)cc2)nc(-c2ncccn2)nc1OCCO	GJPICJJJRGTNOD-UHFFFAOYSA-N	C27H29N5O6S
development	GJQIMXVRFNLMTB-UHFFFAOYSA-N	CCCCCCCCCOC(C)=O	ok	CCCCCCCCCOC(C)=O	GJQIMXVRFNLMTB-UHFFFAOYSA-N	C11H22O2
development	GJSLOMWRLALDCT-UHFFFAOYSA-N	CN(C)Cc1nnc2n1-c1ccc(Cl)cc1C(c1ccccc1)=NC2	ok	CN(C)Cc1nnc2n1-c1ccc(Cl)cc1C(c1ccccc1)=NC2	GJSLOMWRLALDCT-UHFFFAOYSA-N	C19H18ClN5
development	GJZJZRWFRZFTEE-UHFFFAOYSA-N	CCC=CCC1C(CC(=O)O)CCC1OC1OC(CO)C(O)C(O)C1O	ok	CCC=CCC1C(CC(=O)O)CCC1OC1OC(CO)C(O)C(O)C1O	GJZJZRWFRZFTEE-UHFFFAOYSA-N	C18H30O8
development	GKCJNDMDSMOLIN-UHFFFAOYSA-N	COCC1(O)C2CC3(C(=O)C(O)O2)C(C)CCC3(O)C12COC2=O	ok	COCC1(O)C2CC3(C(C)CCC3(O)C13COC3=O)C(O)C(=O)O2	LXPKORXZVZPYLY-UHFFFAOYSA-N	C16H22O8
development	GKGKOBNJESCNOE-UHFFFAOYSA-N	CC1CCC2(OC1)OC1CC3C4C(CCC3(C)C1C2C)C1(C)CCC(O)CC1(O)C4C=O	ok	CC1CCC2(OC1)OC1CC3C4C(CCC3(C)C1C2C)C1(C)CCC(O)CC1(O)C4C=O	GKGKOBNJESCNOE-UHFFFAOYSA-N	C27H42O5
development	GKJMLOMZBLJNRX-UHFFFAOYSA-N	CCC(C=CC(C)C1CCC2C3=CCC4CC(OC5OC(CO)C(O)C(O)C5OC5OC(CO)C(O)C(O)C5OC5OC(CO)C(O)C(O)C5O)CCC4(C)C3CCC21C)C(C)C	ok	CCC(C=CC(C)C1CCC2C3=CCC4CC(OC5OC(CO)C(O)C(O)C5OC5OC(CO)C(O)C(O)C5OC5OC(CO)C(O)C(O)C5O)CCC4(C)C3CCC21C)C(C)C	GKJMLOMZBLJNRX-UHFFFAOYSA-N	C47H78O16
development	GKNDIYRVXVKUNM-UHFFFAOYSA-N	CCc1c(C)cn(C(=O)NCCc2ccc(S(=O)(=O)NC(=O)NC3CCC(C)CC3)cc2)c1O	ok	CCc1c(C)cn(C(=O)NCCc2ccc(S(=O)(=O)NC(=O)NC3CCC(C)CC3)cc2)c1O	GKNDIYRVXVKUNM-UHFFFAOYSA-N	C24H34N4O5S
development	GKTWGGQPFAXNFI-UHFFFAOYSA-N	COC(=O)C(c1ccccc1Cl)N1CCc2sccc2C1	ok	COC(=O)C(c1ccccc1Cl)N1CCc2sccc2C1	GKTWGGQPFAXNFI-UHFFFAOYSA-N	C16H16ClNO2S
development	GKWPCEFFIHSJOE-UHFFFAOYSA-N	CCN(C(=O)c1c(O)c2c(Cl)cccc2n(C)c1=O)c1ccccc1	ok	CCN(C(=O)c1c(O)c2c(Cl)cccc2n(C)c1=O)c1ccccc1	GKWPCEFFIHSJOE-UHFFFAOYSA-N	C19H17ClN2O3
development	GLBJJMFZWDBELO-UHFFFAOYSA-N	COc1ccc(-c2nc3cc(C4=NNC(=O)CC4C)ccc3[nH]2)cc1	ok	COc1ccc(-c2nc3cc(C4=NNC(=O)CC4C)ccc3[nH]2)cc1	GLBJJMFZWDBELO-UHFFFAOYSA-N	C19H18N4O2
development	GLYPHOJMMLQNJQ-UHFFFAOYSA-N	CC(CCC(=O)NCC(=O)O)C1CCC2C3C(OS(=O)(=O)O)CC4CC(O)CCC4(C)C3CCC12C	ok	CC(CCC(=O)NCC(=O)O)C1CCC2C3C(OS(=O)(=O)O)CC4CC(O)CCC4(C)C3CCC12C	GLYPHOJMMLQNJQ-UHFFFAOYSA-N	C26H43NO8S
development	GMBQZIIUCVWOCD-UHFFFAOYSA-N	CC1CCC2(OC1)OC1CC3C4CCC5CC(O)CCC5(C)C4CCC3(C)C1C2C	ok	CC1CCC2(OC1)OC1CC3C4CCC5CC(O)CCC5(C)C4CCC3(C)C1C2C	GMBQZIIUCVWOCD-UHFFFAOYSA-N	C27H44O3
development	GMCGZPQYTRHQRU-UHFFFAOYSA-N	CC(CCC1(O)OC2CC3C4CC=C5CC(OC6OC(CO)C(O)C(OC7OC(CO)C(O)C(O)C7O)C6OC6OC(C)C(O)C(O)C6O)CCC5(C)C4CCC3(C)C2C1C)COC1OC(CO)C(O)C(O)C1O	ok	CC(CCC1(O)OC2CC3C4CC=C5CC(OC6OC(CO)C(O)C(OC7OC(CO)C(O)C(O)C7O)C6OC6OC(C)C(O)C(O)C6O)CCC5(C)C4CCC3(C)C2C1C)COC1OC(CO)C(O)C(O)C1O	GMCGZPQYTRHQRU-UHFFFAOYSA-N	C51H84O23
development	GMHKMTDVRCWUDX-UHFFFAOYSA-N	CCC1(c2ccccc2)NC(=O)N(C)C1=O	ok	CCC1(c2ccccc2)NC(=O)N(C)C1=O	GMHKMTDVRCWUDX-UHFFFAOYSA-N	C12H14N2O2
development	GMROZDPZEUVIGD-UHFFFAOYSA-N	C=c1[nH]c(=Cc2c(O)[nH]c3ccccc23)c(C)c1CCC(=O)O	ok	C=c1[nH]c(=Cc2c(O)[nH]c3ccccc23)c(C)c1CCC(=O)O	GMROZDPZEUVIGD-UHFFFAOYSA-N	C18H18N2O3
development	GNKXHPULSPWUAK-UHFFFAOYSA-N	Cc1ncc(C=O)c(CO)c1O	ok	Cc1ncc(C=O)c(CO)c1O	GNKXHPULSPWUAK-UHFFFAOYSA-N	C8H9NO3
development	GNOIPBMMFNIUFM-UHFFFAOYSA-N	CN(C)P(=O)(N(C)C)N(C)C	ok	CN(C)P(=O)(N(C)C)N(C)C	GNOIPBMMFNIUFM-UHFFFAOYSA-N	C6H18N3OP
development	GNXVPSYTTPBCTM-UHFFFAOYSA-N	CCC(=O)OC1CC(=O)OC(C)CC=CC=CC(O)C(C)CC(CC=O)C(OC2OC(C)C(OC3CC(C)(O)C(O)C(C)O3)C(N(C)C)C2O)C1OC	ok	CCC(=O)OC1CC(=O)OC(C)CC=CC=CC(O)C(C)CC(CC=O)C(OC2OC(C)C(OC3CC(C)(O)C(O)C(C)O3)C(N(C)C)C2O)C1OC	GNXVPSYTTPBCTM-UHFFFAOYSA-N	C38H63NO14
development	GOHBXWHNJHENRX-UHFFFAOYSA-N	Cc1cc2ccccc2c2ccc3ccccc3c12	ok	Cc1cc2ccccc2c2ccc3ccccc3c12	GOHBXWHNJHENRX-UHFFFAOYSA-N	C19H14
development	GPKJTRJOBQGKQK-UHFFFAOYSA-N	CCN(CC)CCCC(C)Nc1c2ccc(Cl)cc2nc2ccc(OC)cc12	ok	CCN(CC)CCCC(C)Nc1c2ccc(Cl)cc2nc2ccc(OC)cc12	GPKJTRJOBQGKQK-UHFFFAOYSA-N	C23H30ClN3O
development	GPQVVJQEBXAKBJ-UHFFFAOYSA-N	CCC1OC1CC=CCC=CCC=CCC=CCCCC(=O)O	ok	CCC1OC1CC=CCC=CCC=CCC=CCCCC(=O)O	GPQVVJQEBXAKBJ-UHFFFAOYSA-N	C20H30O3
development	GQNZGCARKRHPOH-UHFFFAOYSA-N	CCC(=O)OC1CC(=O)OC(C)CC=CC=CC(OC(C)=O)C(C)CC(CC=O)C(OC2OC(C)C(OC3CC(C)(OC(C)=O)C(OC(=O)CC)C(C)O3)C(N(C)C)C2O)C1OC	ok	CCC(=O)OC1CC(=O)OC(C)CC=CC=CC(OC(C)=O)C(C)CC(CC=O)C(OC2OC(C)C(OC3CC(C)(OC(C)=O)C(OC(=O)CC)C(C)O3)C(N(C)C)C2O)C1OC	GQNZGCARKRHPOH-UHFFFAOYSA-N	C45H71NO17
development	GRKWIGXXRSEQLZ-UHFFFAOYSA-N	C#CC1(O)CCC2C3CC=C4CC(=O)CCC4C3C(CC)CC21C	ok	C#CC1(O)CCC2C3CC=C4CC(=O)CCC4C3C(CC)CC21C	GRKWIGXXRSEQLZ-UHFFFAOYSA-N	C22H30O2
development	GRPDKIJVLYPUGU-UHFFFAOYSA-N	CCCCCCCCCCCCC(O)C1CCC(C(O)CCCC(O)C(O)CCCCCC2CC(CC(C)=O)C(=O)O2)O1	ok	CCCCCCCCCCCCC(O)C1CCC(C(O)CCCC(O)C(O)CCCCCC2CC(CC(C)=O)C(=O)O2)O1	GRPDKIJVLYPUGU-UHFFFAOYSA-N	C35H64O8
development	GRYMYKQGSSTJBA-UHFFFAOYSA-N	COc1cc(C2OCC(Cc3ccc4c(c3)OCO4)C2CO)ccc1O	ok	COc1cc(C2OCC(Cc3ccc4c(c3)OCO4)C2CO)ccc1O	GRYMYKQGSSTJBA-UHFFFAOYSA-N	C20H22O6
development	GSIREHLZHMQJNR-UHFFFAOYSA-N	COc1cc(C=CC(=O)OCC2(O)COC(OC3C(Oc4ccc(C5CC(=O)c6ccc(O)cc6O5)cc4)OC(CO)C(O)C3O)C2O)ccc1O	ok	COc1cc(C=CC(=O)OCC2(O)COC(OC3C(Oc4ccc(C5CC(=O)c6ccc(O)cc6O5)cc4)OC(CO)C(O)C3O)C2O)ccc1O	GSIREHLZHMQJNR-UHFFFAOYSA-N	C36H38O16
development	GUGOEEXESWIERI-UHFFFAOYSA-N	CC(C)(C)c1ccc(C(O)CCCN2CCC(C(O)(c3ccccc3)c3ccccc3)CC2)cc1	ok	CC(C)(C)c1ccc(C(O)CCCN2CCC(C(O)(c3ccccc3)c3ccccc3)CC2)cc1	GUGOEEXESWIERI-UHFFFAOYSA-N	C32H41NO2
development	GUGSXATYPSGVAY-UHFFFAOYSA-N	CC12CCC(O)CC1=CCC1C2CCC2(C)C(O)C(O)CC12	ok	CC12CCC(O)CC1=CCC1C2CCC2(C)C(O)C(O)CC12	GUGSXATYPSGVAY-UHFFFAOYSA-N	C19H30O3
development	GVQOVMKBYJKZSY-UHFFFAOYSA-N	CC(C)=CCc1c(O)c(CC=C(C)C)c2oc3c(O)cccc3c(=O)c2c1O	ok	CC(C)=CCc1c(O)c(CC=C(C)C)c2oc3c(O)cccc3c(=O)c2c1O	GVQOVMKBYJKZSY-UHFFFAOYSA-N	C23H24O5
development	GWFGPUOJJHYUTD-UHFFFAOYSA-N	CC(C)NCCCOc1cccc2ccccc12	ok	CC(C)NCCCOc1cccc2ccccc12	GWFGPUOJJHYUTD-UHFFFAOYSA-N	C16H21NO
development	GWKLHNVFRBYLTN-UHFFFAOYSA-N	CC(C)(C=O)NC(=O)C1CCC2C3CCC4NC(=O)C=CC4(C)C3CCC12C	ok	CC(C)(C=O)NC(=O)C1CCC2C3CCC4NC(=O)C=CC4(C)C3CCC12C	GWKLHNVFRBYLTN-UHFFFAOYSA-N	C23H34N2O3
development	GWMGUFTYUOYYQV-UHFFFAOYSA-N	CNCc1cc(=O)oc2cc(OC)ccc12	ok	CNCc1cc(=O)oc2cc(OC)ccc12	GWMGUFTYUOYYQV-UHFFFAOYSA-N	C12H13NO3
development	GWNHAOBXDGOXRR-UHFFFAOYSA-N	Nc1ncnc2c1ncn2CCOCP1(=O)OCCC(c2cccc(Cl)c2)O1	ok	Nc1ncnc2c1ncn2CCOCP1(=O)OCCC(c2cccc(Cl)c2)O1	GWNHAOBXDGOXRR-UHFFFAOYSA-N	C17H19ClN5O4P
development	GWONURZMUVCQJN-UHFFFAOYSA-N	CCCCCCCCCCCCCCCCCC(=O)CC(O)CCCCC	ok	CCCCCCCCCCCCCCCCCC(=O)CC(O)CCCCC	GWONURZMUVCQJN-UHFFFAOYSA-N	C25H50O2
development	GWYOVZVXBRVBBE-UHFFFAOYSA-N	N#CCCCC1CS1	ok	N#CCCCC1CS1	GWYOVZVXBRVBBE-UHFFFAOYSA-N	C6H9NS
development	GXBYFVGCMPJVJX-UHFFFAOYSA-N	C=CC1CO1	ok	C=CC1CO1	GXBYFVGCMPJVJX-UHFFFAOYSA-N	C4H6O
development	GXDALQBWZGODGZ-UHFFFAOYSA-N	COc1ccc(CCN2CCC(Nc3nc4ccccc4n3Cc3ccc(F)cc3)CC2)cc1	ok	COc1ccc(CCN2CCC(Nc3nc4ccccc4n3Cc3ccc(F)cc3)CC2)cc1	GXDALQBWZGODGZ-UHFFFAOYSA-N	C28H31FN4O
development	GXJABQQUPOEUTA-UHFFFAOYSA-N	CC(C)CC(NC(=O)C(Cc1ccccc1)NC(=O)c1cnccn1)B(O)O	ok	CC(C)CC(NC(=O)C(Cc1ccccc1)NC(=O)c1cnccn1)B(O)O	GXJABQQUPOEUTA-UHFFFAOYSA-N	C19H25BN4O4
development	GXMJXGUEPXEOGR-UHFFFAOYSA-N	CC1CCC2CC3(OC2(C)C)C(C)CCC13	ok	CC1CCC2CC3(OC2(C)C)C(C)CCC13	GXMJXGUEPXEOGR-UHFFFAOYSA-N	C15H26O
development	GXXQKJQWMVPECM-UHFFFAOYSA-N	CCCCCC(=O)C=CC1CCC(=O)C1CCCCCCC(=O)O	ok	CCCCCC(=O)C=CC1CCC(=O)C1CCCCCCC(=O)O	GXXQKJQWMVPECM-UHFFFAOYSA-N	C20H32O4
development	GYALTOSSVLCVLA-UHFFFAOYSA-N	C=C1C2CCC3C4(C(=O)O)CCCC(C)(C(=O)O)C4C(C(=O)O)C3(C2)C1O	ok	C=C1C2CCC3C4(C(=O)O)CCCC(C)(C(=O)O)C4C(C(=O)O)C3(C2)C1O	GYALTOSSVLCVLA-UHFFFAOYSA-N	C20H26O7
development	GYDPOKGOQFTYGW-UHFFFAOYSA-N	CC(C)=CCS	ok	CC(C)=CCS	GYDPOKGOQFTYGW-UHFFFAOYSA-N	C5H10S
development	GYNWSIBKBBWJJW-UHFFFAOYSA-N	CC12CCC3C(CCC4CC(OC5OC(C(=O)O)C(O)C(O)C5O)CCC43C)C1CCC2O	ok	CC12CCC3C(CCC4CC(OC5OC(C(=O)O)C(O)C(O)C5O)CCC43C)C1CCC2O	GYNWSIBKBBWJJW-UHFFFAOYSA-N	C25H40O8
development	GZDFOOAFMQSYOV-UHFFFAOYSA-N	Cc1nc2c(=O)n(C)c(=O)n(CC3CCCCC3)c2[nH]1	ok	Cc1nc2c(=O)n(C)c(=O)n(CC3CCCCC3)c2[nH]1	GZDFOOAFMQSYOV-UHFFFAOYSA-N	C14H20N4O2
development	GZKLJWGUPQBVJQ-UHFFFAOYSA-N	O=C1NCCN1CCN1CCC(c2cn(-c3ccc(F)cc3)c3ccc(Cl)cc23)CC1	ok	O=C1NCCN1CCN1CCC(c2cn(-c3ccc(F)cc3)c3ccc(Cl)cc23)CC1	GZKLJWGUPQBVJQ-UHFFFAOYSA-N	C24H26ClFN4O
development	GZLMBIJQZKTHPV-UHFFFAOYSA-N	CCCCCCCCCCCCCCCCCCCCCCCCCC(=O)NC(COC1OC(CO)C(OC2OC(CO)C(OC3OC(CO)C(O)C(OC4OC(CO)C(O)C(O)C4O)C3CC(C)=O)C(OC3(C(=O)O)CC(O)C(NC(C)=O)C(C(O)C(CO)OC4(C(=O)O)CC(O)C(NC(C)=O)C(C(O)C(CO)OC5(C(=O)O)CC(O)C(NC(C)=O)C(C(O)C(O)CO)O5)O4)O3)C2O)C(O)C1O)C(O)CCCCCCCCCCCCCCC	ok	CCCCCCCCCCCCCCCCCCCCCCCCCC(=O)NC(COC1OC(CO)C(OC2OC(CO)C(OC3OC(CO)C(O)C(OC4OC(CO)C(O)C(O)C4O)C3CC(C)=O)C(OC3(C(=O)O)CC(O)C(NC(C)=O)C(C(O)C(CO)OC4(C(=O)O)CC(O)C(NC(C)=O)C(C(O)C(CO)OC5(C(=O)O)CC(O)C(NC(C)=O)C(C(O)C(O)CO)O5)O4)O3)C2O)C(O)C1O)C(O)CCCCCCCCCCCCCCC	GZLMBIJQZKTHPV-UHFFFAOYSA-N	C104H184N4O47
development	GZUITABIAKMVPG-UHFFFAOYSA-N	O=C(c1ccc(OCCN2CCCCC2)cc1)c1c(-c2ccc(O)cc2)sc2cc(O)ccc12	ok	O=C(c1ccc(OCCN2CCCCC2)cc1)c1c(-c2ccc(O)cc2)sc2cc(O)ccc12	GZUITABIAKMVPG-UHFFFAOYSA-N	C28H27NO4S
development	GZVBVBMMNFIXGE-UHFFFAOYSA-N	CCCN1CCCC(c2cccc(S(C)(=O)=O)c2)C1	ok	CCCN1CCCC(c2cccc(S(C)(=O)=O)c2)C1	GZVBVBMMNFIXGE-UHFFFAOYSA-N	C15H23NO2S
development	GZXHBOYNBUVMSN-UHFFFAOYSA-N	CC(C)=CC1CC(C)(O)C2C3CCC4C5(C)CCC(OC6OCC(O)C(OC7OC(COC8OC(CO)C(O)C(O)C8O)C(O)C(O)C7OC7OC(CO)C(O)C(O)C7O)C6OC6OC(C)C(O)C(O)C6O)C(C)(C)C5CCC4(C)C34COC2(C4)O1	ok	CC(C)=CC1CC(C)(O)C2C3CCC4C5(C)CCC(OC6OCC(O)C(OC7OC(COC8OC(CO)C(O)C(O)C8O)C(O)C(O)C7OC7OC(CO)C(O)C(O)C7O)C6OC6OC(C)C(O)C(O)C6O)C(C)(C)C5CCC4(C)C34COC2(C4)O1	GZXHBOYNBUVMSN-UHFFFAOYSA-N	C59H96O27
development	HAFVWTUQBYRPOB-UHFFFAOYSA-N	CC12CCC(O)CC1=CCC1C2C(O)CC2(C)C1CCC2(O)C(=O)CO	ok	CC12CCC(O)CC1=CCC1C2C(O)CC2(C)C1CCC2(O)C(=O)CO	HAFVWTUQBYRPOB-UHFFFAOYSA-N	C21H32O5
development	HAGXFSMJELVHFJ-UHFFFAOYSA-N	CCCCC=CCC(=O)OC	ok	CCCCC=CCC(=O)OC	HAGXFSMJELVHFJ-UHFFFAOYSA-N	C9H16O2
development	HAPOVYFOVVWLRS-UHFFFAOYSA-N	CCC1(C)CC(=O)NC1=O	ok	CCC1(C)CC(=O)NC1=O	HAPOVYFOVVWLRS-UHFFFAOYSA-N	C7H11NO2
development	HAQDEJPEAKWAAM-UHFFFAOYSA-N	CCOC(=O)C1=C(C)N=C(C)C(C(=O)OC)C1c1cccc(Cl)c1Cl	ok	CCOC(=O)C1=C(C)N=C(C)C(C(=O)OC)C1c1cccc(Cl)c1Cl	HAQDEJPEAKWAAM-UHFFFAOYSA-N	C18H19Cl2NO4
development	HASDUOHKNMHNJA-UHFFFAOYSA-N	N#CC1(OC2OC(CO)C(O)C(O)C2O)C=CC(O)C1O	ok	N#CC1(OC2OC(CO)C(O)C(O)C2O)C=CC(O)C1O	HASDUOHKNMHNJA-UHFFFAOYSA-N	C12H17NO8
development	HAZHUELNIGDYQH-UHFFFAOYSA-N	COc1ccc2c(C(F)(F)F)cc(=O)oc2c1	ok	COc1ccc2c(C(F)(F)F)cc(=O)oc2c1	HAZHUELNIGDYQH-UHFFFAOYSA-N	C11H7F3O3
development	HBJXRRXWHSHZPU-UHFFFAOYSA-N	CCC=CCC=CCC=CCCCCCCCC(=O)NCCO	ok	CCC=CCC=CCC=CCCCCCCCC(=O)NCCO	HBJXRRXWHSHZPU-UHFFFAOYSA-N	C20H35NO2
development	HCAJEUSONLESMK-UHFFFAOYSA-N	O=S(=O)(O)NC1CCCCC1	ok	O=S(=O)(O)NC1CCCCC1	HCAJEUSONLESMK-UHFFFAOYSA-N	C6H13NO3S
development	HCDLRJUFVJOBJP-UHFFFAOYSA-N	CCCCCCCCCCCCCCCCCCCCCCCCC(=O)NC(CO)C(O)CCCCCCCCCCCCCCC	ok	CCCCCCCCCCCCCCCCCCCCCCCCC(=O)NC(CO)C(O)CCCCCCCCCCCCCCC	HCDLRJUFVJOBJP-UHFFFAOYSA-N	C43H87NO3
development	HCYAFALTSJYZDH-UHFFFAOYSA-N	CNCCCN1c2ccccc2CCc2ccccc21	ok	CNCCCN1c2ccccc2CCc2ccccc21	HCYAFALTSJYZDH-UHFFFAOYSA-N	C18H22N2
development	HDOZVRUNCMBHFH-UHFFFAOYSA-N	CN(C)CCOC1=Cc2ccccc2Sc2ccc(Cl)cc21	ok	CN(C)CCOC1=Cc2ccccc2Sc2ccc(Cl)cc21	HDOZVRUNCMBHFH-UHFFFAOYSA-N	C18H18ClNOS
development	HEBKCHPVOIAQTA-UHFFFAOYSA-N	OCC(O)C(O)C(O)CO	ok	OCC(O)C(O)C(O)CO	HEBKCHPVOIAQTA-UHFFFAOYSA-N	C5H12O5
development	HEFNNWSXXWATRW-UHFFFAOYSA-N	CC(C)Cc1ccc(C(C)C(=O)O)cc1	ok	CC(C)Cc1ccc(C(C)C(=O)O)cc1	HEFNNWSXXWATRW-UHFFFAOYSA-N	C13H18O2
development	HELXLJCILKEWJH-UHFFFAOYSA-N	C=C1CC23CCC4C(C)(C(=O)OC5OC(CO)C(O)C(O)C5O)CCCC4(C)C2CCC1(OC1OC(CO)C(O)C(OC2OC(CO)C(O)C(O)C2O)C1OC1OC(CO)C(O)C(O)C1O)C3	ok	C=C1CC23CCC4C(C)(C(=O)OC5OC(CO)C(O)C(O)C5O)CCCC4(C)C2CCC1(OC1OC(CO)C(O)C(OC2OC(CO)C(O)C(O)C2O)C1OC1OC(CO)C(O)C(O)C1O)C3	HELXLJCILKEWJH-UHFFFAOYSA-N	C44H70O23
development	HEQOJEGTZCTHCF-UHFFFAOYSA-N	NCC(=O)c1ccccc1	ok	NCC(=O)c1ccccc1	HEQOJEGTZCTHCF-UHFFFAOYSA-N	C8H9NO
development	HEURTYMJWQPWNN-UHFFFAOYSA-N	COC1=CC(=O)OC(CCc2ccc(OC)c(OC)c2)C1	ok	COC1=CC(=O)OC(CCc2ccc(OC)c(OC)c2)C1	HEURTYMJWQPWNN-UHFFFAOYSA-N	C16H20O5
development	HEZVPSGPLFBHPM-UHFFFAOYSA-N	CC=C(C)C(=O)OC1CC(C)(C)CC2C3=CCC4C5(C)CCC(OC6OC(C(=O)O)C(OC7OCC(O)C(O)C7OC7OC(CO)C(O)C(O)C7O)C(O)C6OC6OC(CO)C(O)C(O)C6O)C(C)(C)C5CCC4(C)C3(C)CC(O)C12CO	ok	CC=C(C)C(=O)OC1CC(C)(C)CC2C3=CCC4C5(C)CCC(OC6OC(C(=O)O)C(OC7OCC(O)C(O)C7OC7OC(CO)C(O)C(O)C7O)C(O)C6OC6OC(CO)C(O)C(O)C6O)C(C)(C)C5CCC4(C)C3(C)CC(O)C12CO	HEZVPSGPLFBHPM-UHFFFAOYSA-N	C58H92O25
development	HGBOYTHUEUWSSQ-UHFFFAOYSA-N	CCCCC=O	ok	CCCCC=O	HGBOYTHUEUWSSQ-UHFFFAOYSA-N	C5H10O
development	HGCIXCUEYOPUTN-UHFFFAOYSA-N	C1=CCCCC1	ok	C1=CCCCC1	HGCIXCUEYOPUTN-UHFFFAOYSA-N	C6H10
development	HGFOOLONGOBCMP-UHFFFAOYSA-N	COc1ccc(C(CC(=O)O)N2CCN(CCCc3ccc4c(n3)NCCC4)C2=O)cn1	ok	COc1ccc(C(CC(=O)O)N2CCN(CCCc3ccc4c(n3)NCCC4)C2=O)cn1	HGFOOLONGOBCMP-UHFFFAOYSA-N	C23H29N5O4
development	HGNHQSKMZKBHFD-UHFFFAOYSA-N	CCCCCC(=O)CCC1C(=O)CC(=O)C1CC=CCCCC(=O)O	ok	CCCCCC(=O)CCC1C(=O)CC(=O)C1CC=CCCCC(=O)O	HGNHQSKMZKBHFD-UHFFFAOYSA-N	C20H30O5
development	HHJTWTPUPVQKNA-UHFFFAOYSA-N	CCCCCCCCCCCCCC=CC(O)C(N)COC1OC(CO)C(O)C(O)C1O	ok	CCCCCCCCCCCCCC=CC(O)C(N)COC1OC(CO)C(O)C(O)C1O	HHJTWTPUPVQKNA-UHFFFAOYSA-N	C24H47NO7
development	HHTDENYTSCXDFO-UHFFFAOYSA-N	O=S(=O)(CCc1ccc2[nH]cc(CC3CCCN3)c2c1)c1ccccc1	ok	O=S(=O)(CCc1ccc2[nH]cc(CC3CCCN3)c2c1)c1ccccc1	HHTDENYTSCXDFO-UHFFFAOYSA-N	C21H24N2O2S
development	HIIZAGQWABAMRR-UHFFFAOYSA-N	CC(C)C(C(=O)O)C(=O)C(=O)O	ok	CC(C)C(C(=O)O)C(=O)C(=O)O	HIIZAGQWABAMRR-UHFFFAOYSA-N	C7H10O5
development	HITOYGLMAFIRNI-UHFFFAOYSA-N	CCCCCCC=CCCCCCCCCCC(=O)OC(CCC(=O)[O-])[N+](C)(C)C	ok	CCCCCCC=CCCCCCCCCCC(=O)OC(CCC(=O)[O-])[N+](C)(C)C	HITOYGLMAFIRNI-UHFFFAOYSA-N	C25H47NO4
development	HIVURPVQOPPNFN-UHFFFAOYSA-N	CC(=O)OC1C(C)OC(Oc2c(-c3cc(O)c(O)c(O)c3)oc3cc(O)cc(O)c3c2=O)C(O)C1OC(C)=O	tautomer_MaxTransformsReached			C25H24O14
development	HJQFQTJAYYPCLS-UHFFFAOYSA-N	CCC(=O)C1CC(C)C2(CC(=O)C3(C)C4=C(CCC32C)C2(C)CCC(O)C(C)(CO)C2CC4)O1	ok	CCC(=O)C1CC(C)C2(CC(=O)C3(C)C4=C(CCC32C)C2(C)CCC(O)C(C)(CO)C2CC4)O1	HJQFQTJAYYPCLS-UHFFFAOYSA-N	C29H44O5
development	HKGIBDSDBMXMPQ-UHFFFAOYSA-N	CCCC1OC2CC3C4CC(F)=C5CC(=O)CCC5(C)C4(F)C(O)CC3(C)C2(SC)O1	ok	CCCC1OC2CC3C4CC(F)=C5CC(=O)CCC5(C)C4(F)C(O)CC3(C)C2(SC)O1	HKGIBDSDBMXMPQ-UHFFFAOYSA-N	C24H34F2O4S
development	HKODIGSRFALUTA-UHFFFAOYSA-N	CC=C1CC(C)C(C)(O)C(=O)OCC2=CCN3CCC(OC1=O)C23	ok	CC=C1CC(C)C(C)(O)C(=O)OCC2=CCN3CCC(OC1=O)C23	HKODIGSRFALUTA-UHFFFAOYSA-N	C18H25NO5
development	HKPHPIREJKHECO-UHFFFAOYSA-N	CCCCOCN(C(=O)CCl)c1c(CC)cccc1CC	ok	CCCCOCN(C(=O)CCl)c1c(CC)cccc1CC	HKPHPIREJKHECO-UHFFFAOYSA-N	C17H26ClNO2
development	HKQYGTCOTHHOMP-UHFFFAOYSA-N	COc1ccc(-c2coc3cc(O)ccc3c2=O)cc1	ok	COc1ccc(-c2coc3cc(O)ccc3c2=O)cc1	HKQYGTCOTHHOMP-UHFFFAOYSA-N	C16H12O4
development	HKSDVVJONLXYKL-UHFFFAOYSA-N	CCC1OC1CC=CCC=CCCCCCCCC(=O)O	ok	CCC1OC1CC=CCC=CCCCCCCCC(=O)O	HKSDVVJONLXYKL-UHFFFAOYSA-N	C18H30O3
development	HKXBNHCUPKIYDM-UHFFFAOYSA-N	C=C1C(=CC=C2CCCC3(C)C2CCC3C(C)C=CC(C)C(C)C)CC(O)CC1O	ok	C=C1C(=CC=C2CCCC3(C)C2CCC3C(C)C=CC(C)C(C)C)CC(O)CC1O	HKXBNHCUPKIYDM-UHFFFAOYSA-N	C28H44O2
development	HKZLBRDLYJTOGY-UHFFFAOYSA-N	CC1OC(OC2CC(C)(C)CC3C4=CCC5C6(C)CCC(OC7OC(C(=O)O)C(O)C(O)C7OC7OCC(O)C(O)C7OC7OC(CO)C(O)C(O)C7O)C(C)(CO)C6CCC5(C)C4(C)CCC23C)CC(=O)C1=O	ok	CC1OC(OC2CC(C)(C)CC3C4=CCC5C6(C)CCC(OC7OC(C(=O)O)C(O)C(O)C7OC7OCC(O)C(O)C7OC7OC(CO)C(O)C(O)C7O)C(C)(CO)C6CCC5(C)C4(C)CCC23C)CC(=O)C1=O	HKZLBRDLYJTOGY-UHFFFAOYSA-N	C53H82O21
development	HMHUAIBCBWBCHQ-UHFFFAOYSA-N	CC1CC(C(C)(O)C2CCC3C4C5OC5C5(O)C=CCC(=O)C5(C)C4CCC32C)OC(=O)C1C	ok	CC1CC(C(C)(O)C2CCC3C4C5OC5C5(O)C=CCC(=O)C5(C)C4CCC32C)OC(=O)C1C	HMHUAIBCBWBCHQ-UHFFFAOYSA-N	C28H40O6
development	HMLGXKHWABZSIS-UHFFFAOYSA-N	CC(C)=C1CC2(C)C(C)CCCC2CC1=O	ok	CC(C)=C1CC2(C)C(C)CCCC2CC1=O	HMLGXKHWABZSIS-UHFFFAOYSA-N	C15H24O
development	HMMGKOVEOFBCAU-UHFFFAOYSA-N	CC(=O)OC1CCC2(C)C(CCC3(C)C2C(=O)C=C2C4C(C)C(C)CCC4(C)CCC23C)C1(C)C(=O)O	ok	CC(=O)OC1CCC2(C)C(CCC3(C)C2C(=O)C=C2C4C(C)C(C)CCC4(C)CCC23C)C1(C)C(=O)O	HMMGKOVEOFBCAU-UHFFFAOYSA-N	C32H48O5
development	HMNSRTLZAJHSIK-UHFFFAOYSA-N	N=C(N)NCCCC(NC(=O)C1CCCN1)C(=O)O	ok	N=C(N)NCCCC(NC(=O)C1CCCN1)C(=O)O	HMNSRTLZAJHSIK-UHFFFAOYSA-N	C11H21N5O3
development	HMUQOIXFEUBMNQ-UHFFFAOYSA-N	O=C(O)COc1ccc(C(=O)c2cccs2)cc1	ok	O=C(O)COc1ccc(C(=O)c2cccs2)cc1	HMUQOIXFEUBMNQ-UHFFFAOYSA-N	C13H10O4S
development	HNJBEVLQSNELDL-UHFFFAOYSA-N	O=C1CCCN1	ok	O=C1CCCN1	HNJBEVLQSNELDL-UHFFFAOYSA-N	C4H7NO
development	HNUQFUOHQQOEPG-UHFFFAOYSA-N	CCC=CCC(=O)OCC[N+](C)(C)C	ok	CCC=CCC(=O)OCC[N+](C)(C)C	HNUQFUOHQQOEPG-UHFFFAOYSA-N	C11H22NO2+
development	HOKDBMAJZXIPGC-UHFFFAOYSA-N	c1ccc2c(c1)Sc1ccccc1N2CC1CN2CCC1CC2	ok	c1ccc2c(c1)Sc1ccccc1N2CC1CN2CCC1CC2	HOKDBMAJZXIPGC-UHFFFAOYSA-N	C20H22N2S
development	HOMGKSMUEGBAAB-UHFFFAOYSA-N	O=P1(NCCCl)OCCCN1CCCl	ok	O=P1(NCCCl)OCCCN1CCCl	HOMGKSMUEGBAAB-UHFFFAOYSA-N	C7H15Cl2N2O2P
development	HOYCFQHBCYQYKR-UHFFFAOYSA-N	CC1OC(OC2CC(C)(C)CC3C4=CCC5C6(C)CCC(OC7OC(C(=O)O)C(O)C(O)C7OC7OC(C(=O)O)C(O)C(O)C7OC7OC(CO)C(O)C(O)C7O)C(C)(CO)C6CCC5(C)C4(C)CCC23C)CC(=O)C1=O	ok	CC1OC(OC2CC(C)(C)CC3C4=CCC5C6(C)CCC(OC7OC(C(=O)O)C(O)C(O)C7OC7OC(C(=O)O)C(O)C(O)C7OC7OC(CO)C(O)C(O)C7O)C(C)(CO)C6CCC5(C)C4(C)CCC23C)CC(=O)C1=O	HOYCFQHBCYQYKR-UHFFFAOYSA-N	C54H82O23
development	HPDMOAVMIUMIAG-UHFFFAOYSA-N	CCCCCCCCCCCCC(O)C1CCC(C(O)CC(O)CCCCCC(O)CCC(O)Cc2cc(C)oc2O)O1	ok	CCCCCCCCCCCCC(O)C1CCC(C(O)CC(O)CCCCCC(O)CCC(O)Cc2cc(C)oc2O)O1	HPDMOAVMIUMIAG-UHFFFAOYSA-N	C35H64O8
development	HQABUPZFAYXKJW-UHFFFAOYSA-N	CCCCN	ok	CCCCN	HQABUPZFAYXKJW-UHFFFAOYSA-N	C4H11N
development	HQKQRXZEXPXXIG-UHFFFAOYSA-N	CC(=O)OC1(C)CCC23CC1C(C)(C)C2CCC3C	ok	CC(=O)OC1(C)CCC23CC1C(C)(C)C2CCC3C	HQKQRXZEXPXXIG-UHFFFAOYSA-N	C17H28O2
development	HQUVEBJUUSKUCJ-UHFFFAOYSA-N	C=CC(C)(CCC=C(C)CCC=C(C)CCC=C(C)COC1OC(CO)C(O)C(O)C1O)OC1OC(CO)C(O)C(O)C1O	ok	C=CC(C)(CCC=C(C)CCC=C(C)CCC=C(C)COC1OC(CO)C(O)C(O)C1O)OC1OC(CO)C(O)C(O)C1O	HQUVEBJUUSKUCJ-UHFFFAOYSA-N	C32H54O12
development	HSCZLQOPSGMKTK-UHFFFAOYSA-N	CCCC(=O)OCCCSC	ok	CCCC(=O)OCCCSC	HSCZLQOPSGMKTK-UHFFFAOYSA-N	C8H16O2S
development	HSHUHVOEMVTVRS-UHFFFAOYSA-N	C=CCCCCC(C)O	ok	C=CCCCCC(C)O	HSHUHVOEMVTVRS-UHFFFAOYSA-N	C8H16O
development	HSIBGVUMFOSJPD-UHFFFAOYSA-N	CCC1CC2CC3c4[nH]c5ccc(OC)cc5c4CCN(C2)C13	ok	CCC1CC2CC3c4[nH]c5ccc(OC)cc5c4CCN(C2)C13	HSIBGVUMFOSJPD-UHFFFAOYSA-N	C20H26N2O
development	HSJYPHSHRSXMEI-UHFFFAOYSA-N	Cn1cnc2c1c(=O)n(CC1CCCO1)c(=O)n2C	ok	Cn1cnc2c1c(=O)n(CC1CCCO1)c(=O)n2C	HSJYPHSHRSXMEI-UHFFFAOYSA-N	C12H16N4O3
development	HSUGRBWQSSZJOP-UHFFFAOYSA-N	COc1ccc(C2Sc3ccccc3N(CCN(C)C)C(=O)C2OC(C)=O)cc1	ok	COc1ccc(C2Sc3ccccc3N(CCN(C)C)C(=O)C2OC(C)=O)cc1	HSUGRBWQSSZJOP-UHFFFAOYSA-N	C22H26N2O4S
development	HSXROUAAHWNUBX-UHFFFAOYSA-N	C=CCC=CCC=CCCCCCCCC(=O)C1(O)OC(=O)C=C1OC	ok	C=CCC=CCC=CCCCCCCCC(=O)C1(O)OC(=O)C=C1OC	HSXROUAAHWNUBX-UHFFFAOYSA-N	C21H30O5
development	HUNXMJYCHXQEGX-UHFFFAOYSA-N	CCN(C(C)=O)c1cccc(-c2ccnc3c(C#N)cnn23)c1	ok	CCN(C(C)=O)c1cccc(-c2ccnc3c(C#N)cnn23)c1	HUNXMJYCHXQEGX-UHFFFAOYSA-N	C17H15N5O
development	HVIBGVJOBJJPFB-UHFFFAOYSA-N	NCC(=O)N1CCCC1C(=O)N1CCC(O)C1C(=O)O	ok	NCC(=O)N1CCCC1C(=O)N1CCC(O)C1C(=O)O	HVIBGVJOBJJPFB-UHFFFAOYSA-N	C12H19N3O5
development	HVKCEFHNSNZIHO-UHFFFAOYSA-N	CNCCC=C1c2ccccc2COc2ccccc21	ok	CNCCC=C1c2ccccc2COc2ccccc21	HVKCEFHNSNZIHO-UHFFFAOYSA-N	C18H19NO
development	HVLXXQDJGPKVMK-UHFFFAOYSA-N	C=C(C)C1OC2CCC3(C)C(O)(CCC4Cc5c([nH]c6cc7c(cc56)CC5C7=CC(C)(C)OC5(C)C)C43C)C2=CC1O	ok	C=C(C)C1OC2CCC3(C)C(O)(CCC4Cc5c([nH]c6cc7c(cc56)CC5C7=CC(C)(C)OC5(C)C)C43C)C2=CC1O	HVLXXQDJGPKVMK-UHFFFAOYSA-N	C37H47NO4
development	HVPFXCBJHIIJGS-UHFFFAOYSA-N	CN=C(NC)NCCCC(N)C(=O)O	ok	CN=C(NC)NCCCC(N)C(=O)O	HVPFXCBJHIIJGS-UHFFFAOYSA-N	C8H18N4O2
development	HVZJRWJGKQPSFL-UHFFFAOYSA-N	CCC(C)(C)OC	ok	CCC(C)(C)OC	HVZJRWJGKQPSFL-UHFFFAOYSA-N	C6H14O
development	HVZWFRMKXRRMBK-UHFFFAOYSA-O	COc1cc2c(cc1O)C1Cc3cc(O)c(O)cc3[N+]1(C)CC2	ok	COc1cc2c(cc1O)C1Cc3cc(O)c(O)cc3[N+]1(C)CC2	HVZWFRMKXRRMBK-UHFFFAOYSA-O	C18H20NO4+
development	HWMGTNOVUDIKRE-UHFFFAOYSA-N	NC(Cc1ccccc1)C(=O)NC(CC(=O)O)C(=O)O	ok	NC(Cc1ccccc1)C(=O)NC(CC(=O)O)C(=O)O	HWMGTNOVUDIKRE-UHFFFAOYSA-N	C13H16N2O5
development	HWOZEJJVUCALGB-UHFFFAOYSA-N	CC1CNc2[nH]c(N)nc(=O)c2N1	ok	CC1CNc2[nH]c(N)nc(=O)c2N1	HWOZEJJVUCALGB-UHFFFAOYSA-N	C7H11N5O
development	HXBAELAEMDXAJM-UHFFFAOYSA-N	CCCCCC(O)C=CC1C(SCC(NC(=O)CCC(N)C(=O)O)C(=O)NCC(=O)O)CC(=O)C1CCCCCCC(=O)O	tautomer_MaxTransformsReached			C30H49N3O10S
development	HXHWSAZORRCQMX-UHFFFAOYSA-N	CCCSc1ccc2[nH]c(NC(=O)OC)nc2c1	ok	CCCSc1ccc2[nH]c(NC(=O)OC)nc2c1	HXHWSAZORRCQMX-UHFFFAOYSA-N	C12H15N3O2S
development	HXJOYVPESRRCDB-UHFFFAOYSA-N	CCCCCCC(=O)OCC(C)C	ok	CCCCCCC(=O)OCC(C)C	HXJOYVPESRRCDB-UHFFFAOYSA-N	C11H22O2
development	HXWNRESJYUCPRA-UHFFFAOYSA-N	O=C(O)C1CC(O)CN1C(=O)C1CC(O)CN1	ok	O=C(O)C1CC(O)CN1C(=O)C1CC(O)CN1	HXWNRESJYUCPRA-UHFFFAOYSA-N	C10H16N2O5
development	HXWUJJADFMXNKA-UHFFFAOYSA-N	CC(C)CC(NC(=O)C(N)CC(N)=O)C(=O)O	ok	CC(C)CC(NC(=O)C(N)CC(N)=O)C(=O)O	HXWUJJADFMXNKA-UHFFFAOYSA-N	C10H19N3O4
development	HYDKUVPEVOHALC-UHFFFAOYSA-N	Fc1cccc(CCN2CCN(CCCc3cc4cc(-n5cnnc5)ccc4[nH]3)CC2)c1	ok	Fc1cccc(CCN2CCN(CCCc3cc4cc(-n5cnnc5)ccc4[nH]3)CC2)c1	HYDKUVPEVOHALC-UHFFFAOYSA-N	C25H29FN6
development	HYKWMZVCUBUWMM-UHFFFAOYSA-N	CCCCCCOc1ccc2ccc(=O)oc2c1	ok	CCCCCCOc1ccc2ccc(=O)oc2c1	HYKWMZVCUBUWMM-UHFFFAOYSA-N	C15H18O3
development	HYSBJYIGYSBFQN-UHFFFAOYSA-N	CC(=O)SCC=C(C)C	ok	CC(=O)SCC=C(C)C	HYSBJYIGYSBFQN-UHFFFAOYSA-N	C7H12OS
development	HYXQKVOADYPQEA-UHFFFAOYSA-N	CCC(C)C(N)C(=O)NC(CCCN=C(N)N)C(=O)O	ok	CCC(C)C(N)C(=O)NC(CCCN=C(N)N)C(=O)O	HYXQKVOADYPQEA-UHFFFAOYSA-N	C12H25N5O3
development	HYYBABOKPJLUIN-UHFFFAOYSA-N	Cc1cccc(Nc2ccccc2C(=O)O)c1C	ok	Cc1cccc(Nc2ccccc2C(=O)O)c1C	HYYBABOKPJLUIN-UHFFFAOYSA-N	C15H15NO2
development	HZCWPKGYTCJSEB-UHFFFAOYSA-N	COc1ccc2c(c1)-c1nn(CCCN(C)C)c3ccc([N+](=O)[O-])c(c13)N2	ok	COc1ccc2c(c1)-c1nn(CCCN(C)C)c3ccc([N+](=O)[O-])c(c13)N2	HZCWPKGYTCJSEB-UHFFFAOYSA-N	C19H21N5O3
development	HZKLXXZXIMSELS-UHFFFAOYSA-N	COC(=O)C1=C(C)N=C(C)C(C(=O)O)C1c1cccc([N+](=O)[O-])c1	ok	COC(=O)C1=C(C)N=C(C)C(C(=O)O)C1c1cccc([N+](=O)[O-])c1	HZKLXXZXIMSELS-UHFFFAOYSA-N	C16H16N2O6
development	IAKHMKGGTNLKSZ-UHFFFAOYSA-N	COc1cc2c(c(OC)c1OC)-c1ccc(OC)c(=O)cc1C(NC(C)=O)CC2	ok	COc1cc2c(c(OC)c1OC)-c1ccc(OC)c(=O)cc1C(NC(C)=O)CC2	IAKHMKGGTNLKSZ-UHFFFAOYSA-N	C22H25NO6
development	IAKOZHOLGAGEJT-UHFFFAOYSA-N	COc1ccc(C(c2ccc(OC)cc2)C(Cl)(Cl)Cl)cc1	ok	COc1ccc(C(c2ccc(OC)cc2)C(Cl)(Cl)Cl)cc1	IAKOZHOLGAGEJT-UHFFFAOYSA-N	C16H15Cl3O2
development	IAQRGUVFOMOMEM-UHFFFAOYSA-N	CC=CC	ok	CC=CC	IAQRGUVFOMOMEM-UHFFFAOYSA-N	C4H8
development	IBAQFPQHRJAVAV-UHFFFAOYSA-N	OCCN1CC(O)C(O)C(O)C1CO	ok	OCCN1CC(O)C(O)C(O)C1CO	IBAQFPQHRJAVAV-UHFFFAOYSA-N	C8H17NO5
development	IBOFVQJTBBUKMU-UHFFFAOYSA-N	Nc1ccc(Cc2ccc(N)c(Cl)c2)cc1Cl	ok	Nc1ccc(Cc2ccc(N)c(Cl)c2)cc1Cl	IBOFVQJTBBUKMU-UHFFFAOYSA-N	C13H12Cl2N2
development	IBSLHWQWKUNIJE-UHFFFAOYSA-N	CC=C(C=O)CSC	ok	CC=C(C=O)CSC	IBSLHWQWKUNIJE-UHFFFAOYSA-N	C6H10OS
development	ICBJCVRQDSQPGI-UHFFFAOYSA-N	CCCCCCOC	ok	CCCCCCOC	ICBJCVRQDSQPGI-UHFFFAOYSA-N	C7H16O
development	ICCHEGCKVBMSTF-UHFFFAOYSA-N	CC1NC(=O)CNC1=O	ok	CC1NC(=O)CNC1=O	ICCHEGCKVBMSTF-UHFFFAOYSA-N	C5H8N2O2
development	ICEDBMJSTNTMIT-UHFFFAOYSA-N	O=C1C(O)c2c(O)cc(O)cc2OC1c1ccc(O)cc1	tautomer_MaxTransformsReached			C15H12O6
development	ICFJFFQQTFMIBG-UHFFFAOYSA-N	N=C(N)N=C(N)NCCc1ccccc1	ok	N=C(N)N=C(N)NCCc1ccccc1	ICFJFFQQTFMIBG-UHFFFAOYSA-N	C10H15N5
development	ICIIMFRGWJJFIH-UHFFFAOYSA-N	CC(O)c1ccc2c(c1)C=CC(C)(C)O2	ok	CC(O)c1ccc2c(c1)C=CC(C)(C)O2	ICIIMFRGWJJFIH-UHFFFAOYSA-N	C13H16O2
development	ICRSYPPLGADZKA-UHFFFAOYSA-N	NS(=O)(=O)c1ccc(-n2nc(C(F)(F)F)cc2-c2ccc(CO)cc2)cc1	ok	NS(=O)(=O)c1ccc(-n2nc(C(F)(F)F)cc2-c2ccc(CO)cc2)cc1	ICRSYPPLGADZKA-UHFFFAOYSA-N	C17H14F3N3O3S
development	ICXVGHUORQNRQF-UHFFFAOYSA-N	CN1CC2Cc3ccc(O)c4c3C3(C1)C2C=CC(O)C3O4	ok	CN1CC2Cc3ccc(O)c4c3C3(C1)C2C=CC(O)C3O4	ICXVGHUORQNRQF-UHFFFAOYSA-N	C17H19NO3
development	ICYUIIJXZHPESK-UHFFFAOYSA-N	O=C(O)CNC(=O)c1cccc(Cl)c1	ok	O=C(O)CNC(=O)c1cccc(Cl)c1	ICYUIIJXZHPESK-UHFFFAOYSA-N	C9H8ClNO3
development	IDBPHNDTYPBSNI-UHFFFAOYSA-N	CCC(=O)N(c1ccccc1)C1(COC)CCN(CCn2nnn(CC)c2=O)CC1	ok	CCC(=O)N(c1ccccc1)C1(COC)CCN(CCn2nnn(CC)c2=O)CC1	IDBPHNDTYPBSNI-UHFFFAOYSA-N	C21H32N6O3
development	IDJXJAJYEFRBPY-UHFFFAOYSA-N	CC(CCC1(O)OC2CC3C4CCC5CC(OC6OC(CO)C(OC7OC(CO)C(OC8OC(CO)C(O)C(O)C8OC8OCC(O)C(O)C8O)C(OC8OC(C)C(O)C(O)C8O)C7O)C(O)C6O)CCC5(C)C4CC(=O)C3(C)C2C1C)COC1OC(CO)C(O)C(O)C1O	ok	CC(CCC1(O)OC2CC3C4CCC5CC(OC6OC(CO)C(OC7OC(CO)C(OC8OC(CO)C(O)C(O)C8OC8OCC(O)C(O)C8O)C(OC8OC(C)C(O)C(O)C8O)C7O)C(O)C6O)CCC5(C)C4CC(=O)C3(C)C2C1C)COC1OC(CO)C(O)C(O)C1O	IDJXJAJYEFRBPY-UHFFFAOYSA-N	C62H102O33
development	IDRDZZHQLBFQMN-UHFFFAOYSA-N	CCCCCCCCCCCCCC=CC(O)C(COC1OC(CO)C(O)C(OS(=O)(=O)O)C1O)NC(=O)CCCCCCCCCCCCC	ok	CCCCCCCCCCCCCC=CC(O)C(COC1OC(CO)C(O)C(OS(=O)(=O)O)C1O)NC(=O)CCCCCCCCCCCCC	IDRDZZHQLBFQMN-UHFFFAOYSA-N	C38H73NO11S
development	IECRXMSGDFIOEY-UHFFFAOYSA-N	COc1c(OC)c(OC)c2c(=O)cc(-c3ccc(O)cc3)oc2c1OC	ok	COc1c(OC)c(OC)c2c(=O)cc(-c3ccc(O)cc3)oc2c1OC	IECRXMSGDFIOEY-UHFFFAOYSA-N	C19H18O7
development	IEHFWLFCKJUZHC-UHFFFAOYSA-N	CCCCCCCCCCCCCCCCCCCC(O)CC(O)CCCCCCC	ok	CCCCCCCCCCCCCCCCCCCC(O)CC(O)CCCCCCC	IEHFWLFCKJUZHC-UHFFFAOYSA-N	C29H60O2
development	IGIDLTISMCAULB-UHFFFAOYSA-N	CCC(C)CC(=O)O	ok	CCC(C)CC(=O)O	IGIDLTISMCAULB-UHFFFAOYSA-N	C6H12O2
development	IGQBPDJNUXPEMT-UHFFFAOYSA-N	CC(C)CC(=O)OC(CC(=O)[O-])C[N+](C)(C)C	ok	CC(C)CC(=O)OC(CC(=O)[O-])C[N+](C)(C)C	IGQBPDJNUXPEMT-UHFFFAOYSA-N	C12H23NO4
development	IHPKGUQCSIINRJ-UHFFFAOYSA-N	C=CC(C)=CCC=C(C)C	ok	C=CC(C)=CCC=C(C)C	IHPKGUQCSIINRJ-UHFFFAOYSA-N	C10H16
development	IJJKRFDBPRPLQQ-UHFFFAOYSA-N	CC(C)(O)C1CCC(COC2OC(CO)C(O)C(O)C2O)CC1	ok	CC(C)(O)C1CCC(COC2OC(CO)C(O)C(O)C2O)CC1	IJJKRFDBPRPLQQ-UHFFFAOYSA-N	C16H30O7
development	IKBKZGMPCYNSLU-UHFFFAOYSA-N	CCCCCN=C(N)NN=Cc1c[nH]c2ccc(OC)cc12	ok	CCCCCN=C(N)NN=Cc1c[nH]c2ccc(OC)cc12	IKBKZGMPCYNSLU-UHFFFAOYSA-N	C16H23N5O
development	IKHGUXGNUITLKF-UHFFFAOYSA-N	CC=O	ok	CC=O	IKHGUXGNUITLKF-UHFFFAOYSA-N	C2H4O
development	IKMPWMZBZSAONZ-UHFFFAOYSA-N	Fc1ccccc1C1=NCC(=S)N(CC(F)(F)F)c2ccc(Cl)cc21	ok	Fc1ccccc1C1=NCC(=S)N(CC(F)(F)F)c2ccc(Cl)cc21	IKMPWMZBZSAONZ-UHFFFAOYSA-N	C17H11ClF4N2S
development	IKUQEFGEUOOPGY-UHFFFAOYSA-N	COc1cc2ccc(=O)oc2c(OC)c1OC1OC(CO)C(O)C(O)C1O	ok	COc1cc2ccc(=O)oc2c(OC)c1OC1OC(CO)C(O)C(O)C1O	IKUQEFGEUOOPGY-UHFFFAOYSA-N	C17H20O10
development	ILDAKDTXKZPGJC-UHFFFAOYSA-N	C=CC(C)(O)CC(=O)C=C(C)C	ok	C=CC(C)(O)CC(=O)C=C(C)C	ILDAKDTXKZPGJC-UHFFFAOYSA-N	C10H16O2
development	ILMMRHUILQOQGP-UHFFFAOYSA-N	CC(C)(C)c1cc(CC2SCNC2=O)cc(C(C)(C)C)c1O	ok	CC(C)(C)c1cc(CC2SCNC2=O)cc(C(C)(C)C)c1O	ILMMRHUILQOQGP-UHFFFAOYSA-N	C18H27NO2S
development	ILMQWRCMVKIVFV-UHFFFAOYSA-N	CC1C(O)CC2(C)C(O)CC3(C)C(=CCC4C5(C)CCC(O)C(C)(C)C5CCC43C)C2C1C	ok	CC1C(O)CC2(C)C(O)CC3(C)C(=CCC4C5(C)CCC(O)C(C)(C)C5CCC43C)C2C1C	ILMQWRCMVKIVFV-UHFFFAOYSA-N	C30H50O3
development	ILSMDNVBZYGMDG-UHFFFAOYSA-N	CC(C)CCCC(C)CCCC(C)CCCC(C)C(=O)NCC(=O)O	ok	CC(C)CCCC(C)CCCC(C)CCCC(C)C(=O)NCC(=O)O	ILSMDNVBZYGMDG-UHFFFAOYSA-N	C21H41NO3
development	IMSSROKUHAOUJS-UHFFFAOYSA-N	C#CC1(O)CCC2C3CCc4cc(OC)ccc4C3CCC21C	ok	C#CC1(O)CCC2C3CCc4cc(OC)ccc4C3CCC21C	IMSSROKUHAOUJS-UHFFFAOYSA-N	C21H26O2
development	INGSNVSERUZOAK-UHFFFAOYSA-N	O=C(O)C(c1ccccc1)C1CCCCN1	ok	O=C(O)C(c1ccccc1)C1CCCCN1	INGSNVSERUZOAK-UHFFFAOYSA-N	C13H17NO2
development	INVWRXWYYVMFQC-UHFFFAOYSA-N	CC(C)=CCOC(=O)c1ccccc1	ok	CC(C)=CCOC(=O)c1ccccc1	INVWRXWYYVMFQC-UHFFFAOYSA-N	C12H14O2
development	IOWMKBFJCNLRTC-UHFFFAOYSA-N	CC(C)C(O)CCC(C)C1CCC2C3CC=C4CC(O)CCC4(C)C3CCC12C	ok	CC(C)C(O)CCC(C)C1CCC2C3CC=C4CC(O)CCC4(C)C3CCC12C	IOWMKBFJCNLRTC-UHFFFAOYSA-N	C27H46O2
development	IOXKXMFPMHDABX-UHFFFAOYSA-N	COc1cc(C)cc(OC)c1Cl	ok	COc1cc(C)cc(OC)c1Cl	IOXKXMFPMHDABX-UHFFFAOYSA-N	C9H11ClO2
development	IPCSVZSSVZVIGE-UHFFFAOYSA-N	CCCCCCCCCCCCCCCC(=O)O	ok	CCCCCCCCCCCCCCCC(=O)O	IPCSVZSSVZVIGE-UHFFFAOYSA-N	C16H32O2
development	IPOBOOXFSRWSHL-UHFFFAOYSA-N	c1ccc(C2(c3ccccc3)CC2C2=NCCN2)cc1	ok	c1ccc(C2(c3ccccc3)CC2C2=NCCN2)cc1	IPOBOOXFSRWSHL-UHFFFAOYSA-N	C18H18N2
development	IPOIBBMZOXJYFV-UHFFFAOYSA-N	C=C(C)C1CC=C(C)C(OC2OC(CO)C(O)C(O)C2O)C1	ok	C=C(C)C1CC=C(C)C(OC2OC(CO)C(O)C(O)C2O)C1	IPOIBBMZOXJYFV-UHFFFAOYSA-N	C16H26O6
development	IPZHIWYVRSTEKX-UHFFFAOYSA-N	CCC(O)C1CC(C)C2(CC(=O)C3(C)C4=C(CCC32C)C2(C)CCC(=O)C(C)(CO)C2CC4)O1	ok	CCC(O)C1CC(C)C2(CC(=O)C3(C)C4=C(CCC32C)C2(C)CCC(=O)C(C)(CO)C2CC4)O1	IPZHIWYVRSTEKX-UHFFFAOYSA-N	C29H44O5
development	IQPSEEYGBUAQFF-UHFFFAOYSA-N	COc1ccnc(C[S+]([O-])c2nc3cc(OC(F)F)ccc3[nH]2)c1OC	ok	COc1ccnc(C[S+]([O-])c2nc3cc(OC(F)F)ccc3[nH]2)c1OC	IQPSEEYGBUAQFF-UHFFFAOYSA-N	C16H15F2N3O4S
development	IQRQEGPSHLXODZ-UHFFFAOYSA-N	CCCCCCCCCCCCCC=CC(O)C(COC1OC(CO)C(OC2OC(CO)C(O)C(O)C2O)C(O)C1O)NC(=O)CCCCCCCCCCCCCCCCCCCCCCCCC	ok	CCCCCCCCCCCCCC=CC(O)C(COC1OC(CO)C(OC2OC(CO)C(O)C(O)C2O)C(O)C1O)NC(=O)CCCCCCCCCCCCCCCCCCCCCCCCC	IQRQEGPSHLXODZ-UHFFFAOYSA-N	C56H107NO13
development	IQUFSXIQAFPIMR-UHFFFAOYSA-N	CC(Cc1ccccc1)NCCC#N	ok	CC(Cc1ccccc1)NCCC#N	IQUFSXIQAFPIMR-UHFFFAOYSA-N	C12H16N2
development	IQUMPOPXFXDEJZ-UHFFFAOYSA-N	COC(=O)OC12COC1CC(O)C1(C)C(=O)C(OC(C)=O)=C3C(C)C(OC(=O)C(O)C(NC(=O)OC(C)(C)C)C(C)(C)C)CC(O)(C(OC(=O)c4ccccc4)C21)C3(C)C	ok	COC(=O)OC12COC1CC(O)C1(C)C(=O)C(OC(C)=O)=C3C(C)C(OC(=O)C(O)C(NC(=O)OC(C)(C)C)C(C)(C)C)CC(O)(C(OC(=O)c4ccccc4)C21)C3(C)C	IQUMPOPXFXDEJZ-UHFFFAOYSA-N	C43H59NO16
development	IQWPEJBUOJQPDE-UHFFFAOYSA-N	CC(=O)CC(c1ccccc1)c1c(O)c2cc(O)ccc2oc1=O	ok	CC(=O)CC(c1ccccc1)c1c(O)c2cc(O)ccc2oc1=O	IQWPEJBUOJQPDE-UHFFFAOYSA-N	C19H16O5
development	IRLWJILLXJGJTD-UHFFFAOYSA-N	COc1ccc(OC(=O)N(CC(=O)O)Cc2ccc(OCCc3nc(-c4ccccc4)oc3C)cc2)cc1	ok	COc1ccc(OC(=O)N(CC(=O)O)Cc2ccc(OCCc3nc(-c4ccccc4)oc3C)cc2)cc1	IRLWJILLXJGJTD-UHFFFAOYSA-N	C29H28N2O7
development	IROINLKCQGIITA-UHFFFAOYSA-N	CCNc1nc(NC(C)(C)C)nc(SC)n1	ok	CCNc1nc(NC(C)(C)C)nc(SC)n1	IROINLKCQGIITA-UHFFFAOYSA-N	C10H19N5S
development	IRYJRGCIQBGHIV-UHFFFAOYSA-N	CN1C(=O)OC(C)(C)C1=O	ok	CN1C(=O)OC(C)(C)C1=O	IRYJRGCIQBGHIV-UHFFFAOYSA-N	C6H9NO3
development	ISBYPYUIOMMYGS-UHFFFAOYSA-N	COC(=O)C1=C(C)N=C(C)C(C(=O)OCC=Cc2ccccc2)C1c1cccc([N+](=O)[O-])c1	ok	COC(=O)C1=C(C)N=C(C)C(C(=O)OCC=Cc2ccccc2)C1c1cccc([N+](=O)[O-])c1	ISBYPYUIOMMYGS-UHFFFAOYSA-N	C25H24N2O6
development	ISGIJSAAZOHCAE-UHFFFAOYSA-N	C=CC(C)(CCC=C(C)CCC=C(C)C(O)CC=C(C)COC1OC(CO)C(O)C(O)C1O)OC1OC(CO)C(O)C(O)C1O	ok	C=CC(C)(CCC=C(C)CCC=C(C)C(O)CC=C(C)COC1OC(CO)C(O)C(O)C1O)OC1OC(CO)C(O)C(O)C1O	ISGIJSAAZOHCAE-UHFFFAOYSA-N	C32H54O13
development	ISSKLTGTEWBALZ-UHFFFAOYSA-N	CC(C)C1CC2C3(C)CC4(O)OC(C5C(C)C(OC6OC(CO)C(O)C(O)C6O)CC53O)C2(O)C14C	ok	CC(C)C1CC2C3(C)CC4(O)OC(C5C(C)C(OC6OC(CO)C(O)C(O)C6O)CC53O)C2(O)C14C	ISSKLTGTEWBALZ-UHFFFAOYSA-N	C26H42O10
development	ISWSIDIOOBJBQZ-UHFFFAOYSA-N	Oc1ccccc1	ok	Oc1ccccc1	ISWSIDIOOBJBQZ-UHFFFAOYSA-N	C6H6O
development	ISZNZKHCRKXXAU-UHFFFAOYSA-N	CC(C)N=C(N)N=C(N)Nc1ccc(Cl)c(Cl)c1	ok	CC(C)N=C(N)N=C(N)Nc1ccc(Cl)c(Cl)c1	ISZNZKHCRKXXAU-UHFFFAOYSA-N	C11H15Cl2N5
development	ITTILXNWLDHOGR-UHFFFAOYSA-N	CC1OC(OC2C(O)C(C(=O)O)OC(OC3CCC4(C)C(CCC5(C)C4CC=C4C6CC(C)(C)CCC6(C(=O)OC6OC(C)C(O)C(O)C6OC6OC(C)C(OC7OCC(O)C(O)C7O)C(OC7OC(CO)C(O)C(OC8OCC(O)C(O)C8O)C7O)C6O)CCC45C)C3(C)C=O)C2OC2OC(CO)C(O)C(O)C2O)C(O)C(O)C1O	ok	CC1OC(OC2C(O)C(C(=O)O)OC(OC3CCC4(C)C(CCC5(C)C4CC=C4C6CC(C)(C)CCC6(C(=O)OC6OC(C)C(O)C(O)C6OC6OC(C)C(OC7OCC(O)C(O)C7O)C(OC7OC(CO)C(O)C(OC8OCC(O)C(O)C8O)C7O)C6O)CCC45C)C3(C)C=O)C2OC2OC(CO)C(O)C(O)C2O)C(O)C(O)C1O	ITTILXNWLDHOGR-UHFFFAOYSA-N	C76H120O40
development	IUBSYMUCCVWXPE-UHFFFAOYSA-N	COCCc1ccc(OCC(O)CNC(C)C)cc1	ok	COCCc1ccc(OCC(O)CNC(C)C)cc1	IUBSYMUCCVWXPE-UHFFFAOYSA-N	C15H25NO3
development	IUGDILGOLSSKNE-UHFFFAOYSA-N	Oc1ccc(C(c2ccc(O)cc2)C(Cl)(Cl)Cl)cc1	ok	Oc1ccc(C(c2ccc(O)cc2)C(Cl)(Cl)Cl)cc1	IUGDILGOLSSKNE-UHFFFAOYSA-N	C14H11Cl3O2
development	IVBOBIWEQHPIEN-UHFFFAOYSA-N	CCCCCCCCCCCCCC=CC(O)C(COC1OC(CO)C(OC2OC(CO)C(OC3OC(CO)C(O)C(OC4OC(CO)C(O)C(OC5(C(=O)O)CC(O)C(NC(C)=O)C(C(O)C(O)CO)O5)C4O)C3CC(C)=O)C(OC3(C(=O)O)CC(O)C(NC(C)=O)C(C(O)C(CO)OC4(C(=O)O)CC(O)C(NC(C)=O)C(C(O)C(O)CO)O4)O3)C2O)C(O)C1O)NC(=O)CCCCCCCCCCCCCCCCCCCCC	ok	CCCCCCCCCCCCCC=CC(O)C(COC1OC(CO)C(OC2OC(CO)C(OC3OC(CO)C(O)C(OC4OC(CO)C(O)C(OC5(C(=O)O)CC(O)C(NC(C)=O)C(C(O)C(O)CO)O5)C4O)C3CC(C)=O)C(OC3(C(=O)O)CC(O)C(NC(C)=O)C(C(O)C(CO)OC4(C(=O)O)CC(O)C(NC(C)=O)C(C(O)C(O)CO)O4)O3)C2O)C(O)C1O)NC(=O)CCCCCCCCCCCCCCCCCCCCC	IVBOBIWEQHPIEN-UHFFFAOYSA-N	C100H174N4O47
development	IVSZLXZYQVIEFR-UHFFFAOYSA-N	Cc1cccc(C)c1	ok	Cc1cccc(C)c1	IVSZLXZYQVIEFR-UHFFFAOYSA-N	C8H10
development	IVVNZDGDKPTYHK-UHFFFAOYSA-N	CC(N=C(N=c1cc[nH]cc1)NC#N)C(C)(C)C	ok	CC(N=C(N=c1cc[nH]cc1)NC#N)C(C)(C)C	IVVNZDGDKPTYHK-UHFFFAOYSA-N	C13H19N5
development	IWAUXKQGXMTXLR-UHFFFAOYSA-N	CC[N+](C)(CC)CCc1c(C)c2ccc(OC)cc2oc1=O	ok	CC[N+](C)(CC)CCc1c(C)c2ccc(OC)cc2oc1=O	IWAUXKQGXMTXLR-UHFFFAOYSA-N	C18H26NO3+
development	IWDCLRJOBJJRNH-UHFFFAOYSA-N	Cc1ccc(O)cc1	ok	Cc1ccc(O)cc1	IWDCLRJOBJJRNH-UHFFFAOYSA-N	C7H8O
development	IWIANZLCJVYEFX-UHFFFAOYSA-N	O=C(O)C(Cc1ccccc1)NC(=O)C1CCCN1	ok	O=C(O)C(Cc1ccccc1)NC(=O)C1CCCN1	IWIANZLCJVYEFX-UHFFFAOYSA-N	C14H18N2O3
development	IWJBVMJWSPZNJH-UHFFFAOYSA-N	CCOC1OC(C(=O)O)C(O)C(O)C1O	ok	CCOC1OC(C(=O)O)C(O)C(O)C1O	IWJBVMJWSPZNJH-UHFFFAOYSA-N	C8H14O7
development	IWPOSDLLFZKGOW-UHFFFAOYSA-N	CCCCC=CCC(=O)O	ok	CCCCC=CCC(=O)O	IWPOSDLLFZKGOW-UHFFFAOYSA-N	C8H14O2
development	IXAPYQICIDTITB-UHFFFAOYSA-N	CN1CCN2c3cc(O)ccc3Cc3ccccc3C2C1	ok	CN1CCN2c3cc(O)ccc3Cc3ccccc3C2C1	IXAPYQICIDTITB-UHFFFAOYSA-N	C18H20N2O
development	IXRPKRWXUJOOBZ-UHFFFAOYSA-N	CC(=O)OCC(C)=CCCC1(C)C2CC3C(C2)C31C	ok	CC(=O)OCC(C)=CCCC1(C)C2CC3C(C2)C31C	IXRPKRWXUJOOBZ-UHFFFAOYSA-N	C17H26O2
development	IYFNEFQTYQPVOC-UHFFFAOYSA-N	CCCOc1ccc(S(=O)(=O)NCCC2CCCN2C)cc1-c1nc(=O)c2c([nH]1)c(CCC)nn2C	ok	CCCOc1ccc(S(=O)(=O)NCCC2CCCN2C)cc1-c1nc(=O)c2c([nH]1)c(CCC)nn2C	IYFNEFQTYQPVOC-UHFFFAOYSA-N	C25H36N6O4S
development	IYIKLHRQXLHMJQ-UHFFFAOYSA-N	CCCCc1oc2ccccc2c1C(=O)c1cc(I)c(OCCN(CC)CC)c(I)c1	ok	CCCCc1oc2ccccc2c1C(=O)c1cc(I)c(OCCN(CC)CC)c(I)c1	IYIKLHRQXLHMJQ-UHFFFAOYSA-N	C25H29I2NO3
development	IYRMWMYZSQPJKC-UHFFFAOYSA-N	O=c1c(O)c(-c2ccc(O)cc2)oc2cc(O)cc(O)c12	ok	O=c1c(O)c(-c2ccc(O)cc2)oc2cc(O)cc(O)c12	IYRMWMYZSQPJKC-UHFFFAOYSA-N	C15H10O6
development	IYYGBZJXHJSLEV-UHFFFAOYSA-N	CCc1ccc(CCOc2ccc(Cc3sc(=O)[nH]c3O)cc2)nc1	ok	CCc1ccc(CCOc2ccc(Cc3sc(=O)[nH]c3O)cc2)nc1	IYYGBZJXHJSLEV-UHFFFAOYSA-N	C19H20N2O3S
development	IZBNNCFOBMGTQX-UHFFFAOYSA-N	CCc1nn(CCCN2CCN(c3cccc(Cl)c3)CC2)c(=O)n1CC	ok	CCc1nn(CCCN2CCN(c3cccc(Cl)c3)CC2)c(=O)n1CC	IZBNNCFOBMGTQX-UHFFFAOYSA-N	C19H28ClN5O
development	IZRHKURJIQCXMT-UHFFFAOYSA-N	Oc1ccc(OC(F)(F)F)cc1CNC1CCCNC1c1ccccc1	ok	Oc1ccc(OC(F)(F)F)cc1CNC1CCCNC1c1ccccc1	IZRHKURJIQCXMT-UHFFFAOYSA-N	C19H21F3N2O2
development	IZVFFXVYBHFIHY-UHFFFAOYSA-N	CC(C)CCCC(C)C1CCC2C3=CCC4CC(O)CCC4(C)C3CCC21C	ok	CC(C)CCCC(C)C1CCC2C3=CCC4CC(O)CCC4(C)C3CCC21C	IZVFFXVYBHFIHY-UHFFFAOYSA-N	C27H46O
development	IZXJPGLOYYDHRM-UHFFFAOYSA-N	CCCc1ccc2ccccc2n1	ok	CCCc1ccc2ccccc2n1	IZXJPGLOYYDHRM-UHFFFAOYSA-N	C12H13N
development	IZYVWRVNTCGCKC-UHFFFAOYSA-N	COc1cc(C=CC(=O)OCC2OC(Oc3c(-c4ccc(O)cc4)oc4cc(OC5OC(CO)C(O)C(O)C5O)cc(O)c4c3=O)C(OC3OC(CO)C(O)C(O)C3O)C(O)C2O)ccc1O	ok	COc1cc(C=CC(=O)OCC2OC(Oc3c(-c4ccc(O)cc4)oc4cc(OC5OC(CO)C(O)C(O)C5O)cc(O)c4c3=O)C(OC3OC(CO)C(O)C(O)C3O)C(O)C2O)ccc1O	IZYVWRVNTCGCKC-UHFFFAOYSA-N	C43H48O24
development	JACPUZOKPSTMTK-UHFFFAOYSA-N	OCCCOc1cccc(CN2CCCCC2)c1	ok	OCCCOc1cccc(CN2CCCCC2)c1	JACPUZOKPSTMTK-UHFFFAOYSA-N	C15H23NO2
development	JAQGKXUEKGKTKX-UHFFFAOYSA-N	NC(Cc1ccc(O)cc1)C(=O)NC(Cc1ccc(O)cc1)C(=O)O	ok	NC(Cc1ccc(O)cc1)C(=O)NC(Cc1ccc(O)cc1)C(=O)O	JAQGKXUEKGKTKX-UHFFFAOYSA-N	C18H20N2O5
development	JAZBEHYOTPTENJ-UHFFFAOYSA-N	CCC=CCC=CCC=CCC=CCC=CCCCC(=O)O	ok	CCC=CCC=CCC=CCC=CCC=CCCCC(=O)O	JAZBEHYOTPTENJ-UHFFFAOYSA-N	C20H30O2
development	JAZJDNUIJLZFSZ-UHFFFAOYSA-N	CC(=O)NC(CSC(F)=C(OCF)C(F)F)C(=O)O	ok	CC(=O)NC(CSC(F)=C(OCF)C(F)F)C(=O)O	JAZJDNUIJLZFSZ-UHFFFAOYSA-N	C9H11F4NO4S
development	JBBNVKWFZYFPIG-UHFFFAOYSA-N	CC(=CCOc1c2ccoc2cc2oc(=O)ccc12)CCC(C)(C)C=O	ok	CC(=CCOc1c2ccoc2cc2oc(=O)ccc12)CCC(C)(C)C=O	JBBNVKWFZYFPIG-UHFFFAOYSA-N	C21H22O5
development	JBCLFWXMTIKCCB-UHFFFAOYSA-N	NCC(=O)NC(Cc1ccccc1)C(=O)O	ok	NCC(=O)NC(Cc1ccccc1)C(=O)O	JBCLFWXMTIKCCB-UHFFFAOYSA-N	C11H14N2O3
development	JBDGDEWWOUBZPM-UHFFFAOYSA-N	Nc1c(Br)cc(Br)cc1CNC1CCC(O)CC1	ok	Nc1c(Br)cc(Br)cc1CNC1CCC(O)CC1	JBDGDEWWOUBZPM-UHFFFAOYSA-N	C13H18Br2N2O
development	JBFWMELKDTZMHB-UHFFFAOYSA-N	CCCCCCCCCCCCCCCCCC(=O)NC(COC1OC(CO)C(OC2OC(CO)C(OC3OC(CO)C(O)C(OC4OC(CO)C(O)C(OC5(C(=O)O)CC(O)C(NC(C)=O)C(C(O)C(O)CO)O5)C4O)C3CC(C)=O)C(OC3(C(=O)O)CC(O)C(NC(C)=O)C(C(O)C(CO)OC4(C(=O)O)CC(O)C(NC(C)=O)C(C(O)C(O)CO)O4)O3)C2O)C(O)C1O)C(O)CCCCCCCCCCCCCCC	ok	CCCCCCCCCCCCCCCCCC(=O)NC(COC1OC(CO)C(OC2OC(CO)C(OC3OC(CO)C(O)C(OC4OC(CO)C(O)C(OC5(C(=O)O)CC(O)C(NC(C)=O)C(C(O)C(O)CO)O5)C4O)C3CC(C)=O)C(OC3(C(=O)O)CC(O)C(NC(C)=O)C(C(O)C(CO)OC4(C(=O)O)CC(O)C(NC(C)=O)C(C(O)C(O)CO)O4)O3)C2O)C(O)C1O)C(O)CCCCCCCCCCCCCCC	JBFWMELKDTZMHB-UHFFFAOYSA-N	C96H168N4O47
development	JBFYFLXEJFQWMU-UHFFFAOYSA-N	NC(=O)CCC(NC(=O)CCC(N)C(=O)O)C(=O)O	ok	NC(=O)CCC(NC(=O)CCC(N)C(=O)O)C(=O)O	JBFYFLXEJFQWMU-UHFFFAOYSA-N	C10H17N3O6
development	JBIJLHTVPXGSAM-UHFFFAOYSA-N	Nc1ccc2ccccc2c1	ok	Nc1ccc2ccccc2c1	JBIJLHTVPXGSAM-UHFFFAOYSA-N	C10H9N
development	JBIMVDZLSHOPLA-UHFFFAOYSA-N	CN(C)CCC=C1c2ccccc2COc2ccc(CC(=O)O)cc21	ok	CN(C)CCC=C1c2ccccc2COc2ccc(CC(=O)O)cc21	JBIMVDZLSHOPLA-UHFFFAOYSA-N	C21H23NO3
development	JBYXPOFIGCOSSB-UHFFFAOYSA-N	CCCCCCC=CC=CCCCCCCCC(=O)O	ok	CCCCCCC=CC=CCCCCCCCC(=O)O	JBYXPOFIGCOSSB-UHFFFAOYSA-N	C18H32O2
development	JCCNYMKQOSZNPW-UHFFFAOYSA-N	CCOC(=O)N1CCC(=C2c3ccc(Cl)cc3CCc3cccnc32)CC1	ok	CCOC(=O)N1CCC(=C2c3ccc(Cl)cc3CCc3cccnc32)CC1	JCCNYMKQOSZNPW-UHFFFAOYSA-N	C22H23ClN2O2
development	JECYUBVRTQDVAT-UHFFFAOYSA-N	CC(=O)c1ccccc1O	ok	CC(=O)c1ccccc1O	JECYUBVRTQDVAT-UHFFFAOYSA-N	C8H8O2
development	JEEOZKGYSUUAAU-UHFFFAOYSA-N	CCc1csc(C)n1	ok	CCc1csc(C)n1	JEEOZKGYSUUAAU-UHFFFAOYSA-N	C6H9NS
development	JEGUVXRNDRXUDN-UHFFFAOYSA-N	C=CC(=C)CCC1C(=C)CCC2C(C)(C(=O)O)CCCC12C	ok	C=CC(=C)CCC1C(=C)CCC2C(C)(C(=O)O)CCCC12C	JEGUVXRNDRXUDN-UHFFFAOYSA-N	C20H30O2
development	JEJFTTRHGBKKEI-UHFFFAOYSA-N	COc1cc2c(c(OC)c1OC)-c1c(cc(OC)c(OC)c1OC)CC(C)C(C)C2	ok	COc1cc2c(c(OC)c1OC)-c1c(cc(OC)c(OC)c1OC)CC(C)C(C)C2	JEJFTTRHGBKKEI-UHFFFAOYSA-N	C24H32O6
development	JEYCTXHKTXCGPB-UHFFFAOYSA-N	Cc1ccccc1-n1c(C)nc2ccccc2c1=O	ok	Cc1ccccc1-n1c(C)nc2ccccc2c1=O	JEYCTXHKTXCGPB-UHFFFAOYSA-N	C16H14N2O
development	JFAPKKOOIAVSGI-UHFFFAOYSA-N	CC1OC(OC2C(OC3C(OC4CCC5(C)C(CCC6(C)C5CC=C5C7CC(C)(C)CC(O)C7(C)CCC56C)C4(C)CO)OC(C(=O)O)C(O)C3O)OC(CO)C(O)C2OC2OCC(O)C(O)C2O)C(O)C(O)C1O	ok	CC1OC(OC2C(OC3C(OC4CCC5(C)C(CCC6(C)C5CC=C5C7CC(C)(C)CC(O)C7(C)CCC56C)C4(C)CO)OC(C(=O)O)C(O)C3O)OC(CO)C(O)C2OC2OCC(O)C(O)C2O)C(O)C(O)C1O	JFAPKKOOIAVSGI-UHFFFAOYSA-N	C53H86O22
development	JFKCVAZSEWPOIX-UHFFFAOYSA-N	CC1CCC(C(C)C)C(OC(=O)OCCO)C1	ok	CC1CCC(C(C)C)C(OC(=O)OCCO)C1	JFKCVAZSEWPOIX-UHFFFAOYSA-N	C13H24O4
development	JFTBERIHMIFXML-UHFFFAOYSA-N	CC(C)(C=CCC(C)(OC1OC(CO)C(O)C(O)C1O)C1CCC2(C)C1C(O)CC1C3(C)CCC(O)C(C)(C)C3C(O)CC12C)OO	ok	CC(C)(C=CCC(C)(OC1OC(CO)C(O)C(O)C1O)C1CCC2(C)C1C(O)CC1C3(C)CCC(O)C(C)(C)C3C(O)CC12C)OO	JFTBERIHMIFXML-UHFFFAOYSA-N	C36H62O11
development	JGEGJYXHCFUMJF-UHFFFAOYSA-N	CC(C)CCC=O	ok	CC(C)CCC=O	JGEGJYXHCFUMJF-UHFFFAOYSA-N	C6H12O
development	JGFONUZHXXBGTF-UHFFFAOYSA-N	COc1ccc(OC(F)(F)F)cc1CN	ok	COc1ccc(OC(F)(F)F)cc1CN	JGFONUZHXXBGTF-UHFFFAOYSA-N	C9H10F3NO2
development	JGWUTUVYGXAJGV-UHFFFAOYSA-N	CC(=O)NC1C(O)CC(OC2C(O)C(CO)OC(OC3C(O)C(CO)OC(OC4C(O)C(CO)OC(OC(C(=O)C(O)CO)C(O)CO)C4O)C3NC(C)=O)C2O)(C(=O)O)OC1C(O)C(O)CO	ok	CC(=O)NC1C(O)CC(OC2C(O)C(CO)OC(OC3C(O)C(CO)OC(OC4C(O)C(CO)OC(OC(C(=O)C(O)CO)C(O)CO)C4O)C3NC(C)=O)C2O)(C(=O)O)OC1C(O)C(O)CO	JGWUTUVYGXAJGV-UHFFFAOYSA-N	C37H62N2O29
development	JHKXZYLNVJRAAJ-UHFFFAOYSA-N	CSCCC(N)C(=O)NC(C)C(=O)O	ok	CSCCC(N)C(=O)NC(C)C(=O)O	JHKXZYLNVJRAAJ-UHFFFAOYSA-N	C8H16N2O3S
development	JHYXBPPMXZIHKG-UHFFFAOYSA-N	O=C1c2ccc(O)cc2OCC1c1ccc(O)cc1	ok	O=C1c2ccc(O)cc2OCC1c1ccc(O)cc1	JHYXBPPMXZIHKG-UHFFFAOYSA-N	C15H12O4
development	JIFNDZCDNLFAKC-UHFFFAOYSA-N	CC(C)CCCC(C)C1CCC2C3C(O)CC4(C(=O)O)CC(O)CCC4(C)C3CC(O)C12C	ok	CC(C)CCCC(C)C1CCC2C3C(O)CC4(C(=O)O)CC(O)CCC4(C)C3CC(O)C12C	JIFNDZCDNLFAKC-UHFFFAOYSA-N	C28H48O5
development	JJGYGPZNTOPXGV-UHFFFAOYSA-N	CC(=O)OC1C=CC2C3Cc4ccc(O)c5c4C2(CCN3C)C1O5	ok	CC(=O)OC1C=CC2C3Cc4ccc(O)c5c4C2(CCN3C)C1O5	JJGYGPZNTOPXGV-UHFFFAOYSA-N	C19H21NO4
development	JKKGTSUICJWEKB-UHFFFAOYSA-N	CCC=CCCOC(=O)C(C)CC	ok	CCC=CCCOC(=O)C(C)CC	JKKGTSUICJWEKB-UHFFFAOYSA-N	C11H20O2
development	JKQXZKUSFCKOGQ-UHFFFAOYSA-N	CC(C=CC=C(C)C=CC1=C(C)CC(O)CC1(C)C)=CC=CC=C(C)C=CC=C(C)C=CC1=C(C)CC(O)CC1(C)C	ok	CC(C=CC=C(C)C=CC1=C(C)CC(O)CC1(C)C)=CC=CC=C(C)C=CC=C(C)C=CC1=C(C)CC(O)CC1(C)C	JKQXZKUSFCKOGQ-UHFFFAOYSA-N	C40H56O2
development	JLDWWSSQBYGULG-UHFFFAOYSA-N	CC(C)(OC1OC(CO)C(O)C(O)C1O)C1CC=C(CO)CC1	ok	CC(C)(OC1OC(CO)C(O)C(O)C1O)C1CC=C(CO)CC1	JLDWWSSQBYGULG-UHFFFAOYSA-N	C16H28O7
development	JLFOTJPFBATTLK-UHFFFAOYSA-N	CC(C=CC=C(C)C1C=C2C(C)(C)CCCC2(C)O1)=CC=CC=C(C)C=CC=C(C)C1C=C2C(C)(C)CCCC2(C)O1	ok	CC(C=CC=C(C)C1C=C2C(C)(C)CCCC2(C)O1)=CC=CC=C(C)C=CC=C(C)C1C=C2C(C)(C)CCCC2(C)O1	JLFOTJPFBATTLK-UHFFFAOYSA-N	C40H56O2
development	JLKIGFTWXXRPMT-UHFFFAOYSA-N	Cc1cc(NS(=O)(=O)c2ccc(N)cc2)no1	ok	Cc1cc(NS(=O)(=O)c2ccc(N)cc2)no1	JLKIGFTWXXRPMT-UHFFFAOYSA-N	C10H11N3O3S
development	JLRGJRBPOGGCBT-UHFFFAOYSA-N	CCCCNC(=O)NS(=O)(=O)c1ccc(C)cc1	ok	CCCCNC(=O)NS(=O)(=O)c1ccc(C)cc1	JLRGJRBPOGGCBT-UHFFFAOYSA-N	C12H18N2O3S
development	JLWXUZXYUMVXPU-UHFFFAOYSA-N	C=C1CCC2(CO)C(O)CC3(C)C(CCC4C5(C)CCC(O)C(C)(C)C5CCC43C)C2C1C	ok	C=C1CCC2(CO)C(O)CC3(C)C(CCC4C5(C)CCC(O)C(C)(C)C5CCC43C)C2C1C	JLWXUZXYUMVXPU-UHFFFAOYSA-N	C30H50O3
development	JMFNGSBVJBPGQR-UHFFFAOYSA-N	COC(=O)C=CC(C)=CC=CC(C)=CC=CC=C(C)C=CC=C(C)C=O	ok	COC(=O)C=CC(C)=CC=CC(C)=CC=CC=C(C)C=CC=C(C)C=O	JMFNGSBVJBPGQR-UHFFFAOYSA-N	C23H28O3
development	JMHLBSSARRMERO-UHFFFAOYSA-N	CC1OC(OC2CCC3(C)C(CCC4C3CCC3(C)C(c5coc(O)c5)CCC43O)C2)CC(O)C1OC1OC(COC2OC(CO)C(O)C(O)C2O)C(O)C(O)C1O	ok	CC1OC(OC2CCC3(C)C(CCC4C3CCC3(C)C(c5coc(O)c5)CCC43O)C2)CC(O)C1OC1OC(COC2OC(CO)C(O)C(O)C2O)C(O)C(O)C1O	JMHLBSSARRMERO-UHFFFAOYSA-N	C41H64O17
development	JMWCPXJWKKIWQK-UHFFFAOYSA-N	CC1=CC(c2c(O)ccc(C(=O)C=Cc3ccc(O)cc3O)c2O)C(C(=O)c2ccc(O)c(C=CC(C)C)c2O)C(c2ccc(O)cc2O)C1	tautomer_MaxTautomersReached			C40H38O10
development	JMZOMFYRADAWOG-UHFFFAOYSA-N	COC(=O)c1cc(OC)c2c(c1-c1c(C(=O)OC)cc(OC)c3c1OCO3)OCO2	ok	COC(=O)c1cc(OC)c2c(c1-c1c(C(=O)OC)cc(OC)c3c1OCO3)OCO2	JMZOMFYRADAWOG-UHFFFAOYSA-N	C20H18O10
development	JNGQUJZDVFZPEN-UHFFFAOYSA-N	Cc1cc(NC(=O)NC(=O)c2ccccc2N(C)C)ccc1Oc1ncc(Br)cn1	ok	Cc1cc(NC(=O)NC(=O)c2ccccc2N(C)C)ccc1Oc1ncc(Br)cn1	JNGQUJZDVFZPEN-UHFFFAOYSA-N	C21H20BrN5O3
development	JNTHRSHGARDABO-UHFFFAOYSA-N	c1ccc2c(c1)cc1ccc3cccc4c5ccccc5c2c1c34	ok	c1ccc2c(c1)cc1ccc3cccc4c5ccccc5c2c1c34	JNTHRSHGARDABO-UHFFFAOYSA-N	C24H14
development	JNUGGJHCMRWUDV-UHFFFAOYSA-N	NC(CC[S+]([O-])CC(N)C(=O)O)C(=O)O	ok	NC(CC[S+]([O-])CC(N)C(=O)O)C(=O)O	JNUGGJHCMRWUDV-UHFFFAOYSA-N	C7H14N2O5S
development	JOFWLTCLBGQGBO-UHFFFAOYSA-N	Cc1nnc2n1-c1ccc(Cl)cc1C(c1ccccc1Cl)=NC2	ok	Cc1nnc2n1-c1ccc(Cl)cc1C(c1ccccc1Cl)=NC2	JOFWLTCLBGQGBO-UHFFFAOYSA-N	C17H12Cl2N4
development	JOZKFWLRHCDGJA-UHFFFAOYSA-N	CC(=O)OCCC(C)CCC=C(C)C	ok	CC(=O)OCCC(C)CCC=C(C)C	JOZKFWLRHCDGJA-UHFFFAOYSA-N	C12H22O2
development	JPGQOUSTVILISH-UHFFFAOYSA-N	FC(F)OC(F)(F)C(F)Cl	ok	FC(F)OC(F)(F)C(F)Cl	JPGQOUSTVILISH-UHFFFAOYSA-N	C3H2ClF5O
development	JPQIKXKRKWQQOU-UHFFFAOYSA-N	CC1CCC2(OC1)OC1CC3C4CC(O)C5CC(OC6OC(CO)C(OC7OC(CO)C(O)C(OC8OCC(O)C(O)C8O)C7OC7OC(CO)C(O)C(OC8OC(CO)C(O)C(O)C8O)C7O)C(O)C6O)C(=O)CC5(C)C4CCC3(C)C1C2C	ok	CC1CCC2(OC1)OC1CC3C4CC(O)C5CC(OC6OC(CO)C(OC7OC(CO)C(O)C(OC8OCC(O)C(O)C8O)C7OC7OC(CO)C(O)C(OC8OC(CO)C(O)C(O)C8O)C7O)C(O)C6O)C(=O)CC5(C)C4CCC3(C)C1C2C	JPQIKXKRKWQQOU-UHFFFAOYSA-N	C56H90O29
development	JQWKHGNSUWEYOR-UHFFFAOYSA-N	O=C1OCC2OC(=O)c3cc(O)c(O)c(O)c3-c3c(O)c(O)c(O)c4c3C(=O)OC(C2OC(=O)c2cc(O)c(O)c(O)c2-c2c1cc(O)c(O)c2O)C1OC(=O)C2C4C(=O)C(=O)C23Oc2c(O)c4oc(=O)c5cc(O)c(O)c6oc(=O)c(c2C13)c4c65	tautomer_MaxTautomersReached			C54H28O32
development	JRXHHEVIGCDJBO-UHFFFAOYSA-N	C=C(C)C(C)CCC(C)C1CCC2(C)C3CCC4C(C)(C)C(OC(=O)CCCCCCCCCCCCCCC)CCC45CC35CCC12C	ok	C=C(C)C(C)CCC(C)C1CCC2(C)C3CCC4C(C)(C)C(OC(=O)CCCCCCCCCCCCCCC)CCC45CC35CCC12C	JRXHHEVIGCDJBO-UHFFFAOYSA-N	C47H82O2
development	JSJMNXVHBCPZCJ-UHFFFAOYSA-N	CC(C=O)C1CCC2(C)C3CC=C4C(CCC(OC5OC(COC6OC(CO)C(O)C(O)C6O)C(O)C(O)C5O)C4(C)C)C3(C)CCC12C	ok	CC(C=O)C1CCC2(C)C3CC=C4C(CCC(OC5OC(COC6OC(CO)C(O)C(O)C6O)C(O)C(O)C5O)C4(C)C)C3(C)CCC12C	JSJMNXVHBCPZCJ-UHFFFAOYSA-N	C37H60O12
development	JSNVJPLVHIOLEM-UHFFFAOYSA-N	C=C1CCC2C(C)(C)CCCC2(C)C1CC=C(C)CC(=O)O	ok	C=C1CCC2C(C)(C)CCCC2(C)C1CC=C(C)CC(=O)O	JSNVJPLVHIOLEM-UHFFFAOYSA-N	C20H32O2
development	JTAGHJPZEDNHHA-UHFFFAOYSA-N	CNC(=O)c1cccc(NCC(=O)NCCc2ccc(OC)c(OC)c2)c1	ok	CNC(=O)c1cccc(NCC(=O)NCCc2ccc(OC)c(OC)c2)c1	JTAGHJPZEDNHHA-UHFFFAOYSA-N	C20H25N3O4
development	JTEJPPKMYBDEMY-UHFFFAOYSA-N	COc1ccc2[nH]cc(CCN)c2c1	ok	COc1ccc2[nH]cc(CCN)c2c1	JTEJPPKMYBDEMY-UHFFFAOYSA-N	C11H14N2O
development	JTJMJGYZQZDUJJ-UHFFFAOYSA-N	c1ccc(C2(N3CCCCC3)CCCCC2)cc1	ok	c1ccc(C2(N3CCCCC3)CCCCC2)cc1	JTJMJGYZQZDUJJ-UHFFFAOYSA-N	C17H25N
development	JTWMBPZRYBLNNG-UHFFFAOYSA-N	COc1ccc2c(CN)cc(=O)oc2c1	ok	COc1ccc2c(CN)cc(=O)oc2c1	JTWMBPZRYBLNNG-UHFFFAOYSA-N	C11H11NO3
development	JURKNVYFZMSNLP-UHFFFAOYSA-N	CN(C)CCC=C1c2ccccc2C=Cc2ccccc21	ok	CN(C)CCC=C1c2ccccc2C=Cc2ccccc21	JURKNVYFZMSNLP-UHFFFAOYSA-N	C20H21N
development	JUVIOZPCNVVQFO-UHFFFAOYSA-N	C=C(C)C1Cc2c(ccc3c2OC2COc4cc(OC)c(OC)cc4C2C3=O)O1	ok	C=C(C)C1Cc2c(ccc3c2OC2COc4cc(OC)c(OC)cc4C2C3=O)O1	JUVIOZPCNVVQFO-UHFFFAOYSA-N	C23H22O6
development	JWHAUXFOSRPERK-UHFFFAOYSA-N	CCCNCC(O)COc1ccccc1C(=O)CCc1ccccc1	ok	CCCNCC(O)COc1ccccc1C(=O)CCc1ccccc1	JWHAUXFOSRPERK-UHFFFAOYSA-N	C21H27NO3
development	JWMFYGXQPXQEEM-UHFFFAOYSA-N	CCC1CCC2C3CCC4CCCCC4(C)C3CCC12C	ok	CCC1CCC2C3CCC4CCCCC4(C)C3CCC12C	JWMFYGXQPXQEEM-UHFFFAOYSA-N	C21H36
development	JWPGJSVJDAJRLW-UHFFFAOYSA-N	N=C(N)N1CCc2ccccc2C1	ok	N=C(N)N1CCc2ccccc2C1	JWPGJSVJDAJRLW-UHFFFAOYSA-N	C10H13N3
development	JXHJNEJVUNHLKO-UHFFFAOYSA-N	CCCSP(=S)(OCC)Oc1ccc(SC)cc1	ok	CCCSP(=S)(OCC)Oc1ccc(SC)cc1	JXHJNEJVUNHLKO-UHFFFAOYSA-N	C12H19O2PS3
development	JXSJBGJIGXNWCI-UHFFFAOYSA-N	CCOC(=O)CC(SP(=S)(OC)OC)C(=O)OCC	ok	CCOC(=O)CC(SP(=S)(OC)OC)C(=O)OCC	JXSJBGJIGXNWCI-UHFFFAOYSA-N	C10H19O6PS2
development	JYGXADMDTFJGBT-UHFFFAOYSA-N	CC12CCC(=O)C=C1CCC1C2C(O)CC2(C)C1CCC2(O)C(=O)CO	ok	CC12CCC(=O)C=C1CCC1C2C(O)CC2(C)C1CCC2(O)C(=O)CO	JYGXADMDTFJGBT-UHFFFAOYSA-N	C21H30O5
development	JYKQEJLWLRMCRC-UHFFFAOYSA-N	COC1OC23C=CC4C1(CCC1(C)C(C(C)CC=CC(C)(C)OC)CCC41C)C2CCC(OC1OC(CO)C(O)C(O)C1O)C3(C)C	ok	COC1OC23C=CC4C1(CCC1(C)C(C(C)CC=CC(C)(C)OC)CCC41C)C2CCC(OC1OC(CO)C(O)C(O)C1O)C3(C)C	JYKQEJLWLRMCRC-UHFFFAOYSA-N	C38H62O9
development	JYRSMGIIEWZYRJ-UHFFFAOYSA-N	CC1(C)CCC2(C(=O)OC3OC(CO)C(O)C(O)C3O)CCC3(C)C(=CCC4C5(C)CCC(OC6OC(C(=O)O)C7OC(O)(C(=O)O)C(OCC(=O)O)OC7C6O)C(C)(CO)C5CCC43C)C2C1	ok	CC1(C)CCC2(C(=O)OC3OC(CO)C(O)C(O)C3O)CCC3(C)C(=CCC4C5(C)CCC(OC6OC(C(=O)O)C7OC(O)(C(=O)O)C(OCC(=O)O)OC7C6O)C(C)(CO)C5CCC43C)C2C1	JYRSMGIIEWZYRJ-UHFFFAOYSA-N	C47H70O21
development	JYRXPFCUABYLPD-UHFFFAOYSA-N	CCN(CC)C(=S)SC	ok	CCN(CC)C(=S)SC	JYRXPFCUABYLPD-UHFFFAOYSA-N	C6H13NS2
development	JZNZSKXIEDHOBD-UHFFFAOYSA-N	O=C(O)CN1CCN(CC(=O)O)CCN(C(CO)C(O)CO)CCN(CC(=O)O)CC1	ok	O=C(O)CN1CCN(CC(=O)O)CCN(C(CO)C(O)CO)CCN(CC(=O)O)CC1	JZNZSKXIEDHOBD-UHFFFAOYSA-N	C18H34N4O9
development	JZOYFBPIEHCDFV-UHFFFAOYSA-N	NC(=O)CCC(N)C(=O)NC(Cc1c[nH]cn1)C(=O)O	ok	NC(=O)CCC(N)C(=O)NC(Cc1c[nH]cn1)C(=O)O	JZOYFBPIEHCDFV-UHFFFAOYSA-N	C11H17N5O4
development	JZQHTTYHPIAPCZ-UHFFFAOYSA-N	C=C(C)C1CO1	ok	C=C(C)C1CO1	JZQHTTYHPIAPCZ-UHFFFAOYSA-N	C5H8O
development	JZVFJDZBLUFKCA-UHFFFAOYSA-N	CCC(C=CC(C)C1CCC2C3=CCC4CC(O)CCC4(C)C3CCC21C)C(C)C	ok	CCC(C=CC(C)C1CCC2C3=CCC4CC(O)CCC4(C)C3CCC21C)C(C)C	JZVFJDZBLUFKCA-UHFFFAOYSA-N	C29H48O
development	KAKZBPTYRLMSJV-UHFFFAOYSA-N	C=CC=C	ok	C=CC=C	KAKZBPTYRLMSJV-UHFFFAOYSA-N	C4H6
development	KANJSNBRCNMZMV-UHFFFAOYSA-N	COC1OC(COS(=O)(=O)O)C(OC2OC(C(=O)O)C(OC3OC(COS(=O)(=O)O)C(OC4OC(C(=O)O)C(OC5OC(COS(=O)(=O)O)C(O)C(O)C5NS(=O)(=O)O)C(O)C4O)C(OS(=O)(=O)O)C3NS(=O)(=O)O)C(O)C2OS(=O)(=O)O)C(O)C1NS(=O)(=O)O	ok	COC1OC(COS(=O)(=O)O)C(OC2OC(C(=O)O)C(OC3OC(COS(=O)(=O)O)C(OC4OC(C(=O)O)C(OC5OC(COS(=O)(=O)O)C(O)C(O)C5NS(=O)(=O)O)C(O)C4O)C(OS(=O)(=O)O)C3NS(=O)(=O)O)C(O)C2OS(=O)(=O)O)C(O)C1NS(=O)(=O)O	KANJSNBRCNMZMV-UHFFFAOYSA-N	C31H53N3O49S8
development	KAOLEMQCYWHOJQ-UHFFFAOYSA-N	CC(CCCC(CO)COS(=O)(=O)O)C1CCC2C3C(O)CC4CC(O)CCC4(C)C3CC(O)C12C	ok	CC(CCCC(CO)COS(=O)(=O)O)C1CCC2C3C(O)CC4CC(O)CCC4(C)C3CC(O)C12C	KAOLEMQCYWHOJQ-UHFFFAOYSA-N	C27H48O8S
development	KATOYYZUTNAWSA-UHFFFAOYSA-N	CCCCCC=CCC=CCC(O)C=CC=CCCCC(=O)O	ok	CCCCCC=CCC=CCC(O)C=CC=CCCCC(=O)O	KATOYYZUTNAWSA-UHFFFAOYSA-N	C20H32O3
development	KBAWROUEVCJHAG-UHFFFAOYSA-N	C=CCC1=CC(C)CC(C)CC(OC)C(O)C2CC(C)C(O)(O2)C(=O)C(=O)N2CCCCC2C(=O)OC(C(C)=CC2CCC(O)C(OC)C2)C(C)C(O)CC1=O	ok	C=CCC1=CC(C)CC(C)CC(OC)C(O)C2CC(C)C(O)(O2)C(=O)C(=O)N2CCCCC2C(=O)OC(C(C)=CC2CCC(O)C(OC)C2)C(C)C(O)CC1=O	KBAWROUEVCJHAG-UHFFFAOYSA-N	C43H67NO12
development	KBDSLGBFQAGHBE-UHFFFAOYSA-N	CC1(C)OC2CC(=O)OCC23C1CC(=O)C1(C)C3CCC2(C)C(c3ccoc3)OC(=O)C3OC321	ok	CC1(C)OC2CC(=O)OCC23C1CC(=O)C1(C)C3CCC2(C)C(c3ccoc3)OC(=O)C3OC321	KBDSLGBFQAGHBE-UHFFFAOYSA-N	C26H30O8
development	KBEZZLAAKIIPFK-UHFFFAOYSA-N	Cc1ccc2c(c1)C13CCCCC1C(C2)N(C)CC3	ok	Cc1ccc2c(c1)C13CCCCC1C(C2)N(C)CC3	KBEZZLAAKIIPFK-UHFFFAOYSA-N	C18H25N
development	KCTDZLVBGWXNSQ-UHFFFAOYSA-N	CCCCCCC(=O)CCO	ok	CCCCCCC(=O)CCO	KCTDZLVBGWXNSQ-UHFFFAOYSA-N	C9H18O2
development	KDBWUCIHUALFON-UHFFFAOYSA-N	COC1=CC(=O)c2cc(C)cc(O)c2C1=O	ok	COC1=CC(=O)c2cc(C)cc(O)c2C1=O	KDBWUCIHUALFON-UHFFFAOYSA-N	C12H10O4
development	KDCGOANMDULRCW-UHFFFAOYSA-N	c1ncc2[nH]cnc2n1	ok	c1ncc2[nH]cnc2n1	KDCGOANMDULRCW-UHFFFAOYSA-N	C5H4N4
development	KDLRVYVGXIQJDK-UHFFFAOYSA-N	CCCC1CC(C(=O)NC(C(C)Cl)C2OC(SC)C(O)C(O)C2O)N(C)C1	ok	CCCC1CC(C(=O)NC(C(C)Cl)C2OC(SC)C(O)C(O)C2O)N(C)C1	KDLRVYVGXIQJDK-UHFFFAOYSA-N	C18H33ClN2O5S
development	KDRHBRBDBYKMFS-UHFFFAOYSA-N	CC1CCC2(OC1)OC1CC3C4CC=C5CC(OC6OC(CO)C(OC7OC(C)C(O)C(O)C7O)C(O)C6OC6OC(C)C(O)C(O)C6O)C(O)CC5(C)C4CCC3(C)C1C2C	ok	CC1CCC2(OC1)OC1CC3C4CC=C5CC(OC6OC(CO)C(OC7OC(C)C(O)C(O)C7O)C(O)C6OC6OC(C)C(O)C(O)C6O)C(O)CC5(C)C4CCC3(C)C1C2C	KDRHBRBDBYKMFS-UHFFFAOYSA-N	C45H72O17
development	KDVOULUCGQGVQH-UHFFFAOYSA-N	CC=CC=CC#CC=CCCCCCCCCC(=O)O	ok	CC=CC=CC#CC=CCCCCCCCCC(=O)O	KDVOULUCGQGVQH-UHFFFAOYSA-N	C18H26O2
development	KDXNYSZNOWTPLE-UHFFFAOYSA-N	COc1ccc2c(c1)Oc1cc(O)ccc1C21OC(=O)c2ccccc21	ok	COc1ccc2c(c1)Oc1cc(O)ccc1C21OC(=O)c2ccccc21	KDXNYSZNOWTPLE-UHFFFAOYSA-N	C21H14O5
development	KESLVCKDQOQELG-UHFFFAOYSA-N	CCCCCCCCCCCCCCCCCCCCCC(=O)OC1CCC2(C)C(=CCC3C2CCC2(C)C(C(C)CCC(CC)C(C)C)CCC32)C1	ok	CCCCCCCCCCCCCCCCCCCCCC(=O)OC1CCC2(C)C(=CCC3C2CCC2(C)C(C(C)CCC(CC)C(C)C)CCC32)C1	KESLVCKDQOQELG-UHFFFAOYSA-N	C51H92O2
development	KEWUFEUQBHLPEX-UHFFFAOYSA-N	CC1=C(COC2OC(CO)C(O)C(O)C2O)C(C)(C)CC(=O)C1	ok	CC1=C(COC2OC(CO)C(O)C(O)C2O)C(C)(C)CC(=O)C1	KEWUFEUQBHLPEX-UHFFFAOYSA-N	C16H26O7
development	KFSMYZHQQKRKMN-UHFFFAOYSA-N	CC1OC(OC2C(O)CC(OC3C(O)CC(OC4CCC5(C)C(CCC6C5CCC5(C)C(c7coc(O)c7)CCC65O)C4)OC3C)OC2C)CC(O)C1O	ok	CC1OC(OC2C(O)CC(OC3C(O)CC(OC4CCC5(C)C(CCC6C5CCC5(C)C(c7coc(O)c7)CCC65O)C4)OC3C)OC2C)CC(O)C1O	KFSMYZHQQKRKMN-UHFFFAOYSA-N	C41H64O13
development	KGQZGCIVHYLPBH-UHFFFAOYSA-N	Cc1nc2c(=O)n(C)c(=O)n(Cc3ccco3)c2[nH]1	ok	Cc1nc2c(=O)n(C)c(=O)n(Cc3ccco3)c2[nH]1	KGQZGCIVHYLPBH-UHFFFAOYSA-N	C12H12N4O3
development	KGUMXGDKXYTTEY-UHFFFAOYSA-N	CC(C=CC1=C(C)C(O)CCC1(C)C)=CC=CC(C)=CC(=O)O	ok	CC(C=CC1=C(C)C(O)CCC1(C)C)=CC=CC(C)=CC(=O)O	KGUMXGDKXYTTEY-UHFFFAOYSA-N	C20H28O3
development	KHCGLDOOFYZQKU-UHFFFAOYSA-N	C=C(C)CCCC(C)CCOC(=O)C(C)C	ok	C=C(C)CCCC(C)CCOC(=O)C(C)C	KHCGLDOOFYZQKU-UHFFFAOYSA-N	C14H26O2
development	KHPKQFYUPIUARC-UHFFFAOYSA-N	Cc1ccc(Nc2c(F)cccc2Cl)c(CC(=O)O)c1	ok	Cc1ccc(Nc2c(F)cccc2Cl)c(CC(=O)O)c1	KHPKQFYUPIUARC-UHFFFAOYSA-N	C15H13ClFNO2
development	KIVUHCNVDWYUNP-UHFFFAOYSA-N	Nc1cc2c3ccccc3ccc2c2ccccc12	ok	Nc1cc2c3ccccc3ccc2c2ccccc12	KIVUHCNVDWYUNP-UHFFFAOYSA-N	C18H13N
development	KIVUUVOREYMMFE-UHFFFAOYSA-N	c1ccc2c(c1)-c1nccc3ccnc-2c13	ok	c1ccc2c(c1)-c1nccc3ccnc-2c13	KIVUUVOREYMMFE-UHFFFAOYSA-N	C14H8N2
development	KIWQWJKWBHZMDT-UHFFFAOYSA-N	NC1CCSC1=O	ok	NC1CCSC1=O	KIWQWJKWBHZMDT-UHFFFAOYSA-N	C4H7NOS
development	KJDGFQJCHFJTRH-UHFFFAOYSA-N	CC12CCC3c4ccc(O)cc4CCC3C1CC(=O)C2O	ok	CC12CCC3c4ccc(O)cc4CCC3C1CC(=O)C2O	KJDGFQJCHFJTRH-UHFFFAOYSA-N	C18H22O3
development	KJHKTHWMRKYKJE-UHFFFAOYSA-N	Cc1cccc(C)c1OCC(=O)NC(Cc1ccccc1)C(O)CC(Cc1ccccc1)NC(=O)C(C(C)C)N1CCCNC1=O	ok	Cc1cccc(C)c1OCC(=O)NC(Cc1ccccc1)C(O)CC(Cc1ccccc1)NC(=O)C(C(C)C)N1CCCNC1=O	KJHKTHWMRKYKJE-UHFFFAOYSA-N	C37H48N4O5
development	KJMLJDPUBIPIQM-UHFFFAOYSA-N	CCCCCn1c(=O)c2c(ncn2C)n(C)c1=O	ok	CCCCCn1c(=O)c2c(ncn2C)n(C)c1=O	KJMLJDPUBIPIQM-UHFFFAOYSA-N	C12H18N4O2
development	KKIMDKMETPPURN-UHFFFAOYSA-N	FC(F)(F)c1cccc(N2CCNCC2)c1	ok	FC(F)(F)c1cccc(N2CCNCC2)c1	KKIMDKMETPPURN-UHFFFAOYSA-N	C11H13F3N2
development	KLAONOISLHWJEE-UHFFFAOYSA-N	NC(=O)CCC(NC(=O)C(N)Cc1ccccc1)C(=O)O	ok	NC(=O)CCC(NC(=O)C(N)Cc1ccccc1)C(=O)O	KLAONOISLHWJEE-UHFFFAOYSA-N	C14H19N3O4
development	KLBQZWRITKRQQV-UHFFFAOYSA-N	CSc1ccc2c(c1)N(CCC1CCCCN1C)c1ccccc1S2	ok	CSc1ccc2c(c1)N(CCC1CCCCN1C)c1ccccc1S2	KLBQZWRITKRQQV-UHFFFAOYSA-N	C21H26N2S2
development	KLLGGGQNRTVBSU-UHFFFAOYSA-N	CCC=CCC(O)C=CC=CCCCCCCCC(=O)O	ok	CCC=CCC(O)C=CC=CCCCCCCCC(=O)O	KLLGGGQNRTVBSU-UHFFFAOYSA-N	C18H30O3
development	KLPQJJKXRIDASJ-UHFFFAOYSA-N	CCN=c1ncn(Cc2ccc(OC)c(OC3CCCC3)c2)c2[nH]c(C(C)C)nc12	ok	CCN=c1ncn(Cc2ccc(OC)c(OC3CCCC3)c2)c2[nH]c(C(C)C)nc12	KLPQJJKXRIDASJ-UHFFFAOYSA-N	C23H31N5O2
development	KMNHUMOKTYWYNP-UHFFFAOYSA-N	CC1=C(CCC(C)OC2OC(CO)C(O)C(O)C2O)C(C)(C)CC(=O)C1	ok	CC1=C(CCC(C)OC2OC(CO)C(O)C(O)C2O)C(C)(C)CC(=O)C1	KMNHUMOKTYWYNP-UHFFFAOYSA-N	C19H32O7
development	KMQGFEBCBYXSPZ-UHFFFAOYSA-N	CCCCCC(=O)C=CC=CC=CC=CC(O)C(O)CCCC(=O)O	ok	CCCCCC(=O)C=CC=CC=CC=CC(O)C(O)CCCC(=O)O	KMQGFEBCBYXSPZ-UHFFFAOYSA-N	C20H30O5
development	KNCZYJAUVPNGON-UHFFFAOYSA-N	CCC1C2CCN3CCC4(c5cccc(OC)c5N(C(C)=O)C4C2)C13	ok	CCC1C2CCN3CCC4(c5cccc(OC)c5N(C(C)=O)C4C2)C13	KNCZYJAUVPNGON-UHFFFAOYSA-N	C21H28N2O2
development	KNGXENHWYNLKBU-UHFFFAOYSA-N	NC(=O)c1c(Cl)c(-c2cccnc2)n2c1CCCC2	ok	NC(=O)c1c(Cl)c(-c2cccnc2)n2c1CCCC2	KNGXENHWYNLKBU-UHFFFAOYSA-N	C14H14ClN3O
development	KNHGELGZIJONEB-UHFFFAOYSA-N	CN1CCC23C4=CCC(=O)C2Oc2c(O)ccc(c23)CC41	ok	CN1CCC23C4=CCC(=O)C2Oc2c(O)ccc(c23)CC41	KNHGELGZIJONEB-UHFFFAOYSA-N	C17H17NO3
development	KNVADAPHVNKTEP-UHFFFAOYSA-N	CC(CCC(=O)O)C1CCC2C3C(O)CC4CC(=O)CCC4(C)C3CCC12C	ok	CC(CCC(=O)O)C1CCC2C3C(O)CC4CC(=O)CCC4(C)C3CCC12C	KNVADAPHVNKTEP-UHFFFAOYSA-N	C24H38O4
development	KNYYMGDYROYBRE-UHFFFAOYSA-N	COc1ccc2nc3ccc(=O)cc-3oc2c1	ok	COc1ccc2nc3ccc(=O)cc-3oc2c1	KNYYMGDYROYBRE-UHFFFAOYSA-N	C13H9NO3
development	KOQURIVQVVRBPL-UHFFFAOYSA-N	CCC(=O)OC1CC(=O)OC(C)CC=CC=CC(O)C(C)CC(CC=O)C(OC2OC(C)C(OC3CC(C)(O)C(OC(C)=O)C(C)O3)C(N(C)C)C2O)C1OC	ok	CCC(=O)OC1CC(=O)OC(C)CC=CC=CC(O)C(C)CC(CC=O)C(OC2OC(C)C(OC3CC(C)(O)C(OC(C)=O)C(C)O3)C(N(C)C)C2O)C1OC	KOQURIVQVVRBPL-UHFFFAOYSA-N	C40H65NO15
development	KPRTURMJVWXURQ-UHFFFAOYSA-N	CCOP(=O)(Cc1ccc(C(=O)Nc2ccc(Br)cc2C#N)cc1)OCC	ok	CCOP(=O)(Cc1ccc(C(=O)Nc2ccc(Br)cc2C#N)cc1)OCC	KPRTURMJVWXURQ-UHFFFAOYSA-N	C19H20BrN2O4P
development	KPWVHHMGDZAYJJ-UHFFFAOYSA-N	CCCCCCCCCCCCCCCCCCCCCC(=O)NC(COC1OC(CO)C(OC2OC(CO)C(OC3OC(CO)C(O)C(O)C3CC(C)=O)C(OC3(C(=O)O)CC(O)C(NC(C)=O)C(C(O)C(CO)OC4(C(=O)O)CC(O)C(NC(C)=O)C(C(O)C(CO)OC5(C(=O)O)CC(O)C(NC(C)=O)C(C(O)C(O)CO)O5)O4)O3)C2O)C(O)C1O)C(O)CCCCCCCCCCCCCCC	ok	CCCCCCCCCCCCCCCCCCCCCC(=O)NC(COC1OC(CO)C(OC2OC(CO)C(OC3OC(CO)C(O)C(O)C3CC(C)=O)C(OC3(C(=O)O)CC(O)C(NC(C)=O)C(C(O)C(CO)OC4(C(=O)O)CC(O)C(NC(C)=O)C(C(O)C(CO)OC5(C(=O)O)CC(O)C(NC(C)=O)C(C(O)C(O)CO)O5)O4)O3)C2O)C(O)C1O)C(O)CCCCCCCCCCCCCCC	KPWVHHMGDZAYJJ-UHFFFAOYSA-N	C94H166N4O42
development	KQPYUDDGWXQXHS-UHFFFAOYSA-N	O=C1C=CC(=O)c2c(O)cccc21	ok	O=C1C=CC(=O)c2c(O)cccc21	KQPYUDDGWXQXHS-UHFFFAOYSA-N	C10H6O3
development	KRHPBWNETCEFGS-UHFFFAOYSA-N	Cc1ccc(S(=O)(=O)N(C)c2ccnn2-c2ccccc2)cc1	ok	Cc1ccc(S(=O)(=O)N(C)c2ccnn2-c2ccccc2)cc1	KRHPBWNETCEFGS-UHFFFAOYSA-N	C17H17N3O2S
development	KRMDCWKBEZIMAB-UHFFFAOYSA-N	CN(C)CCC=C1c2ccccc2CCc2ccccc21	ok	CN(C)CCC=C1c2ccccc2CCc2ccccc21	KRMDCWKBEZIMAB-UHFFFAOYSA-N	C20H23N
development	KRPZTCZJBVPGEM-UHFFFAOYSA-N	C=C1C=CC(C(C)CC(O)C=C(C)C)CC1	ok	C=C1C=CC(C(C)CC(O)C=C(C)C)CC1	KRPZTCZJBVPGEM-UHFFFAOYSA-N	C15H24O
development	KRWMERLEINMZFT-UHFFFAOYSA-N	Nc1nc(OCc2ccccc2)c2[nH]cnc2n1	ok	Nc1nc(OCc2ccccc2)c2[nH]cnc2n1	KRWMERLEINMZFT-UHFFFAOYSA-N	C12H11N5O
development	KSFCDINBDBFFSI-UHFFFAOYSA-N	CCCCCN(C)N=O	ok	CCCCCN(C)N=O	KSFCDINBDBFFSI-UHFFFAOYSA-N	C6H14N2O
development	KSLXEOVMWLSIDW-UHFFFAOYSA-N	O=C(OCC1OC(c2c(O)cc(O)c(C(=O)c3ccc(O)cc3)c2O)C(OC(=O)c2cc(O)c(O)c(O)c2)C(O)C1O)c1cc(O)c(O)c(O)c1	tautomer_MaxTransformsReached			C33H28O18
development	KSWPGVNFLOBEBO-UHFFFAOYSA-N	COc1cc2c(CCN3CCN(c4cccc(Cl)c4C)CC3)nn(Cc3c[nH]cn3)c2cc1OC	ok	COc1cc2c(CCN3CCN(c4cccc(Cl)c4C)CC3)nn(Cc3c[nH]cn3)c2cc1OC	KSWPGVNFLOBEBO-UHFFFAOYSA-N	C26H31ClN6O2
development	KTGFOCFYOZQVRJ-UHFFFAOYSA-N	CCC(C)C(N)C(=O)NC(CCC(=O)O)C(=O)O	ok	CCC(C)C(N)C(=O)NC(CCC(=O)O)C(=O)O	KTGFOCFYOZQVRJ-UHFFFAOYSA-N	C11H20N2O5
development	KTUFNOKKBVMGRW-UHFFFAOYSA-N	Cc1ccc(NC(=O)c2ccc(CN3CCN(C)CC3)cc2)cc1Nc1nccc(-c2cccnc2)n1	ok	Cc1ccc(NC(=O)c2ccc(CN3CCN(C)CC3)cc2)cc1Nc1nccc(-c2cccnc2)n1	KTUFNOKKBVMGRW-UHFFFAOYSA-N	C29H31N7O
development	KUMXLFIBWFCMOJ-UHFFFAOYSA-N	CCCC(C)(C)CC	ok	CCCC(C)(C)CC	KUMXLFIBWFCMOJ-UHFFFAOYSA-N	C8H18
development	KUTVNHOAKHJJFL-UHFFFAOYSA-N	Oc1ccc(C2Oc3cc(O)cc4c3C2c2cc(O)cc3c2C(c2cc(O)cc5c2C4C(c2ccc(O)cc2)O5)C(c2ccc(O)cc2)O3)cc1	tautomer_MaxTransformsReached			C42H30O9
development	KUYNOZVWCFXSNE-UHFFFAOYSA-N	O=C(O)C1OC(Oc2c[nH]c3ccccc23)C(O)C(O)C1O	ok	O=C(O)C1OC(Oc2c[nH]c3ccccc23)C(O)C(O)C1O	KUYNOZVWCFXSNE-UHFFFAOYSA-N	C14H15NO7
development	KVWDHTXUZHCGIO-UHFFFAOYSA-N	Cc1cc2c(s1)Nc1ccccc1N=C2N1CCN(C)CC1	ok	Cc1cc2c(s1)Nc1ccccc1N=C2N1CCN(C)CC1	KVWDHTXUZHCGIO-UHFFFAOYSA-N	C17H20N4S
development	KVXIRQZWCOAYRD-UHFFFAOYSA-N	CCCCCCCCCCC=CCCCC(=O)O	ok	CCCCCCCCCCC=CCCCC(=O)O	KVXIRQZWCOAYRD-UHFFFAOYSA-N	C16H30O2
development	KWEMUXODTDSRRP-UHFFFAOYSA-N	COc1cc([N+](=O)[O-])ccc1NN=C(C(C)=O)C(=O)Nc1ccccc1OC	ok	COc1cc([N+](=O)[O-])ccc1NN=C(C(C)=O)C(=O)Nc1ccccc1OC	KWEMUXODTDSRRP-UHFFFAOYSA-N	C18H18N4O6
development	KWTSXDURSIMDCE-UHFFFAOYSA-N	CC(N)Cc1ccccc1	ok	CC(N)Cc1ccccc1	KWTSXDURSIMDCE-UHFFFAOYSA-N	C9H13N
development	KXGVEGMKQFWNSR-UHFFFAOYSA-N	CC(CCC(=O)O)C1CCC2C3CCC4CC(O)CCC4(C)C3CC(O)C12C	ok	CC(CCC(=O)O)C1CCC2C3CCC4CC(O)CCC4(C)C3CC(O)C12C	KXGVEGMKQFWNSR-UHFFFAOYSA-N	C24H40O4
development	KZLCJWAPSHZJTK-UHFFFAOYSA-N	CCC(C)C(N)C(=O)NC(C=O)C(O)O	ok	CCC(C)C(N)C(=O)NC(C=O)C(O)O	KZLCJWAPSHZJTK-UHFFFAOYSA-N	C9H18N2O4
development	KZNIFHPLKGYRTM-UHFFFAOYSA-N	O=c1cc(-c2ccc(O)cc2)oc2cc(O)cc(O)c12	ok	O=c1cc(-c2ccc(O)cc2)oc2cc(O)cc(O)c12	KZNIFHPLKGYRTM-UHFFFAOYSA-N	C15H10O5
development	LAHWLEDBADHJGA-UHFFFAOYSA-N	Clc1ccc(Cl)c(-c2cc(Cl)c(Cl)cc2Cl)c1	ok	Clc1ccc(Cl)c(-c2cc(Cl)c(Cl)cc2Cl)c1	LAHWLEDBADHJGA-UHFFFAOYSA-N	C12H5Cl5
development	LAJZFNUUUUJYJR-UHFFFAOYSA-N	CC1C2C(CC3C4CC=C5CC(O)CCC5(C)C4CCC32C)OC12CCC(O)(CO)CO2	ok	CC1C2C(CC3C4CC=C5CC(O)CCC5(C)C4CCC32C)OC12CCC(O)(CO)CO2	LAJZFNUUUUJYJR-UHFFFAOYSA-N	C27H42O5
development	LAYHAIBAHFCCKU-UHFFFAOYSA-N	Cc1occ(O)c1O	ok	Cc1occ(O)c1O	LAYHAIBAHFCCKU-UHFFFAOYSA-N	C5H6O3
development	LAZLDWXSSDNWRZ-UHFFFAOYSA-N	COC1C=COC2(C)Oc3c(C)c(=O)c4c(O)c(c5oc6cc(N7CCN(CC(C)C)CC7)cc(O)c6nc5c4c3C2=O)NC(=O)C(C)=CC=CC(C)C(O)C(C)C(O)C(C)C(OC(C)=O)C1C	tautomer_MaxTransformsReached			C51H64N4O13
development	LCCNCVORNKJIRZ-UHFFFAOYSA-N	CCOP(=S)(OCC)Oc1ccc([N+](=O)[O-])cc1	ok	CCOP(=S)(OCC)Oc1ccc([N+](=O)[O-])cc1	LCCNCVORNKJIRZ-UHFFFAOYSA-N	C10H14NO5PS
development	LCHFAYIGHOVWSA-UHFFFAOYSA-N	O=C(O)C1Cc2c([nH]c3ccccc23)C(C(O)C(O)C(O)C(O)CO)N1	ok	O=C(O)C1Cc2c([nH]c3ccccc23)C(C(O)C(O)C(O)C(O)CO)N1	LCHFAYIGHOVWSA-UHFFFAOYSA-N	C17H22N2O7
development	LCJHAHVVYAVVPA-UHFFFAOYSA-N	COc1cc(-c2cc3c(c(=O)o2)CC2(O)C(C)(CCC4(O)C(C)(C)C=CC(=O)C42C)O3)cc2c1OCO2	ok	COc1cc(-c2cc3c(c(=O)o2)CC2(O)C(C)(CCC4(O)C(C)(C)C=CC(=O)C42C)O3)cc2c1OCO2	LCJHAHVVYAVVPA-UHFFFAOYSA-N	C28H30O9
development	LCTONWCANYUPML-UHFFFAOYSA-N	CC(=O)C(=O)O	ok	CC(=O)C(=O)O	LCTONWCANYUPML-UHFFFAOYSA-N	C3H4O3
development	LCYXQUJDODZYIJ-UHFFFAOYSA-N	C=C1C(O)CC2CC1C2(C)C	ok	C=C1C(O)CC2CC1C2(C)C	LCYXQUJDODZYIJ-UHFFFAOYSA-N	C10H16O
development	LDHABSUGQVJQQW-UHFFFAOYSA-N	CC1=C(CC(NC(=O)CCC(N)C(=O)O)C(=O)O)C1	ok	CC1=C(CC(NC(=O)CCC(N)C(=O)O)C(=O)O)C1	LDHABSUGQVJQQW-UHFFFAOYSA-N	C12H18N2O5
development	LDMWSLGGVTVJPG-UHFFFAOYSA-N	Cc1cc(-c2ccccc2)nnc1NCCN1CCOCC1	ok	Cc1cc(-c2ccccc2)nnc1NCCN1CCOCC1	LDMWSLGGVTVJPG-UHFFFAOYSA-N	C17H22N4O
development	LDYVDKCSGKMMHS-UHFFFAOYSA-N	CC(Nc1cc(-c2[nH]c([S+](C)[O-])nc2-c2ccc(F)cc2)ccn1)c1ccccc1	ok	CC(Nc1cc(-c2[nH]c([S+](C)[O-])nc2-c2ccc(F)cc2)ccn1)c1ccccc1	LDYVDKCSGKMMHS-UHFFFAOYSA-N	C23H21FN4OS
development	LEBVLXFERQHONN-UHFFFAOYSA-N	CCCCN1CCCCC1C(=O)Nc1c(C)cccc1C	ok	CCCCN1CCCCC1C(=O)Nc1c(C)cccc1C	LEBVLXFERQHONN-UHFFFAOYSA-N	C18H28N2O
development	LEGGANXCVQPIAI-UHFFFAOYSA-N	CCCCC(C)CCC(=O)O	ok	CCCCC(C)CCC(=O)O	LEGGANXCVQPIAI-UHFFFAOYSA-N	C9H18O2
development	LEHOTFFKMJEONL-UHFFFAOYSA-N	O=c1[nH]c(=O)c2[nH]c(=O)[nH]c2[nH]1	ok	O=c1[nH]c(=O)c2[nH]c(=O)[nH]c2[nH]1	LEHOTFFKMJEONL-UHFFFAOYSA-N	C5H4N4O3
development	LESXFEZIFXFIQR-UHFFFAOYSA-N	CC(C)CC(N)C(=O)NCC(=O)O	ok	CC(C)CC(N)C(=O)NCC(=O)O	LESXFEZIFXFIQR-UHFFFAOYSA-N	C8H16N2O3
development	LFLJTCVAAOWHTD-UHFFFAOYSA-N	COC(=O)C1(C)C(OC(C)=O)CCC2(C)C1CCC1(C)C2C(=O)C=C2C3C(C)C(C)CCC3(C)CCC21C	ok	COC(=O)C1(C)C(OC(C)=O)CCC2(C)C1CCC1(C)C2C(=O)C=C2C3C(C)C(C)CCC3(C)CCC21C	LFLJTCVAAOWHTD-UHFFFAOYSA-N	C33H50O5
development	LFQSCWFLJHTTHZ-UHFFFAOYSA-N	CCO	ok	CCO	LFQSCWFLJHTTHZ-UHFFFAOYSA-N	C2H6O
development	LFYXNXGVLGKVCJ-UHFFFAOYSA-N	CC1(O)CC2CCC1(C)C2(C)C	ok	CC1(O)CC2CCC1(C)C2(C)C	LFYXNXGVLGKVCJ-UHFFFAOYSA-N	C11H20O
development	LGYCOYCCCKHXGC-UHFFFAOYSA-N	Cc1ccnc2c1CCCC2	ok	Cc1ccnc2c1CCCC2	LGYCOYCCCKHXGC-UHFFFAOYSA-N	C10H13N
development	LHGVFZTZFXWLCP-UHFFFAOYSA-N	COc1ccccc1O	ok	COc1ccccc1O	LHGVFZTZFXWLCP-UHFFFAOYSA-N	C7H8O2
development	LHRCREOYAASXPZ-UHFFFAOYSA-N	c1ccc2c(c1)ccc1cc3c(ccc4ccccc43)cc12	ok	c1ccc2c(c1)ccc1cc3c(ccc4ccccc43)cc12	LHRCREOYAASXPZ-UHFFFAOYSA-N	C22H14
development	LHXDLQBQYFFVNW-UHFFFAOYSA-N	CC12CCC(C1)C(C)(C)C2=O	ok	CC12CCC(C1)C(C)(C)C2=O	LHXDLQBQYFFVNW-UHFFFAOYSA-N	C10H16O
development	LIFAQMGORKPVDH-UHFFFAOYSA-N	CCOc1ccc2ccc(=O)oc2c1	ok	CCOc1ccc2ccc(=O)oc2c1	LIFAQMGORKPVDH-UHFFFAOYSA-N	C11H10O3
development	LIIALPBMIOVAHH-UHFFFAOYSA-N	COc1ccc2ccc(=O)oc2c1	ok	COc1ccc2ccc(=O)oc2c1	LIIALPBMIOVAHH-UHFFFAOYSA-N	C10H8O3
development	LIMQQADUEULBSO-UHFFFAOYSA-N	CCCCN=C=S	ok	CCCCN=C=S	LIMQQADUEULBSO-UHFFFAOYSA-N	C5H9NS
development	LJUQGASMPRMWIW-UHFFFAOYSA-N	Cc1cc2nc[nH]c2cc1C	ok	Cc1cc2nc[nH]c2cc1C	LJUQGASMPRMWIW-UHFFFAOYSA-N	C9H10N2
development	LJVWRHJDEMCHNS-UHFFFAOYSA-N	NC(CCC(=O)NC(CCC(=O)NC(CCC(=O)NC(CCC=O)C(=O)O)C(=O)O)C(=O)O)C(=O)O	tautomer_MaxTransformsReached			C20H30N4O12
development	LKEZYVLTHMLNIH-UHFFFAOYSA-N	CC12COC(C)(O1)C13CC2CCC1(C)CCC3O	ok	CC12COC(C)(O1)C13CC2CCC1(C)CCC3O	LKEZYVLTHMLNIH-UHFFFAOYSA-N	C15H24O3
development	LKJKIAGKHNUEGA-UHFFFAOYSA-N	CC(NCC(O)COc1cccc2ccccc12)C(F)F	ok	CC(NCC(O)COc1cccc2ccccc12)C(F)F	LKJKIAGKHNUEGA-UHFFFAOYSA-N	C16H19F2NO2
development	LLEMOWNGBBNAJR-UHFFFAOYSA-N	Oc1ccccc1-c1ccccc1	ok	Oc1ccccc1-c1ccccc1	LLEMOWNGBBNAJR-UHFFFAOYSA-N	C12H10O
development	LLPOLZWFYMWNKH-UHFFFAOYSA-N	COc1ccc2c3c1OC1C(=O)CCC4C(C2)N(C)CCC314	ok	COc1ccc2c3c1OC1C(=O)CCC4C(C2)N(C)CCC314	LLPOLZWFYMWNKH-UHFFFAOYSA-N	C18H21NO3
development	LMGSYXYZUPRSAP-UHFFFAOYSA-N	COc1ccc2c(C[n+]3ccccc3)cc(=O)oc2c1	ok	COc1ccc2c(C[n+]3ccccc3)cc(=O)oc2c1	LMGSYXYZUPRSAP-UHFFFAOYSA-N	C16H14NO3+
development	LNCFUHAPNTYMJB-UHFFFAOYSA-N	NC(Cc1c[nH]cn1)C(=O)N1CCCC1C(=O)O	ok	NC(Cc1c[nH]cn1)C(=O)N1CCCC1C(=O)O	LNCFUHAPNTYMJB-UHFFFAOYSA-N	C11H16N4O3
development	LNDVPUQDSUNCKF-UHFFFAOYSA-N	CCc1c(O)[nH]c(C=c2[nH]c(=Cc3[nH]c(Cc4[nH]c(O)c(C)c4CC)c(C)c3CCC(=O)O)c(CCC(=O)O)c2C)c1C	ok	CCc1c(O)[nH]c(C=c2[nH]c(=Cc3[nH]c(Cc4[nH]c(O)c(C)c4CC)c(C)c3CCC(=O)O)c(CCC(=O)O)c2C)c1C	LNDVPUQDSUNCKF-UHFFFAOYSA-N	C33H42N4O6
development	LNEPOXFFQSENCJ-UHFFFAOYSA-N	O=C(CCCN1CCC(O)(c2ccc(Cl)cc2)CC1)c1ccc(F)cc1	ok	O=C(CCCN1CCC(O)(c2ccc(Cl)cc2)CC1)c1ccc(F)cc1	LNEPOXFFQSENCJ-UHFFFAOYSA-N	C21H23ClFNO2
development	LNPDTQAFDNKSHK-UHFFFAOYSA-N	Cc1onc(-c2ccccc2)c1-c1ccc(S(N)(=O)=O)cc1	ok	Cc1onc(-c2ccccc2)c1-c1ccc(S(N)(=O)=O)cc1	LNPDTQAFDNKSHK-UHFFFAOYSA-N	C16H14N2O3S
development	LOJYQMFIIJVETK-UHFFFAOYSA-N	NC(=O)CCC(N)C(=O)NC(CCC(N)=O)C(=O)O	ok	NC(=O)CCC(N)C(=O)NC(CCC(N)=O)C(=O)O	LOJYQMFIIJVETK-UHFFFAOYSA-N	C10H18N4O5
development	LOUPRKONTZGTKE-UHFFFAOYSA-N	C=CC1CN2CCC1CC2C(O)c1ccnc2ccc(OC)cc12	ok	C=CC1CN2CCC1CC2C(O)c1ccnc2ccc(OC)cc12	LOUPRKONTZGTKE-UHFFFAOYSA-N	C20H24N2O2
development	LOVPBJMHVBJKQS-UHFFFAOYSA-N	CCCCCCOC1OC(COC2OC(CO)C(O)C2O)C(O)C(O)C1O	ok	CCCCCCOC1OC(COC2OC(CO)C(O)C2O)C(O)C(O)C1O	LOVPBJMHVBJKQS-UHFFFAOYSA-N	C17H32O10
development	LPXATOPNSYYPSL-UHFFFAOYSA-N	CC(C)=C1CC(=O)C2(C)CC3(O)OC4(C(=O)C13C)C(O)C(C)CCC24O	ok	CC(C)=C1CC(=O)C2(C)CC3(O)OC4(C(=O)C13C)C(O)C(C)CCC24O	LPXATOPNSYYPSL-UHFFFAOYSA-N	C20H28O6
development	LSUVGSGHYCLVPU-UHFFFAOYSA-N	[O-][Cl+2]([O-])O	ok	[O-][Cl+2]([O-])O	LSUVGSGHYCLVPU-UHFFFAOYSA-N	HClO3
development	LTBQFJVKVMGOEG-UHFFFAOYSA-N	COc1c(CC=C(C)CCC(=O)O)c(O)c2c(O)occ2c1C	ok	COc1c(CC=C(C)CCC(=O)O)c(O)c2c(O)occ2c1C	LTBQFJVKVMGOEG-UHFFFAOYSA-N	C17H20O6
development	LVLANIHJQRZTPY-UHFFFAOYSA-N	C=COC(N)=O	ok	C=COC(N)=O	LVLANIHJQRZTPY-UHFFFAOYSA-N	C3H5NO2
development	LVROXDRMMJVBGH-UHFFFAOYSA-N	CCCCCCCCC=CCCCCCCCCCCCCCCCC(=O)NC(COC1OC(CO)C(O)C(O)C1O)C(O)C=CCCCCCCCCCCCCC	ok	CCCCCCCCC=CCCCCCCCCCCCCCCCC(=O)NC(COC1OC(CO)C(O)C(O)C1O)C(O)C=CCCCCCCCCCCCCC	LVROXDRMMJVBGH-UHFFFAOYSA-N	C50H95NO8
development	LVXVIPZBNJSUKL-UHFFFAOYSA-N	COC12CC(CO)CN(C)C1Cc1cn(C)c3cccc2c13	ok	COC12CC(CO)CN(C)C1Cc1cn(C)c3cccc2c13	LVXVIPZBNJSUKL-UHFFFAOYSA-N	C18H24N2O2
development	LWHLMCCRIWZBQO-UHFFFAOYSA-N	C=C1COC(=O)C12CC1(C)C(C)CCC(OC(=O)C=CSC)C1C2OC(C)=O	ok	C=C1COC(=O)C12CC1(C)C(C)CCC(OC(=O)C=CSC)C1C2OC(C)=O	LWHLMCCRIWZBQO-UHFFFAOYSA-N	C21H28O6S
development	LWXZBNGSFONONO-UHFFFAOYSA-N	CC(CCC1(O)OC2CC3C4CCC5=CC(OC6OC(CO)C(O)C(O)C6OC6OC(C)C(O)C(O)C6O)CCC5(C)C4CCC3(C)C2C1C)COC1OC(CO)C(O)C(O)C1O	ok	CC(CCC1(O)OC2CC3C4CCC5=CC(OC6OC(CO)C(O)C(O)C6OC6OC(C)C(O)C(O)C6O)CCC5(C)C4CCC3(C)C2C1C)COC1OC(CO)C(O)C(O)C1O	LWXZBNGSFONONO-UHFFFAOYSA-N	C45H74O18
development	LWYAMIUSVGPFKS-UHFFFAOYSA-N	COc1ccc(CC2COC(=O)C2(O)Cc2ccc(OC3OC(CO)C(O)C(O)C3O)c(OC)c2)cc1OC	ok	COc1ccc(CC2COC(=O)C2(O)Cc2ccc(OC3OC(CO)C(O)C(O)C3O)c(OC)c2)cc1OC	LWYAMIUSVGPFKS-UHFFFAOYSA-N	C27H34O12
development	LXMHUJTYIQLCAN-UHFFFAOYSA-N	COc1ccc2c(CN(C)C)cc(=O)oc2c1	ok	COc1ccc2c(CN(C)C)cc(=O)oc2c1	LXMHUJTYIQLCAN-UHFFFAOYSA-N	C13H15NO3
development	LXMYLZNSNKNNEJ-UHFFFAOYSA-N	CC(C)N=C(N)N=C(N)NOCCCOc1cc(Cl)c(Cl)cc1Cl	ok	CC(C)N=C(N)N=C(N)NOCCCOc1cc(Cl)c(Cl)cc1Cl	LXMYLZNSNKNNEJ-UHFFFAOYSA-N	C14H20Cl3N5O2
development	LXZQPMXUOONUMX-UHFFFAOYSA-N	O=C(Cc1ccccc1)C(O)O	ok	O=C(O)C(O)Cc1ccccc1	VOXXWSYKYCBWHO-UHFFFAOYSA-N	C9H10O3
development	LYCVKHSJGDMDLM-UHFFFAOYSA-N	NC(Cc1c[nH]cn1)C(=O)NCC(=O)O	ok	NC(Cc1c[nH]cn1)C(=O)NCC(=O)O	LYCVKHSJGDMDLM-UHFFFAOYSA-N	C8H12N4O3
development	LYJWLIYDNZREPC-UHFFFAOYSA-N	CCCc1cc(=O)oc2c(C(=O)CC(C)C)c(O)c(CC=C(C)C)c(O)c12	ok	CCCc1cc(=O)oc2c(C(=O)CC(C)C)c(O)c(CC=C(C)C)c(O)c12	LYJWLIYDNZREPC-UHFFFAOYSA-N	C22H28O5
development	LYMDVLLKQMRQES-UHFFFAOYSA-N	CCCCCC=CCCCCCC=CC=CCC(=O)N1CCCCC1	ok	CCCCCC=CCCCCCC=CC=CCC(=O)N1CCCCC1	LYMDVLLKQMRQES-UHFFFAOYSA-N	C23H39NO
development	LYWNSPDXNHMURG-UHFFFAOYSA-N	O=C1OC2(c3ccc(OCc4ccccc4)cc3Oc3cc(OCc4ccccc4)ccc32)c2ccccc21	ok	O=C1OC2(c3ccc(OCc4ccccc4)cc3Oc3cc(OCc4ccccc4)ccc32)c2ccccc21	LYWNSPDXNHMURG-UHFFFAOYSA-N	C34H24O5
development	LZRTZRBKFZHHQT-UHFFFAOYSA-N	C=CCCCCn1c(=O)c2c(ncn2C)n(C)c1=O	ok	C=CCCCCn1c(=O)c2c(ncn2C)n(C)c1=O	LZRTZRBKFZHHQT-UHFFFAOYSA-N	C13H18N4O2
development	LZTFINHZHIJZME-UHFFFAOYSA-N	O=c1c(CCSc2ccccc2)c(O)n(-c2ccccc2)n1-c1ccccc1	ok	O=c1c(CCSc2ccccc2)c(O)n(-c2ccccc2)n1-c1ccccc1	LZTFINHZHIJZME-UHFFFAOYSA-N	C23H20N2O2S
development	LZUFUDJVBHLHFC-UHFFFAOYSA-N	Cc1c2ccccc2nc2c1ccc1ccccc12	ok	Cc1c2ccccc2nc2c1ccc1ccccc12	LZUFUDJVBHLHFC-UHFFFAOYSA-N	C18H13N
development	MAVZHIDFSWDHNP-UHFFFAOYSA-N	CC(=O)OC1CCC2(C)C(CCC3(C)C2CC=C2C4C(C)(CCC(C)C4(C)O)CCC23C)C1(C)C	ok	CC(=O)OC1CCC2(C)C(CCC3(C)C2CC=C2C4C(C)(CCC(C)C4(C)O)CCC23C)C1(C)C	MAVZHIDFSWDHNP-UHFFFAOYSA-N	C32H52O3
development	MAXCWSIJKVASQC-UHFFFAOYSA-N	CN(N=O)c1ccccc1	ok	CN(N=O)c1ccccc1	MAXCWSIJKVASQC-UHFFFAOYSA-N	C7H8N2O
development	MAZCGYFIOOIVHE-UHFFFAOYSA-N	O=[N+]([O-])c1cc2ccc3cccc4ccc(c1)c2c34	ok	O=[N+]([O-])c1cc2ccc3cccc4ccc(c1)c2c34	MAZCGYFIOOIVHE-UHFFFAOYSA-N	C16H9NO2
development	MBUVEWMHONZEQD-UHFFFAOYSA-N	CN1CCCC(n2nc(Cc3ccc(Cl)cc3)c3ccccc3c2=O)CC1	ok	CN1CCCC(n2nc(Cc3ccc(Cl)cc3)c3ccccc3c2=O)CC1	MBUVEWMHONZEQD-UHFFFAOYSA-N	C22H24ClN3O
development	MCCVCDVTCCDPLO-UHFFFAOYSA-N	CC(=CCO)C1CCC(C)(C)O1	ok	CC(=CCO)C1CCC(C)(C)O1	MCCVCDVTCCDPLO-UHFFFAOYSA-N	C10H18O2
development	MCKJZUFMGOTAKT-UHFFFAOYSA-N	COn1c2ccccc2c2cnsc21	ok	COn1c2ccccc2c2cnsc21	MCKJZUFMGOTAKT-UHFFFAOYSA-N	C10H8N2OS
development	MCKLJFJEQRYRQT-UHFFFAOYSA-N	CC(C)CCCC(C)(O)C1CCC2C3CC=C4CC(O)CCC4(C)C3CCC21C	ok	CC(C)CCCC(C)(O)C1CCC2C3CC=C4CC(O)CCC4(C)C3CCC21C	MCKLJFJEQRYRQT-UHFFFAOYSA-N	C27H46O2
development	MCSYMYUHCZRDGM-UHFFFAOYSA-N	CCC(=O)OC1(C(=O)SCF)C(C)CC2C3CC(F)=C4CC(=O)C=CC4(C)C3(F)C(O)CC21C	ok	CCC(=O)OC1(C(=O)SCF)C(C)CC2C3CC(F)=C4CC(=O)C=CC4(C)C3(F)C(O)CC21C	MCSYMYUHCZRDGM-UHFFFAOYSA-N	C25H31F3O5S
development	MDKGKXOCJGEUJW-UHFFFAOYSA-N	CC(C(=O)O)c1ccc(C(=O)c2cccs2)cc1	ok	CC(C(=O)O)c1ccc(C(=O)c2cccs2)cc1	MDKGKXOCJGEUJW-UHFFFAOYSA-N	C14H12O3S
development	MEAZTWJVOWHKJM-UHFFFAOYSA-N	CCCCCCCCCCCCCC=CC(O)C(COC1OC(CO)C(O)C(OS(=O)(=O)O)C1O)NC(=O)CCCCCCCCCCCCCCCCCCCCCCC	ok	CCCCCCCCCCCCCC=CC(O)C(COC1OC(CO)C(O)C(OS(=O)(=O)O)C1O)NC(=O)CCCCCCCCCCCCCCCCCCCCCCC	MEAZTWJVOWHKJM-UHFFFAOYSA-N	C48H93NO11S
development	MECHNRXZTMCUDQ-UHFFFAOYSA-N	C=C1CCC(O)CC1=CC=C1CCCC2(C)C1CCC2C(C)C=CC(C)C(C)C	ok	C=C1CCC(O)CC1=CC=C1CCCC2(C)C1CCC2C(C)C=CC(C)C(C)C	MECHNRXZTMCUDQ-UHFFFAOYSA-N	C28H44O
development	MEZLKOACVSPNER-UHFFFAOYSA-N	C#CCN(C)C(C)Cc1ccccc1	ok	C#CCN(C)C(C)Cc1ccccc1	MEZLKOACVSPNER-UHFFFAOYSA-N	C13H17N
development	MFDHFDRGFNWNAG-UHFFFAOYSA-N	CC(C)C(C)CCC(C)C1CCC2(C)C3CCC4C(C)C(=O)CCC45CC35CCC12C	ok	CC(C)C(C)CCC(C)C1CCC2(C)C3CCC4C(C)C(=O)CCC45CC35CCC12C	MFDHFDRGFNWNAG-UHFFFAOYSA-N	C30H50O
development	MFFCZSWTQMCKFP-UHFFFAOYSA-N	O=C(O)C=Cc1cc(O)cc(O)c1	ok	O=C(O)C=Cc1cc(O)cc(O)c1	MFFCZSWTQMCKFP-UHFFFAOYSA-N	C9H8O4
development	MFLWBVVCOWPUBA-UHFFFAOYSA-N	C=CCCCCCCCCCCCC(CC(O)CO)OC(C)=O	ok	C=CCCCCCCCCCCCC(CC(O)CO)OC(C)=O	MFLWBVVCOWPUBA-UHFFFAOYSA-N	C19H36O4
development	MFUJYZCMHDCXGQ-UHFFFAOYSA-N	CC(C)(CO)NC(=O)C1CCC2C3CCC4NC(=O)C=CC4(C)C3CCC12C	ok	CC(C)(CO)NC(=O)C1CCC2C3CCC4NC(=O)C=CC4(C)C3CCC12C	MFUJYZCMHDCXGQ-UHFFFAOYSA-N	C23H36N2O3
development	MFWNKCLOYSRHCJ-UHFFFAOYSA-N	CN1C2CCCC1CC(NC(=O)c1nn(C)c3ccccc13)C2	ok	CN1C2CCCC1CC(NC(=O)c1nn(C)c3ccccc13)C2	MFWNKCLOYSRHCJ-UHFFFAOYSA-N	C18H24N4O
development	MGBMXLMPUFBMPC-UHFFFAOYSA-N	CC(CO)Oc1ccc2c(=O)c(-c3ccccc3)coc2c1	ok	CC(CO)Oc1ccc2c(=O)c(-c3ccccc3)coc2c1	MGBMXLMPUFBMPC-UHFFFAOYSA-N	C18H16O4
development	MGNABOKOTWYILU-UHFFFAOYSA-N	C=CCCCCCCCCCC=Cc1ccco1	ok	C=CCCCCCCCCCC=Cc1ccco1	MGNABOKOTWYILU-UHFFFAOYSA-N	C17H26O
development	MGOOTGNGBOPVIV-UHFFFAOYSA-N	CCCCCCCCCCCCCC=CC(O)C(COC1OC(CO)C(OC2OC(CO)C(OC3OC(CO)C(O)C(O)C3O)C(O)C2O)C(O)C1O)NC(=O)CCCCCCCCCCCCCCC	ok	CCCCCCCCCCCCCC=CC(O)C(COC1OC(CO)C(OC2OC(CO)C(OC3OC(CO)C(O)C(O)C3O)C(O)C2O)C(O)C1O)NC(=O)CCCCCCCCCCCCCCC	MGOOTGNGBOPVIV-UHFFFAOYSA-N	C52H97NO18
development	MHAJPDPJQMAIIY-UHFFFAOYSA-N	OO	ok	OO	MHAJPDPJQMAIIY-UHFFFAOYSA-N	H2O2
development	MHDVGSVTJDSBDK-UHFFFAOYSA-N	c1ccc(COCc2ccccc2)cc1	ok	c1ccc(COCc2ccccc2)cc1	MHDVGSVTJDSBDK-UHFFFAOYSA-N	C14H14O
development	MIOYXQUDLLYMSX-UHFFFAOYSA-N	CCCCCCCCCCCCCCCCCCCC(=O)NC(COC1OC(CO)C(OC2OC(CO)C(OC3OC(CO)C(O)C(O)C3CC(C)=O)C(OC3(C(=O)O)CC(O)C(NC(C)=O)C(C(O)C(CO)OC4(C(=O)O)CC(O)C(NC(C)=O)C(C(O)C(CO)OC5(C(=O)O)CC(O)C(NC(C)=O)C(C(O)C(O)CO)O5)O4)O3)C2O)C(O)C1O)C(O)CCCCCCCCCCCCCCC	ok	CCCCCCCCCCCCCCCCCCCC(=O)NC(COC1OC(CO)C(OC2OC(CO)C(OC3OC(CO)C(O)C(O)C3CC(C)=O)C(OC3(C(=O)O)CC(O)C(NC(C)=O)C(C(O)C(CO)OC4(C(=O)O)CC(O)C(NC(C)=O)C(C(O)C(CO)OC5(C(=O)O)CC(O)C(NC(C)=O)C(C(O)C(O)CO)O5)O4)O3)C2O)C(O)C1O)C(O)CCCCCCCCCCCCCCC	MIOYXQUDLLYMSX-UHFFFAOYSA-N	C92H162N4O42
development	MJBWDEQAUQTVKK-UHFFFAOYSA-N	COc1cc2c(c3oc(=O)c4c(c13)CCC4=O)C1(O)C=COC1O2	ok	COc1cc2c(c3oc(=O)c4c(c13)CCC4=O)C1(O)C=COC1O2	MJBWDEQAUQTVKK-UHFFFAOYSA-N	C17H12O7
development	MJIHNNLFOKEZEW-UHFFFAOYSA-N	Cc1c(OCC(F)(F)F)ccnc1C[S+]([O-])c1nc2ccccc2[nH]1	ok	Cc1c(OCC(F)(F)F)ccnc1C[S+]([O-])c1nc2ccccc2[nH]1	MJIHNNLFOKEZEW-UHFFFAOYSA-N	C16H14F3N3O2S
development	MJKVTPMWOKAVMS-UHFFFAOYSA-N	O=c1oc2ccccc2cc1O	ok	O=c1oc2ccccc2cc1O	MJKVTPMWOKAVMS-UHFFFAOYSA-N	C9H6O3
development	MKOKWBRPIBQYJJ-UHFFFAOYSA-N	CCCCCCCCC=CCCCCCCCCCCCCCC(=O)NC(COC1OC(CO)C(OC2OC(CO)C(O)C(O)C2O)C(O)C1O)C(O)C=CCCCCCCCCCCCCC	ok	CCCCCCCCC=CCCCCCCCCCCCCCC(=O)NC(COC1OC(CO)C(OC2OC(CO)C(O)C(O)C2O)C(O)C1O)C(O)C=CCCCCCCCCCCCCC	MKOKWBRPIBQYJJ-UHFFFAOYSA-N	C54H101NO13
development	MKXKFYHWDHIYRV-UHFFFAOYSA-N	CC(C)C(=O)Nc1ccc([N+](=O)[O-])c(C(F)(F)F)c1	ok	CC(C)C(=O)Nc1ccc([N+](=O)[O-])c(C(F)(F)F)c1	MKXKFYHWDHIYRV-UHFFFAOYSA-N	C11H11F3N2O3
development	MKXZASYAUGDDCJ-UHFFFAOYSA-N	COc1ccc2c(c1)C13CCCCC1C(C2)N(C)CC3	ok	COc1ccc2c(c1)C13CCCCC1C(C2)N(C)CC3	MKXZASYAUGDDCJ-UHFFFAOYSA-N	C18H25NO
development	MLBHFBKZUPLWBD-UHFFFAOYSA-N	CC(N)Cc1cccc(C(F)(F)F)c1	ok	CC(N)Cc1cccc(C(F)(F)F)c1	MLBHFBKZUPLWBD-UHFFFAOYSA-N	C10H12F3N
development	MLWGAEVSWJXOQJ-UHFFFAOYSA-N	O=C(OC1CC2CC3CC(C1)N2CC3O)c1c[nH]c2ccccc12	ok	O=C(OC1CC2CC3CC(C1)N2CC3O)c1c[nH]c2ccccc12	MLWGAEVSWJXOQJ-UHFFFAOYSA-N	C19H22N2O3
development	MMEHWMNDRAXORE-UHFFFAOYSA-N	CC#CC#CC#CC#CCCCC	ok	CC#CC#CC#CC#CCCCC	MMEHWMNDRAXORE-UHFFFAOYSA-N	C13H12
development	MMMKIZLPSIPFTM-UHFFFAOYSA-N	CCCCCCCCCCCCCC=CC(O)C(COC1OC(CO)C(OC2OC(CO)C(O)C(OC3(C(=O)O)CC(O)C(NC(C)=O)C(C(O)C(CO)OC4(C(=O)O)CC(O)C(NC(C)=O)C(C(O)C(CO)OC5(C(=O)O)CC(O)C(NC(C)=O)C(C(O)C(O)CO)O5)O4)O3)C2O)C(O)C1O)NC(=O)CCCCCCCCCCCCCCCCCCCCCCCC	ok	CCCCCCCCCCCCCC=CC(O)C(COC1OC(CO)C(OC2OC(CO)C(O)C(OC3(C(=O)O)CC(O)C(NC(C)=O)C(C(O)C(CO)OC4(C(=O)O)CC(O)C(NC(C)=O)C(C(O)C(CO)OC5(C(=O)O)CC(O)C(NC(C)=O)C(C(O)C(O)CO)O5)O4)O3)C2O)C(O)C1O)NC(=O)CCCCCCCCCCCCCCCCCCCCCCCC	MMMKIZLPSIPFTM-UHFFFAOYSA-N	C88H156N4O37
development	MMOXZBCLCQITDF-UHFFFAOYSA-N	CCN(CC)C(=O)c1cccc(C)c1	ok	CCN(CC)C(=O)c1cccc(C)c1	MMOXZBCLCQITDF-UHFFFAOYSA-N	C12H17NO
development	MMSNEKOTSJRTRI-UHFFFAOYSA-N	CC(C#Cc1ccc(Cc2ccc(F)cc2)s1)N(O)C(N)=O	ok	CC(C#Cc1ccc(Cc2ccc(F)cc2)s1)N(O)C(N)=O	MMSNEKOTSJRTRI-UHFFFAOYSA-N	C16H15FN2O2S
development	MNIPYSSQXLZQLJ-UHFFFAOYSA-N	O=C(O)COC(=O)Cc1ccccc1Nc1c(Cl)cccc1Cl	ok	O=C(O)COC(=O)Cc1ccccc1Nc1c(Cl)cccc1Cl	MNIPYSSQXLZQLJ-UHFFFAOYSA-N	C16H13Cl2NO4
development	MNJVRJDLRVPLFE-UHFFFAOYSA-N	Cc1ccc(-c2ncc(Cl)cc2-c2ccc(S(C)(=O)=O)cc2)cn1	ok	Cc1ccc(-c2ncc(Cl)cc2-c2ccc(S(C)(=O)=O)cc2)cn1	MNJVRJDLRVPLFE-UHFFFAOYSA-N	C18H15ClN2O2S
development	MNRHZPCIEGLWGK-UHFFFAOYSA-N	CC(=O)C1CCC2C3CC=C4CC(=O)CCC4(C)C3CCC12C	ok	CC(=O)C1CCC2C3CC=C4CC(=O)CCC4(C)C3CCC12C	MNRHZPCIEGLWGK-UHFFFAOYSA-N	C21H30O2
development	MNRXMTRMMVSSJC-UHFFFAOYSA-N	CC12CC=CC3=C1C(C(=O)OC2c1ccoc1)C1(O)C(O)(C3)C(=O)C(C)(C)C23OC2C(=O)OC13C	ok	CC12CC=CC3=C1C(C(=O)OC2c1ccoc1)C1(O)C(O)(C3)C(=O)C(C)(C)C23OC2C(=O)OC13C	MNRXMTRMMVSSJC-UHFFFAOYSA-N	C26H26O9
development	MNSCVRXKDINXEY-UHFFFAOYSA-N	CN1C(C(=O)Nc2ccccn2)C(=O)c2ccccc2S1(=O)=O	ok	CN1C(C(=O)Nc2ccccn2)C(=O)c2ccccc2S1(=O)=O	MNSCVRXKDINXEY-UHFFFAOYSA-N	C15H13N3O4S
development	MNWFXJYAOYHMED-UHFFFAOYSA-N	CCCCCCC(=O)O	ok	CCCCCCC(=O)O	MNWFXJYAOYHMED-UHFFFAOYSA-N	C7H14O2
development	MOIQRAOBRXUWGN-UHFFFAOYSA-N	CC12CCC(O)CC1=CCC1C2CCC2(C)C(C(=O)CO)CCC12	ok	CC12CCC(O)CC1=CCC1C2CCC2(C)C(C(=O)CO)CCC12	MOIQRAOBRXUWGN-UHFFFAOYSA-N	C21H32O3
development	MPLQNQUWLWGOET-UHFFFAOYSA-N	O=C(C1CC1)C(c1ccccc1F)N1CCc2sc(O)cc2C1	ok	O=C(C1CC1)C(c1ccccc1F)N1CCc2sc(O)cc2C1	MPLQNQUWLWGOET-UHFFFAOYSA-N	C18H18FNO2S
development	MQHCVIYZFLPTOJ-UHFFFAOYSA-N	COC1(CCC(C)COC2OC(CO)C(O)C(O)C2O)OC2CC3C4CC(OC5OC(C)C(O)C(OC6OCC(O)C(O)C6O)C5O)C5CC(=O)CCC5(C)C4CCC3(C)C2C1C	ok	COC1(CCC(C)COC2OC(CO)C(O)C(O)C2O)OC2CC3C4CC(OC5OC(C)C(O)C(OC6OCC(O)C(O)C6O)C5O)C5CC(=O)CCC5(C)C4CCC3(C)C2C1C	MQHCVIYZFLPTOJ-UHFFFAOYSA-N	C45H74O18
development	MQJKPEGWNLWLTK-UHFFFAOYSA-N	Nc1ccc(S(=O)(=O)c2ccc(N)cc2)cc1	ok	Nc1ccc(S(=O)(=O)c2ccc(N)cc2)cc1	MQJKPEGWNLWLTK-UHFFFAOYSA-N	C12H12N2O2S
development	MQPHVIPKLRXGDJ-UHFFFAOYSA-N	CC1C(=O)CC2CC1C2(C)C	ok	CC1C(=O)CC2CC1C2(C)C	MQPHVIPKLRXGDJ-UHFFFAOYSA-N	C10H16O
development	MRBFGEHILMYPTF-UHFFFAOYSA-N	c1cnc(N2CCNCC2)nc1	ok	c1cnc(N2CCNCC2)nc1	MRBFGEHILMYPTF-UHFFFAOYSA-N	C8H12N4
development	MRDGZSKYFPGAKP-UHFFFAOYSA-N	COc1ccc(N2CCNCC2)cc1	ok	COc1ccc(N2CCNCC2)cc1	MRDGZSKYFPGAKP-UHFFFAOYSA-N	C11H16N2O
development	MRDXWELVCATAPW-UHFFFAOYSA-N	O=C(CO)c1oc(O)c(O)c1O	ok	O=C(CO)c1oc(O)c(O)c1O	MRDXWELVCATAPW-UHFFFAOYSA-N	C6H6O6
development	MRVYVEQPNDSWLH-UHFFFAOYSA-N	CC(C)C(NC(=O)C(N)CCC(N)=O)C(=O)O	ok	CC(C)C(NC(=O)C(N)CCC(N)=O)C(=O)O	MRVYVEQPNDSWLH-UHFFFAOYSA-N	C10H19N3O4
development	MRWQRJMESRRJJB-UHFFFAOYSA-N	CCCCCCn1c(=O)c2c(ncn2C)n(C)c1=O	ok	CCCCCCn1c(=O)c2c(ncn2C)n(C)c1=O	MRWQRJMESRRJJB-UHFFFAOYSA-N	C13H20N4O2
development	MSADRWGPCQTOST-UHFFFAOYSA-N	Cc1ccc(NC(=O)c2ccc(CN3CC[N+](C)([O-])CC3)cc2)cc1Nc1nccc(-c2cccnc2)n1	ok	Cc1ccc(NC(=O)c2ccc(CN3CC[N+](C)([O-])CC3)cc2)cc1Nc1nccc(-c2cccnc2)n1	MSADRWGPCQTOST-UHFFFAOYSA-N	C29H31N7O2
development	MTGFYEHKPMOVNE-UHFFFAOYSA-N	CC(C=CC1=C(C)CCCC1(C)C)=CC=CC(C)=CC(=O)OC1OC(C(=O)O)C(O)C(O)C1O	ok	CC(C=CC1=C(C)CCCC1(C)C)=CC=CC(C)=CC(=O)OC1OC(C(=O)O)C(O)C(O)C1O	MTGFYEHKPMOVNE-UHFFFAOYSA-N	C26H36O8
development	MUCMKTPAZLSKTL-UHFFFAOYSA-N	CCCCCCCCCC(O)CC(=O)O	ok	CCCCCCCCCC(O)CC(=O)O	MUCMKTPAZLSKTL-UHFFFAOYSA-N	C12H24O3
development	MUMGGOZAMZWBJJ-UHFFFAOYSA-N	CC12CCC(=O)C=C1CCC1C2CCC2(C)C(O)CCC12	ok	CC12CCC(=O)C=C1CCC1C2CCC2(C)C(O)CCC12	MUMGGOZAMZWBJJ-UHFFFAOYSA-N	C19H28O2
development	MUMXFARPYQTTSL-UHFFFAOYSA-N	CSCCC(N)C(=O)NC(CCC(N)=O)C(=O)O	ok	CSCCC(N)C(=O)NC(CCC(N)=O)C(=O)O	MUMXFARPYQTTSL-UHFFFAOYSA-N	C10H19N3O4S
development	MUXFZBHBYYYLTH-UHFFFAOYSA-N	CC(C(=O)O)c1ccc2c(c1)CC(=O)c1ccccc1S2	ok	CC(C(=O)O)c1ccc2c(c1)CC(=O)c1ccccc1S2	MUXFZBHBYYYLTH-UHFFFAOYSA-N	C17H14O3S
development	MVWHGTYKUMDIHL-UHFFFAOYSA-N	Clc1cc(Cl)c(-c2cc(Cl)c(Cl)cc2Cl)cc1Cl	ok	Clc1cc(Cl)c(-c2cc(Cl)c(Cl)cc2Cl)cc1Cl	MVWHGTYKUMDIHL-UHFFFAOYSA-N	C12H4Cl6
development	MVZNVBXATDCMMJ-UHFFFAOYSA-N	COc1ccc(-c2cc(C(F)(F)F)nn2-c2ccc(S(N)(=O)=O)c(CO)c2)cc1	ok	COc1ccc(-c2cc(C(F)(F)F)nn2-c2ccc(S(N)(=O)=O)c(CO)c2)cc1	MVZNVBXATDCMMJ-UHFFFAOYSA-N	C18H16F3N3O4S
development	MWLSOWXNZPKENC-UHFFFAOYSA-N	CC(c1cc2ccccc2s1)N(O)C(N)=O	ok	CC(c1cc2ccccc2s1)N(O)C(N)=O	MWLSOWXNZPKENC-UHFFFAOYSA-N	C11H12N2O2S
development	MWPHSSRDUNRAJI-UHFFFAOYSA-N	CCCCCCCCCC(O)CCCCC(O)C1CCC(C(O)CCCCC(=O)CCCCCC(O)Cc2cc(C)oc2O)O1	ok	CCCCCCCCCC(O)CCCCC(O)C1CCC(C(O)CCCCC(=O)CCCCCC(O)Cc2cc(C)oc2O)O1	MWPHSSRDUNRAJI-UHFFFAOYSA-N	C37H66O8
development	MXHRCPNRJAMMIM-UHFFFAOYSA-N	O=c1ccn(C2CC(O)C(CO)O2)c(=O)[nH]1	ok	O=c1ccn(C2CC(O)C(CO)O2)c(=O)[nH]1	MXHRCPNRJAMMIM-UHFFFAOYSA-N	C9H12N2O5
development	MXNRLFUSFKVQSK-UHFFFAOYSA-N	C[N+](C)(C)CCCCC(N)C(=O)[O-]	ok	C[N+](C)(C)CCCCC(N)C(=O)[O-]	MXNRLFUSFKVQSK-UHFFFAOYSA-N	C9H20N2O2
development	MXWJVTOOROXGIU-UHFFFAOYSA-N	CCNc1nc(Cl)nc(NC(C)C)n1	ok	CCNc1nc(Cl)nc(NC(C)C)n1	MXWJVTOOROXGIU-UHFFFAOYSA-N	C8H14ClN5
development	MYIOBINSHMEDEY-UHFFFAOYSA-N	CSCSSC	ok	CSCSSC	MYIOBINSHMEDEY-UHFFFAOYSA-N	C3H8S3
development	MYNVMBICAGQOMG-UHFFFAOYSA-N	OCCc1c[nH]c2ccc(OC3OC(CO)C(O)C(O)C3O)cc12	ok	OCCc1c[nH]c2ccc(OC3OC(CO)C(O)C(O)C3O)cc12	MYNVMBICAGQOMG-UHFFFAOYSA-N	C16H21NO7
development	MYTOTTSMVMWVJN-UHFFFAOYSA-N	NCCCCC(N)C(=O)NC(Cc1ccc(O)cc1)C(=O)O	ok	NCCCCC(N)C(=O)NC(Cc1ccc(O)cc1)C(=O)O	MYTOTTSMVMWVJN-UHFFFAOYSA-N	C15H23N3O4
development	MYWUZJCMWCOHBA-UHFFFAOYSA-N	CNC(C)Cc1ccccc1	ok	CNC(C)Cc1ccccc1	MYWUZJCMWCOHBA-UHFFFAOYSA-N	C10H15N
development	MZPNVEOVZSHYMZ-UHFFFAOYSA-N	CC(=CCCC(C)C1CCC2(C)C3CCC4C(C)(C)C(=O)CCC45CC35CCC12C)C(=O)O	ok	CC(=CCCC(C)C1CCC2(C)C3CCC4C(C)(C)C(=O)CCC45CC35CCC12C)C(=O)O	MZPNVEOVZSHYMZ-UHFFFAOYSA-N	C30H46O3
development	MZVLSXIHOITVNJ-UHFFFAOYSA-N	CC(NCC(O)COc1cccc2ccccc12)C(F)(F)F	ok	CC(NCC(O)COc1cccc2ccccc12)C(F)(F)F	MZVLSXIHOITVNJ-UHFFFAOYSA-N	C16H18F3NO2
development	NAAJVHHFAXWBOK-UHFFFAOYSA-N	CC(C)=CC(=O)CC(C)c1ccc(C)cc1	ok	CC(C)=CC(=O)CC(C)c1ccc(C)cc1	NAAJVHHFAXWBOK-UHFFFAOYSA-N	C15H20O
development	NAUWTFJOPJWYOT-UHFFFAOYSA-N	Fc1ccc(C(OCCN2CCN(CCCc3ccccc3)CC2)c2ccc(F)cc2)cc1	ok	Fc1ccc(C(OCCN2CCN(CCCc3ccccc3)CC2)c2ccc(F)cc2)cc1	NAUWTFJOPJWYOT-UHFFFAOYSA-N	C28H32F2N2O
development	NBAKTGXDIBVZOO-UHFFFAOYSA-N	CC1CNC(=O)NC1=O	ok	CC1CNC(=O)NC1=O	NBAKTGXDIBVZOO-UHFFFAOYSA-N	C5H8N2O2
development	NBEADXWAAWCCDG-UHFFFAOYSA-N	CCCCCCCCC=CCCCCCCCC(=O)NC(COP(=O)([O-])OCC[N+](C)(C)C)C(O)C=CCCCCCCCCCCCCC	ok	CCCCCCCCC=CCCCCCCCC(=O)NC(COP(=O)([O-])OCC[N+](C)(C)C)C(O)C=CCCCCCCCCCCCCC	NBEADXWAAWCCDG-UHFFFAOYSA-N	C41H81N2O6P
development	NBLKTRLPZFCMJG-UHFFFAOYSA-N	O=C(O)CCCC(=O)NCC(=O)O	ok	O=C(O)CCCC(=O)NCC(=O)O	NBLKTRLPZFCMJG-UHFFFAOYSA-N	C7H11NO5
development	NBSBUIQBEPROBM-UHFFFAOYSA-N	CC(C)=CCCC(C(=O)O)C1CCC2(C)C3=C(CCC12C)C1(C)CCC(O)C(C)(C)C1CC3	ok	CC(C)=CCCC(C(=O)O)C1CCC2(C)C3=C(CCC12C)C1(C)CCC(O)C(C)(C)C1CC3	NBSBUIQBEPROBM-UHFFFAOYSA-N	C30H48O3
development	NBZBKCUXIYYUSX-UHFFFAOYSA-N	O=C(O)CNCC(=O)O	ok	O=C(O)CNCC(=O)O	NBZBKCUXIYYUSX-UHFFFAOYSA-N	C4H7NO4
development	NCECUVMWTCHHHY-UHFFFAOYSA-N	CC(=O)OC1C(C)OC(OC(=O)C23CCC(C)(C)CC2C2=CCC4C5(C)CCC(OC6OC(C(=O)O)C(O)C(O)C6OC6OC(CO)C(O)C(O)C6O)C(C)(C=O)C5CCC4(C)C2(C)CC3O)C(OC2OC(C)C(OC3OCC(O)C(O)C3O)C(O)C2O)C1OC1OC(C)C(O)C(O)C1O	ok	CC(=O)OC1C(C)OC(OC(=O)C23CCC(C)(C)CC2C2=CCC4C5(C)CCC(OC6OC(C(=O)O)C(O)C(O)C6OC6OC(CO)C(O)C(O)C6O)C(C)(C=O)C5CCC4(C)C2(C)CC3O)C(OC2OC(C)C(OC3OCC(O)C(O)C3O)C(O)C2O)C1OC1OC(C)C(O)C(O)C1O	NCECUVMWTCHHHY-UHFFFAOYSA-N	C67H104O33
development	NCFVZZZXSIOSQB-UHFFFAOYSA-N	CC12CCC3(C)CCC4(C)C(=CC(=O)C5C6(C)CCC(O)C(C)(C)C6CCC54C)C3(C1)OC2=O	ok	CC12CCC3(C)CCC4(C)C(=CC(=O)C5C6(C)CCC(O)C(C)(C)C6CCC54C)C3(C1)OC2=O	NCFVZZZXSIOSQB-UHFFFAOYSA-N	C30H44O4
development	NCYCYZXNIZJOKI-UHFFFAOYSA-N	CC(C=CC=C(C)C=CC1=C(C)CCCC1(C)C)=CC=O	ok	CC(C=CC=C(C)C=CC1=C(C)CCCC1(C)C)=CC=O	NCYCYZXNIZJOKI-UHFFFAOYSA-N	C20H28O
development	NDJYKXNKFMMXEW-UHFFFAOYSA-N	CC(C)N=C(N)N=C(N)NOCCCOc1ccc(OC(F)(F)F)cc1Cl	ok	CC(C)N=C(N)N=C(N)NOCCCOc1ccc(OC(F)(F)F)cc1Cl	NDJYKXNKFMMXEW-UHFFFAOYSA-N	C15H21ClF3N5O3
development	NDUAXKHGCJIYEQ-UHFFFAOYSA-N	CC(=O)OC1=C2C(C)C(OC(=O)C(O)C(NC(=O)c3ccccc3)c3ccccc3)CC(O)(C(OC(=O)c3ccccc3)C3C4(OC(C)=O)COC4CC(O)C3(C)C1=O)C2(C)C	ok	CC(=O)OC1=C2C(C)C(OC(=O)C(O)C(NC(=O)c3ccccc3)c3ccccc3)CC(O)(C(OC(=O)c3ccccc3)C3C4(OC(C)=O)COC4CC(O)C3(C)C1=O)C2(C)C	NDUAXKHGCJIYEQ-UHFFFAOYSA-N	C47H51NO14
development	NDVASEGYNIMXJL-UHFFFAOYSA-N	C=C1CCC2(C(C)C)CC12	ok	C=C1CCC2(C(C)C)CC12	NDVASEGYNIMXJL-UHFFFAOYSA-N	C10H16
development	NEAHWGSQUXSRNW-UHFFFAOYSA-N	O=Cc1cc2c(cc1O)[nH]c1ccccc12	ok	O=Cc1cc2c(cc1O)[nH]c1ccccc12	NEAHWGSQUXSRNW-UHFFFAOYSA-N	C13H9NO2
development	NEEQFPMRODQIKX-UHFFFAOYSA-N	NC(CNC(=O)C(=O)O)C(=O)O	ok	NC(CNC(=O)C(=O)O)C(=O)O	NEEQFPMRODQIKX-UHFFFAOYSA-N	C5H8N2O5
development	NEGYEDYHPHMHGK-UHFFFAOYSA-N	COc1ccc(CC(C)N)cc1	ok	COc1ccc(CC(C)N)cc1	NEGYEDYHPHMHGK-UHFFFAOYSA-N	C10H15NO
development	NEIDLJIPMZVISC-UHFFFAOYSA-N	CC(C)CC(O)NC(=O)C(Cc1ccccc1)NC(=O)c1cnccn1	ok	CC(C)CC(O)NC(=O)C(Cc1ccccc1)NC(=O)c1cnccn1	NEIDLJIPMZVISC-UHFFFAOYSA-N	C19H24N4O3
development	NFGLTOBJMQXYCF-UHFFFAOYSA-N	CC1OC(OC(C(=O)CO)C(O)C(O)CO)C(O)C(O)C1O	ok	CC1OC(OC(C(=O)CO)C(O)C(O)CO)C(O)C(O)C1O	NFGLTOBJMQXYCF-UHFFFAOYSA-N	C12H22O10
development	NFNVDJGXRFEYTK-UHFFFAOYSA-N	CC(C)CC(N)C(=O)NC(CCC(=O)O)C(=O)O	ok	CC(C)CC(N)C(=O)NC(CCC(=O)O)C(=O)O	NFNVDJGXRFEYTK-UHFFFAOYSA-N	C11H20N2O5
development	NFWJEEBVQAMWHK-UHFFFAOYSA-N	OCCc1ccccc1Nc1c(Cl)cccc1Cl	ok	OCCc1ccccc1Nc1c(Cl)cccc1Cl	NFWJEEBVQAMWHK-UHFFFAOYSA-N	C14H13Cl2NO
development	NGBBVGZWCFBOGO-UHFFFAOYSA-N	CC(N)Cc1ccc2c(c1)OCO2	ok	CC(N)Cc1ccc2c(c1)OCO2	NGBBVGZWCFBOGO-UHFFFAOYSA-N	C10H13NO2
development	NGBFQHCMQULJNZ-UHFFFAOYSA-N	Cc1cccc(Nc2ccncc2S(=O)(=O)NC(=O)NC(C)C)c1	ok	Cc1cccc(Nc2ccncc2S(=O)(=O)NC(=O)NC(C)C)c1	NGBFQHCMQULJNZ-UHFFFAOYSA-N	C16H20N4O3S
development	NGDNVOAEIVQRFH-UHFFFAOYSA-N	CCCCCCCC(C)O	ok	CCCCCCCC(C)O	NGDNVOAEIVQRFH-UHFFFAOYSA-N	C9H20O
development	NGPJYMSGYPTHBB-UHFFFAOYSA-N	COC(=O)C1=CC2CC(=O)CCC2(C)C23OC2CC2(C)C(CCC24CCC(=O)O4)C13	ok	COC(=O)C1=CC2CC(=O)CCC2(C)C23OC2CC2(C)C(CCC24CCC(=O)O4)C13	NGPJYMSGYPTHBB-UHFFFAOYSA-N	C24H30O6
development	NIBCDDKWFDEBEP-UHFFFAOYSA-N	CCCOc1ccc(S(=O)(=O)N2CCN(CC)CC2)cc1-c1nc(=O)c2nn(Cc3ccccn3)c(CC)c2[nH]1	ok	CCCOc1ccc(S(=O)(=O)N2CCN(CC)CC2)cc1-c1nc(=O)c2nn(Cc3ccccn3)c(CC)c2[nH]1	NIBCDDKWFDEBEP-UHFFFAOYSA-N	C28H35N7O4S
development	NIJJYAXOARWZEE-UHFFFAOYSA-N	CCCC(CCC)C(=O)O	ok	CCCC(CCC)C(=O)O	NIJJYAXOARWZEE-UHFFFAOYSA-N	C8H16O2
development	NILJBDWPGRSTPN-UHFFFAOYSA-N	Oc1c[nH]c(C(O)O)c1	ok	Oc1c[nH]c(C(O)O)c1	NILJBDWPGRSTPN-UHFFFAOYSA-N	C5H7NO3
development	NIYQOTCYXGXMPI-UHFFFAOYSA-N	CC(C(=O)c1ccc2c(c1)OCO2)N1CCCC1	ok	CC(C(=O)c1ccc2c(c1)OCO2)N1CCCC1	NIYQOTCYXGXMPI-UHFFFAOYSA-N	C14H17NO3
development	NJIPOSKZXKMYEM-UHFFFAOYSA-N	O=C(OCC1OC(c2c(O)cc(O)c(C(=O)c3ccc(O)c(O)c3)c2O)C(O)C(O)C1O)c1ccc(O)cc1	tautomer_MaxTransformsReached			C26H24O13
development	NKANXQFJJICGDU-UHFFFAOYSA-N	CCC(=C(c1ccccc1)c1ccc(OCCN(C)C)cc1)c1ccccc1	ok	CCC(=C(c1ccccc1)c1ccc(OCCN(C)C)cc1)c1ccccc1	NKANXQFJJICGDU-UHFFFAOYSA-N	C26H29NO
development	NKSXJAYACJZMBM-UHFFFAOYSA-N	CN1C(=O)CC(=O)N(c2ccc(O)cc2)c2cc(Cl)ccc21	ok	CN1C(=O)CC(=O)N(c2ccc(O)cc2)c2cc(Cl)ccc21	NKSXJAYACJZMBM-UHFFFAOYSA-N	C16H13ClN2O3
development	NLEIYGPJJHTFFQ-UHFFFAOYSA-N	C=C1C(C)=Nc2c([nH]c(=O)[nH]c2=O)N1CC(O)C(O)C(O)CO	ok	C=C1C(C)=Nc2c([nH]c(=O)[nH]c2=O)N1CC(O)C(O)C(O)CO	NLEIYGPJJHTFFQ-UHFFFAOYSA-N	C13H18N4O6
development	NLHHRLWOUZZQLW-UHFFFAOYSA-N	C=CC#N	ok	C=CC#N	NLHHRLWOUZZQLW-UHFFFAOYSA-N	C3H3N
development	NLOPFVNXNMEEDI-UHFFFAOYSA-N	O=C(OC1OC(C(=O)O)C(O)C(O)C1O)c1ccccc1	ok	O=C(OC1OC(C(=O)O)C(O)C(O)C1O)c1ccccc1	NLOPFVNXNMEEDI-UHFFFAOYSA-N	C13H14O8
development	NLUNAYAEIJYXRB-UHFFFAOYSA-N	CCCCCC=CCC=CC=CC(O)CC=CCCCC(=O)O	ok	CCCCCC=CCC=CC=CC(O)CC=CCCCC(=O)O	NLUNAYAEIJYXRB-UHFFFAOYSA-N	C20H32O3
development	NLYNIRQVMRLPIQ-UHFFFAOYSA-N	CCOC1OC2OC3(C)CCC4C(C)CCC(C1C)C24OO3	ok	CCOC1OC2OC3(C)CCC4C(C)CCC(C1C)C24OO3	NLYNIRQVMRLPIQ-UHFFFAOYSA-N	C17H28O5
development	NMGJCQNNUTYSJJ-UHFFFAOYSA-N	C=C1CCC=C(C)CC=CC(C)(C)CC1O	ok	C=C1CCC=C(C)CC=CC(C)(C)CC1O	NMGJCQNNUTYSJJ-UHFFFAOYSA-N	C15H24O
development	NMGOJJBPFUCUIX-UHFFFAOYSA-N	O=c1[nH]c(CC(O)O)c(O)nc1Cc1ccccc1	ok	O=c1[nH]c(CC(O)O)c(O)nc1Cc1ccccc1	NMGOJJBPFUCUIX-UHFFFAOYSA-N	C13H14N2O4
development	NNEIBJNHWVDJBA-UHFFFAOYSA-N	CC(CCC(=O)O)C1CCC2C3CCC4CC(OC5OC(C(=O)O)C(O)C(O)C5O)CCC4(C)C3CC(O)C12C	ok	CC(CCC(=O)O)C1CCC2C3CCC4CC(OC5OC(C(=O)O)C(O)C(O)C5O)CCC4(C)C3CC(O)C12C	NNEIBJNHWVDJBA-UHFFFAOYSA-N	C30H48O10
development	NNJVILVZKWQKPM-UHFFFAOYSA-N	CCN(CC)CC(=O)Nc1c(C)cccc1C	ok	CCN(CC)CC(=O)Nc1c(C)cccc1C	NNJVILVZKWQKPM-UHFFFAOYSA-N	C14H22N2O
development	NNNVXFKZMRGJPM-UHFFFAOYSA-N	CCCCCCCCCC=CCCCCC(=O)O	ok	CCCCCCCCCC=CCCCCC(=O)O	NNNVXFKZMRGJPM-UHFFFAOYSA-N	C16H30O2
development	NNOPDLNHPOLRRE-UHFFFAOYSA-N	CCCCc1cc2c(=O)c(C(=O)OC)c[nH]c2cc1OCc1ccccc1	ok	CCCCc1cc2c(=O)c(C(=O)OC)c[nH]c2cc1OCc1ccccc1	NNOPDLNHPOLRRE-UHFFFAOYSA-N	C22H23NO4
development	NNULBSISHYWZJU-UHFFFAOYSA-N	CON=C(C(=O)NC1C(=O)N2C(C(=O)O)=CCSC12)c1csc(N)n1	ok	CON=C(C(=O)NC1C(=O)N2C(C(=O)O)=CCSC12)c1csc(N)n1	NNULBSISHYWZJU-UHFFFAOYSA-N	C13H13N5O5S2
development	NNYBQONXHNTVIJ-UHFFFAOYSA-N	CCc1cccc2c3c([nH]c12)C(CC)(CC(=O)O)OCC3	ok	CCc1cccc2c3c([nH]c12)C(CC)(CC(=O)O)OCC3	NNYBQONXHNTVIJ-UHFFFAOYSA-N	C17H21NO3
development	NPDLYUOYAGBHFB-UHFFFAOYSA-N	N=C(N)NCCCC(NC(=O)C(N)CC(N)=O)C(=O)O	ok	N=C(N)NCCCC(NC(=O)C(N)CC(N)=O)C(=O)O	NPDLYUOYAGBHFB-UHFFFAOYSA-N	C10H20N6O4
development	NPDSHTNEKLQQIJ-UHFFFAOYSA-N	CCCCCC=CC=CC(O)CCCCCCCC(=O)O	ok	CCCCCC=CC=CC(O)CCCCCCCC(=O)O	NPDSHTNEKLQQIJ-UHFFFAOYSA-N	C18H32O3
development	NPTIBOCVSPURCS-UHFFFAOYSA-N	CCC=CCC=CCC=CCC=CCC=CCCCCCCCC(=O)O	ok	CCC=CCC=CCC=CCC=CCC=CCCCCCCCC(=O)O	NPTIBOCVSPURCS-UHFFFAOYSA-N	C24H38O2
development	NPWALQVJKZMLMQ-UHFFFAOYSA-N	CC#CC1(O)CCC2C3=C(C4=C(CC3)CC(=O)CC4)C(c3ccc(NC)cc3)CC21C	ok	CC#CC1(O)CCC2C3=C(C4=C(CC3)CC(=O)CC4)C(c3ccc(NC)cc3)CC21C	NPWALQVJKZMLMQ-UHFFFAOYSA-N	C28H33NO2
development	NQDJXKOVJZTUJA-UHFFFAOYSA-N	Cc1ccnc2c1NC(=O)c1cccnc1N2C1CC1	ok	Cc1ccnc2c1NC(=O)c1cccnc1N2C1CC1	NQDJXKOVJZTUJA-UHFFFAOYSA-N	C15H14N4O
development	NQDQXWSCFDFFRA-UHFFFAOYSA-N	CCCCCCCCC=CCCCCCCCCCCCC(=O)NC(COC1OC(CO)C(OC2OC(CO)C(OC3OC(CO)C(O)C(OC4OC(CO)C(O)C(OC5(C(=O)O)CC(O)C(NC(C)=O)C(C(O)C(O)CO)O5)C4O)C3CC(C)=O)C(OC3(C(=O)O)CC(O)C(NC(C)=O)C(C(O)C(O)CO)O3)C2O)C(O)C1O)C(O)C=CCCCCCCCCCCCCC	ok	CCCCCCCCC=CCCCCCCCCCCCC(=O)NC(COC1OC(CO)C(OC2OC(CO)C(OC3OC(CO)C(O)C(OC4OC(CO)C(O)C(OC5(C(=O)O)CC(O)C(NC(C)=O)C(C(O)C(O)CO)O5)C4O)C3CC(C)=O)C(OC3(C(=O)O)CC(O)C(NC(C)=O)C(C(O)C(O)CO)O3)C2O)C(O)C1O)C(O)C=CCCCCCCCCCCCCC	NQDQXWSCFDFFRA-UHFFFAOYSA-N	C89H155N3O39
development	NRTLIYOWLVMQBO-UHFFFAOYSA-N	Cc1nn(C)c(Cl)c1C(=O)Nc1cccc2c1C(C)OC2(C)C	ok	Cc1nn(C)c(Cl)c1C(=O)Nc1cccc2c1C(C)OC2(C)C	NRTLIYOWLVMQBO-UHFFFAOYSA-N	C17H20ClN3O2
development	NRUKOCRGYNPUPR-UHFFFAOYSA-N	COc1cc(C2c3cc4c(cc3C(OC3OC5COC(c6cccs6)OC5C(O)C3O)C3COC(=O)C23)OCO4)cc(OC)c1O	ok	COc1cc(C2c3cc4c(cc3C(OC3OC5COC(c6cccs6)OC5C(O)C3O)C3COC(=O)C23)OCO4)cc(OC)c1O	NRUKOCRGYNPUPR-UHFFFAOYSA-N	C32H32O13S
development	NSMXQKNUPPXBRG-UHFFFAOYSA-N	CC(O)CCCCn1c(=O)c2c(ncn2C)n(C)c1=O	ok	CC(O)CCCCn1c(=O)c2c(ncn2C)n(C)c1=O	NSMXQKNUPPXBRG-UHFFFAOYSA-N	C13H20N4O3
development	NSTCAXPRTTYSFG-UHFFFAOYSA-N	CC1CC2C3CC=C4CC(=O)C=CC4(C)C3=CCC2(C)C1C(=O)CN1CCN(c2cc(N3CCCC3)nc(N3CCCC3)n2)CC1	ok	CC1CC2C3CC=C4CC(=O)C=CC4(C)C3=CCC2(C)C1C(=O)CN1CCN(c2cc(N3CCCC3)nc(N3CCCC3)n2)CC1	NSTCAXPRTTYSFG-UHFFFAOYSA-N	C38H52N6O2
development	NSVXZGWRAHJCGR-UHFFFAOYSA-N	CCCCCCCCCCCCC(O)C1CCC(C(O)CCCC(=O)CCCCCCC(O)Cc2cc(C)oc2O)O1	ok	CCCCCCCCCCCCC(O)C1CCC(C(O)CCCC(=O)CCCCCCC(O)Cc2cc(C)oc2O)O1	NSVXZGWRAHJCGR-UHFFFAOYSA-N	C35H62O7
development	NTRYEGJHFILWOH-UHFFFAOYSA-N	CC(=O)NC1C(OCC2OC(OC(C(=O)C(O)CO)C(O)CO)C(O)C(OC3OC(CO)C(OC4OC(C)C(O)C(O)C4O)C(OC4OC(CO)C(O)C(O)C4O)C3NC(C)=O)C2O)OC(CO)C(OC2OC(CO)C(O)C(O)C2O)C1OC1OC(C)C(O)C(O)C1O	ok	CC(=O)NC1C(OCC2OC(OC(C(=O)C(O)CO)C(O)CO)C(O)C(OC3OC(CO)C(OC4OC(C)C(O)C(O)C4O)C(OC4OC(CO)C(O)C(O)C4O)C3NC(C)=O)C2O)OC(CO)C(OC2OC(CO)C(O)C(O)C2O)C1OC1OC(C)C(O)C(O)C1O	NTRYEGJHFILWOH-UHFFFAOYSA-N	C52H88N2O39
development	NTVBUJOKRXFMAK-UHFFFAOYSA-N	C=C(C(CC=C(C)C)OC(=O)C(C)=CC)C1C(OC(C)=O)C(=O)C2(C)OC2C1O	ok	C=C(C(CC=C(C)C)OC(=O)C(C)=CC)C1C(OC(C)=O)C(=O)C2(C)OC2C1O	NTVBUJOKRXFMAK-UHFFFAOYSA-N	C22H30O7
development	NUEAMYZABAMKDO-UHFFFAOYSA-N	CC(C)CC1C(=O)N2CCCC2C2(O)OC(NC(=O)C3=CC4c5cccc6[nH]c(Br)c(c56)CC4N(C)C3)(C(C)C)C(=O)N12	ok	CC(C)CC1C(=O)N2CCCC2C2(O)OC(NC(=O)C3=CC4c5cccc6[nH]c(Br)c(c56)CC4N(C)C3)(C(C)C)C(=O)N12	NUEAMYZABAMKDO-UHFFFAOYSA-N	C32H40BrN5O5
development	NUMQCACRALPSHD-UHFFFAOYSA-N	CCOC(C)(C)C	ok	CCOC(C)(C)C	NUMQCACRALPSHD-UHFFFAOYSA-N	C6H14O
development	NVEQFIOZRFFVFW-UHFFFAOYSA-N	C=C1CCC2OC2(C)CCC2C1CC2(C)C	ok	C=C1CCC2OC2(C)CCC2C1CC2(C)C	NVEQFIOZRFFVFW-UHFFFAOYSA-N	C15H24O
development	NXNPGAAZKYDOPW-UHFFFAOYSA-N	CCC(C(=O)c1ccc(C)cc1)N1CCCC1	ok	CCC(C(=O)c1ccc(C)cc1)N1CCCC1	NXNPGAAZKYDOPW-UHFFFAOYSA-N	C15H21NO
development	NYKKBHKMCOFCSE-UHFFFAOYSA-N	C=C1CC23CC1(O)CCC2C12OC(=O)C(C)(C=CC1O)C2C3C(=O)O	ok	C=C1CC23CC1(O)CCC2C12OC(=O)C(C)(C=CC1O)C2C3C(=O)O	NYKKBHKMCOFCSE-UHFFFAOYSA-N	C19H22O6
development	NYPJDWWKZLNGGM-UHFFFAOYSA-N	CC(C)C(C(=O)OC(C#N)c1cccc(Oc2ccccc2)c1)c1ccc(Cl)cc1	ok	CC(C)C(C(=O)OC(C#N)c1cccc(Oc2ccccc2)c1)c1ccc(Cl)cc1	NYPJDWWKZLNGGM-UHFFFAOYSA-N	C25H22ClNO3
development	NZHUXMZTSSZXSB-UHFFFAOYSA-N	COc1ccc(C2Sc3ccccc3N(CCN(C)C)C(=O)C2O)cc1	ok	COc1ccc(C2Sc3ccccc3N(CCN(C)C)C(=O)C2O)cc1	NZHUXMZTSSZXSB-UHFFFAOYSA-N	C20H24N2O3S
development	NZLBHDRPUJLHCE-UHFFFAOYSA-N	CCN(CC)CCCN(c1ccccc1)C1Cc2ccccc2C1	ok	CCN(CC)CCCN(c1ccccc1)C1Cc2ccccc2C1	NZLBHDRPUJLHCE-UHFFFAOYSA-N	C22H30N2
development	NZQDWKCNBOELAI-UHFFFAOYSA-N	O=C(O)c1ccc(C(F)(F)F)cc1-c1ccc2c(c1)OCC(Cc1ccccc1)C2O	ok	O=C(O)c1ccc(C(F)(F)F)cc1-c1ccc2c(c1)OCC(Cc1ccccc1)C2O	NZQDWKCNBOELAI-UHFFFAOYSA-N	C24H19F3O4
development	OAAPYTCHFIIVON-UHFFFAOYSA-N	COc1ccc(CCN(C)CCCC(C#N)(c2ccc(OC)c(OC)c2)C(C)C)cc1O	ok	COc1ccc(CCN(C)CCCC(C#N)(c2ccc(OC)c(OC)c2)C(C)C)cc1O	OAAPYTCHFIIVON-UHFFFAOYSA-N	C26H36N2O4
development	OAMXBKFTDLDKCN-UHFFFAOYSA-N	CC(=O)OC1C(C)=CCC2(C1OC(C)=O)C1C(C)COC(=O)C1OC2(C)O	ok	CC(=O)OC1C(C)=CCC2(C1OC(C)=O)C1C(C)COC(=O)C1OC2(C)O	OAMXBKFTDLDKCN-UHFFFAOYSA-N	C19H26O8
development	OAPVIBHQRYFYSE-UHFFFAOYSA-N	Nc1ccc(-c2ccccc2)cn1	ok	Nc1ccc(-c2ccccc2)cn1	OAPVIBHQRYFYSE-UHFFFAOYSA-N	C11H10N2
development	OCJBOOLMMGQPQU-UHFFFAOYSA-N	Clc1ccc(Cl)cc1	ok	Clc1ccc(Cl)cc1	OCJBOOLMMGQPQU-UHFFFAOYSA-N	C6H4Cl2
development	OCSVTHMYODNXBN-UHFFFAOYSA-N	NC(CC(=O)C(=O)NC1OCC=C1CO)C(O)O	ok	NC(CC(=O)C(=O)NC1OCC=C1CO)C(O)O	OCSVTHMYODNXBN-UHFFFAOYSA-N	C10H16N2O6
development	ODCYDGXXCHTFIR-UHFFFAOYSA-N	Cn1c(=O)[nH]c(=O)c2[nH]c(=O)[nH]c21	ok	Cn1c(=O)[nH]c(=O)c2[nH]c(=O)[nH]c21	ODCYDGXXCHTFIR-UHFFFAOYSA-N	C6H6N4O3
development	ODFFXPNOCMSXHG-UHFFFAOYSA-N	C=C1C(O)C23CC1(O)CCC2C1(C=O)CCCC(C)(C(=O)O)C1C3C(=O)O	ok	C=C1C(O)C23CC1(O)CCC2C1(C=O)CCCC(C)(C(=O)O)C1C3C(=O)O	ODFFXPNOCMSXHG-UHFFFAOYSA-N	C20H26O7
development	ODQWQRRAPPTVAG-UHFFFAOYSA-N	CN(C)CCC=C1c2ccccc2COc2ccccc21	ok	CN(C)CCC=C1c2ccccc2COc2ccccc21	ODQWQRRAPPTVAG-UHFFFAOYSA-N	C19H21NO
development	OEHAYUOVELTAPG-UHFFFAOYSA-N	CNC(C)Cc1ccccc1OC	ok	CNC(C)Cc1ccccc1OC	OEHAYUOVELTAPG-UHFFFAOYSA-N	C11H17NO
development	OELFLUMRDSZNSF-UHFFFAOYSA-N	CC(C)C1CCC(C(=O)NC(Cc2ccccc2)C(=O)O)CC1	ok	CC(C)C1CCC(C(=O)NC(Cc2ccccc2)C(=O)O)CC1	OELFLUMRDSZNSF-UHFFFAOYSA-N	C19H27NO3
development	OELWBYBVFOLSTA-UHFFFAOYSA-N	CCCCCN(CCCCC)N=O	ok	CCCCCN(CCCCC)N=O	OELWBYBVFOLSTA-UHFFFAOYSA-N	C10H22N2O
development	OFHCOWSQAMBJIW-UHFFFAOYSA-N	C=C1C(=CC=C2CCCC3(C)C2CCC3C(C)CCCC(C)C)CC(O)CC1O	ok	C=C1C(=CC=C2CCCC3(C)C2CCC3C(C)CCCC(C)C)CC(O)CC1O	OFHCOWSQAMBJIW-UHFFFAOYSA-N	C27H44O2
development	OFHHDSQXFXLTKC-UHFFFAOYSA-N	C=CCCCCCCCCC=O	ok	C=CCCCCCCCCC=O	OFHHDSQXFXLTKC-UHFFFAOYSA-N	C11H20O
development	OFKVGIOPPPBWSB-UHFFFAOYSA-N	CC(C)CCCCCCC(C)(C)C	ok	CC(C)CCCCCCC(C)(C)C	OFKVGIOPPPBWSB-UHFFFAOYSA-N	C13H28
development	OFOBLEOULBTSOW-UHFFFAOYSA-N	O=C(O)CC(=O)O	ok	O=C(O)CC(=O)O	OFOBLEOULBTSOW-UHFFFAOYSA-N	C3H4O4
development	OFQRUTMGVBMTFQ-UHFFFAOYSA-N	CCOC(=O)CCC(C)C	ok	CCOC(=O)CCC(C)C	OFQRUTMGVBMTFQ-UHFFFAOYSA-N	C8H16O2
development	OFYJBLBCZNRWLC-UHFFFAOYSA-N	COc1ccc(NS(=O)(=O)C(F)(F)F)cc1CC1COc2ccc(OCc3nc4cc(F)c(F)cc4s3)cc2C1O	ok	COc1ccc(NS(=O)(=O)C(F)(F)F)cc1CC1COc2ccc(OCc3nc4cc(F)c(F)cc4s3)cc2C1O	OFYJBLBCZNRWLC-UHFFFAOYSA-N	C26H21F5N2O6S2
development	OGDKSKNHHSXJNA-UHFFFAOYSA-N	CC1=CC(=O)CC(C)C12CCC(=O)C2	ok	CC1=CC(=O)CC(C)C12CCC(=O)C2	OGDKSKNHHSXJNA-UHFFFAOYSA-N	C12H16O2
development	OGDVEMNWJVYAJL-UHFFFAOYSA-N	CCOc1ccc2c3c1OC1C(O)C=CC4C(C2)N(C)CCC341	ok	CCOc1ccc2c3c1OC1C(O)C=CC4C(C2)N(C)CCC341	OGDVEMNWJVYAJL-UHFFFAOYSA-N	C19H23NO3
development	OGHNVEJMJSYVRP-UHFFFAOYSA-N	COc1ccccc1OCCNCC(O)COc1cccc2[nH]c3ccccc3c12	ok	COc1ccccc1OCCNCC(O)COc1cccc2[nH]c3ccccc3c12	OGHNVEJMJSYVRP-UHFFFAOYSA-N	C24H26N2O4
development	OGJYXQFXLSCKTP-UHFFFAOYSA-N	CC(C)=CCCC(C)=CCOC(=O)C(C)C	ok	CC(C)=CCCC(C)=CCOC(=O)C(C)C	OGJYXQFXLSCKTP-UHFFFAOYSA-N	C14H24O2
development	OGKRHYLZKFTGGO-UHFFFAOYSA-N	CC1(C)CCC2(C(=O)O)CCC3(C)C(=CCC4C5(C)CCC(OC6OC(CO)C(O)C(OC7OC(CO)C(O)C(O)C7O)C6OC6OC(CO)C(O)C(O)C6O)C(C)(C)C5CCC43C)C2C1	ok	CC1(C)CCC2(C(=O)O)CCC3(C)C(=CCC4C5(C)CCC(OC6OC(CO)C(O)C(OC7OC(CO)C(O)C(O)C7O)C6OC6OC(CO)C(O)C(O)C6O)C(C)(C)C5CCC43C)C2C1	OGKRHYLZKFTGGO-UHFFFAOYSA-N	C48H78O18
development	OGLDWXZKYODSOB-UHFFFAOYSA-N	CC1=CCC(C(C)C)C=C1	ok	CC1=CCC(C(C)C)C=C1	OGLDWXZKYODSOB-UHFFFAOYSA-N	C10H16
development	OGYBKWUOLWCQDS-UHFFFAOYSA-N	CCCCCCCCCCCCCCCC(=O)OCc1cc(OC)c(CC=C(C)CC(=O)C=C(C)C)c(O)c1C=O	ok	CCCCCCCCCCCCCCCC(=O)OCc1cc(OC)c(CC=C(C)CC(=O)C=C(C)C)c(O)c1C=O	OGYBKWUOLWCQDS-UHFFFAOYSA-N	C35H54O6
development	OHBHGGYGWZIWCX-UHFFFAOYSA-N	C=C1CCC2C(OC(=O)C2(O)CO)C2C1CC(O)C2C	ok	C=C1CCC2C(OC(=O)C2(O)CO)C2C1CC(O)C2C	OHBHGGYGWZIWCX-UHFFFAOYSA-N	C15H22O5
development	OHMHBGPWCHTMQE-UHFFFAOYSA-N	FC(F)(F)C(Cl)Cl	ok	FC(F)(F)C(Cl)Cl	OHMHBGPWCHTMQE-UHFFFAOYSA-N	C2HCl2F3
development	OHZYISZWOVEBCJ-UHFFFAOYSA-N	CC(C)C(C)C=CC(C)C1CCC2C3=CC(O)C4(O)CC(OC5OC(CO)C(O)C(O)C5O)CCC4(C)C3CCC21C	ok	CC(C)C(C)C=CC(C)C1CCC2C3=CC(O)C4(O)CC(OC5OC(CO)C(O)C(O)C5O)CCC4(C)C3CCC21C	OHZYISZWOVEBCJ-UHFFFAOYSA-N	C34H56O8
development	OIALIKXMLIAOSN-UHFFFAOYSA-N	CCCc1ccccn1	ok	CCCc1ccccn1	OIALIKXMLIAOSN-UHFFFAOYSA-N	C8H11N
development	OILAIQUEIWYQPH-UHFFFAOYSA-N	O=C1CCCCC1=O	ok	O=C1CCCCC1=O	OILAIQUEIWYQPH-UHFFFAOYSA-N	C6H8O2
development	OIRFZVJHADZVMD-UHFFFAOYSA-N	C=C(CCC=C(C)C)C1CCC=C(CCC=C(C)C)C1	ok	C=C(CCC=C(C)C)C1CCC=C(CCC=C(C)C)C1	OIRFZVJHADZVMD-UHFFFAOYSA-N	C20H32
development	OJSUFFNCXVQQPG-UHFFFAOYSA-N	C=CCCn1c(=O)c2c(ncn2C)n(C)c1=O	ok	C=CCCn1c(=O)c2c(ncn2C)n(C)c1=O	OJSUFFNCXVQQPG-UHFFFAOYSA-N	C11H14N4O2
development	OKFNRRKYNNLVHN-UHFFFAOYSA-N	CCCCCCCCCCCCCC=CC(O)C(COC1OC(CO)C(OC2OC(CO)C(OC3OC(CO)C(O)C(O)C3CC(C)=O)C(OC3(C(=O)O)CC(O)C(NC(C)=O)C(C(O)C(CO)OC4(C(=O)O)CC(O)C(NC(C)=O)C(C(O)C(CO)OC5(C(=O)O)CC(O)C(NC(C)=O)C(C(O)C(O)CO)O5)O4)O3)C2O)C(O)C1O)NC(=O)CCCCCCCCCCCCCCCCCCCCCC	ok	CCCCCCCCCCCCCC=CC(O)C(COC1OC(CO)C(OC2OC(CO)C(OC3OC(CO)C(O)C(O)C3CC(C)=O)C(OC3(C(=O)O)CC(O)C(NC(C)=O)C(C(O)C(CO)OC4(C(=O)O)CC(O)C(NC(C)=O)C(C(O)C(CO)OC5(C(=O)O)CC(O)C(NC(C)=O)C(C(O)C(O)CO)O5)O4)O3)C2O)C(O)C1O)NC(=O)CCCCCCCCCCCCCCCCCCCCCC	OKFNRRKYNNLVHN-UHFFFAOYSA-N	C95H166N4O42
development	OKJCFMUGMSVJBG-UHFFFAOYSA-N	CC12C=CC(=O)CC1CCC1C2CCC2(C)C(O)CCC12	ok	CC12C=CC(=O)CC1CCC1C2CCC2(C)C(O)CCC12	OKJCFMUGMSVJBG-UHFFFAOYSA-N	C19H28O2
development	OKJIRPAQVSHGFK-UHFFFAOYSA-N	CC(=O)NCC(=O)O	ok	CC(=O)NCC(=O)O	OKJIRPAQVSHGFK-UHFFFAOYSA-N	C4H7NO3
development	OKNSFVSKHQJVRN-UHFFFAOYSA-N	CC12CC(OC3OC(C(=O)O)C(O)C(O)C3O)CCC1CCC1C2C(=O)CC2(C)C1CCC2(O)C(O)CO	ok	CC12CC(OC3OC(C(=O)O)C(O)C(O)C3O)CCC1CCC1C2C(=O)CC2(C)C1CCC2(O)C(O)CO	OKNSFVSKHQJVRN-UHFFFAOYSA-N	C27H42O11
development	OKSQSPFWLWFCFR-UHFFFAOYSA-N	CNC(=S)Oc1cc(C)c(SC)c(C)c1	ok	CNC(=S)Oc1cc(C)c(SC)c(C)c1	OKSQSPFWLWFCFR-UHFFFAOYSA-N	C11H15NOS2
development	OLBCVFGFOZPWHH-UHFFFAOYSA-N	CC(C)c1cccc(C(C)C)c1O	ok	CC(C)c1cccc(C(C)C)c1O	OLBCVFGFOZPWHH-UHFFFAOYSA-N	C12H18O
development	OLHOIERZAZMHGK-UHFFFAOYSA-N	CCOc1ccc2c(C(F)(F)F)cc(=O)oc2c1	ok	CCOc1ccc2c(C(F)(F)F)cc(=O)oc2c1	OLHOIERZAZMHGK-UHFFFAOYSA-N	C12H9F3O3
development	OLPSAOWBSPXZEA-UHFFFAOYSA-N	CC12CCC3C(C(O)C=C4CC(O)CCC43C)C1CCC2=O	ok	CC12CCC3C(C(O)C=C4CC(O)CCC43C)C1CCC2=O	OLPSAOWBSPXZEA-UHFFFAOYSA-N	C19H28O3
development	OMRIQCUHVVBJKI-UHFFFAOYSA-N	CC12CCC(=O)C=C1CCC1C2C2CC3(C(OC4OC(C(=O)O)C(O)C(O)C4O)O2)C(C(=O)CO)CCC13	ok	CC12CCC(=O)C=C1CCC1C2C2CC3(C(OC4OC(C(=O)O)C(O)C(O)C4O)O2)C(C(=O)CO)CCC13	OMRIQCUHVVBJKI-UHFFFAOYSA-N	C27H36O11
development	ONBWJWYUHXVEJS-UHFFFAOYSA-N	Oc1ccc2c3c1OC1C(O)C=CC4C(C2)NCCC341	ok	Oc1ccc2c3c1OC1C(O)C=CC4C(C2)NCCC341	ONBWJWYUHXVEJS-UHFFFAOYSA-N	C16H17NO3
development	ONIBWKKTOPOVIA-UHFFFAOYSA-N	O=C(O)C1CCCN1	ok	O=C(O)C1CCCN1	ONIBWKKTOPOVIA-UHFFFAOYSA-N	C5H9NO2
development	ONPXCLZMBSJLSP-UHFFFAOYSA-N	O=C(O)C1CC(O)CN1C(=O)C1CCCN1	ok	O=C(O)C1CC(O)CN1C(=O)C1CCCN1	ONPXCLZMBSJLSP-UHFFFAOYSA-N	C10H16N2O4
development	ONVABDHFQKWOSV-UHFFFAOYSA-N	C=C1CC23CCC4C(C)(C)CCCC4(C)C2CCC1C3	ok	C=C1CC23CCC4C(C)(C)CCCC4(C)C2CCC1C3	ONVABDHFQKWOSV-UHFFFAOYSA-N	C20H32
development	ONWMQORSVZYVNH-UHFFFAOYSA-N	NC(=O)CC(NC(=O)C(N)Cc1ccc(O)cc1)C(=O)O	ok	NC(=O)CC(NC(=O)C(N)Cc1ccc(O)cc1)C(=O)O	ONWMQORSVZYVNH-UHFFFAOYSA-N	C13H17N3O5
development	ONYOTXAYIZRIPJ-UHFFFAOYSA-N	C#CCCCCCCCCCCCc1ccco1	ok	C#CCCCCCCCCCCCc1ccco1	ONYOTXAYIZRIPJ-UHFFFAOYSA-N	C17H26O
development	OOGJQPCLVADCPB-UHFFFAOYSA-N	Cc1ccc(O)c(C(CCN(C(C)C)C(C)C)c2ccccc2)c1	ok	Cc1ccc(O)c(C(CCN(C(C)C)C(C)C)c2ccccc2)c1	OOGJQPCLVADCPB-UHFFFAOYSA-N	C22H31NO
development	OOVOMPCQLMFEDT-UHFFFAOYSA-N	O=C1Nc2c(O)cc(Cl)cc2C(C#CC2CC2)(C(F)(F)F)O1	ok	O=C1Nc2c(O)cc(Cl)cc2C(C#CC2CC2)(C(F)(F)F)O1	OOVOMPCQLMFEDT-UHFFFAOYSA-N	C14H9ClF3NO3
development	OPRNAVOPKSUPRE-UHFFFAOYSA-N	COc1cc(CC(O)(C(=O)O)C(=O)C(O)O)ccc1O	ok	COc1cc(CC(O)(C(=O)O)C(O)C(=O)O)ccc1O	DDSGTDZCSPMYIM-UHFFFAOYSA-N	C12H14O8
development	OQIQSTLJSLGHID-UHFFFAOYSA-N	COc1cc2c(c3oc(=O)c4c(c13)CCC4=O)C1C=COC1O2	ok	COc1cc2c(c3oc(=O)c4c(c13)CCC4=O)C1C=COC1O2	OQIQSTLJSLGHID-UHFFFAOYSA-N	C17H12O6
development	OQQYJPVCDFFEIV-UHFFFAOYSA-N	Cc1cc(C)c(N=Nc2c(O)c(S(=O)(=O)O)cc3cc(S(=O)(=O)O)ccc23)cc1C	ok	Cc1cc(C)c(N=Nc2c(O)c(S(=O)(=O)O)cc3cc(S(=O)(=O)O)ccc23)cc1C	OQQYJPVCDFFEIV-UHFFFAOYSA-N	C19H18N2O7S2
development	ORNBQBCIOKFOEO-UHFFFAOYSA-N	CC(=O)C1CCC2C3CC=C4CC(O)CCC4(C)C3CCC12C	ok	CC(=O)C1CCC2C3CC=C4CC(O)CCC4(C)C3CCC12C	ORNBQBCIOKFOEO-UHFFFAOYSA-N	C21H32O2
development	OROGSEYTTFOCAN-UHFFFAOYSA-N	COc1ccc2c3c1OC1C(O)C=CC4C(C2)N(C)CCC341	ok	COc1ccc2c3c1OC1C(O)C=CC4C(C2)N(C)CCC341	OROGSEYTTFOCAN-UHFFFAOYSA-N	C18H21NO3
development	OSJHMIVGKCXWHH-UHFFFAOYSA-N	CCCCCCCCCCC(O)C1CCC(C(O)CCCCCC(O)CCCCCCC2CC(CC(C)=O)C(=O)O2)O1	ok	CCCCCCCCCCC(O)C1CCC(C(O)CCCCCC(O)CCCCCCC2CC(CC(C)=O)C(=O)O2)O1	OSJHMIVGKCXWHH-UHFFFAOYSA-N	C35H64O7
development	OSNRGQATWCHICL-UHFFFAOYSA-N	CC1(C)C(CC=O)CC2OC21C	ok	CC1(C)C(CC=O)CC2OC21C	OSNRGQATWCHICL-UHFFFAOYSA-N	C10H16O2
development	OSUCQKNXQBPLDG-UHFFFAOYSA-N	COC(=O)C1=C(C)N=C(C)C(C(=O)OC)C1c1ccccc1[N+](=O)[O-]	ok	COC(=O)C1=C(C)N=C(C)C(C(=O)OC)C1c1ccccc1[N+](=O)[O-]	OSUCQKNXQBPLDG-UHFFFAOYSA-N	C17H18N2O6
development	OSXOPUBJJDUAOJ-UHFFFAOYSA-N	CCC1OC1CC=CCC=CCC=CCC=CCC=CCCC(=O)O	ok	CCC1OC1CC=CCC=CCC=CCC=CCC=CCCC(=O)O	OSXOPUBJJDUAOJ-UHFFFAOYSA-N	C22H32O3
development	OTGJPAOGHQFBMI-UHFFFAOYSA-N	CN1C(C(=O)Nc2ccccn2)C(=O)c2sccc2S1(=O)=O	ok	CN1C(C(=O)Nc2ccccn2)C(=O)c2sccc2S1(=O)=O	OTGJPAOGHQFBMI-UHFFFAOYSA-N	C13H11N3O4S2
development	OTGQIQQTPXJQRG-UHFFFAOYSA-N	CCCCCCCCCCCCCCCCCC(=O)NCCO	ok	CCCCCCCCCCCCCCCCCC(=O)NCCO	OTGQIQQTPXJQRG-UHFFFAOYSA-N	C20H41NO2
development	OTXBNHIUIHNGAO-UHFFFAOYSA-N	CC(C)CC(N)C(=O)NC(CCCCN)C(=O)O	ok	CC(C)CC(N)C(=O)NC(CCCCN)C(=O)O	OTXBNHIUIHNGAO-UHFFFAOYSA-N	C12H25N3O3
development	OUUOFMUQJUUKQQ-UHFFFAOYSA-N	CC1(O)CCC(C(C)(O)COC2OC(CO)C(O)C(O)C2O)CC1O	ok	CC1(O)CCC(C(C)(O)COC2OC(CO)C(O)C(O)C2O)CC1O	OUUOFMUQJUUKQQ-UHFFFAOYSA-N	C16H30O9
development	OUYCCCASQSFEME-UHFFFAOYSA-N	NC(Cc1ccc(O)cc1)C(=O)O	ok	NC(Cc1ccc(O)cc1)C(=O)O	OUYCCCASQSFEME-UHFFFAOYSA-N	C9H11NO3
development	OVCDSSHSILBFBN-UHFFFAOYSA-N	CCN(CC)Cc1cc(Nc2ccnc3cc(Cl)ccc23)ccc1O	ok	CCN(CC)Cc1cc(Nc2ccnc3cc(Cl)ccc23)ccc1O	OVCDSSHSILBFBN-UHFFFAOYSA-N	C20H22ClN3O
development	OWIWZQQFSTZZIG-UHFFFAOYSA-N	CCOC(=O)CCc1ccco1	ok	CCOC(=O)CCc1ccco1	OWIWZQQFSTZZIG-UHFFFAOYSA-N	C9H12O3
development	OWMJDOUOHDOUFG-UHFFFAOYSA-N	O=C(C=CC=Cc1ccccc1)CCc1ccccc1	ok	O=C(C=CC=Cc1ccccc1)CCc1ccccc1	OWMJDOUOHDOUFG-UHFFFAOYSA-N	C19H18O
development	OWVXRCQFFFWXGZ-UHFFFAOYSA-N	CC(=O)OC1C(C)OC(OC(=O)C23CCC(C)(C)CC2C2=CCC4C5(C)CCC(OC6OC(C(=O)O)C(O)C(OC7OCC(O)C(O)C7O)C6OC6OC(CO)C(O)C(O)C6O)C(C)(C=O)C5CCC4(C)C2(C)CC3O)C(OC2OC(C)C(OC3OCC(O)C(O)C3O)C(O)C2O)C1OC1OC(CO)C(O)C(O)C1O	ok	CC(=O)OC1C(C)OC(OC(=O)C23CCC(C)(C)CC2C2=CCC4C5(C)CCC(OC6OC(C(=O)O)C(O)C(OC7OCC(O)C(O)C7O)C6OC6OC(CO)C(O)C(O)C6O)C(C)(C=O)C5CCC4(C)C2(C)CC3O)C(OC2OC(C)C(OC3OCC(O)C(O)C3O)C(O)C2O)C1OC1OC(CO)C(O)C(O)C1O	OWVXRCQFFFWXGZ-UHFFFAOYSA-N	C72H112O38
development	OWZREIFADZCYQD-UHFFFAOYSA-N	CC1(C)C(C=C(Br)Br)C1C(=O)OC(C#N)c1cccc(Oc2ccccc2)c1	ok	CC1(C)C(C=C(Br)Br)C1C(=O)OC(C#N)c1cccc(Oc2ccccc2)c1	OWZREIFADZCYQD-UHFFFAOYSA-N	C22H19Br2NO3
development	OXCOKHHSTQYOIW-UHFFFAOYSA-N	CC(C#Cc1ccc(Cc2ccc(F)cc2)s1)NC(N)=O	ok	CC(C#Cc1ccc(Cc2ccc(F)cc2)s1)NC(N)=O	OXCOKHHSTQYOIW-UHFFFAOYSA-N	C16H15FN2OS
development	OXTQEWUBDTVSFB-UHFFFAOYSA-N	CC1CC(C)(C)CC1=O	ok	CC1CC(C)(C)CC1=O	OXTQEWUBDTVSFB-UHFFFAOYSA-N	C8H14O
development	OXZSUQJHKQOGOK-UHFFFAOYSA-N	CC(=O)Oc1cc(C(C)C)ccc1C	ok	CC(=O)Oc1cc(C(C)C)ccc1C	OXZSUQJHKQOGOK-UHFFFAOYSA-N	C12H16O2
development	OYHQOLUKZRVURQ-UHFFFAOYSA-N	CCCCCC=CCC=CCCCCCCCC(=O)O	ok	CCCCCC=CCC=CCCCCCCCC(=O)O	OYHQOLUKZRVURQ-UHFFFAOYSA-N	C18H32O2
development	OYPPJMLKAYYWHH-UHFFFAOYSA-N	CCC=CCC(O)C=CC1OC(O)CC(O)C1CC=CCCCC(=O)O	ok	CCC=CCC(O)C=CC1OC(O)CC(O)C1CC=CCCCC(=O)O	OYPPJMLKAYYWHH-UHFFFAOYSA-N	C20H32O6
development	PAAZPARNPHGIKF-UHFFFAOYSA-N	BrCCBr	ok	BrCCBr	PAAZPARNPHGIKF-UHFFFAOYSA-N	C2H4Br2
development	PAFMHAFYJMTISR-UHFFFAOYSA-N	CCCCCCCCCCCCC(O)C1CCC(C(O)CCCCCC(=O)CCCCC2CC(CC(C)=O)C(=O)O2)O1	ok	CCCCCCCCCCCCC(O)C1CCC(C(O)CCCCCC(=O)CCCCC2CC(CC(C)=O)C(=O)O2)O1	PAFMHAFYJMTISR-UHFFFAOYSA-N	C35H62O7
development	PAKGYCNZUGIDHV-UHFFFAOYSA-N	CCCCC(=O)NC1(C(=O)NCc2ccc(-c3ccccc3-c3nn[nH]n3)cc2)CCCC1	ok	CCCCC(=O)NC1(C(=O)NCc2ccc(-c3ccccc3-c3nn[nH]n3)cc2)CCCC1	PAKGYCNZUGIDHV-UHFFFAOYSA-N	C25H30N6O2
development	PAPKCVKEZBFVFL-UHFFFAOYSA-N	CCCCCCCCCCCCCC=CC(O)C(COC1OC(CO)C(OC2OC(CO)C(O)C(OC3(C(=O)O)CC(O)C(NC(C)=O)C(C(O)C(CO)OC4(C(=O)O)CC(O)C(NC(C)=O)C(C(O)C(CO)OC5(C(=O)O)CC(O)C(NC(C)=O)C(C(O)C(O)CO)O5)O4)O3)C2O)C(O)C1O)NC(=O)CCCCCCCCCCCCCCC	ok	CCCCCCCCCCCCCC=CC(O)C(COC1OC(CO)C(OC2OC(CO)C(O)C(OC3(C(=O)O)CC(O)C(NC(C)=O)C(C(O)C(CO)OC4(C(=O)O)CC(O)C(NC(C)=O)C(C(O)C(CO)OC5(C(=O)O)CC(O)C(NC(C)=O)C(C(O)C(O)CO)O5)O4)O3)C2O)C(O)C1O)NC(=O)CCCCCCCCCCCCCCC	PAPKCVKEZBFVFL-UHFFFAOYSA-N	C79H138N4O37
development	PASMASQJCDKBJK-UHFFFAOYSA-N	C=CCCCCCOC(=O)C(C)CCCC(C)CCCC(C)CCC(=O)O	ok	C=CCCCCCOC(=O)C(C)CCCC(C)CCCC(C)CCC(=O)O	PASMASQJCDKBJK-UHFFFAOYSA-N	C23H42O4
development	PAYRUJLWNCNPSJ-UHFFFAOYSA-N	Nc1ccccc1	ok	Nc1ccccc1	PAYRUJLWNCNPSJ-UHFFFAOYSA-N	C6H7N
development	PBEXDDGVPJJKBX-UHFFFAOYSA-N	O=S(=O)(Nc1ccc(CCNCC(O)c2cccnc2)cc1)c1ccc(-c2ccc(-c3ccc(C(F)(F)F)cc3)[nH]2)cc1	ok	O=S(=O)(Nc1ccc(CCNCC(O)c2cccnc2)cc1)c1ccc(-c2ccc(-c3ccc(C(F)(F)F)cc3)[nH]2)cc1	PBEXDDGVPJJKBX-UHFFFAOYSA-N	C32H29F3N4O3S
development	PBKONEOXTCPAFI-UHFFFAOYSA-N	Clc1ccc(Cl)c(Cl)c1	ok	Clc1ccc(Cl)c(Cl)c1	PBKONEOXTCPAFI-UHFFFAOYSA-N	C6H3Cl3
development	PBOUVYGPDSARIS-UHFFFAOYSA-N	CSCCC(N)C(=O)NC(CC(C)C)C(=O)O	ok	CSCCC(N)C(=O)NC(CC(C)C)C(=O)O	PBOUVYGPDSARIS-UHFFFAOYSA-N	C11H22N2O3S
development	PBUNVLRHZGSROC-UHFFFAOYSA-N	CC(C)CC1C(=O)N2CCCC2C2(O)OC(NC(=O)C3CC4c5cccc6[nH]cc(c56)CC4N(C)C3)(C(C)C)C(=O)N12	ok	CC(C)CC1C(=O)N2CCCC2C2(O)OC(NC(=O)C3CC4c5cccc6[nH]cc(c56)CC4N(C)C3)(C(C)C)C(=O)N12	PBUNVLRHZGSROC-UHFFFAOYSA-N	C32H43N5O5
development	PCBGILKQGDYJAY-UHFFFAOYSA-N	O=c1cc(C(F)(F)F)c2ccc(OCc3cc(C(F)(F)F)ccc3C(F)(F)F)cc2o1	ok	O=c1cc(C(F)(F)F)c2ccc(OCc3cc(C(F)(F)F)ccc3C(F)(F)F)cc2o1	PCBGILKQGDYJAY-UHFFFAOYSA-N	C19H9F9O3
development	PCLITLDOTJTVDJ-UHFFFAOYSA-N	Cc1ncsc1CCCl	ok	Cc1ncsc1CCCl	PCLITLDOTJTVDJ-UHFFFAOYSA-N	C6H8ClNS
development	PCSKKIUURRTAEM-UHFFFAOYSA-N	O=C(O)c1ccc(CO)o1	ok	O=C(O)c1ccc(CO)o1	PCSKKIUURRTAEM-UHFFFAOYSA-N	C6H6O4
development	PCZOHLXUXFIOCF-UHFFFAOYSA-N	CCC(C)C(=O)OC1CC(C)C=C2C=CC(C)C(CCC3CC(O)CC(=O)O3)C21	ok	CCC(C)C(=O)OC1CC(C)C=C2C=CC(C)C(CCC3CC(O)CC(=O)O3)C21	PCZOHLXUXFIOCF-UHFFFAOYSA-N	C24H36O5
development	PDGPIBIURNPBSE-UHFFFAOYSA-N	CCCCC(=O)OCCc1ccccc1	ok	CCCCC(=O)OCCc1ccccc1	PDGPIBIURNPBSE-UHFFFAOYSA-N	C13H18O2
development	PEPJPZZZBHWOCM-UHFFFAOYSA-N	C=C(CC)C(=O)COC	ok	C=C(CC)C(=O)COC	PEPJPZZZBHWOCM-UHFFFAOYSA-N	C7H12O2
development	PESKGJQREUXSRR-UHFFFAOYSA-N	CC(C)CCCC(C)C1CCC2C3CCC4CC(=O)CCC4(C)C3CCC12C	ok	CC(C)CCCC(C)C1CCC2C3CCC4CC(=O)CCC4(C)C3CCC12C	PESKGJQREUXSRR-UHFFFAOYSA-N	C27H46O
development	PFCHFHIRKBAQGU-UHFFFAOYSA-N	CCCC(=O)CC	ok	CCCC(=O)CC	PFCHFHIRKBAQGU-UHFFFAOYSA-N	C6H12O
development	PFRGXCVKLLPLIP-UHFFFAOYSA-N	C=CCSSCC=C	ok	C=CCSSCC=C	PFRGXCVKLLPLIP-UHFFFAOYSA-N	C6H10S2
development	PFRYFZZSECNQOL-UHFFFAOYSA-N	Cc1cc(N=Nc2ccccc2C)ccc1N	ok	Cc1cc(N=Nc2ccccc2C)ccc1N	PFRYFZZSECNQOL-UHFFFAOYSA-N	C14H15N3
development	PGBFYLVIMDQYMS-UHFFFAOYSA-N	COC(=O)c1cccs1	ok	COC(=O)c1cccs1	PGBFYLVIMDQYMS-UHFFFAOYSA-N	C6H6O2S
development	PGBNIHXXFQBCPU-UHFFFAOYSA-N	C=C1C2CCC(C2)C1(C)CCC=C(C)C	ok	C=C1C2CCC(C2)C1(C)CCC=C(C)C	PGBNIHXXFQBCPU-UHFFFAOYSA-N	C15H24
development	PGBZORAISITZTF-UHFFFAOYSA-N	COc1cc2c(cc1OC)C(=O)C(CC1CCNCC1)C2	ok	COc1cc2c(cc1OC)C(=O)C(CC1CCNCC1)C2	PGBZORAISITZTF-UHFFFAOYSA-N	C17H23NO3
development	PGYSJEQVCATFBQ-UHFFFAOYSA-N	CC(=O)OC1C=C2C(CCC3(C)C2(O)CCC2Cc4c([nH]c5cc6c(cc45)CC4C6=CC(C)(C)OC4(C)C)C23C)OC1C(C)(C)O	ok	CC(=O)OC1C=C2C(CCC3(C)C2(O)CCC2Cc4c([nH]c5cc6c(cc45)CC4C6=CC(C)(C)OC4(C)C)C23C)OC1C(C)(C)O	PGYSJEQVCATFBQ-UHFFFAOYSA-N	C39H51NO6
development	PHHROXLDZHUIGO-UHFFFAOYSA-N	CC(=O)OC1CC2C(COC(=O)CC(C)C)=COC(OC(=O)CC(C)C)C2C12CO2	ok	CC(=O)OC1CC2C(COC(=O)CC(C)C)=COC(OC(=O)CC(C)C)C2C12CO2	PHHROXLDZHUIGO-UHFFFAOYSA-N	C22H32O8
development	PHLBKPHSAVXXEF-UHFFFAOYSA-N	O=c1n(CCCN2CCN(c3cccc(Cl)c3)CC2)nc2ccccn12	ok	O=c1n(CCCN2CCN(c3cccc(Cl)c3)CC2)nc2ccccn12	PHLBKPHSAVXXEF-UHFFFAOYSA-N	C19H22ClN5O
development	PHVGLTMQBUFIQQ-UHFFFAOYSA-N	CNCCC=C1c2ccccc2CCc2ccccc21	ok	CNCCC=C1c2ccccc2CCc2ccccc21	PHVGLTMQBUFIQQ-UHFFFAOYSA-N	C19H21N
development	PHWBOXQYWZNQIN-UHFFFAOYSA-N	Clc1ccccc1CN1CCc2sccc2C1	ok	Clc1ccccc1CN1CCc2sccc2C1	PHWBOXQYWZNQIN-UHFFFAOYSA-N	C14H14ClNS
development	PIOWWGLKYJRCSY-UHFFFAOYSA-N	CC(NCCCOc1cccc2ccccc12)C(F)(F)F	ok	CC(NCCCOc1cccc2ccccc12)C(F)(F)F	PIOWWGLKYJRCSY-UHFFFAOYSA-N	C16H18F3NO
development	PIOYBULRRJNPSG-UHFFFAOYSA-N	CC(C=O)=CCCC(C)C1CCC2(C)C3=C(CCC12C)C1(C)CCC(O)C(C)(C)C1CC3=O	ok	CC(C=O)=CCCC(C)C1CCC2(C)C3=C(CCC12C)C1(C)CCC(O)C(C)(C)C1CC3=O	PIOYBULRRJNPSG-UHFFFAOYSA-N	C30H46O3
development	PIPJWVLVHFNOQG-UHFFFAOYSA-N	CCCCCCCCCCCC(=O)OC1C(C)OC(OC2C(C)OC(OC3C(C)OC4OC5C(OC(CCCCC)CCCCCCCCCC(=O)OC4C3O)OC(C)C(O)C5O)C(OC(=O)CCCCCCCCC)C2OC2OC(C)C(O)C(O)C2O)C(O)C1O	ok	CCCCCCCCCCCC(=O)OC1C(C)OC(OC2C(C)OC(OC3C(C)OC4OC5C(OC(CCCCC)CCCCCCCCCC(=O)OC4C3O)OC(C)C(O)C5O)C(OC(=O)CCCCCCCCC)C2OC2OC(C)C(O)C(O)C2O)C(O)C1O	PIPJWVLVHFNOQG-UHFFFAOYSA-N	C68H120O24
development	PJANXHGTPQOBST-UHFFFAOYSA-N	C(=Cc1ccccc1)c1ccccc1	ok	C(=Cc1ccccc1)c1ccccc1	PJANXHGTPQOBST-UHFFFAOYSA-N	C14H12
development	PJEHRCCPERVGEC-UHFFFAOYSA-N	CC(C=CC=O)=CC=CC=C(C)C=CC=C(C)C=CC1=C(C)CCCC1(C)C	ok	CC(C=CC=O)=CC=CC=C(C)C=CC=C(C)C=CC1=C(C)CCCC1(C)C	PJEHRCCPERVGEC-UHFFFAOYSA-N	C27H36O
development	PJMPHNIQZUBGLI-UHFFFAOYSA-N	CCC(=O)N(c1ccccc1)C1CCN(CCc2ccccc2)CC1	ok	CCC(=O)N(c1ccccc1)C1CCN(CCc2ccccc2)CC1	PJMPHNIQZUBGLI-UHFFFAOYSA-N	C22H28N2O
development	PJVWKTKQMONHTI-UHFFFAOYSA-N	CC(=O)CC(c1ccccc1)c1c(O)c2ccccc2oc1=O	ok	CC(=O)CC(c1ccccc1)c1c(O)c2ccccc2oc1=O	PJVWKTKQMONHTI-UHFFFAOYSA-N	C19H16O4
development	PKTSCJXWLVREKX-UHFFFAOYSA-N	CCCCN(C)N=O	ok	CCCCN(C)N=O	PKTSCJXWLVREKX-UHFFFAOYSA-N	C5H12N2O
development	PKUWKAXTAVNIJR-UHFFFAOYSA-N	CCOP(=O)(S)OCC	ok	CCOP(=O)(S)OCC	PKUWKAXTAVNIJR-UHFFFAOYSA-N	C4H11O3PS
development	PLDUPXSUYLZYBN-UHFFFAOYSA-N	OCCN1CCN(CCCN2c3ccccc3Sc3ccc(C(F)(F)F)cc32)CC1	ok	OCCN1CCN(CCCN2c3ccccc3Sc3ccc(C(F)(F)F)cc32)CC1	PLDUPXSUYLZYBN-UHFFFAOYSA-N	C22H26F3N3OS
development	PLRACCBDVIHHLZ-UHFFFAOYSA-N	CN1CC=C(c2ccccc2)CC1	ok	CN1CC=C(c2ccccc2)CC1	PLRACCBDVIHHLZ-UHFFFAOYSA-N	C12H15N
development	PLXKZKLXYHLWHR-UHFFFAOYSA-N	CNC(CC(C)C)C1(c2ccc(Cl)cc2)CCC1	ok	CNC(CC(C)C)C1(c2ccc(Cl)cc2)CCC1	PLXKZKLXYHLWHR-UHFFFAOYSA-N	C16H24ClN
development	PMATZTZNYRCHOR-UHFFFAOYSA-N	CC=CCC(C)C(O)C1C(=O)NC(CC)C(=O)N(C)CC(=O)N(C)C(CC(C)C)C(=O)NC(C(C)C)C(=O)N(C)C(CC(C)C)C(=O)NC(C)C(=O)NC(C)C(=O)N(C)C(CC(C)C)C(=O)N(C)C(CC(C)C)C(=O)N(C)C(C(C)C)C(=O)N1C	tautomer_MaxTransformsReached			C62H111N11O12
development	PMRIOHZXQQFZNL-UHFFFAOYSA-N	COc1c(O)c(O)c(C)c(C=CC(C)=CCC=C(C)CCC=C(C)CCC=C(C)CCC=C(C)CCC=C(C)CCC=C(C)CCC=C(C)CCC=C(C)CCC=C(C)C)c1O	ok	COc1c(O)c(O)c(C)c(C=CC(C)=CCC=C(C)CCC=C(C)CCC=C(C)CCC=C(C)CCC=C(C)CCC=C(C)CCC=C(C)CCC=C(C)CCC=C(C)C)c1O	PMRIOHZXQQFZNL-UHFFFAOYSA-N	C58H88O4
development	PMXMIIMHBWHSKN-UHFFFAOYSA-N	Cc1nc2n(c(=O)c1CCN1CCC(c3noc4cc(F)ccc34)CC1)CCCC2O	ok	Cc1nc2n(c(=O)c1CCN1CCC(c3noc4cc(F)ccc34)CC1)CCCC2O	PMXMIIMHBWHSKN-UHFFFAOYSA-N	C23H27FN4O3
development	PMZOJAHAJVKANR-UHFFFAOYSA-N	CC(=O)NC1C(OC2C(O)C(CO)OC(OC(C(=O)C(O)CO)C(O)CO)C2O)OC(CO)C(OC2OC(CO)C(O)C(OC3OC(CO)C(O)C(OC4OC(C(O)CO)C(O)C4O)C3NC(C)=O)C2O)C1O	ok	CC(=O)NC1C(OC2C(O)C(CO)OC(OC(C(=O)C(O)CO)C(O)CO)C2O)OC(CO)C(OC2OC(CO)C(O)C(OC3OC(CO)C(O)C(OC4OC(C(O)CO)C(O)C4O)C3NC(C)=O)C2O)C1O	PMZOJAHAJVKANR-UHFFFAOYSA-N	C40H68N2O31
development	PNIFOHGQPKXLJE-UHFFFAOYSA-N	O=C1C(=Cc2ccc(O)c(O)c2)Oc2c1ccc(O)c2O	ok	O=C1C(=Cc2ccc(O)c(O)c2)Oc2c1ccc(O)c2O	PNIFOHGQPKXLJE-UHFFFAOYSA-N	C15H10O6
development	PNKNNRLOQYRSCW-UHFFFAOYSA-N	CC(C)=CCc1c2c(c3oc4c(c(=O)c3c1O)CC(=C(C)C)Oc1cc(O)c(O)cc1-4)C=CC(C)(C)O2	ok	CC(C)=CCc1c2c(c3oc4c(c(=O)c3c1O)CC(=C(C)C)Oc1cc(O)c(O)cc1-4)C=CC(C)(C)O2	PNKNNRLOQYRSCW-UHFFFAOYSA-N	C30H30O7
development	PNVNVHUZROJLTJ-UHFFFAOYSA-N	COc1ccc(C(CN(C)C)C2(O)CCCCC2)cc1	ok	COc1ccc(C(CN(C)C)C2(O)CCCCC2)cc1	PNVNVHUZROJLTJ-UHFFFAOYSA-N	C17H27NO2
development	POQOTWQIYYNXAT-UHFFFAOYSA-N	CC(=O)Nc1c(N)[nH]c(=O)n(C)c1=O	ok	CC(=O)Nc1c(N)[nH]c(=O)n(C)c1=O	POQOTWQIYYNXAT-UHFFFAOYSA-N	C7H10N4O3
development	POQRWMRXUOPCLD-UHFFFAOYSA-N	CCCCCCCCCCCCCC=CC(O)C(COC1OC(CO)C(O)C(O)C1O)NC(=O)CCCCCCCCCCCCCCCCCCCCCCC	ok	CCCCCCCCCCCCCC=CC(O)C(COC1OC(CO)C(O)C(O)C1O)NC(=O)CCCCCCCCCCCCCCCCCCCCCCC	POQRWMRXUOPCLD-UHFFFAOYSA-N	C48H93NO8
development	POULHZVOKOAJMA-UHFFFAOYSA-N	CCCCCCCCCCCC(=O)O	ok	CCCCCCCCCCCC(=O)O	POULHZVOKOAJMA-UHFFFAOYSA-N	C12H24O2
development	POWISKNFFRUCCW-UHFFFAOYSA-N	CC(=O)OC1CC(C)CNC12OC1CC3C4CCC5CC(OC6OC(CO)C(OC7OC(CO)C(O)C(OC8OCC(O)C(O)C8O)C7OC7OC(CO)C(O)C(O)C7O)C(O)C6O)CCC5(C)C4CCC3(C)C1C2C	ok	CC(=O)OC1CC(C)CNC12OC1CC3C4CCC5CC(OC6OC(CO)C(OC7OC(CO)C(O)C(OC8OCC(O)C(O)C8O)C7OC7OC(CO)C(O)C(O)C7O)C(O)C6O)CCC5(C)C4CCC3(C)C1C2C	POWISKNFFRUCCW-UHFFFAOYSA-N	C52H85NO23
development	PPBRXRYQALVLMV-UHFFFAOYSA-N	C=Cc1ccccc1	ok	C=Cc1ccccc1	PPBRXRYQALVLMV-UHFFFAOYSA-N	C8H8
development	PPDIALCNVFLTST-UHFFFAOYSA-N	O=C(c1cccs1)c1ccc(O)c(Cl)c1Cl	ok	O=C(c1cccs1)c1ccc(O)c(Cl)c1Cl	PPDIALCNVFLTST-UHFFFAOYSA-N	C11H6Cl2O2S
development	PPFRJNLKWADOTL-UHFFFAOYSA-N	C=C(C(C)C)C(O)C(O)C(C)C1CCC2C3COC(=O)C4CC(O)C(O)CC4(C)C3CCC12C	ok	C=C(C(C)C)C(O)C(O)C(C)C1CCC2C3COC(=O)C4CC(O)C(O)CC4(C)C3CCC12C	PPFRJNLKWADOTL-UHFFFAOYSA-N	C28H46O6
development	PPTYJKAXVCCBDU-UHFFFAOYSA-N	CN1C(=O)CN=C(c2ccccc2F)c2cc([N+](=O)[O-])ccc21	ok	CN1C(=O)CN=C(c2ccccc2F)c2cc([N+](=O)[O-])ccc21	PPTYJKAXVCCBDU-UHFFFAOYSA-N	C16H12FN3O3
development	PPWWANBMWAQXLQ-UHFFFAOYSA-N	CC1(C)CC(O)C2(C)CCC3(C)C(=CCC4C5(C)CCC(OC6OC(C(=O)O)C(O)C(O)C6OC6OC(CO)C(O)C(O)C6O)C(C)(C)C5CCC43C)C2C1	ok	CC1(C)CC(O)C2(C)CCC3(C)C(=CCC4C5(C)CCC(OC6OC(C(=O)O)C(O)C(O)C6OC6OC(CO)C(O)C(O)C6O)C(C)(C)C5CCC43C)C2C1	PPWWANBMWAQXLQ-UHFFFAOYSA-N	C42H68O13
development	PPXGQLMPUIVFRE-UHFFFAOYSA-N	C=CC=CC=O	ok	C=CC=CC=O	PPXGQLMPUIVFRE-UHFFFAOYSA-N	C5H6O
development	PQOVJTQCPQRHKK-UHFFFAOYSA-N	CCCCCCCCCCCCCCCCCCCCCCCC(O)CC(O)CCCCCC	ok	CCCCCCCCCCCCCCCCCCCCCCCC(O)CC(O)CCCCCC	PQOVJTQCPQRHKK-UHFFFAOYSA-N	C32H66O2
development	PRAUVHZJPXOEIF-UHFFFAOYSA-N	CC1CCC2(C(=O)O)CCC3(C)C(=CCC4C5(C)CC(O)C(O)C(C)(CO)C5C(O)CC43C)C2C1C	ok	CC1CCC2(C(=O)O)CCC3(C)C(=CCC4C5(C)CC(O)C(O)C(C)(CO)C5C(O)CC43C)C2C1C	PRAUVHZJPXOEIF-UHFFFAOYSA-N	C30H48O6
development	PRMWQIVYOYCJQC-UHFFFAOYSA-N	CCCCCC(O)C=CC(O)C(O)CC=CCC=CCCCC(=O)O	ok	CCCCCC(O)C=CC(O)C(O)CC=CCC=CCCCC(=O)O	PRMWQIVYOYCJQC-UHFFFAOYSA-N	C20H34O5
development	PROQIPRRNZUXQM-UHFFFAOYSA-N	CC12CCC3c4ccc(O)cc4CCC3C1CC(O)C2O	ok	CC12CCC3c4ccc(O)cc4CCC3C1CC(O)C2O	PROQIPRRNZUXQM-UHFFFAOYSA-N	C18H24O3
development	PSIFNNKUMBGKDQ-UHFFFAOYSA-N	CCCCc1nc(Cl)c(CO)n1Cc1ccc(-c2ccccc2-c2nn[nH]n2)cc1	ok	CCCCc1nc(Cl)c(CO)n1Cc1ccc(-c2ccccc2-c2nn[nH]n2)cc1	PSIFNNKUMBGKDQ-UHFFFAOYSA-N	C22H23ClN6O
development	PSZDOEIIIJFCFE-UHFFFAOYSA-N	CC1(C)CCC2(CO)CCC3(C)C(=CCC4C5(C)CCC(O)C(C)(C)C5CCC43C)C2C1	ok	CC1(C)CCC2(CO)CCC3(C)C(=CCC4C5(C)CCC(O)C(C)(C)C5CCC43C)C2C1	PSZDOEIIIJFCFE-UHFFFAOYSA-N	C30H50O2
development	PTFJEDBJXCZCDO-UHFFFAOYSA-N	C=C(C=O)CCCC(C)CCCC(C)CCCC(C)C	ok	C=C(C=O)CCCC(C)CCCC(C)CCCC(C)C	PTFJEDBJXCZCDO-UHFFFAOYSA-N	C19H36O
development	PTHCMJGKKRQCBF-UHFFFAOYSA-N	COC1OC(CO)C(OC2OC(CO)C(OC)C(O)C2O)C(O)C1O	ok	COC1OC(CO)C(OC2OC(CO)C(OC)C(O)C2O)C(O)C1O	PTHCMJGKKRQCBF-UHFFFAOYSA-N	C14H26O11
development	PTJADDMMFYXMMG-UHFFFAOYSA-N	CNCCCC1(c2ccc(F)cc2)OCc2cc(C#N)ccc21	ok	CNCCCC1(c2ccc(F)cc2)OCc2cc(C#N)ccc21	PTJADDMMFYXMMG-UHFFFAOYSA-N	C19H19FN2O
development	PTJICCHLTNPHDB-UHFFFAOYSA-N	CCCCCCCC1OCC(C)O1	ok	CCCCCCCC1OCC(C)O1	PTJICCHLTNPHDB-UHFFFAOYSA-N	C11H22O2
development	PTJWIQPHWPFNBW-UHFFFAOYSA-N	O=c1[nH]cc(C2OC(CO)C(O)C2O)c(=O)[nH]1	ok	O=c1[nH]cc(C2OC(CO)C(O)C2O)c(=O)[nH]1	PTJWIQPHWPFNBW-UHFFFAOYSA-N	C9H12N2O6
development	PTVBAOGVIGOALV-UHFFFAOYSA-N	O=C(Cc1ccc(O)c(O)c1)C(O)O	ok	O=C(O)C(O)Cc1ccc(O)c(O)c1	PAFLSMZLRSPALU-UHFFFAOYSA-N	C9H10O5
development	PTZHJVIKISISFU-UHFFFAOYSA-N	CCCCCCC(=O)CCCCCCCCCCCCCCCCCCCCCO	ok	CCCCCCC(=O)CCCCCCCCCCCCCCCCCCCCCO	PTZHJVIKISISFU-UHFFFAOYSA-N	C28H56O2
development	PUNOCEUUYUXUGR-UHFFFAOYSA-N	CCCCCCCCCCCCCCCCCCCc1cc(O)cc(O)c1	ok	CCCCCCCCCCCCCCCCCCCc1cc(O)cc(O)c1	PUNOCEUUYUXUGR-UHFFFAOYSA-N	C25H44O2
development	PVXVWWANJIWJOO-UHFFFAOYSA-N	CCNC(C)Cc1ccc2c(c1)OCO2	ok	CCNC(C)Cc1ccc2c(c1)OCO2	PVXVWWANJIWJOO-UHFFFAOYSA-N	C12H17NO2
development	PWFTYELYTFERRB-UHFFFAOYSA-N	CC(=O)NC1C(OC(C)(COC2OC(C)C(O)C(O)C2O)C(O)C(O)CO)OC(CO)C(O)C1O	ok	CC(=O)NC1C(OC(C)(COC2OC(C)C(O)C(O)C2O)C(O)C(O)CO)OC(CO)C(O)C1O	PWFTYELYTFERRB-UHFFFAOYSA-N	C20H37NO14
development	PWKSKIMOESPYIA-UHFFFAOYSA-N	CC(=O)NC(CS)C(=O)O	ok	CC(=O)NC(CS)C(=O)O	PWKSKIMOESPYIA-UHFFFAOYSA-N	C5H9NO3S
development	PWLNAUNEAKQYLH-UHFFFAOYSA-N	CCCCCCCCOC(=O)CCC	ok	CCCCCCCCOC(=O)CCC	PWLNAUNEAKQYLH-UHFFFAOYSA-N	C12H24O2
development	PWTCIBWRMQFJBC-UHFFFAOYSA-N	O=C(O)CCCC=CCC1C2CCC(C2)C1NS(=O)(=O)c1ccccc1	ok	O=C(O)CCCC=CCC1C2CCC(C2)C1NS(=O)(=O)c1ccccc1	PWTCIBWRMQFJBC-UHFFFAOYSA-N	C20H27NO4S
development	PWVXXGRKLHYWKM-UHFFFAOYSA-N	CN1CCCC1Cc1c[nH]c2ccc(CCS(=O)(=O)c3ccccc3)cc12	ok	CN1CCCC1Cc1c[nH]c2ccc(CCS(=O)(=O)c3ccccc3)cc12	PWVXXGRKLHYWKM-UHFFFAOYSA-N	C22H26N2O2S
development	PXWCUJRVSZCPHE-UHFFFAOYSA-N	CCCCOCCOCC(C)OCCCOC	ok	CCCCOCCOCC(C)OCCCOC	PXWCUJRVSZCPHE-UHFFFAOYSA-N	C13H28O4
development	PYQSUTLVBSTCSK-UHFFFAOYSA-N	O=C1Nc2ccccc2OC1OC1OC(CO)C(O)C(O)C1O	ok	O=C1Nc2ccccc2OC1OC1OC(CO)C(O)C(O)C1O	PYQSUTLVBSTCSK-UHFFFAOYSA-N	C14H17NO8
development	PYUSHNKNPOHWEZ-UHFFFAOYSA-N	CSCCC(NC=O)C(=O)O	ok	CSCCC(NC=O)C(=O)O	PYUSHNKNPOHWEZ-UHFFFAOYSA-N	C6H11NO3S
development	PYXFVCFISTUSOO-UHFFFAOYSA-N	CC(C)=CCCC(C)(O)C1CCC2(C)C1C(O)CC1C3(C)CCC(O)C(C)(C)C3CCC12C	ok	CC(C)=CCCC(C)(O)C1CCC2(C)C1C(O)CC1C3(C)CCC(O)C(C)(C)C3CCC12C	PYXFVCFISTUSOO-UHFFFAOYSA-N	C30H52O3
development	PYZZIILDSAJNLZ-UHFFFAOYSA-N	OCC(O)C(O)C(O)C(O)COCC1OC(O)C(O)C(O)C1O	ok	OCC(O)C(O)C(O)C(O)COCC1OC(O)C(O)C(O)C1O	PYZZIILDSAJNLZ-UHFFFAOYSA-N	C12H24O11
development	PZNPHSFXILSZTM-UHFFFAOYSA-N	CC1CCC2(OC1)OC1CC3C4CC(O)C5CC(O)CCC5(C)C4CCC3(C)C1C2C	ok	CC1CCC2(OC1)OC1CC3C4CC(O)C5CC(O)CCC5(C)C4CCC3(C)C1C2C	PZNPHSFXILSZTM-UHFFFAOYSA-N	C27H44O4
development	PZVRZRARFZZBCA-UHFFFAOYSA-N	O=C(C=Cc1ccccc1)c1cc(O)ccc1O	ok	O=C(C=Cc1ccccc1)c1cc(O)ccc1O	PZVRZRARFZZBCA-UHFFFAOYSA-N	C15H12O3
development	QAGYKUNXZHXKMR-UHFFFAOYSA-N	Cc1c(O)cccc1C(=O)NC(CSc1ccccc1)C(O)CN1CC2CCCCC2CC1C(=O)NC(C)(C)C	ok	Cc1c(O)cccc1C(=O)NC(CSc1ccccc1)C(O)CN1CC2CCCCC2CC1C(=O)NC(C)(C)C	QAGYKUNXZHXKMR-UHFFFAOYSA-N	C32H45N3O4S
development	QAILMWKAKHIIHL-UHFFFAOYSA-N	CC(C=CC=C(C)C=CC(=O)C1(C)CC(O)CC1(C)C)=CC=CC=C(C)C=CC=C(C)C=CC12OC1(C)CC(O)CC2(C)C	ok	CC(C=CC=C(C)C=CC(=O)C1(C)CC(O)CC1(C)C)=CC=CC=C(C)C=CC=C(C)C=CC12OC1(C)CC(O)CC2(C)C	QAILMWKAKHIIHL-UHFFFAOYSA-N	C40H56O4
development	QAYDNOZSJGIPSH-UHFFFAOYSA-N	O=C1CC(c2ccc(Oc3c(O)c(C(=O)C=Cc4ccc(O)cc4)c(O)c(C4OC(CO)C(O)C(O)C4O)c3O)cc2)Oc2cc(O)cc(O)c21	tautomer_MaxTransformsReached			C36H32O15
development	QBGPXOGXCVKULO-UHFFFAOYSA-N	NCCCCC(N)C(=O)NC(CS)C(=O)O	ok	NCCCCC(N)C(=O)NC(CS)C(=O)O	QBGPXOGXCVKULO-UHFFFAOYSA-N	C9H19N3O3S
development	QBXROYPDQTVONF-UHFFFAOYSA-N	CNc1cccc(-c2ccnc3c(C(=O)c4cccs4)cnn23)c1	ok	CNc1cccc(-c2ccnc3c(C(=O)c4cccs4)cnn23)c1	QBXROYPDQTVONF-UHFFFAOYSA-N	C18H14N4OS
development	QCFVNZMQQSUXJA-UHFFFAOYSA-N	CCCCCCC=CCCCCCCCCCC(=O)NC(COC1OC(CO)C(OC2OC(CO)C(O)C(OC3(C(=O)O)CC(O)C(NC(C)=O)C(C(O)C(CO)OC4(C(=O)O)CC(O)C(NC(C)=O)C(C(O)C(CO)OC5(C(=O)O)CC(O)C(NC(C)=O)C(C(O)C(O)CO)O5)O4)O3)C2O)C(O)C1O)C(O)C=CCCCCCCCCCCCCC	ok	CCCCCCC=CCCCCCCCCCC(=O)NC(COC1OC(CO)C(OC2OC(CO)C(O)C(OC3(C(=O)O)CC(O)C(NC(C)=O)C(C(O)C(CO)OC4(C(=O)O)CC(O)C(NC(C)=O)C(C(O)C(CO)OC5(C(=O)O)CC(O)C(NC(C)=O)C(C(O)C(O)CO)O5)O4)O3)C2O)C(O)C1O)C(O)C=CCCCCCCCCCCCCC	QCFVNZMQQSUXJA-UHFFFAOYSA-N	C81H140N4O37
development	QCHFTSOMWOSFHM-UHFFFAOYSA-N	CCC1C(=O)OCC1Cc1cncn1C	ok	CCC1C(=O)OCC1Cc1cncn1C	QCHFTSOMWOSFHM-UHFFFAOYSA-N	C11H16N2O2
development	QCHPKSFMDHPSNR-UHFFFAOYSA-N	CC(CN)C(=O)O	ok	CC(CN)C(=O)O	QCHPKSFMDHPSNR-UHFFFAOYSA-N	C4H9NO2
development	QCLGPJNIMBAJLC-UHFFFAOYSA-N	CC(=O)C1CC(=O)C2(C)C3C(=O)CC4C(C)(C)C(=O)CCC4(C)C3C(=O)CC12C	ok	CC(=O)C1CC(=O)C2(C)C3C(=O)CC4C(C)(C)C(=O)CCC4(C)C3C(=O)CC12C	QCLGPJNIMBAJLC-UHFFFAOYSA-N	C24H32O5
development	QCSNJTIWCIMFFY-UHFFFAOYSA-N	CC(=O)Nc1ccc(OC(C)C)cc1	ok	CC(=O)Nc1ccc(OC(C)C)cc1	QCSNJTIWCIMFFY-UHFFFAOYSA-N	C11H15NO2
development	QCTRMDIJRRVPPY-UHFFFAOYSA-N	CN1CCN(C(=O)Oc2c3nccnc3c(O)n2-c2ccc(Cl)cn2)CC1	ok	CN1CCN(C(=O)Oc2c3nccnc3c(O)n2-c2ccc(Cl)cn2)CC1	QCTRMDIJRRVPPY-UHFFFAOYSA-N	C17H17ClN6O3
development	QEMSVZNTSXPFJA-UHFFFAOYSA-N	CC(C(O)c1ccc(O)cc1)N1CCC(O)(c2ccccc2)CC1	ok	CC(C(O)c1ccc(O)cc1)N1CCC(O)(c2ccccc2)CC1	QEMSVZNTSXPFJA-UHFFFAOYSA-N	C20H25NO3
development	QESPSAHXYXIGBG-UHFFFAOYSA-N	C=CC1(C)CCC(=O)O1	ok	C=CC1(C)CCC(=O)O1	QESPSAHXYXIGBG-UHFFFAOYSA-N	C7H10O2
development	QFBNONLZWZUQCN-UHFFFAOYSA-N	CCc1ccc2c(C3CCCCC3)nc(=O)n(CC)c2n1	ok	CCc1ccc2c(C3CCCCC3)nc(=O)n(CC)c2n1	QFBNONLZWZUQCN-UHFFFAOYSA-N	C17H23N3O
development	QFIWFUDXERFOIY-UHFFFAOYSA-N	CC(C)CCCC(C)CCCC(C)C(=O)O	ok	CC(C)CCCC(C)CCCC(C)C(=O)O	QFIWFUDXERFOIY-UHFFFAOYSA-N	C14H28O2
development	QFVOYBUQQBFCRH-UHFFFAOYSA-N	C=C1CC23CCC4C(C)(C(=O)O)CCCC4(C)C2CCC1(O)C3	ok	C=C1CC23CCC4C(C)(C(=O)O)CCCC4(C)C2CCC1(O)C3	QFVOYBUQQBFCRH-UHFFFAOYSA-N	C20H30O3
development	QGGCALSIIQGFOU-UHFFFAOYSA-N	CCCCCCCCCCCCCCCC(O)C(COC1OC(CO)C(OC2OC(CO)C(O)C(OC3(C(=O)O)CC(O)C(NC(C)=O)C(C(O)C(O)CO)O3)C2O)C(O)C1O)NC(=O)CCCCCCCCCCCCC	ok	CCCCCCCCCCCCCCCC(O)C(COC1OC(CO)C(OC2OC(CO)C(O)C(OC3(C(=O)O)CC(O)C(NC(C)=O)C(C(O)C(O)CO)O3)C2O)C(O)C1O)NC(=O)CCCCCCCCCCCCC	QGGCALSIIQGFOU-UHFFFAOYSA-N	C55H102N2O21
development	QGTMYAPGXJWNQR-UHFFFAOYSA-N	CC(C)(C(=O)O)C1CCC23CC(CCC2C1(C)CC(=O)O)C1(C)OC31	ok	CC(C)(C(=O)O)C1CCC23CC(CCC2C1(C)CC(=O)O)C1(C)OC31	QGTMYAPGXJWNQR-UHFFFAOYSA-N	C20H30O5
development	QHELXIATGZYOIB-UHFFFAOYSA-N	CCCCCC=CCC=CCC=CCC=CCCCC(=O)NC(CO)CO	ok	CCCCCC=CCC=CCC=CCC=CCCCC(=O)NC(CO)CO	QHELXIATGZYOIB-UHFFFAOYSA-N	C23H39NO3
development	QHLHTTNIUVMWRY-UHFFFAOYSA-N	CC(=CCCC(C)C1CCC2(C)C3=C(CCC12C)C1(C)CCC(O)C(C)(C)C1CC3O)C(=O)O	ok	CC(=CCCC(C)C1CCC2(C)C3=C(CCC12C)C1(C)CCC(O)C(C)(C)C1CC3O)C(=O)O	QHLHTTNIUVMWRY-UHFFFAOYSA-N	C30H48O4
development	QIJNCQNMZUTUIF-UHFFFAOYSA-N	CC12CCC3c4ccc(OS(=O)(=O)O)c(O)c4CCC3C1CCC2=O	ok	CC12CCC3c4ccc(OS(=O)(=O)O)c(O)c4CCC3C1CCC2=O	QIJNCQNMZUTUIF-UHFFFAOYSA-N	C18H22O6S
development	QIQXTHQIDYTFRH-UHFFFAOYSA-N	CCCCCCCCCCCCCCCCCC(=O)O	ok	CCCCCCCCCCCCCCCCCC(=O)O	QIQXTHQIDYTFRH-UHFFFAOYSA-N	C18H36O2
development	QJKMCQRFHJRIPU-UHFFFAOYSA-N	CCC(C)C(NC(=O)C(N)Cc1ccc(O)cc1)C(=O)O	ok	CCC(C)C(NC(=O)C(N)Cc1ccc(O)cc1)C(=O)O	QJKMCQRFHJRIPU-UHFFFAOYSA-N	C15H22N2O4
development	QJWOQBGBEFNYKB-UHFFFAOYSA-N	COc1ccc(C(=O)C(C)N2CCCC2)cc1	ok	COc1ccc(C(=O)C(C)N2CCCC2)cc1	QJWOQBGBEFNYKB-UHFFFAOYSA-N	C14H19NO2
development	QKIWQBLNTSQOLY-UHFFFAOYSA-N	CCn1ncnc1COc1nn2c(-c3ccccc3F)nnc2cc1C(C)(C)C	ok	CCn1ncnc1COc1nn2c(-c3ccccc3F)nnc2cc1C(C)(C)C	QKIWQBLNTSQOLY-UHFFFAOYSA-N	C20H22FN7O
development	QKRAILWBHKPTOP-UHFFFAOYSA-N	CCCCCCCCCCCCCCCCCCCCCC(=O)CC(O)CCC	ok	CCCCCCCCCCCCCCCCCCCCCC(=O)CC(O)CCC	QKRAILWBHKPTOP-UHFFFAOYSA-N	C27H54O2
development	QKSLDSYMZWHPGC-UHFFFAOYSA-N	CC12C(=O)CCC=C1C(=O)CC1C2CCC2(O)C(=O)OC3(C)C4CC5(C)C(COC16OC23C5C6=O)C(=O)O4	ok	CC12C(=O)CCC=C1C(=O)CC1C2CCC2(O)C(=O)OC3(C)C4CC5(C)C(COC16OC23C5C6=O)C(=O)O4	QKSLDSYMZWHPGC-UHFFFAOYSA-N	C28H30O10
development	QMHJFCPHRGVEAF-UHFFFAOYSA-N	CN1CCCCC1CCc1ccccc1NC(=O)c1ccc(O)cc1	ok	CN1CCCCC1CCc1ccccc1NC(=O)c1ccc(O)cc1	QMHJFCPHRGVEAF-UHFFFAOYSA-N	C21H26N2O2
development	QMVPMAAFGQKVCJ-UHFFFAOYSA-N	CC(C)=CCCC(C)CCO	ok	CC(C)=CCCC(C)CCO	QMVPMAAFGQKVCJ-UHFFFAOYSA-N	C10H20O
development	QMXHUFVYJLFLRY-UHFFFAOYSA-N	NC(CN[N+](=O)[O-])C(=O)O	ok	NC(CN[N+](=O)[O-])C(=O)O	QMXHUFVYJLFLRY-UHFFFAOYSA-N	C3H7N3O4
development	QNQZBKQEIFTHFZ-UHFFFAOYSA-N	CCCCCN(CCCOC)C(=O)C(CCC(=O)O)NC(=O)c1ccc(Cl)c(Cl)c1	ok	CCCCCN(CCCOC)C(=O)C(CCC(=O)O)NC(=O)c1ccc(Cl)c(Cl)c1	QNQZBKQEIFTHFZ-UHFFFAOYSA-N	C21H30Cl2N2O5
development	QOBGWWQAMAPULA-UHFFFAOYSA-N	CN(C)CCOC1(c2ccccc2)CC2CCC1(C)C2(C)C	ok	CN(C)CCOC1(c2ccccc2)CC2CCC1(C)C2(C)C	QOBGWWQAMAPULA-UHFFFAOYSA-N	C20H31NO
development	QOFQTBTZCJVITI-UHFFFAOYSA-N	CN1C(C(=O)Nc2ccccn2)C(=O)c2sc(Cl)cc2S1(=O)=O	ok	CN1C(C(=O)Nc2ccccn2)C(=O)c2sc(Cl)cc2S1(=O)=O	QOFQTBTZCJVITI-UHFFFAOYSA-N	C13H10ClN3O4S2
development	QOIGKGMMAGJZNZ-UHFFFAOYSA-N	CC1(C)CC(=O)N(CCCCN2CCN(c3ncccn3)CC2)C(=O)C1	ok	CC1(C)CC(=O)N(CCCCN2CCN(c3ncccn3)CC2)C(=O)C1	QOIGKGMMAGJZNZ-UHFFFAOYSA-N	C19H29N5O2
development	QPOLEIZVZGWOJF-UHFFFAOYSA-N	COC(=O)C1=C(C)N=C(C)C(C(=O)OC2CCN(Cc3ccccc3)C2)C1c1cccc([N+](=O)[O-])c1	ok	COC(=O)C1=C(C)N=C(C)C(C(=O)OC2CCN(Cc3ccccc3)C2)C1c1cccc([N+](=O)[O-])c1	QPOLEIZVZGWOJF-UHFFFAOYSA-N	C27H29N3O6
development	QQCSUWGQBREWRO-UHFFFAOYSA-N	Cc1ccccc1C(=O)N1CCC(=NOS(=O)(=O)O)c2ccc(Cl)cc21	ok	Cc1ccccc1C(=O)N1CCC(=NOS(=O)(=O)O)c2ccc(Cl)cc21	QQCSUWGQBREWRO-UHFFFAOYSA-N	C17H15ClN2O5S
development	QQEILXDLZRLTME-UHFFFAOYSA-N	COc1cc2c(CCNC(C)=O)c[nH]c2cc1OS(=O)(=O)O	ok	COc1cc2c(CCNC(C)=O)c[nH]c2cc1OS(=O)(=O)O	QQEILXDLZRLTME-UHFFFAOYSA-N	C13H16N2O6S
development	QQMRPVREOTZDMG-UHFFFAOYSA-N	CCCCCCCCCCCCCC=CC(O)C(COC1OC(CO)C(OC2OC(CO)C(OC3OC(CO)C(O)C(O)C3NC(C)=O)C(OC3(C(=O)O)CC(O)C(NC(C)=O)C(C(O)C(CO)OC4(C(=O)O)CC(O)C(NC(C)=O)C(C(O)C(O)CO)O4)O3)C2O)C(O)C1O)NC(=O)CCCCCCCCCCCCCCCCCCCCCCC	ok	CCCCCCCCCCCCCC=CC(O)C(COC1OC(CO)C(OC2OC(CO)C(OC3OC(CO)C(O)C(O)C3NC(C)=O)C(OC3(C(=O)O)CC(O)C(NC(C)=O)C(C(O)C(CO)OC4(C(=O)O)CC(O)C(NC(C)=O)C(C(O)C(O)CO)O4)O3)C2O)C(O)C1O)NC(=O)CCCCCCCCCCCCCCCCCCCCCCC	QQMRPVREOTZDMG-UHFFFAOYSA-N	C84H150N4O34
development	QQNJKUVXVNGPSE-UHFFFAOYSA-N	C=CC(C)(CCC=C(C)CCC=C(C)CC=CC(C)C(=O)OC1C(O)C(C)OC(OCC2OC(OC3C(O)C(C)OC(OCC(C)=CCCC(C)=CCCC(C)=CCCC(C)(C=C)OC4OC(CO)C(O)C(O)C4OC4OC(CO)C(O)C(O)C4O)C3O)C(O)C(O)C2O)C1O)OC1OC(CO)C(O)C(O)C1OC1OC(CO)C(O)C(O)C1O	ok	C=CC(C)(CCC=C(C)CCC=C(C)CC=CC(C)C(=O)OC1C(O)C(C)OC(OCC2OC(OC3C(O)C(C)OC(OCC(C)=CCCC(C)=CCCC(C)=CCCC(C)(C=C)OC4OC(CO)C(O)C(O)C4OC4OC(CO)C(O)C(O)C4O)C3O)C(O)C(O)C2O)C1O)OC1OC(CO)C(O)C(O)C1OC1OC(CO)C(O)C(O)C1O	QQNJKUVXVNGPSE-UHFFFAOYSA-N	C82H134O37
development	QROGIFZRVHSFLM-UHFFFAOYSA-N	CC=Cc1ccccc1	ok	CC=Cc1ccccc1	QROGIFZRVHSFLM-UHFFFAOYSA-N	C9H10
development	QSBRHMSGMHEVKB-UHFFFAOYSA-N	C=CC1(CO)CCC(C(C)(C)OC2OC(CO)C(O)C(O)C2O)O1	ok	C=CC1(CO)CCC(C(C)(C)OC2OC(CO)C(O)C(O)C2O)O1	QSBRHMSGMHEVKB-UHFFFAOYSA-N	C16H28O8
development	QSLMDECMDJKHMQ-UHFFFAOYSA-N	CNCCCC12CCC(c3ccccc31)c1ccccc12	ok	CNCCCC12CCC(c3ccccc31)c1ccccc12	QSLMDECMDJKHMQ-UHFFFAOYSA-N	C20H23N
development	QTTNOSKSLATGQB-UHFFFAOYSA-N	O=C(O)CCc1c2[nH]c(c1CC(=O)O)Cc1[nH]c(c(CC(=O)O)c1CCC(=O)O)Cc1[nH]c(c(CC(=O)O)c1CCC(=O)O)Cc1[nH]c(c(CC(=O)O)c1CCC(=O)O)C2	ok	O=C(O)CCc1c2[nH]c(c1CC(=O)O)Cc1[nH]c(c(CC(=O)O)c1CCC(=O)O)Cc1[nH]c(c(CC(=O)O)c1CCC(=O)O)Cc1[nH]c(c(CC(=O)O)c1CCC(=O)O)C2	QTTNOSKSLATGQB-UHFFFAOYSA-N	C40H44N4O16
development	QTZXSYBVOSXBEJ-UHFFFAOYSA-N	CSCCC(N)C(=O)NC(CC(=O)O)C(=O)O	ok	CSCCC(N)C(=O)NC(CC(=O)O)C(=O)O	QTZXSYBVOSXBEJ-UHFFFAOYSA-N	C9H16N2O5S
development	QUSSPXNPULRXKG-UHFFFAOYSA-N	COc1cc2ccc1Oc1cc(ccc1O)CCC(=O)CCCC2	ok	COc1cc2ccc1Oc1cc(ccc1O)CCC(=O)CCCC2	QUSSPXNPULRXKG-UHFFFAOYSA-N	C20H22O4
development	QUXNYZHQBWMPNX-UHFFFAOYSA-N	O=C(O)c1cc(O)c(O)c(OC(=O)c2cc(O)c(O)c(OC(=O)c3cc(O)c(O)c(O)c3)c2)c1	tautomer_MaxTransformsReached			C21H14O13
development	QVWRWMJXTWVRCW-UHFFFAOYSA-N	COc1cc(C=CC(=O)OC2CC3(C)C(CCC4(C)C3CC=C3C5C(C)C(C)CCC5(C(=O)O)CCC34C)C(C)(C)C2O)ccc1O	ok	COc1cc(C=CC(=O)OC2CC3(C)C(CCC4(C)C3CC=C3C5C(C)C(C)CCC5(C(=O)O)CCC34C)C(C)(C)C2O)ccc1O	QVWRWMJXTWVRCW-UHFFFAOYSA-N	C40H56O7
development	QVZKZDOWTVQTPL-UHFFFAOYSA-N	CC(C)C(N)C(=O)N1CCCC1C(=O)NCC(=O)N1CCCC1C(=O)NC(CCCN=C(N)N)C(=O)O	tautomer_MaxTransformsReached			C23H40N8O6
development	QWAZWXOCSOFIPS-UHFFFAOYSA-N	O=c1cc(-c2ccc(O)c(O)c2)oc2cc(O)c(C3OC(CO)C(O)C(O)C3OC3OC(CO)C(O)C(O)C3O)c(O)c12	tautomer_MaxTransformsReached			C27H30O16
development	QWBBPBRQALCEIZ-UHFFFAOYSA-N	Cc1cccc(O)c1C	ok	Cc1cccc(O)c1C	QWBBPBRQALCEIZ-UHFFFAOYSA-N	C8H10O
development	QXDHYSHOINNEAZ-UHFFFAOYSA-N	C=C(CCC(C)C1CCC2C3CC=C4CC(O)CCC4(C)C3CCC12C)C(C)(C)C	ok	C=C(CCC(C)C1CCC2C3CC=C4CC(O)CCC4(C)C3CCC12C)C(C)(C)C	QXDHYSHOINNEAZ-UHFFFAOYSA-N	C29H48O
development	QXKHYNVANLEOEG-UHFFFAOYSA-N	COc1c2occc2cc2ccc(=O)oc12	ok	COc1c2occc2cc2ccc(=O)oc12	QXKHYNVANLEOEG-UHFFFAOYSA-N	C12H8O4
development	QXUSBVUVNRNHFU-UHFFFAOYSA-N	Oc1cc2c(s1)CCN(Cc1ccccc1Cl)C2	ok	Oc1cc2c(s1)CCN(Cc1ccccc1Cl)C2	QXUSBVUVNRNHFU-UHFFFAOYSA-N	C14H14ClNOS
development	QXXDOTRDVRYWCT-UHFFFAOYSA-N	CCCCCCCCCCC(O)C1CCC(COCCCCCCCCCCCCCCCCc2cc(C)oc2O)O1	ok	CCCCCCCCCCC(O)C1CCC(COCCCCCCCCCCCCCCCCc2cc(C)oc2O)O1	QXXDOTRDVRYWCT-UHFFFAOYSA-N	C37H68O5
development	QYITWZRZMMUYMO-UHFFFAOYSA-N	CC(CCC1(O)OC2CC3C4CC(O)C5CC(OC6OC(CO)C(OC7OC(CO)C(O)C(OC8OC(CO)C(O)C(O)C8O)C7OC7OC(CO)C(O)C(OC8OC(CO)C(O)C(O)C8O)C7O)C(O)C6O)CCC5(C)C4CCC3(C)C2C1C)COC1OC(CO)C(O)C(O)C1O	ok	CC(CCC1(O)OC2CC3C4CC(O)C5CC(OC6OC(CO)C(OC7OC(CO)C(O)C(OC8OC(CO)C(O)C(O)C8O)C7OC7OC(CO)C(O)C(OC8OC(CO)C(O)C(O)C8O)C7O)C(O)C6O)CCC5(C)C4CCC3(C)C2C1C)COC1OC(CO)C(O)C(O)C1O	QYITWZRZMMUYMO-UHFFFAOYSA-N	C63H106O35
development	QYIXCDOBOSTCEI-UHFFFAOYSA-N	CC(C)CCCC(C)C1CCC2C3CCC4CC(O)CCC4(C)C3CCC12C	ok	CC(C)CCCC(C)C1CCC2C3CCC4CC(O)CCC4(C)C3CCC12C	QYIXCDOBOSTCEI-UHFFFAOYSA-N	C27H48O
development	QYJZSRPZFKAVGF-UHFFFAOYSA-N	CC(O)Nc1c(C(O)C(O)CO)oc(C(=O)O)cc1=NC(N)N	ok	CC(O)Nc1c(C(O)C(O)CO)oc(C(=O)O)cc1=NC(N)N	QYJZSRPZFKAVGF-UHFFFAOYSA-N	C12H20N4O7
development	QYMDEOQLJUUNOF-UHFFFAOYSA-N	COc1ccc2[nH]c3c(c2c1)CCNC3	ok	COc1ccc2[nH]c3c(c2c1)CCNC3	QYMDEOQLJUUNOF-UHFFFAOYSA-N	C12H14N2O
development	QYOZAXQSDUAPDS-UHFFFAOYSA-N	CCCCCCCCC=CCCCCCCCCCCO	ok	CCCCCCCCC=CCCCCCCCCCCO	QYOZAXQSDUAPDS-UHFFFAOYSA-N	C20H40O
development	QYSGYZVSCZSLHT-UHFFFAOYSA-N	FC(F)(F)C(F)(F)C(F)(F)F	ok	FC(F)(F)C(F)(F)C(F)(F)F	QYSGYZVSCZSLHT-UHFFFAOYSA-N	C3F8
development	QZAYGJVTTNCVMB-UHFFFAOYSA-N	NCCc1c[nH]c2ccc(O)cc12	ok	NCCc1c[nH]c2ccc(O)cc12	QZAYGJVTTNCVMB-UHFFFAOYSA-N	C10H12N2O
development	QZUDBNBUXVUHMW-UHFFFAOYSA-N	CN1CCN(C2=Nc3cc(Cl)ccc3Nc3ccccc32)CC1	ok	CN1CCN(C2=Nc3cc(Cl)ccc3Nc3ccccc32)CC1	QZUDBNBUXVUHMW-UHFFFAOYSA-N	C18H19ClN4
development	QZZXXWCIDSHZEF-UHFFFAOYSA-N	CC1CC2C3CC(F)=C4CC(=O)C=CC4(C)C3(F)C(O)CC2(C)C1(O)C(=O)SCF	ok	CC1CC2C3CC(F)=C4CC(=O)C=CC4(C)C3(F)C(O)CC2(C)C1(O)C(=O)SCF	QZZXXWCIDSHZEF-UHFFFAOYSA-N	C22H27F3O4S
development	RADRBZBLNXVQEU-UHFFFAOYSA-N	Cc1c(C)c(O)c(C(=CCCCCC(=O)O)c2ccccc2)c(C)c1O	ok	Cc1c(C)c(O)c(C(=CCCCCC(=O)O)c2ccccc2)c(C)c1O	RADRBZBLNXVQEU-UHFFFAOYSA-N	C22H26O4
development	RAFZYSUICBQABU-UHFFFAOYSA-N	CC(=CC=O)CCCC(C)CCCC(C)CCCC(C)C	ok	CC(=CC=O)CCCC(C)CCCC(C)CCCC(C)C	RAFZYSUICBQABU-UHFFFAOYSA-N	C20H38O
development	RAPZEAPATHNIPO-UHFFFAOYSA-N	Cc1nc2n(c(=O)c1CCN1CCC(c3noc4cc(F)ccc34)CC1)CCCC2	ok	Cc1nc2n(c(=O)c1CCN1CCC(c3noc4cc(F)ccc34)CC1)CCCC2	RAPZEAPATHNIPO-UHFFFAOYSA-N	C23H27FN4O2
development	RBOXVHNMENFORY-UHFFFAOYSA-N	COc1ccc2c3c1OC1C(O)CCC4C(C2)N(C)CCC341	ok	COc1ccc2c3c1OC1C(O)CCC4C(C2)N(C)CCC341	RBOXVHNMENFORY-UHFFFAOYSA-N	C18H23NO3
development	RBTUMRCMWWEVRS-UHFFFAOYSA-N	CCCCC=CCC(=O)OC(CCC(=O)[O-])[N+](C)(C)C	ok	CCCCC=CCC(=O)OC(CCC(=O)[O-])[N+](C)(C)C	RBTUMRCMWWEVRS-UHFFFAOYSA-N	C15H27NO4
development	RCBSXXKUUVVZGA-UHFFFAOYSA-N	CC=C(C)C(=O)OC1=C2C(C)C(=O)OC2(OC)CC2CCC(OC(=O)C=CSC)C(C)C12C	ok	CC=C(C)C(=O)OC1=C2C(C)C(=O)OC2(OC)CC2CCC(OC(=O)C=CSC)C(C)C12C	RCBSXXKUUVVZGA-UHFFFAOYSA-N	C25H34O7S
development	RCFJDVCRANOZEL-UHFFFAOYSA-N	CC(=O)C1(O)CCC2C3CC=C4CC(=O)CCC4(C)C3CCC21C	ok	CC(=O)C1(O)CCC2C3CC=C4CC(=O)CCC4(C)C3CCC21C	RCFJDVCRANOZEL-UHFFFAOYSA-N	C21H30O3
development	RCLLNBVPCJDIPX-UHFFFAOYSA-N	CN(C)S(=O)(=O)CCNC(=O)N(CCCl)N=O	ok	CN(C)S(=O)(=O)CCNC(=O)N(CCCl)N=O	RCLLNBVPCJDIPX-UHFFFAOYSA-N	C7H15ClN4O4S
development	RCMFOCNCKTYXQN-UHFFFAOYSA-N	C=C1C(OC2OC(CO)C(O)C(O)C2O)CC2C(C)C(=O)OC2C2C(=C)CCC12	ok	C=C1C(OC2OC(CO)C(O)C(O)C2O)CC2C(C)C(=O)OC2C2C(=C)CCC12	RCMFOCNCKTYXQN-UHFFFAOYSA-N	C21H30O8
development	RCTJEXXXCUZPMY-UHFFFAOYSA-N	CC(C)(C)C1CC=C(c2c(O)c(O)c3ccccc3c2O)CC1	ok	CC(C)(C)C1CC=C(c2c(O)c(O)c3ccccc3c2O)CC1	RCTJEXXXCUZPMY-UHFFFAOYSA-N	C20H24O3
development	RDJTWDKSYLLHRW-UHFFFAOYSA-N	CCC(C)c1cc([N+](=O)[O-])cc([N+](=O)[O-])c1OC(C)=O	ok	CCC(C)c1cc([N+](=O)[O-])cc([N+](=O)[O-])c1OC(C)=O	RDJTWDKSYLLHRW-UHFFFAOYSA-N	C12H14N2O6
development	RDJXPXHQENRCNG-UHFFFAOYSA-N	Nc1cc2nc3ccccc3oc-2cc1=O	ok	Nc1cc2nc3ccccc3oc-2cc1=O	RDJXPXHQENRCNG-UHFFFAOYSA-N	C12H8N2O2
development	RDMQPKIDHAFXKA-UHFFFAOYSA-N	CC(CC(=O)CC(C)C1CC(=O)C2(C)C3=C(C(=O)CC12C)C1(C)CCC(O)C(C)(C)C1CC3=O)C(=O)O	ok	CC(CC(=O)CC(C)C1CC(=O)C2(C)C3=C(C(=O)CC12C)C1(C)CCC(O)C(C)(C)C1CC3=O)C(=O)O	RDMQPKIDHAFXKA-UHFFFAOYSA-N	C30H42O7
development	RDOIQAHITMMDAJ-UHFFFAOYSA-N	CN(C)C(=O)C(CCN1CCC(O)(c2ccc(Cl)cc2)CC1)(c1ccccc1)c1ccccc1	ok	CN(C)C(=O)C(CCN1CCC(O)(c2ccc(Cl)cc2)CC1)(c1ccccc1)c1ccccc1	RDOIQAHITMMDAJ-UHFFFAOYSA-N	C29H33ClN2O2
development	RDSYZBZVCGNHLV-UHFFFAOYSA-N	CC(C)(O)C=CCC(C)(O)C1C(=O)CC2(COC3OC(COC4OCC(O)C(O)C4O)C(O)C(O)C3O)C1CCC1C3(C)CCC(OC4OCC(O)C(O)C4O)C(C)(C)C3CCC12C	ok	CC(C)(O)C=CCC(C)(O)C1C(=O)CC2(COC3OC(COC4OCC(O)C(O)C4O)C(O)C(O)C3O)C1CCC1C3(C)CCC(OC4OCC(O)C(O)C4O)C(C)(C)C3CCC12C	RDSYZBZVCGNHLV-UHFFFAOYSA-N	C46H76O18
development	RDYMFSUJUZBWLH-UHFFFAOYSA-N	O=S1OCC2C(CO1)C1(Cl)C(Cl)=C(Cl)C2(Cl)C1(Cl)Cl	ok	O=S1OCC2C(CO1)C1(Cl)C(Cl)=C(Cl)C2(Cl)C1(Cl)Cl	RDYMFSUJUZBWLH-UHFFFAOYSA-N	C9H6Cl6O3S
development	REPVLJRCJUVQFA-UHFFFAOYSA-N	CC1C(O)CC2CC1C2(C)C	ok	CC1C(O)CC2CC1C2(C)C	REPVLJRCJUVQFA-UHFFFAOYSA-N	C10H18O
development	RERZNCLIYCABFS-UHFFFAOYSA-N	COc1ccc2c3c([nH]c2c1)C(C)=NCC3	ok	COc1ccc2c3c([nH]c2c1)C(C)=NCC3	RERZNCLIYCABFS-UHFFFAOYSA-N	C13H14N2O
development	RFFLAFLAYFXFSW-UHFFFAOYSA-N	Clc1ccccc1Cl	ok	Clc1ccccc1Cl	RFFLAFLAYFXFSW-UHFFFAOYSA-N	C6H4Cl2
development	RFFOTVCVTJUTAD-UHFFFAOYSA-N	CC(C)C12CCC(C)(CC1)O2	ok	CC(C)C12CCC(C)(CC1)O2	RFFOTVCVTJUTAD-UHFFFAOYSA-N	C10H18O
development	RGACQXBDYBCJCY-UHFFFAOYSA-N	CCC=CCCOC(=O)CCCCC	ok	CCC=CCCOC(=O)CCCCC	RGACQXBDYBCJCY-UHFFFAOYSA-N	C12H22O2
development	RGCVKNLCSQQDEP-UHFFFAOYSA-N	OCCN1CCN(CCCN2c3ccccc3Sc3ccc(Cl)cc32)CC1	ok	OCCN1CCN(CCCN2c3ccccc3Sc3ccc(Cl)cc32)CC1	RGCVKNLCSQQDEP-UHFFFAOYSA-N	C21H26ClN3OS
development	RGMPGMYEOQNLRJ-UHFFFAOYSA-N	CCC(=O)OC1CC(=O)OC(C)CC=CC=CC(OC(C)=O)C(C)CC(CC=O)C(OC2OC(C)C(OC3CC(C)(O)C(O)C(C)O3)C(N(C)C)C2O)C1OC	ok	CCC(=O)OC1CC(=O)OC(C)CC=CC=CC(OC(C)=O)C(C)CC(CC=O)C(OC2OC(C)C(OC3CC(C)(O)C(O)C(C)O3)C(N(C)C)C2O)C1OC	RGMPGMYEOQNLRJ-UHFFFAOYSA-N	C40H65NO15
development	RGRYQUWGSJPMMK-UHFFFAOYSA-N	C=C(C)C1CCC(C)C23CCC(C)C2(C1)O3	ok	C=C(C)C1CCC(C)C23CCC(C)C2(C1)O3	RGRYQUWGSJPMMK-UHFFFAOYSA-N	C15H24O
development	RHJLQMVZXQKJKB-UHFFFAOYSA-N	CN1CCN(C(=O)NC(Cc2ccccc2)C(=O)NC(C=CS(=O)(=O)c2ccccc2)CCc2ccccc2)CC1	ok	CN1CCN(C(=O)NC(Cc2ccccc2)C(=O)NC(C=CS(=O)(=O)c2ccccc2)CCc2ccccc2)CC1	RHJLQMVZXQKJKB-UHFFFAOYSA-N	C32H38N4O4S
development	RHWJWILQFJTFLH-UHFFFAOYSA-N	CCOc1ccc2c(Cl)cc(=O)oc2c1	ok	CCOc1ccc2c(Cl)cc(=O)oc2c1	RHWJWILQFJTFLH-UHFFFAOYSA-N	C11H9ClO3
development	RIOSBTRTZGOASU-UHFFFAOYSA-N	CCC=CC#CC(O)c1ccc(C=CC(=O)OC)o1	ok	CCC=CC#CC(O)c1ccc(C=CC(=O)OC)o1	RIOSBTRTZGOASU-UHFFFAOYSA-N	C15H16O4
development	RITKHVBHSGLULN-UHFFFAOYSA-N	NC(CCC(=O)NC(CS)C(=O)O)C(=O)O	ok	NC(CCC(=O)NC(CS)C(=O)O)C(=O)O	RITKHVBHSGLULN-UHFFFAOYSA-N	C8H14N2O5S
development	RIVQQZVHIVNQFH-UHFFFAOYSA-N	CC(C)CCCC(C)C1CCC2C3C(O)CC4CC(O)CCC4(C)C3CC(O)C12C	ok	CC(C)CCCC(C)C1CCC2C3C(O)CC4CC(O)CCC4(C)C3CC(O)C12C	RIVQQZVHIVNQFH-UHFFFAOYSA-N	C27H48O3
development	RJNJFKDVPIFVPQ-UHFFFAOYSA-N	C=C1C(OC(=O)CC(C)C)CC(C(C)C)C2C1CC(=O)C2C(C)O	ok	C=C1C(OC(=O)CC(C)C)CC(C(C)C)C2C1CC(=O)C2C(C)O	RJNJFKDVPIFVPQ-UHFFFAOYSA-N	C20H32O4
development	RJWNCDOWHNLVPF-UHFFFAOYSA-N	CC12CCC3C(CCC4C=CCCC43C)C1CCC2=O	ok	CC12CCC3C(CCC4C=CCCC43C)C1CCC2=O	RJWNCDOWHNLVPF-UHFFFAOYSA-N	C19H28O
development	RKDWVYHBXWADKI-UHFFFAOYSA-N	C=C1CC23CC1C(O)CC2C1(C)CCC(O)C(C)(C(=O)O)C1C3C(=O)O	ok	C=C1CC23CC1C(O)CC2C1(C)CCC(O)C(C)(C(=O)O)C1C3C(=O)O	RKDWVYHBXWADKI-UHFFFAOYSA-N	C20H28O6
development	RKEITGVZZHXKON-UHFFFAOYSA-N	CC1(O)C(=O)NC(=O)N(C2CC(O)C(CO)O2)C1O	ok	CC1(O)C(=O)NC(=O)N(C2CC(O)C(CO)O2)C1O	RKEITGVZZHXKON-UHFFFAOYSA-N	C10H16N2O7
development	RKHDKQYMVJXUEM-UHFFFAOYSA-N	CC1=CC2C(=O)OCC2C(O)C2CC(C)(C)CC12	ok	CC1=CC2C(=O)OCC2C(O)C2CC(C)(C)CC12	RKHDKQYMVJXUEM-UHFFFAOYSA-N	C15H22O3
development	RKWGIWYCVPQPMF-UHFFFAOYSA-N	CCCNC(=O)NS(=O)(=O)c1ccc(Cl)cc1	ok	CCCNC(=O)NS(=O)(=O)c1ccc(Cl)cc1	RKWGIWYCVPQPMF-UHFFFAOYSA-N	C10H13ClN2O3S
development	RLQDORSASYKBNB-UHFFFAOYSA-N	CCCCCCCCCCCCCC=CC(O)C(COC1OC(CO)C(OC2OC(CO)C(OC3OC(CO)C(O)C(OC4OC(CO)C(O)C(O)C4O)C3CC(C)=O)C(OC3(C(=O)O)CC(O)C(NC(C)=O)C(C(O)C(O)CO)O3)C2O)C(O)C1O)NC(=O)CCCCCCCCCCCCCCCCCCCCCC	ok	CCCCCCCCCCCCCC=CC(O)C(COC1OC(CO)C(OC2OC(CO)C(OC3OC(CO)C(O)C(OC4OC(CO)C(O)C(O)C4O)C3CC(C)=O)C(OC3(C(=O)O)CC(O)C(NC(C)=O)C(C(O)C(O)CO)O3)C2O)C(O)C1O)NC(=O)CCCCCCCCCCCCCCCCCCCCCC	RLQDORSASYKBNB-UHFFFAOYSA-N	C79H142N2O31
development	RLVAVWQAAQFUOP-UHFFFAOYSA-N	CC(=O)OC1CC2C3(C)CCC(OC(=O)CC(=O)O)C(C)(C)C3CCC2(C)C2(C)CCC(C3(C)CCC(C(C)(C)O)O3)C12	ok	CC(=O)OC1CC2C3(C)CCC(OC(=O)CC(=O)O)C(C)(C)C3CCC2(C)C2(C)CCC(C3(C)CCC(C(C)(C)O)O3)C12	RLVAVWQAAQFUOP-UHFFFAOYSA-N	C35H56O8
development	RMRJXGBAOAMLHD-UHFFFAOYSA-N	COC12CCC3(CC1C(C)(O)C(C)(C)C)C1Cc4ccc(O)c5c4C3(CCN1CC1CC1)C2O5	ok	COC12CCC3(CC1C(C)(O)C(C)(C)C)C1Cc4ccc(O)c5c4C3(CCN1CC1CC1)C2O5	RMRJXGBAOAMLHD-UHFFFAOYSA-N	C29H41NO4
development	RNFXBUGJWZOUJT-UHFFFAOYSA-N	CCSC(C)CCO	ok	CCSC(C)CCO	RNFXBUGJWZOUJT-UHFFFAOYSA-N	C6H14OS
development	RNKSNIBMTUYWSH-UHFFFAOYSA-N	O=C(O)CNC(=O)C1CCCN1	ok	O=C(O)CNC(=O)C1CCCN1	RNKSNIBMTUYWSH-UHFFFAOYSA-N	C7H12N2O3
development	RNLCXYLHWYFRJX-UHFFFAOYSA-N	CCCCNC(C)Cc1ccc(OC)cc1	ok	CCCCNC(C)Cc1ccc(OC)cc1	RNLCXYLHWYFRJX-UHFFFAOYSA-N	C14H23NO
development	RNMOMKCRCIRYCZ-UHFFFAOYSA-N	CCn1nnc(C2=CCCN(C)C2)n1	ok	CCn1nnc(C2=CCCN(C)C2)n1	RNMOMKCRCIRYCZ-UHFFFAOYSA-N	C9H15N5
development	RNUCUWWMTTWKAH-UHFFFAOYSA-N	COc1c(O)c(C)c(CC=C(C)CCC=C(C)C)c(O)c1OC	ok	COc1c(O)c(C)c(C=CC(C)CCC=C(C)C)c(O)c1OC	RJUKAZDREBHPDA-UHFFFAOYSA-N	C19H28O4
development	RONZAEMNMFQXRA-UHFFFAOYSA-N	CN1CCN2c3ncccc3Cc3ccccc3C2C1	ok	CN1CCN2c3ncccc3Cc3ccccc3C2C1	RONZAEMNMFQXRA-UHFFFAOYSA-N	C17H19N3
development	ROPTZEMBZSOFJO-UHFFFAOYSA-N	CCCCCCCCCCCCCC=CC(O)C(COC1OC(CO)C(OC2OC(CO)C(OC3OC(CO)C(O)C(O)C3CC(C)=O)C(OC3(C(=O)O)CC(O)C(NC(C)=O)C(C(O)C(CO)OC4(C(=O)O)CC(O)C(NC(C)=O)C(C(O)C(CO)OC5(C(=O)O)CC(O)C(NC(C)=O)C(C(O)C(O)CO)O5)O4)O3)C2O)C(O)C1O)NC(=O)CCCCCCCCCCCCCCCCCCCCCCC	ok	CCCCCCCCCCCCCC=CC(O)C(COC1OC(CO)C(OC2OC(CO)C(OC3OC(CO)C(O)C(O)C3CC(C)=O)C(OC3(C(=O)O)CC(O)C(NC(C)=O)C(C(O)C(CO)OC4(C(=O)O)CC(O)C(NC(C)=O)C(C(O)C(CO)OC5(C(=O)O)CC(O)C(NC(C)=O)C(C(O)C(O)CO)O5)O4)O3)C2O)C(O)C1O)NC(=O)CCCCCCCCCCCCCCCCCCCCCCC	ROPTZEMBZSOFJO-UHFFFAOYSA-N	C96H168N4O42
development	ROQZUJKOMJECOM-UHFFFAOYSA-N	CC(=O)OC12COC1CC(O)C1(C)C(=O)C(=O)C3C(C)C(OC(=O)C(O)C(NC(=O)OC(C)(C)C)c4ccccc4)CC(O)(C(OC(=O)c4ccccc4)C21)C3(C)C	ok	CC(=O)OC12COC1CC(O)C1(C)C(=O)C(=O)C3C(C)C(OC(=O)C(O)C(NC(=O)OC(C)(C)C)c4ccccc4)CC(O)(C(OC(=O)c4ccccc4)C21)C3(C)C	ROQZUJKOMJECOM-UHFFFAOYSA-N	C43H53NO14
development	RPLCPCMSCLEKRS-UHFFFAOYSA-N	C#CC1(O)CCC2C3CCC4=CCCCC4C3C(=C)CC21CC	ok	C#CC1(O)CCC2C3CCC4=CCCCC4C3C(=C)CC21CC	RPLCPCMSCLEKRS-UHFFFAOYSA-N	C22H30O
development	RPYWXZCFYPVCNQ-UHFFFAOYSA-N	COc1ccc(C=C2CCCN=C2c2cccnc2)c(OC)c1	ok	COc1ccc(C=C2CCCN=C2c2cccnc2)c(OC)c1	RPYWXZCFYPVCNQ-UHFFFAOYSA-N	C19H20N2O2
development	RQOSXGWCILNIKB-UHFFFAOYSA-N	CCCCC(CC=O)SC	ok	CCCCC(CC=O)SC	RQOSXGWCILNIKB-UHFFFAOYSA-N	C8H16OS
development	RQTOOFIXOKYGAN-UHFFFAOYSA-N	CCCc1c2oc(C(=O)O)cc(=O)c2cc2c(=O)cc(C(=O)O)n(CC)c12	ok	CCCc1c2oc(C(=O)O)cc(=O)c2cc2c(=O)cc(C(=O)O)n(CC)c12	RQTOOFIXOKYGAN-UHFFFAOYSA-N	C19H17NO7
development	RQVYBGPQFYCBGX-UHFFFAOYSA-N	CCNc1nc(NC(C)C)nc(SC)n1	ok	CCNc1nc(NC(C)C)nc(SC)n1	RQVYBGPQFYCBGX-UHFFFAOYSA-N	C9H17N5S
development	RRAFCDWBNXTKKO-UHFFFAOYSA-N	C=CCc1ccc(O)c(OC)c1	ok	C=CCc1ccc(O)c(OC)c1	RRAFCDWBNXTKKO-UHFFFAOYSA-N	C10H12O2
development	RRGUKTPIGVIEKM-UHFFFAOYSA-N	O=C1CCc2cc(OCCCCc3nnnn3C3CCCCC3)ccc2N1	ok	O=C1CCc2cc(OCCCCc3nnnn3C3CCCCC3)ccc2N1	RRGUKTPIGVIEKM-UHFFFAOYSA-N	C20H27N5O2
development	RRHGJUQNOFWUDK-UHFFFAOYSA-N	C=CC(=C)C	ok	C=CC(=C)C	RRHGJUQNOFWUDK-UHFFFAOYSA-N	C5H8
development	RRRUXBQSQLKHEL-UHFFFAOYSA-N	COc1ccc(C(=O)Nc2c(Cl)cncc2Cl)cc1OC1CCCC1	ok	COc1ccc(C(=O)Nc2c(Cl)cncc2Cl)cc1OC1CCCC1	RRRUXBQSQLKHEL-UHFFFAOYSA-N	C18H18Cl2N2O3
development	RRTVVRIFVKKTJK-UHFFFAOYSA-N	O=C1CC(=O)N(c2ccccc2)c2cc(Cl)ccc2N1	ok	O=C1CC(=O)N(c2ccccc2)c2cc(Cl)ccc2N1	RRTVVRIFVKKTJK-UHFFFAOYSA-N	C15H11ClN2O2
development	RRVLNNMINXAIKC-UHFFFAOYSA-N	CC(CCC(=O)O)C1CCC2C3C(OS(=O)(=O)O)CC4CC(O)CCC4(C)C3CC(O)C12C	ok	CC(CCC(=O)O)C1CCC2C3C(OS(=O)(=O)O)CC4CC(O)CCC4(C)C3CC(O)C12C	RRVLNNMINXAIKC-UHFFFAOYSA-N	C24H40O8S
development	RRVYBPVLSILURP-UHFFFAOYSA-N	CCC1CCC(=O)C1=O	ok	CCC1CCC(=O)C1=O	RRVYBPVLSILURP-UHFFFAOYSA-N	C7H10O2
development	RRWFUAMYULSWAG-UHFFFAOYSA-N	CCCCCCC=[N+](O)O	ok	CCCCCCC=[N+](O)O	RRWFUAMYULSWAG-UHFFFAOYSA-N	C7H16NO2+
development	RRZWAMPDGRWRPF-UHFFFAOYSA-N	CC(=O)CC(c1ccc(O)cc1)c1c(O)c2ccccc2oc1=O	ok	CC(=O)CC(c1ccc(O)cc1)c1c(O)c2ccccc2oc1=O	RRZWAMPDGRWRPF-UHFFFAOYSA-N	C19H16O5
development	RSXBEVMDACDZRB-UHFFFAOYSA-N	O=C(O)CCC(=NO)C(=O)O	ok	O=C(O)CCC(=NO)C(=O)O	RSXBEVMDACDZRB-UHFFFAOYSA-N	C5H7NO5
development	RTDCJKARQCRONF-UHFFFAOYSA-N	CCN(C)N=O	ok	CCN(C)N=O	RTDCJKARQCRONF-UHFFFAOYSA-N	C3H8N2O
development	RTHCYVBBDHJXIQ-UHFFFAOYSA-N	CNCCC(Oc1ccc(C(F)(F)F)cc1)c1ccccc1	ok	CNCCC(Oc1ccc(C(F)(F)F)cc1)c1ccccc1	RTHCYVBBDHJXIQ-UHFFFAOYSA-N	C17H18F3NO
development	RTUZVPPGTJRELI-UHFFFAOYSA-N	Cc1c(F)c(N)c2c(=O)cc(-c3ccc(N)c(F)c3)oc2c1F	ok	Cc1c(F)c(N)c2c(=O)cc(-c3ccc(N)c(F)c3)oc2c1F	RTUZVPPGTJRELI-UHFFFAOYSA-N	C16H11F3N2O2
development	RUDATBOHQWOJDD-UHFFFAOYSA-N	CC(CCC(=O)O)C1CCC2C3C(O)CC4CC(O)CCC4(C)C3CCC12C	ok	CC(CCC(=O)O)C1CCC2C3C(O)CC4CC(O)CCC4(C)C3CCC12C	RUDATBOHQWOJDD-UHFFFAOYSA-N	C24H40O4
development	RUJPNZNXGCHGID-UHFFFAOYSA-N	C=C(C)C1CCC(C)(O)CC1	ok	C=C(C)C1CCC(C)(O)CC1	RUJPNZNXGCHGID-UHFFFAOYSA-N	C10H18O
development	RUOLKIITSCGKJQ-UHFFFAOYSA-N	CCCCCCCCCC(=O)OCCc1scnc1C	ok	CCCCCCCCCC(=O)OCCc1scnc1C	RUOLKIITSCGKJQ-UHFFFAOYSA-N	C16H27NO2S
development	RVGGCRQPGKFZDS-UHFFFAOYSA-N	CC=C(C)C(=O)OC1c2c(ccc3ccc(=O)oc23)OC1C(C)(C)OC(=O)C(C)=CC	ok	CC=C(C)C(=O)OC1c2c(ccc3ccc(=O)oc23)OC1C(C)(C)OC(=O)C(C)=CC	RVGGCRQPGKFZDS-UHFFFAOYSA-N	C24H26O7
development	RWEKXNHIQHNUFY-UHFFFAOYSA-N	CCCCCCCCCCCCCC=CC(O)C(COC1OC(CO)C(OC2OC(CO)C(OC3OC(CO)C(O)C(OC4OC(CO)C(O)C(OC5(C(=O)O)CC(O)C(NC(C)=O)C(C(O)C(O)CO)O5)C4O)C3CC(C)=O)C(OC3(C(=O)O)CC(O)C(NC(C)=O)C(C(O)C(CO)OC4(C(=O)O)CC(O)C(NC(C)=O)C(C(O)C(CO)OC5(C(=O)O)CC(O)C(NC(C)=O)C(C(O)C(O)CO)O5)O4)O3)C2O)C(O)C1O)NC(=O)CCCCCCCCCCCCCCCCCCC	tautomer_MaxTransformsReached			C109H187N5O55
development	RWMRBNNWQLUEFX-UHFFFAOYSA-N	CCOc1ccc2c(CCl)cc(=O)oc2c1	ok	CCOc1ccc2c(CCl)cc(=O)oc2c1	RWMRBNNWQLUEFX-UHFFFAOYSA-N	C12H11ClO3
development	RWNIGYFVXYWBEW-UHFFFAOYSA-N	CCCCCCCC(O)C(O)CCCCCC(O)C1CCC(CCCCCCCC(O)Cc2cc(C)oc2O)O1	ok	CCCCCCCC(O)C(O)CCCCCC(O)C1CCC(CCCCCCCC(O)Cc2cc(C)oc2O)O1	RWNIGYFVXYWBEW-UHFFFAOYSA-N	C33H60O7
development	RWQKHEORZBHNRI-UHFFFAOYSA-N	CC1Cc2c(Cl)cc(C(=O)NC(Cc3ccccc3)C(=O)O)c(O)c2C(=O)O1	ok	CC1Cc2c(Cl)cc(C(=O)NC(Cc3ccccc3)C(=O)O)c(O)c2C(=O)O1	RWQKHEORZBHNRI-UHFFFAOYSA-N	C20H18ClNO6
development	RWSSUUKUVKNZLZ-UHFFFAOYSA-N	C=C1CC23CC1(O)CCC2C12CC(OC4OC(CO)C(O)C(O)C4O)C(O)C(C)(C(=O)O1)C2C3C(=O)O	ok	C=C1CC23CC1(O)CCC2C12CC(OC4OC(CO)C(O)C(O)C4O)C(O)C(C)(C(=O)O1)C2C3C(=O)O	RWSSUUKUVKNZLZ-UHFFFAOYSA-N	C25H34O12
development	RXRDUVZIGPRFRB-UHFFFAOYSA-N	CC(C=CC=C(C)C=CC12OC1(C)CC(O)CC2(C)C)=CC=CC=C(C)C=CC=C(C)C1C=C2C(C)(C)CCCC2(C)O1	ok	CC(C=CC=C(C)C=CC12OC1(C)CC(O)CC2(C)C)=CC=CC=C(C)C=CC=C(C)C1C=C2C(C)(C)CCCC2(C)O1	RXRDUVZIGPRFRB-UHFFFAOYSA-N	C40H56O3
development	RXUWUMUEODDOSH-UHFFFAOYSA-N	CC(=O)NC1C(OC2C(O)C(CO)OC(OC(C(O)CO)C(OC3OC(C)C(O)C(O)C3O)C(=O)CO)C2O)OC(CO)C(O)C1OC1OC(CO)C(O)C(O)C1O	ok	CC(=O)NC1C(OC2C(O)C(CO)OC(OC(C(O)CO)C(OC3OC(C)C(O)C(O)C3O)C(=O)CO)C2O)OC(CO)C(O)C1OC1OC(CO)C(O)C(O)C1O	RXUWUMUEODDOSH-UHFFFAOYSA-N	C32H55NO25
development	RXZBMPWDPOLZGW-UHFFFAOYSA-N	CCC1OC(=O)C(C)C(OC2CC(C)(OC)C(O)C(C)O2)C(C)C(OC2OC(C)CC(N(C)C)C2O)C(C)(O)CC(C)C(=NOCOCCOC)C(C)C(O)C1(C)O	ok	CCC1OC(=O)C(C)C(OC2CC(C)(OC)C(O)C(C)O2)C(C)C(OC2OC(C)CC(N(C)C)C2O)C(C)(O)CC(C)C(=NOCOCCOC)C(C)C(O)C1(C)O	RXZBMPWDPOLZGW-UHFFFAOYSA-N	C41H76N2O15
development	RYMSXFPLTLWXCK-UHFFFAOYSA-N	O=C(O)CCCCC=CCC(=O)CCC=CC=CC(O)CCCC(=O)O	ok	O=C(O)CCCCC=CCC(=O)CCC=CC=CC(O)CCCC(=O)O	RYMSXFPLTLWXCK-UHFFFAOYSA-N	C20H30O6
development	RYMZZMVNJRMUDD-UHFFFAOYSA-N	CCC(C)(C)C(=O)OC1CC(C)C=C2C=CC(C)C(CCC3CC(O)CC(=O)O3)C21	ok	CCC(C)(C)C(=O)OC1CC(C)C=C2C=CC(C)C(CCC3CC(O)CC(=O)O3)C21	RYMZZMVNJRMUDD-UHFFFAOYSA-N	C25H38O5
development	RYYVLZVUVIJVGH-UHFFFAOYSA-N	Cn1c(=O)c2c(ncn2C)n(C)c1=O	ok	Cn1c(=O)c2c(ncn2C)n(C)c1=O	RYYVLZVUVIJVGH-UHFFFAOYSA-N	C8H10N4O2
development	RZEKVGVHFLEQIL-UHFFFAOYSA-N	Cc1ccc(-c2cc(C(F)(F)F)nn2-c2ccc(S(N)(=O)=O)cc2)cc1	ok	Cc1ccc(-c2cc(C(F)(F)F)nn2-c2ccc(S(N)(=O)=O)cc2)cc1	RZEKVGVHFLEQIL-UHFFFAOYSA-N	C17H14F3N3O2S
development	RZEQTVHJZCIUBT-UHFFFAOYSA-N	N=C(N)NCCCC(NC(=O)C(N)CO)C(=O)O	ok	N=C(N)NCCCC(NC(=O)C(N)CO)C(=O)O	RZEQTVHJZCIUBT-UHFFFAOYSA-N	C9H19N5O4
development	RZJSUWQGFCHNFS-UHFFFAOYSA-N	CC(C)COC(=O)c1ccccc1C(=O)O	ok	CC(C)COC(=O)c1ccccc1C(=O)O	RZJSUWQGFCHNFS-UHFFFAOYSA-N	C12H14O4
development	RZNASINOWKDLAT-UHFFFAOYSA-N	Cc1c(CCC(=O)O)c2[nH]c1=Cc1[nH]c(c(CCC(=O)O)c1CC(=O)O)C=c1[nH]c(c(C)c1=CCC(=O)O)C=c1[nH]c(c(CC(=O)O)c1=CCC(=O)O)C=2	tautomer_MaxTransformsReached			C38H38N4O12
development	RZVAJINKPMORJF-UHFFFAOYSA-N	CC(=O)Nc1ccc(O)cc1	ok	CC(=O)Nc1ccc(O)cc1	RZVAJINKPMORJF-UHFFFAOYSA-N	C8H9NO2
development	SBPBAQFWLVIOKP-UHFFFAOYSA-N	CCOP(=S)(OCC)Oc1nc(Cl)c(Cl)cc1Cl	ok	CCOP(=S)(OCC)Oc1nc(Cl)c(Cl)cc1Cl	SBPBAQFWLVIOKP-UHFFFAOYSA-N	C9H11Cl3NO3PS
development	SCAPWGHHHZEERU-UHFFFAOYSA-N	CC1=CC(O)C2(C)C(O)CC3(C)C(CCC4C5(C)CCC(O)C(C)(C)C5CCC43C)C2C1C	ok	CC1=CC(O)C2(C)C(O)CC3(C)C(CCC4C5(C)CCC(O)C(C)(C)C5CCC43C)C2C1C	SCAPWGHHHZEERU-UHFFFAOYSA-N	C30H50O3
development	SDWGOFYIBUYAQT-UHFFFAOYSA-N	C=C1CCCC2(C)CCC(O)(C(=C)CO)CC12	ok	C=C1CCCC2(C)CCC(O)(C(=C)CO)CC12	SDWGOFYIBUYAQT-UHFFFAOYSA-N	C15H24O2
development	SDYNZSKYFKAXNJ-UHFFFAOYSA-N	CCCCCCCCCCCCCCCC(O)C(COC1OC(CO)C(OC2OC(CO)C(O)C(OC3(C(=O)O)CC(O)C(NC(C)=O)C(C(O)C(CO)OC4(C(=O)O)CC(O)C(NC(C)=O)C(C(O)C(O)CO)O4)O3)C2O)C(O)C1O)NC(=O)CCCCCCCCCCCCC	ok	CCCCCCCCCCCCCCCC(O)C(COC1OC(CO)C(OC2OC(CO)C(O)C(OC3(C(=O)O)CC(O)C(NC(C)=O)C(C(O)C(CO)OC4(C(=O)O)CC(O)C(NC(C)=O)C(C(O)C(O)CO)O4)O3)C2O)C(O)C1O)NC(=O)CCCCCCCCCCCCC	SDYNZSKYFKAXNJ-UHFFFAOYSA-N	C66H119N3O29
development	SEBFKMXJBCUCAI-UHFFFAOYSA-N	COc1cc(C2Oc3cc(C4Oc5cc(O)cc(O)c5C(=O)C4O)ccc3OC2CO)ccc1O	ok	COc1cc(C2Oc3cc(C4Oc5cc(O)cc(O)c5C(=O)C4O)ccc3OC2CO)ccc1O	SEBFKMXJBCUCAI-UHFFFAOYSA-N	C25H22O10
development	SEEPANYCNGTZFQ-UHFFFAOYSA-N	Nc1ccc(S(=O)(=O)Nc2ncccn2)cc1	ok	Nc1ccc(S(=O)(=O)Nc2ncccn2)cc1	SEEPANYCNGTZFQ-UHFFFAOYSA-N	C10H10N4O2S
development	SELMQMFULRQVFS-UHFFFAOYSA-N	CC(C=CC=C(C)C=CC=C(C)CCC1OC1(C)C)=CC=CC=C(C)C=CC=C(C)C=CC1=C(C)CCCC1(C)C	ok	CC(C=CC=C(C)C=CC=C(C)CCC1OC1(C)C)=CC=CC=C(C)C=CC=C(C)C=CC1=C(C)CCCC1(C)C	SELMQMFULRQVFS-UHFFFAOYSA-N	C40H56O
development	SEQDDYPDSLOBDC-UHFFFAOYSA-N	CN1C(=O)C(O)N=C(c2ccccc2)c2cc(Cl)ccc21	ok	CN1C(=O)C(O)N=C(c2ccccc2)c2cc(Cl)ccc21	SEQDDYPDSLOBDC-UHFFFAOYSA-N	C16H13ClN2O2
development	SERLAGPUMNYUCK-UHFFFAOYSA-N	OCC(O)C(O)C(O)C(O)COC1OC(CO)C(O)C(O)C1O	ok	OCC(O)C(O)C(O)C(O)COC1OC(CO)C(O)C(O)C1O	SERLAGPUMNYUCK-UHFFFAOYSA-N	C12H24O11
development	SEWAOKNHYLYQEL-UHFFFAOYSA-N	CCCCCCCCC(=O)CCCCCCC(=O)O	ok	CCCCCCCCC(=O)CCCCCCC(=O)O	SEWAOKNHYLYQEL-UHFFFAOYSA-N	C16H30O3
development	SFBODOKJTYAUCM-UHFFFAOYSA-N	CC(C)Oc1ccc2c(=O)c(-c3ccccc3)coc2c1	ok	CC(C)Oc1ccc2c(=O)c(-c3ccccc3)coc2c1	SFBODOKJTYAUCM-UHFFFAOYSA-N	C18H16O3
development	SGLAKMDXJPVHBY-UHFFFAOYSA-N	CCCCC1=NC2(CCC(O)C2)C(=O)N1Cc1ccc(-c2ccccc2-c2nn[nH]n2)cc1	ok	CCCCC1=NC2(CCC(O)C2)C(=O)N1Cc1ccc(-c2ccccc2-c2nn[nH]n2)cc1	SGLAKMDXJPVHBY-UHFFFAOYSA-N	C25H28N6O2
development	SGOOQMRIPALTEL-UHFFFAOYSA-N	CN(C(=O)c1c(O)c2ccccc2n(C)c1=O)c1ccccc1	ok	CN(C(=O)c1c(O)c2ccccc2n(C)c1=O)c1ccccc1	SGOOQMRIPALTEL-UHFFFAOYSA-N	C18H16N2O3
development	SGSGCQGCVKWRNM-UHFFFAOYSA-N	CC(=O)c1cc2ccccc2s1	ok	CC(=O)c1cc2ccccc2s1	SGSGCQGCVKWRNM-UHFFFAOYSA-N	C10H8OS
development	SGTNSNPWRIOYBX-UHFFFAOYSA-N	COc1ccc(CCN(C)CCCC(C#N)(c2ccc(OC)c(OC)c2)C(C)C)cc1OC	ok	COc1ccc(CCN(C)CCCC(C#N)(c2ccc(OC)c(OC)c2)C(C)C)cc1OC	SGTNSNPWRIOYBX-UHFFFAOYSA-N	C27H38N2O4
development	SHCAWXCZHVEGLB-UHFFFAOYSA-N	O=C1CC(N2C(=O)c3ccccc3C2=O)C(=O)NC1O	ok	O=C1NC(=O)C(N2C(=O)c3ccccc3C2=O)CC1O	HHTOWVWIVBSOKC-UHFFFAOYSA-N	C13H10N2O5
development	SHXWCVYOXRDMCX-UHFFFAOYSA-N	CNC(C)Cc1ccc2c(c1)OCO2	ok	CNC(C)Cc1ccc2c(c1)OCO2	SHXWCVYOXRDMCX-UHFFFAOYSA-N	C11H15NO2
development	SHZGCJCMOBCMKK-UHFFFAOYSA-N	CC1OC(O)C(O)C(O)C1O	ok	CC1OC(O)C(O)C(O)C1O	SHZGCJCMOBCMKK-UHFFFAOYSA-N	C6H12O5
development	SIDLHXXVIBTSJZ-UHFFFAOYSA-N	c1ccc(COc2ccc3cccnc3c2)cc1	ok	c1ccc(COc2ccc3cccnc3c2)cc1	SIDLHXXVIBTSJZ-UHFFFAOYSA-N	C16H13NO
development	SIKJAQJRHWYJAI-UHFFFAOYSA-N	c1ccc2[nH]ccc2c1	ok	c1ccc2[nH]ccc2c1	SIKJAQJRHWYJAI-UHFFFAOYSA-N	C8H7N
development	SKFYEJMLNMTTJA-UHFFFAOYSA-N	CC(=O)CC(c1ccccc1)c1c(O)c2ccc(O)cc2oc1=O	ok	CC(=O)CC(c1ccccc1)c1c(O)c2ccc(O)cc2oc1=O	SKFYEJMLNMTTJA-UHFFFAOYSA-N	C19H16O5
development	SKTFAQNZNWTXFP-UHFFFAOYSA-N	COc1cc(C=CC(=O)NCCCCN=C(N)N)cc2c1OC(c1ccc(OC3OC(CO)C(O)C(O)C3O)cc1)C2C(=O)NCCCCN=C(N)N	ok	COc1cc(C=CC(=O)NCCCCN=C(N)N)cc2c1OC(c1ccc(OC3OC(CO)C(O)C(O)C3O)cc1)C2C(=O)NCCCCN=C(N)N	SKTFAQNZNWTXFP-UHFFFAOYSA-N	C35H50N8O10
development	SLFGIOIONGJGRT-UHFFFAOYSA-N	CC(CN(C)C)CN1c2ccccc2Sc2ccc(C#N)cc21	ok	CC(CN(C)C)CN1c2ccccc2Sc2ccc(C#N)cc21	SLFGIOIONGJGRT-UHFFFAOYSA-N	C19H21N3S
development	SLRCCWJSBJZJBV-UHFFFAOYSA-N	C1CCN2CC3CC(CN4CCCCC34)C2C1	ok	C1CCN2CC3CC(CN4CCCCC34)C2C1	SLRCCWJSBJZJBV-UHFFFAOYSA-N	C15H26N2
development	SLUYGGAVUSVJOT-UHFFFAOYSA-N	C=CCC1=CC(C)CC(C)CC(OC)C2OC(O)(C(=O)C(=O)N3CCCCC3C(=O)OC(C(C)=CC3CCC(O)C(OC)C3)C(C)C(O)CC1=O)C(C)CC2OC	ok	C=CCC1=CC(C)CC(C)CC(OC)C2OC(O)(C(=O)C(=O)N3CCCCC3C(=O)OC(C(C)=CC3CCC(O)C(OC)C3)C(C)C(O)CC1=O)C(C)CC2OC	SLUYGGAVUSVJOT-UHFFFAOYSA-N	C44H69NO12
development	SLVMESMUVMCQIY-UHFFFAOYSA-N	CN1CCCCC1CCN1c2ccccc2Sc2ccc([S+](C)[O-])cc21	ok	CN1CCCCC1CCN1c2ccccc2Sc2ccc([S+](C)[O-])cc21	SLVMESMUVMCQIY-UHFFFAOYSA-N	C21H26N2OS2
development	SMANXXCATUTDDT-UHFFFAOYSA-N	Fc1ccc(C(c2ccc(F)cc2)N2CCN(CC=Cc3ccccc3)CC2)cc1	ok	Fc1ccc(C(c2ccc(F)cc2)N2CCN(CC=Cc3ccccc3)CC2)cc1	SMANXXCATUTDDT-UHFFFAOYSA-N	C26H26F2N2
development	SMEROWZSTRWXGI-UHFFFAOYSA-N	CC(CCC(=O)O)C1CCC2C3CCC4CC(O)CCC4(C)C3CCC12C	ok	CC(CCC(=O)O)C1CCC2C3CCC4CC(O)CCC4(C)C3CCC12C	SMEROWZSTRWXGI-UHFFFAOYSA-N	C24H40O3
development	SMNDYUVBFMFKNZ-UHFFFAOYSA-N	O=C(O)c1ccco1	ok	O=C(O)c1ccco1	SMNDYUVBFMFKNZ-UHFFFAOYSA-N	C5H4O3
development	SMWDFEZZVXVKRB-UHFFFAOYSA-N	c1ccc2ncccc2c1	ok	c1ccc2ncccc2c1	SMWDFEZZVXVKRB-UHFFFAOYSA-N	C9H7N
development	SNICXCGAKADSCV-UHFFFAOYSA-N	CN1CCCC1c1cccnc1	ok	CN1CCCC1c1cccnc1	SNICXCGAKADSCV-UHFFFAOYSA-N	C10H14N2
development	SNPPWIUOZRMYNY-UHFFFAOYSA-N	CC(NC(C)(C)C)C(=O)c1cccc(Cl)c1	ok	CC(NC(C)(C)C)C(=O)c1cccc(Cl)c1	SNPPWIUOZRMYNY-UHFFFAOYSA-N	C13H18ClNO
development	SOZHSICUHFFXDQ-UHFFFAOYSA-N	CCC=CCC=CCC=CCCCCCCCC(=O)OC1CCC2(C)C(=CCC3C2CCC2(C)C(C(C)CCC(C)C(C)C)CCC32)C1	ok	CCC=CCC=CCC=CCCCCCCCC(=O)OC1CCC2(C)C(=CCC3C2CCC2(C)C(C(C)CCC(C)C(C)C)CCC32)C1	SOZHSICUHFFXDQ-UHFFFAOYSA-N	C46H76O2
development	SPCIYGNTAMCTRO-UHFFFAOYSA-N	CN(C)CCc1c[nH]c2cccc(O)c12	ok	CN(C)CCc1c[nH]c2cccc(O)c12	SPCIYGNTAMCTRO-UHFFFAOYSA-N	C12H16N2O
development	SPKBYQZELVEOLL-UHFFFAOYSA-N	CN1C2CCC1CC(NC(=O)c1cc(Cl)cc3c1OC(C)(C)C3)C2	ok	CN1C2CCC1CC(NC(=O)c1cc(Cl)cc3c1OC(C)(C)C3)C2	SPKBYQZELVEOLL-UHFFFAOYSA-N	C19H25ClN2O2
development	SQAINHDHICKHLX-UHFFFAOYSA-N	O=Cc1cccc2ccccc12	ok	O=Cc1cccc2ccccc12	SQAINHDHICKHLX-UHFFFAOYSA-N	C11H8O
development	SQFSKOYWJBQGKQ-UHFFFAOYSA-N	COc1ccc(-c2oc3cc(O)cc(O)c3c(=O)c2O)cc1	ok	COc1ccc(-c2oc3cc(O)cc(O)c3c(=O)c2O)cc1	SQFSKOYWJBQGKQ-UHFFFAOYSA-N	C16H12O6
development	SQGZFRITSMYKRH-UHFFFAOYSA-N	CC12CCC3C(CC=C4CC(=O)CCC43C)C1CCC2=O	ok	CC12CCC3C(CC=C4CC(=O)CCC43C)C1CCC2=O	SQGZFRITSMYKRH-UHFFFAOYSA-N	C19H26O2
development	SQNGSKAAFBONFI-UHFFFAOYSA-N	CC(O)C1CC(O)c2ncccc21	ok	CC(O)C1CC(O)c2ncccc21	SQNGSKAAFBONFI-UHFFFAOYSA-N	C10H13NO2
development	SRZXCOWFGPICGA-UHFFFAOYSA-N	SCCCCCCS	ok	SCCCCCCS	SRZXCOWFGPICGA-UHFFFAOYSA-N	C6H14S2
development	SSEBTPPFLLCUMN-UHFFFAOYSA-N	CCc1cccc2cc(C(O)CNC(C)(C)C)oc12	ok	CCc1cccc2cc(C(O)CNC(C)(C)C)oc12	SSEBTPPFLLCUMN-UHFFFAOYSA-N	C16H23NO2
development	SSOLNOMRVKKSON-UHFFFAOYSA-N	CC(C)N=C(N)N=C(N)Nc1ccc(Cl)cc1	ok	CC(C)N=C(N)N=C(N)Nc1ccc(Cl)cc1	SSOLNOMRVKKSON-UHFFFAOYSA-N	C11H16ClN5
development	STLJXSQSUAPXFX-UHFFFAOYSA-N	CCC(CCC(C)C1CCC2C3=CCC4CC(O)CCC4(C)C3CCC21C)=C(C)C	ok	CCC(CCC(C)C1CCC2C3=CCC4CC(O)CCC4(C)C3CCC21C)=C(C)C	STLJXSQSUAPXFX-UHFFFAOYSA-N	C29H48O
development	STNNDCBSPFQUIQ-UHFFFAOYSA-N	C=C(C=CC=O)CCCCCCCCCC	ok	C=C(C=CC=O)CCCCCCCCCC	STNNDCBSPFQUIQ-UHFFFAOYSA-N	C15H26O
development	STVIMSVCYHRGIY-UHFFFAOYSA-N	Cc1c(OC2OC(CO)C(O)C(O)C2O)cc(C(C)C)cc1OC1OC(CO)C(O)C(O)C1O	ok	Cc1c(OC2OC(CO)C(O)C(O)C2O)cc(C(C)C)cc1OC1OC(CO)C(O)C(O)C1O	STVIMSVCYHRGIY-UHFFFAOYSA-N	C22H34O12
development	SUAKHGWARZSWIH-UHFFFAOYSA-N	CCN(C=O)CC	ok	CCN(C=O)CC	SUAKHGWARZSWIH-UHFFFAOYSA-N	C5H11NO
development	SUBDBMMJDZJVOS-UHFFFAOYSA-N	COc1ccc2[nH]c([S+]([O-])Cc3ncc(C)c(OC)c3C)nc2c1	ok	COc1ccc2[nH]c([S+]([O-])Cc3ncc(C)c(OC)c3C)nc2c1	SUBDBMMJDZJVOS-UHFFFAOYSA-N	C17H19N3O3S
development	SULXAXUGFHTBKQ-UHFFFAOYSA-N	CC(=O)C1=CCC2C3CC=C4CC(OC5OC(CO)C(OC6OC(C)C(OC7OC(C)C(OC8OC(C)C(O)C(O)C8O)C(O)C7O)C(O)C6O)C(O)C5O)CCC4(C)C3CCC12C	ok	CC(=O)C1=CCC2C3CC=C4CC(OC5OC(CO)C(OC6OC(C)C(OC7OC(C)C(OC8OC(C)C(O)C(O)C8O)C(O)C7O)C(O)C6O)C(O)C5O)CCC4(C)C3CCC12C	SULXAXUGFHTBKQ-UHFFFAOYSA-N	C45H70O19
development	SUYNESVDWLCJSR-UHFFFAOYSA-N	COc1ccc(Cc2sc(=O)[nH]c2O)cc1C(=O)NCc1ccc(C(F)(F)F)cc1	ok	COc1ccc(Cc2sc(=O)[nH]c2O)cc1C(=O)NCc1ccc(C(F)(F)F)cc1	SUYNESVDWLCJSR-UHFFFAOYSA-N	C20H17F3N2O4S
development	SVCNNZDUGWLODJ-UHFFFAOYSA-N	C=C1CC(=CC)C(=O)OC2CCN3CC=C(COC(=O)C1(O)CO)C23	ok	C=C1CC(=CC)C(=O)OC2CCN3CC=C(COC(=O)C1(O)CO)C23	SVCNNZDUGWLODJ-UHFFFAOYSA-N	C18H23NO6
development	SWINWPBPEKHUOD-UHFFFAOYSA-N	CC12CCC3c4cc(O)c(O)cc4CCC3C1CCC2=O	ok	CC12CCC3c4cc(O)c(O)cc4CCC3C1CCC2=O	SWINWPBPEKHUOD-UHFFFAOYSA-N	C18H22O3
development	SWIRXSKBBSJXGY-UHFFFAOYSA-N	O=C1CCC2C3Cc4ccc(O)c5c4C2(CCN3)C1O5	ok	O=C1CCC2C3Cc4ccc(O)c5c4C2(CCN3)C1O5	SWIRXSKBBSJXGY-UHFFFAOYSA-N	C16H17NO3
development	SWLDVJDYIJBAMP-UHFFFAOYSA-N	CCCNCc1cc(=O)oc2cc(OC)ccc12	ok	CCCNCc1cc(=O)oc2cc(OC)ccc12	SWLDVJDYIJBAMP-UHFFFAOYSA-N	C14H17NO3
development	SWMPJSKJLYNRQG-UHFFFAOYSA-N	CC(C)C(C)NCC(O)COc1cccc2ccccc12	ok	CC(C)C(C)NCC(O)COc1cccc2ccccc12	SWMPJSKJLYNRQG-UHFFFAOYSA-N	C18H25NO2
development	SWPAIUOYLTYQKK-UHFFFAOYSA-N	CC12Cc3c([nH][nH]c3=O)CC1CCC1C2CCC2(C)C1CCC2(C)O	ok	CC12Cc3c([nH][nH]c3=O)CC1CCC1C2CCC2(C)C1CCC2(C)O	SWPAIUOYLTYQKK-UHFFFAOYSA-N	C21H32N2O2
development	SXIBUDLORNYMST-UHFFFAOYSA-N	COC1CC2CCC(C)C(O)(O2)C(=O)C(=O)N2CCCCC2C(=O)OC(C(C)CC2CCC(OCCO)C(OC)C2)CC(=O)C(C)=CC(C)C(O)C(OC)C(=O)C(C)CC(C)C=CC=CC=C1C	ok	COC1CC2CCC(C)C(O)(O2)C(=O)C(=O)N2CCCCC2C(=O)OC(C(C)CC2CCC(OCCO)C(OC)C2)CC(=O)C(C)=CC(C)C(O)C(OC)C(=O)C(C)CC(C)C=CC=CC=C1C	SXIBUDLORNYMST-UHFFFAOYSA-N	C53H83NO14
development	SXJKRFLZGRFPBD-UHFFFAOYSA-N	CCCC=CCOC(=O)C(C)CC	ok	CCCC=CCOC(=O)C(C)CC	SXJKRFLZGRFPBD-UHFFFAOYSA-N	C11H20O2
development	SXZWBNWTCVLZJN-UHFFFAOYSA-N	CCCCCCCCCCCCCC=CC(O)C(COP(=O)([O-])OCC[N+](C)(C)C)NC(=O)CCCCCCCCCCCCCCCCCCCCCC	ok	CCCCCCCCCCCCCC=CC(O)C(COP(=O)([O-])OCC[N+](C)(C)C)NC(=O)CCCCCCCCCCCCCCCCCCCCCC	SXZWBNWTCVLZJN-UHFFFAOYSA-N	C46H93N2O6P
development	SYNOVMDJYWJCON-UHFFFAOYSA-N	CN=C(C[N+](=O)[O-])NCCSCc1ccc(CN(C)C)o1	ok	CN=C(C[N+](=O)[O-])NCCSCc1ccc(CN(C)C)o1	SYNOVMDJYWJCON-UHFFFAOYSA-N	C13H22N4O3S
development	SYTBZMRGLBWNTM-UHFFFAOYSA-N	CC(C(=O)O)c1ccc(-c2ccccc2)c(F)c1	ok	CC(C(=O)O)c1ccc(-c2ccccc2)c(F)c1	SYTBZMRGLBWNTM-UHFFFAOYSA-N	C15H13FO2
development	SYTWWAZKYVYTTQ-UHFFFAOYSA-N	C=C(C)C1CCC(=C)C(CCC2C(C)=CCC(C(=C)C)C2(C)CCC(=O)O)C1(C)CCC(=O)O	ok	C=C(C)C1CCC(=C)C(CCC2C(C)=CCC(C(=C)C)C2(C)CCC(=O)O)C1(C)CCC(=O)O	SYTWWAZKYVYTTQ-UHFFFAOYSA-N	C30H46O4
development	SZNXJUGSSOHWJM-UHFFFAOYSA-N	CC1=C2C(=O)C(C(C)C)CCC2(C)C(O)CC1	ok	CC1=C2C(=O)C(C(C)C)CCC2(C)C(O)CC1	SZNXJUGSSOHWJM-UHFFFAOYSA-N	C15H24O2
development	TTWJBBZEZQICBI-UHFFFAOYSA-N	CCN(CC)CCNC(=O)c1cc(Cl)c(N)cc1OC	ok	CCN(CC)CCNC(=O)c1cc(Cl)c(N)cc1OC	TTWJBBZEZQICBI-UHFFFAOYSA-N	C14H22ClN3O2
development	TTYCFBAOLXCFAB-UHFFFAOYSA-N	NC(Cc1cn(C2OC(CO)C(O)C2O)cn1)C(=O)O	ok	NC(Cc1cn(C2OC(CO)C(O)C2O)cn1)C(=O)O	TTYCFBAOLXCFAB-UHFFFAOYSA-N	C11H17N3O6
development	TUNFSRHWOTWDNC-UHFFFAOYSA-N	CCCCCCCCCCCCCC(=O)O	ok	CCCCCCCCCCCCCC(=O)O	TUNFSRHWOTWDNC-UHFFFAOYSA-N	C14H28O2
development	TUSDEZXZIZRFGC-UHFFFAOYSA-N	O=C(OC1OC2COC(=O)c3cc(O)c(O)c(O)c3-c3c(cc(O)c(O)c3O)C(=O)OC(C2O)C1O)c1cc(O)c(O)c(O)c1	tautomer_MaxTransformsReached			C27H22O18
development	TUSIZTVSUSBSQI-UHFFFAOYSA-N	C=C(C)C1CCC(C)C(OC(C)=O)C1	ok	C=C(C)C1CCC(C)C(OC(C)=O)C1	TUSIZTVSUSBSQI-UHFFFAOYSA-N	C12H20O2
development	TUSQPOXZYYVVMH-UHFFFAOYSA-N	CC(C=O)=CC=CC(C)=CC=CC=C(C)C=CC=C(C)C=CC12OC1(C)CC(O)CC2(C)C	ok	CC(C=O)=CC=CC(C)=CC=CC=C(C)C=CC=C(C)C=CC12OC1(C)CC(O)CC2(C)C	TUSQPOXZYYVVMH-UHFFFAOYSA-N	C30H40O3
development	TVOFUERNMZTYRM-UHFFFAOYSA-N	COC1C=CC2=CCN3CCc4cc5c(cc4C23C1)OCO5	ok	COC1C=CC2=CCN3CCc4cc5c(cc4C23C1)OCO5	TVOFUERNMZTYRM-UHFFFAOYSA-N	C18H19NO3
development	TVRIMSLYKUNOPS-UHFFFAOYSA-N	CC1(C)C=C2c3cc4[nH]c5c(c4cc3C(O)C2C(C)(C)O1)CC1CCC2(O)C3=CC(O)C(C(C)(C)O)OC3CCC2(C)C51C	ok	CC1(C)C=C2c3cc4[nH]c5c(c4cc3C(O)C2C(C)(C)O1)CC1CCC2(O)C3=CC(O)C(C(C)(C)O)OC3CCC2(C)C51C	TVRIMSLYKUNOPS-UHFFFAOYSA-N	C37H49NO6
development	TVYLLZQTGLZFBW-UHFFFAOYSA-N	COc1cccc(C2(O)CCCCC2CN(C)C)c1	ok	COc1cccc(C2(O)CCCCC2CN(C)C)c1	TVYLLZQTGLZFBW-UHFFFAOYSA-N	C16H25NO2
development	TWKNDDJHVQUEJF-UHFFFAOYSA-N	C=C(C)C1CCC2(CO)C(O)CC3(C)C(CCC4C5(C)CCC(O)C(C)(C)C5CCC43C)C12	ok	C=C(C)C1CCC2(CO)C(O)CC3(C)C(CCC4C5(C)CCC(O)C(C)(C)C5CCC43C)C12	TWKNDDJHVQUEJF-UHFFFAOYSA-N	C30H50O3
development	TWZNCTCQAGRUGQ-UHFFFAOYSA-N	Oc1ccc(C2Sc3cc(O)ccc3OC2c2ccc(OCCN3CCCCC3)cc2)cc1	ok	Oc1ccc(C2Sc3cc(O)ccc3OC2c2ccc(OCCN3CCCCC3)cc2)cc1	TWZNCTCQAGRUGQ-UHFFFAOYSA-N	C27H29NO4S
development	TXEFUSAHPIYZHD-UHFFFAOYSA-N	COc1cc2nccc3c4ccccc4n(c1=O)c23	ok	COc1cc2nccc3c4ccccc4n(c1=O)c23	TXEFUSAHPIYZHD-UHFFFAOYSA-N	C15H10N2O2
development	TXRDDCDJSYWHET-UHFFFAOYSA-N	CCCC(C)Cn1c(=O)c2c(ncn2C)n(C)c1=O	ok	CCCC(C)Cn1c(=O)c2c(ncn2C)n(C)c1=O	TXRDDCDJSYWHET-UHFFFAOYSA-N	C13H20N4O2
development	TXUZVZSFRXZGTL-UHFFFAOYSA-N	CCC(=C(c1ccc(O)cc1)c1ccc(OCCN(C)C)cc1)c1ccccc1	ok	CCC(=C(c1ccc(O)cc1)c1ccc(OCCN(C)C)cc1)c1ccccc1	TXUZVZSFRXZGTL-UHFFFAOYSA-N	C26H29NO2
development	TXVAOITYBBWKMG-UHFFFAOYSA-N	CC=CC(=O)CCC	ok	CC=CC(=O)CCC	TXVAOITYBBWKMG-UHFFFAOYSA-N	C7H12O
development	TXXHDPDFNKHHGW-UHFFFAOYSA-N	O=C(O)C=CC=CC(=O)O	ok	O=C(O)C=CC=CC(=O)O	TXXHDPDFNKHHGW-UHFFFAOYSA-N	C6H6O4
development	TYEYBOSBBBHJIV-UHFFFAOYSA-N	CCC(=O)C(=O)O	ok	CCC(=O)C(=O)O	TYEYBOSBBBHJIV-UHFFFAOYSA-N	C4H6O3
development	TYNQWWGVEGFKRU-UHFFFAOYSA-N	CC1CCC2C(C)C3C(CC4C5CC=C6CC(OC7OC(CO)C(OC8OC(C)C(O)C(O)C8O)C(O)C7OC7OC(C)C(O)C(O)C7O)CCC6(C)C5CCC43C)N2C1	ok	CC1CCC2C(C)C3C(CC4C5CC=C6CC(OC7OC(CO)C(OC8OC(C)C(O)C(O)C8O)C(O)C7OC7OC(C)C(O)C(O)C7O)CCC6(C)C5CCC43C)N2C1	TYNQWWGVEGFKRU-UHFFFAOYSA-N	C45H73NO14
development	TYRRSRADDAROSO-UHFFFAOYSA-N	CCCCCC=CCC1OC1CC=CCC=CCCCC(=O)NCCO	ok	CCCCCC=CCC1OC1CC=CCC=CCCCC(=O)NCCO	TYRRSRADDAROSO-UHFFFAOYSA-N	C22H37NO3
development	TYYLDKGBCJGJGW-UHFFFAOYSA-N	NC(Cc1c[nH]c2ccccc12)C(=O)NC(Cc1ccc(O)cc1)C(=O)O	ok	NC(Cc1c[nH]c2ccccc12)C(=O)NC(Cc1ccc(O)cc1)C(=O)O	TYYLDKGBCJGJGW-UHFFFAOYSA-N	C20H21N3O4
development	TZBJGXHYKVUXJN-UHFFFAOYSA-N	O=c1c(-c2ccc(O)cc2)coc2cc(O)cc(O)c12	ok	O=c1c(-c2ccc(O)cc2)coc2cc(O)cc(O)c12	TZBJGXHYKVUXJN-UHFFFAOYSA-N	C15H10O5
development	TZFWDZFKRBELIQ-UHFFFAOYSA-N	O=c1[nH]c2cc(Cl)ccc2o1	ok	O=c1[nH]c2cc(Cl)ccc2o1	TZFWDZFKRBELIQ-UHFFFAOYSA-N	C7H4ClNO2
development	TZTLCJNYBHBVBN-UHFFFAOYSA-N	CC(O)C1NC(=O)C(Cc2ccccc2)NC(=O)C(C(C)O)NC(=O)C(CCCCN)NC(=O)C(Cc2c[nH]c3ccccc23)NC(=O)C(Cc2ccccc2)NC(=O)C(Cc2ccccc2)NC(=O)C(CC(N)=O)NC(=O)C(CCCCN)NC(=O)C(N)CSSCCC(C(=O)O)NC(=O)C(CO)NC1=O	tautomer_MaxTautomersReached			C72H98N16O17S2
development	UAKVFUWDGIZDMA-UHFFFAOYSA-N	CCCCCCCCC=CCCCCCCCCCCCCCCCC(=O)NC(COC1OC(CO)C(OC2OC(CO)C(OC3OC(CO)C(O)C(OC4OC(CO)C(O)C(O)C4O)C3CC(C)=O)C(OC3(C(=O)O)CC(O)C(NC(C)=O)C(C(O)C(CO)OC4(C(=O)O)CC(O)C(NC(C)=O)C(C(O)C(O)CO)O4)O3)C2O)C(O)C1O)C(O)CCCCCCCCCCCCCCC	ok	CCCCCCCCC=CCCCCCCCCCCCCCCCC(=O)NC(COC1OC(CO)C(OC2OC(CO)C(OC3OC(CO)C(O)C(OC4OC(CO)C(O)C(O)C4O)C3CC(C)=O)C(OC3(C(=O)O)CC(O)C(NC(C)=O)C(C(O)C(CO)OC4(C(=O)O)CC(O)C(NC(C)=O)C(C(O)C(O)CO)O4)O3)C2O)C(O)C1O)C(O)CCCCCCCCCCCCCCC	UAKVFUWDGIZDMA-UHFFFAOYSA-N	C93H165N3O39
development	UAKYQMHTPLVMJD-UHFFFAOYSA-N	CCCCCCCCCCCCCC=CC(O)C(COC1OC(CO)C(O)C(OS(=O)(=O)O)C1O)NC(=O)CCCCCCCCCCCCCCCCCCCCC	ok	CCCCCCCCCCCCCC=CC(O)C(COC1OC(CO)C(O)C(OS(=O)(=O)O)C1O)NC(=O)CCCCCCCCCCCCCCCCCCCCC	UAKYQMHTPLVMJD-UHFFFAOYSA-N	C46H89NO11S
development	UAWLTQJFZUYROA-UHFFFAOYSA-N	O=[N+]([O-])c1cc2c3ccccc3ccc2c2ccccc12	ok	O=[N+]([O-])c1cc2c3ccccc3ccc2c2ccccc12	UAWLTQJFZUYROA-UHFFFAOYSA-N	C18H11NO2
development	UAWXGRJVZSAUSZ-UHFFFAOYSA-N	CC1(C)Cc2c(-c3ccccc3)c(-c3ccc(Cl)cc3)c(CC(=O)O)n2C1	ok	CC1(C)Cc2c(-c3ccccc3)c(-c3ccc(Cl)cc3)c(CC(=O)O)n2C1	UAWXGRJVZSAUSZ-UHFFFAOYSA-N	C23H22ClNO2
development	UBCMQDIOEUZUPT-UHFFFAOYSA-N	CCCCCCCCCCCCCC=CC(O)C(COC1OC(CO)C(OC2OC(CO)C(OC3OC(CO)C(O)C(O)C3NC(C)=O)C(OC3(C(=O)O)CC(O)C(NC(C)=O)C(C(O)C(O)CO)O3)C2O)C(O)C1O)NC(=O)CCCCCCCCCCC	ok	CCCCCCCCCCCCCC=CC(O)C(COC1OC(CO)C(OC2OC(CO)C(OC3OC(CO)C(O)C(O)C3NC(C)=O)C(OC3(C(=O)O)CC(O)C(NC(C)=O)C(C(O)C(O)CO)O3)C2O)C(O)C1O)NC(=O)CCCCCCCCCCC	UBCMQDIOEUZUPT-UHFFFAOYSA-N	C61H109N3O26
development	UBLAMKHIFZBBSS-UHFFFAOYSA-N	CCCCC(=O)OCCC(C)C	ok	CCCCC(=O)OCCC(C)C	UBLAMKHIFZBBSS-UHFFFAOYSA-N	C10H20O2
development	UBORTCNDUKBEOP-UHFFFAOYSA-N	O=c1[nH]c(=O)c2ncn(C3OC(CO)C(O)C3O)c2[nH]1	ok	O=c1[nH]c(=O)c2ncn(C3OC(CO)C(O)C3O)c2[nH]1	UBORTCNDUKBEOP-UHFFFAOYSA-N	C10H12N4O6
development	UBQNRHZMVUUOMG-UHFFFAOYSA-N	NS(=O)(=O)Cc1noc2ccccc12	ok	NS(=O)(=O)Cc1noc2ccccc12	UBQNRHZMVUUOMG-UHFFFAOYSA-N	C8H8N2O3S
development	UCHDWCPVSPXUMX-UHFFFAOYSA-N	CC(C)(O)c1ccccc1CCC(SCC1(CC(=O)O)CC1)c1cccc(C=Cc2ccc3ccc(Cl)cc3n2)c1	ok	CC(C)(O)c1ccccc1CCC(SCC1(CC(=O)O)CC1)c1cccc(C=Cc2ccc3ccc(Cl)cc3n2)c1	UCHDWCPVSPXUMX-UHFFFAOYSA-N	C35H36ClNO3S
development	UEJJHQNACJXSKW-UHFFFAOYSA-N	O=C1CCC(N2C(=O)c3ccccc3C2=O)C(=O)N1	ok	O=C1CCC(N2C(=O)c3ccccc3C2=O)C(=O)N1	UEJJHQNACJXSKW-UHFFFAOYSA-N	C13H10N2O4
development	UEQUQVLFIPOEMF-UHFFFAOYSA-N	CN1CCN2c3ccccc3Cc3ccccc3C2C1	ok	CN1CCN2c3ccccc3Cc3ccccc3C2C1	UEQUQVLFIPOEMF-UHFFFAOYSA-N	C18H20N2
development	UFCLZKMFXSILNL-UHFFFAOYSA-N	O=C(C=Cc1ccc(O)c(O)c1)OC1CC(O)(C(=O)O)CC(O)C1OC(=O)C=Cc1ccc(O)c(O)c1	tautomer_MaxTransformsReached			C25H24O12
development	UFFBMTHBGFGIHF-UHFFFAOYSA-N	Cc1cccc(C)c1N	ok	Cc1cccc(C)c1N	UFFBMTHBGFGIHF-UHFFFAOYSA-N	C8H11N
development	UFHLMYOGRXOCSL-UHFFFAOYSA-N	CC(C)OC(=O)C(C(=O)OC(C)C)=C1SCCS1	ok	CC(C)OC(=O)C(C(=O)OC(C)C)=C1SCCS1	UFHLMYOGRXOCSL-UHFFFAOYSA-N	C12H18O4S2
development	UFOUZKFFEDCDRA-UHFFFAOYSA-N	CC(C)CCC(O)C(C)C1C(OC2OC(CO)C(O)C(O)C2O)CC2C3CC=C4CC(O)CC(OC5OC(C)C(O)C(O)C5O)C4(C)C3CCC21C	ok	CC(C)CCC(O)C(C)C1C(OC2OC(CO)C(O)C(O)C2O)CC2C3CC=C4CC(O)CC(OC5OC(C)C(O)C(O)C5O)C4(C)C3CCC21C	UFOUZKFFEDCDRA-UHFFFAOYSA-N	C39H66O13
development	UFWIBTONFRDIAS-UHFFFAOYSA-N	c1ccc2ccccc2c1	ok	c1ccc2ccccc2c1	UFWIBTONFRDIAS-UHFFFAOYSA-N	C10H8
development	UGFMBZYKVQSQFX-UHFFFAOYSA-N	CNC(C)Cc1ccc(OC)cc1	ok	CNC(C)Cc1ccc(OC)cc1	UGFMBZYKVQSQFX-UHFFFAOYSA-N	C11H17NO
development	UGJUNCJBZLALDV-UHFFFAOYSA-N	O=C(c1cccs1)c1ccc(OCCCO)c(Cl)c1Cl	ok	O=C(c1cccs1)c1ccc(OCCCO)c(Cl)c1Cl	UGJUNCJBZLALDV-UHFFFAOYSA-N	C14H12Cl2O3S
development	UHNRLUJLKSYZAJ-UHFFFAOYSA-N	CC(C(=O)C(O)C(O)C(C)(C)O)C1CCC2(C)C3CC=C4C(CCC(OC5OC(COC6OC(CO)C(O)C(O)C6O)C(O)C(O)C5O)C4(C)C)C3(C)CCC12C	ok	CC(C(=O)C(O)C(O)C(C)(C)O)C1CCC2(C)C3CC=C4C(CCC(OC5OC(COC6OC(CO)C(O)C(O)C6O)C(O)C(O)C5O)C4(C)C)C3(C)CCC12C	UHNRLUJLKSYZAJ-UHFFFAOYSA-N	C42H70O15
development	UHOVQNZJYSORNB-UHFFFAOYSA-N	c1ccccc1	ok	c1ccccc1	UHOVQNZJYSORNB-UHFFFAOYSA-N	C6H6
development	UHQNVKKALWJDQL-UHFFFAOYSA-N	CC1CCC2(C(=O)OC3OC(CO)C(O)C(O)C3O)CCC3(C)C(=CCC4C5(C)CCC(OC6OC(C(=O)O)C(O)C(O)C6O)C(C)(CO)C5CCC43C)C2C1C	ok	CC1CCC2(C(=O)OC3OC(CO)C(O)C(O)C3O)CCC3(C)C(=CCC4C5(C)CCC(OC6OC(C(=O)O)C(O)C(O)C6O)C(C)(CO)C5CCC43C)C2C1C	UHQNVKKALWJDQL-UHFFFAOYSA-N	C42H66O15
development	UHRXEPZELBAZEZ-UHFFFAOYSA-N	OC(CNCC(F)(F)F)COc1cccc2ccccc12	ok	OC(CNCC(F)(F)F)COc1cccc2ccccc12	UHRXEPZELBAZEZ-UHFFFAOYSA-N	C15H16F3NO2
development	UIKPUUZBQYTDRX-UHFFFAOYSA-N	CCCCCCCCCCCCCC=CC(O)C(COC1OC(CO)C(OC2OC(CO)C(O)C(OC3(C(=O)O)CC(O)C(NC(C)=O)C(C(O)C(O)CO)O3)C2O)C(O)C1O)NC(=O)CCCCCCCCCCCCCCCCC	ok	CCCCCCCCCCCCCC=CC(O)C(COC1OC(CO)C(OC2OC(CO)C(O)C(OC3(C(=O)O)CC(O)C(NC(C)=O)C(C(O)C(O)CO)O3)C2O)C(O)C1O)NC(=O)CCCCCCCCCCCCCCCCC	UIKPUUZBQYTDRX-UHFFFAOYSA-N	C59H108N2O21
development	UIKROCXWUNQSPJ-UHFFFAOYSA-N	CN1C(=O)CCC1c1cccnc1	ok	CN1C(=O)CCC1c1cccnc1	UIKROCXWUNQSPJ-UHFFFAOYSA-N	C10H12N2O
development	UIOFUWFRIANQPC-UHFFFAOYSA-N	Cc1onc(-c2c(F)cccc2Cl)c1C(=O)NC1C(=O)N2C1SC(C)(C)C2C(=O)O	ok	Cc1onc(-c2c(F)cccc2Cl)c1C(=O)NC1C(=O)N2C1SC(C)(C)C2C(=O)O	UIOFUWFRIANQPC-UHFFFAOYSA-N	C19H17ClFN3O5S
development	UISKIUIWPSPSAV-UHFFFAOYSA-N	O=[N+]([O-])c1cc2cccc3ccc4cccc1c4c32	ok	O=[N+]([O-])c1cc2cccc3ccc4cccc1c4c32	UISKIUIWPSPSAV-UHFFFAOYSA-N	C16H9NO2
development	UKLDABCYBVVGHL-UHFFFAOYSA-N	C#CC#CC#CCCO	ok	C#CC#CC#CCCO	UKLDABCYBVVGHL-UHFFFAOYSA-N	C8H6O
development	UKMCCFHULJHJNS-UHFFFAOYSA-N	CCC(C=CC(C)C1CCC2C3C(=O)C=C4CC(O)CCC4(C)C3CCC12C)C(C)C	ok	CCC(C=CC(C)C1CCC2C3C(=O)C=C4CC(O)CCC4(C)C3CCC12C)C(C)C	UKMCCFHULJHJNS-UHFFFAOYSA-N	C29H46O2
development	UKWLNMIPRJLYGH-UHFFFAOYSA-N	COc1ccc2c(=O)c(-c3ccc(OC)c(OC)c3)coc2c1	ok	COc1ccc2c(=O)c(-c3ccc(OC)c(OC)c3)coc2c1	UKWLNMIPRJLYGH-UHFFFAOYSA-N	C18H16O5
development	ULAADVBNYHGIBP-UHFFFAOYSA-N	COc1ccc2c(c1)CCC1C2CCC2(C)C(O)CCC12	ok	COc1ccc2c(c1)CCC1C2CCC2(C)C(O)CCC12	ULAADVBNYHGIBP-UHFFFAOYSA-N	C19H26O2
development	ULGZDMOVFRHVEP-UHFFFAOYSA-N	CCC1OC(=O)C(C)C(OC2CC(C)(OC)C(O)C(C)O2)C(C)C(OC2OC(C)CC(N(C)C)C2O)C(C)(O)CC(C)C(=O)C(C)C(O)C1(C)O	ok	CCC1OC(=O)C(C)C(OC2CC(C)(OC)C(O)C(C)O2)C(C)C(OC2OC(C)CC(N(C)C)C2O)C(C)(O)CC(C)C(=O)C(C)C(O)C1(C)O	ULGZDMOVFRHVEP-UHFFFAOYSA-N	C37H67NO13
development	ULHWZNASVJIOEM-UHFFFAOYSA-N	CC(C)=CCSCC(N)C(=O)O	ok	CC(C)=CCSCC(N)C(=O)O	ULHWZNASVJIOEM-UHFFFAOYSA-N	C8H15NO2S
development	ULSDMUVEXKOYBU-UHFFFAOYSA-N	CN(C)CCc1c[nH]c2ccc(CC3COC(=O)N3)cc12	ok	CN(C)CCc1c[nH]c2ccc(CC3COC(=O)N3)cc12	ULSDMUVEXKOYBU-UHFFFAOYSA-N	C16H21N3O2
development	ULSUXBXHSYSGDT-UHFFFAOYSA-N	COc1ccc(-c2cc(=O)c3c(OC)c(OC)c(OC)c(OC)c3o2)cc1	ok	COc1ccc(-c2cc(=O)c3c(OC)c(OC)c(OC)c(OC)c3o2)cc1	ULSUXBXHSYSGDT-UHFFFAOYSA-N	C20H20O7
development	UMFJAHHVKNCGLG-UHFFFAOYSA-N	CN(C)N=O	ok	CN(C)N=O	UMFJAHHVKNCGLG-UHFFFAOYSA-N	C2H6N2O
development	UMJXUWDTBAXFNN-UHFFFAOYSA-N	CC(=O)OCC1OC(OC2C(CO)OC(OC3CCC4(C)C(CCC5C4CCC4(C)C5CC5OC6(CCC(C)CO6)C(C)C54)C3)C(O)C2O)C(OC2OC(CO)C(O)C(O)C2O)C(OC2OC(CO)C(O)C(O)C2O)C1O	ok	CC(=O)OCC1OC(OC2C(CO)OC(OC3CCC4(C)C(CCC5C4CCC4(C)C5CC5OC6(CCC(C)CO6)C(C)C54)C3)C(O)C2O)C(OC2OC(CO)C(O)C(O)C2O)C(OC2OC(CO)C(O)C(O)C2O)C1O	UMJXUWDTBAXFNN-UHFFFAOYSA-N	C53H86O24
development	UMKFEPPTGMDVMI-UHFFFAOYSA-N	O=P1(N(CCCl)CCCl)OCCCN1CCCl	ok	O=P1(N(CCCl)CCCl)OCCCN1CCCl	UMKFEPPTGMDVMI-UHFFFAOYSA-N	C9H18Cl3N2O2P
development	UMMREFLKYDGCQB-UHFFFAOYSA-N	CCC=CCC(=O)CC	ok	CCC=CCC(=O)CC	UMMREFLKYDGCQB-UHFFFAOYSA-N	C8H14O
development	UMSGKTJDUHERQW-UHFFFAOYSA-N	Cc1nnc2n1-c1sc(Br)cc1C(c1ccccc1Cl)=NC2	ok	Cc1nnc2n1-c1sc(Br)cc1C(c1ccccc1Cl)=NC2	UMSGKTJDUHERQW-UHFFFAOYSA-N	C15H10BrClN4S
development	UMYDNZXEHYSVFY-UHFFFAOYSA-N	C=CCC(CCC)C(=O)O	ok	C=CCC(CCC)C(=O)O	UMYDNZXEHYSVFY-UHFFFAOYSA-N	C8H14O2
development	UNAANXDKBXWMLN-UHFFFAOYSA-N	CC(C)CC(N(C)C)C1(c2ccc(Cl)cc2)CCC1	ok	CC(C)CC(N(C)C)C1(c2ccc(Cl)cc2)CCC1	UNAANXDKBXWMLN-UHFFFAOYSA-N	C17H26ClN
development	UNISKOOZAQCSPC-UHFFFAOYSA-N	CCCC1OC2CC3C4CC=C5CC(=O)C=CC5(C)C4C(O)CC3(C)C2(C(=O)CO)O1	ok	CCCC1OC2CC3C4CC=C5CC(=O)C=CC5(C)C4C(O)CC3(C)C2(C(=O)CO)O1	UNISKOOZAQCSPC-UHFFFAOYSA-N	C25H34O6
development	UNVGBIALRHLALK-UHFFFAOYSA-N	CC(O)CCCCO	ok	CC(O)CCCCO	UNVGBIALRHLALK-UHFFFAOYSA-N	C6H14O2
development	UNXHWFMMPAWVPI-UHFFFAOYSA-N	OCC(O)C(O)CO	ok	OCC(O)C(O)CO	UNXHWFMMPAWVPI-UHFFFAOYSA-N	C4H10O4
development	UOBJOWXNMYOTGQ-UHFFFAOYSA-N	O=c1ccc2nc3ccc(OCOCc4ccccc4)cc3oc-2c1	ok	O=c1ccc2nc3ccc(OCOCc4ccccc4)cc3oc-2c1	UOBJOWXNMYOTGQ-UHFFFAOYSA-N	C20H15NO4
development	UOCLXMDMGBRAIB-UHFFFAOYSA-N	CC(Cl)(Cl)Cl	ok	CC(Cl)(Cl)Cl	UOCLXMDMGBRAIB-UHFFFAOYSA-N	C2H3Cl3
development	UOKDPAAQNNWFSY-UHFFFAOYSA-N	CC#Cc1ccc(CCC(=O)OC)s1	ok	CC#Cc1ccc(CCC(=O)OC)s1	UOKDPAAQNNWFSY-UHFFFAOYSA-N	C11H12O2S
development	UOUIARGWRPHDBX-UHFFFAOYSA-N	CC12CCC3C4CCC(O)CC4CCC3C1CCC2=O	ok	CC12CCC3C4CCC(O)CC4CCC3C1CCC2=O	UOUIARGWRPHDBX-UHFFFAOYSA-N	C18H28O2
development	UOVLTQUOCUWCRV-UHFFFAOYSA-N	CC=C(C)C(=O)OC1=C2C(C)C(=O)OC2(OC)CC2CCC(O)C(C)C12C	ok	CC=C(C)C(=O)OC1=C2C(C)C(=O)OC2(OC)CC2CCC(O)C(C)C12C	UOVLTQUOCUWCRV-UHFFFAOYSA-N	C21H30O6
development	UPKQNCPKPOLASS-UHFFFAOYSA-N	COc1ccc(CCNCCCC(C#N)(c2ccc(OC)c(OC)c2)C(C)C)cc1OC	ok	COc1ccc(CCNCCCC(C#N)(c2ccc(OC)c(OC)c2)C(C)C)cc1OC	UPKQNCPKPOLASS-UHFFFAOYSA-N	C26H36N2O4
development	UPMRZALMHVUCIN-UHFFFAOYSA-N	CC(=O)C(=Cc1cc(O)c(O)c([N+](=O)[O-])c1)C(C)=O	ok	CC(=O)C(=Cc1cc(O)c(O)c([N+](=O)[O-])c1)C(C)=O	UPMRZALMHVUCIN-UHFFFAOYSA-N	C12H11NO6
development	UPVBTYUCCOHEPJ-UHFFFAOYSA-N	CC(C)=CCCC(C)CCOC1OC(CO)C(O)C(O)C1OC1OC(CO)C(O)C(O)C1O	ok	CC(C)=CCCC(C)CCOC1OC(CO)C(O)C(O)C1OC1OC(CO)C(O)C(O)C1O	UPVBTYUCCOHEPJ-UHFFFAOYSA-N	C22H40O11
development	UQRPWWKJWZFNAE-UHFFFAOYSA-N	CC12CCC(O)CC1CCC1C2C(=O)CC2(CO)C(C(=O)CO)CCC12	ok	CC12CCC(O)CC1CCC1C2C(=O)CC2(CO)C(C(=O)CO)CCC12	UQRPWWKJWZFNAE-UHFFFAOYSA-N	C21H32O5
development	UQVKZNNCIHJZLS-UHFFFAOYSA-N	Cn1c(N)nc2ncc(-c3ccccc3)cc21	ok	Cn1c(N)nc2ncc(-c3ccccc3)cc21	UQVKZNNCIHJZLS-UHFFFAOYSA-N	C13H12N4
development	URKOMYMAXPYINW-UHFFFAOYSA-N	OCCOCCN1CCN(C2=Nc3ccccc3Sc3ccccc32)CC1	ok	OCCOCCN1CCN(C2=Nc3ccccc3Sc3ccccc32)CC1	URKOMYMAXPYINW-UHFFFAOYSA-N	C21H25N3O2S
development	URLKBWYHVLBVBO-UHFFFAOYSA-N	Cc1ccc(C)cc1	ok	Cc1ccc(C)cc1	URLKBWYHVLBVBO-UHFFFAOYSA-N	C8H10
development	URRJUSLCXVXZOX-UHFFFAOYSA-N	CCCCCc1cc(O)c2c(c1)OC(C)(C)C1C(O)C=C(C)CC21	ok	CCCCCc1cc(O)c2c(c1)OC(C)(C)C1C(O)C=C(C)CC21	URRJUSLCXVXZOX-UHFFFAOYSA-N	C21H30O3
development	URTFKMOPZGIJTM-UHFFFAOYSA-N	COc1cc(O)c(C)c(C=CC(C)=CCC=C(C)CCC=C(C)CCC=C(C)CCC=C(C)CCC=C(C)C)c1O	ok	COc1cc(O)c(C)c(C=CC(C)=CCC=C(C)CCC=C(C)CCC=C(C)CCC=C(C)CCC=C(C)C)c1O	URTFKMOPZGIJTM-UHFFFAOYSA-N	C38H56O3
development	URXZXNYJPAJJOQ-UHFFFAOYSA-N	CCCCCCC=CCCCCCCCCCCCC(=O)O	ok	CCCCCCC=CCCCCCCCCCCCC(=O)O	URXZXNYJPAJJOQ-UHFFFAOYSA-N	C20H38O2
development	URYBOPNIACOOED-UHFFFAOYSA-N	COC(OC)C1(C)Oc2ccc(N)cc2C(N(Cc2nnn(C)n2)c2ccc(Cl)cc2)C1O	ok	COC(OC)C1(C)Oc2ccc(N)cc2C(N(Cc2nnn(C)n2)c2ccc(Cl)cc2)C1O	URYBOPNIACOOED-UHFFFAOYSA-N	C22H27ClN6O4
development	USBWBBAUWVUJLA-UHFFFAOYSA-N	CCNC(C)Cc1ccc(OC)cc1	ok	CCNC(C)Cc1ccc(OC)cc1	USBWBBAUWVUJLA-UHFFFAOYSA-N	C12H19NO
development	USMNOWBWPHYOEA-UHFFFAOYSA-N	CC1C(=O)CC2(C(C)C)CC12	ok	CC1C(=O)CC2(C(C)C)CC12	USMNOWBWPHYOEA-UHFFFAOYSA-N	C10H16O
development	USSIQXCVUWKGNF-UHFFFAOYSA-N	CCC(=O)C(CC(C)N(C)C)(c1ccccc1)c1ccccc1	ok	CCC(=O)C(CC(C)N(C)C)(c1ccccc1)c1ccccc1	USSIQXCVUWKGNF-UHFFFAOYSA-N	C21H27NO
development	USWVWJSAJAEEHQ-UHFFFAOYSA-N	CCC(Cc1ccc2c(c1)OCO2)NC	ok	CCC(Cc1ccc2c(c1)OCO2)NC	USWVWJSAJAEEHQ-UHFFFAOYSA-N	C12H17NO2
development	UTEAJHNFBCLZHN-UHFFFAOYSA-N	COc1cc(O)c2c(=O)c3cccc(O)c3n(C)c2c1OC	ok	COc1cc(O)c2c(=O)c3cccc(O)c3n(C)c2c1OC	UTEAJHNFBCLZHN-UHFFFAOYSA-N	C16H15NO5
development	UTILMNMNJVRNKR-UHFFFAOYSA-N	CC1CC2C3CC=C4CC(=O)C=CC4(C)C3(F)C(O)CC2(C)C1=O	ok	CC1CC2C3CC=C4CC(=O)C=CC4(C)C3(F)C(O)CC2(C)C1=O	UTILMNMNJVRNKR-UHFFFAOYSA-N	C20H25FO3
development	UTKUVRNVYFTEHF-UHFFFAOYSA-N	Nc1ccc([N+](=O)[O-])c(C(F)(F)F)c1	ok	Nc1ccc([N+](=O)[O-])c(C(F)(F)F)c1	UTKUVRNVYFTEHF-UHFFFAOYSA-N	C7H5F3N2O2
development	UTRJXEOCVQXSFY-UHFFFAOYSA-N	CC(CCC1(O)OC2CC3C4CC(O)C5CC(OC6OC(CO)C(OC7OC(CO)C(O)C(O)C7O)C(O)C6O)C(O)CC5(C)C4CCC3(C)C2C1C)COC1OC(CO)C(O)C(O)C1O	ok	CC(CCC1(O)OC2CC3C4CC(O)C5CC(OC6OC(CO)C(OC7OC(CO)C(O)C(O)C7O)C(O)C6O)C(O)CC5(C)C4CCC3(C)C2C1C)COC1OC(CO)C(O)C(O)C1O	UTRJXEOCVQXSFY-UHFFFAOYSA-N	C45H76O21
development	UUIQMZJEGPQKFD-UHFFFAOYSA-N	CCCC(=O)OC	ok	CCCC(=O)OC	UUIQMZJEGPQKFD-UHFFFAOYSA-N	C5H10O2
development	UUOCODHGILANAP-UHFFFAOYSA-N	CC1(C)C(=O)CC(O)C23C(=O)OC4OCC(=CCC12)C43	ok	CC1(C)C(=O)CC(O)C23C(=O)OC4OCC(=CCC12)C43	UUOCODHGILANAP-UHFFFAOYSA-N	C15H18O5
development	UUWIEIBBJWHXIO-UHFFFAOYSA-N	Cc1c(C)c(O)c(C=CC(C)(O)CCC(=O)O)c(C)c1O	ok	Cc1c(C)c(O)c(C=CC(C)(O)CCC(=O)O)c(C)c1O	UUWIEIBBJWHXIO-UHFFFAOYSA-N	C16H22O5
development	UVNHKOOJXSALHN-UHFFFAOYSA-N	CC1CCC2C(C)C(OCc3ccc(C(=O)O)cc3)OC3OC4(C)CCC1C32OO4	ok	CC1CCC2C(C)C(OCc3ccc(C(=O)O)cc3)OC3OC4(C)CCC1C32OO4	UVNHKOOJXSALHN-UHFFFAOYSA-N	C23H30O7
development	UVTNFZQICZKOEM-UHFFFAOYSA-N	CC(C)N(CCC(C(N)=O)(c1ccccc1)c1ccccn1)C(C)C	ok	CC(C)N(CCC(C(N)=O)(c1ccccc1)c1ccccn1)C(C)C	UVTNFZQICZKOEM-UHFFFAOYSA-N	C21H29N3O
development	UWKQSNNFCGGAFS-UHFFFAOYSA-N	CCc1c2c(nc3ccc(OC(=O)N4CCC(N5CCCCC5)CC4)cc13)-c1cc3c(c(=O)n1C2)COC(=O)C3(O)CC	ok	CCc1c2c(nc3ccc(OC(=O)N4CCC(N5CCCCC5)CC4)cc13)-c1cc3c(c(=O)n1C2)COC(=O)C3(O)CC	UWKQSNNFCGGAFS-UHFFFAOYSA-N	C33H38N4O6
development	UXUPPWPIGVTVQI-UHFFFAOYSA-N	CCCCCC(=O)OCC(C)C	ok	CCCCCC(=O)OCC(C)C	UXUPPWPIGVTVQI-UHFFFAOYSA-N	C10H20O2
development	UXVSDVSUISWXKD-UHFFFAOYSA-N	COC(=O)C1=C(C)N=C(C)C(C(=O)OCCN(C)Cc2ccccc2)C1c1cccc([N+](=O)[O-])c1	ok	COC(=O)C1=C(C)N=C(C)C(C(=O)OCCN(C)Cc2ccccc2)C1c1cccc([N+](=O)[O-])c1	UXVSDVSUISWXKD-UHFFFAOYSA-N	C26H29N3O6
development	UYGONJYYUKVHDD-UHFFFAOYSA-N	Cn1cc([S+](C)[O-])c(=O)c2ccc(F)cc21	ok	Cn1cc([S+](C)[O-])c(=O)c2ccc(F)cc21	UYGONJYYUKVHDD-UHFFFAOYSA-N	C11H10FNO2S
development	UYJHWPMQCSNBKU-UHFFFAOYSA-N	CCC(C)CCn1c(=O)c2c(ncn2C)n(C)c1=O	ok	CCC(C)CCn1c(=O)c2c(ncn2C)n(C)c1=O	UYJHWPMQCSNBKU-UHFFFAOYSA-N	C13H20N4O2
development	UYXAWHWODHRRMR-UHFFFAOYSA-N	CN1C(=O)NC(=O)C(C)(C2=CCCCC2)C1=O	ok	CN1C(=O)NC(=O)C(C)(C2=CCCCC2)C1=O	UYXAWHWODHRRMR-UHFFFAOYSA-N	C12H16N2O3
development	UZJVBXKFBQNDTQ-UHFFFAOYSA-N	COc1ccc2c(C(=O)c3cc(OC)c(OC)c(OC)c3)c[nH]c2c1	ok	COc1ccc2c(C(=O)c3cc(OC)c(OC)c(OC)c3)c[nH]c2c1	UZJVBXKFBQNDTQ-UHFFFAOYSA-N	C19H19NO5
development	UZLABLYYOJYQIX-UHFFFAOYSA-N	C=C(C(=O)O)C1C=C2C(C)C(=O)C=CC2(C)CC1	ok	C=C(C(=O)O)C1C=C2C(C)C(=O)C=CC2(C)CC1	UZLABLYYOJYQIX-UHFFFAOYSA-N	C15H18O3
development	UZYMZRZCYLNXQU-UHFFFAOYSA-N	COC(=O)c1c(C)nc(C)c(C(=O)OCC=Cc2ccccc2)c1-c1cccc([N+](=O)[O-])c1	ok	COC(=O)c1c(C)nc(C)c(C(=O)OCC=Cc2ccccc2)c1-c1cccc([N+](=O)[O-])c1	UZYMZRZCYLNXQU-UHFFFAOYSA-N	C25H22N2O6
development	VABCILAOYCMVPS-UHFFFAOYSA-N	CC(=O)CC(c1ccc([N+](=O)[O-])cc1)c1c(O)c2ccccc2oc1=O	ok	CC(=O)CC(c1ccc([N+](=O)[O-])cc1)c1c(O)c2ccccc2oc1=O	VABCILAOYCMVPS-UHFFFAOYSA-N	C19H15NO6
development	VACPENDPPYPFPY-UHFFFAOYSA-N	Cc1nc2c(c(=O)n(C)c(=O)n2Cc2ccco2)n1C	ok	Cc1nc2c(c(=O)n(C)c(=O)n2Cc2ccco2)n1C	VACPENDPPYPFPY-UHFFFAOYSA-N	C13H14N4O3
development	VBAHFEPKESUPDE-UHFFFAOYSA-N	COc1ccccc1CC(C)N	ok	COc1ccccc1CC(C)N	VBAHFEPKESUPDE-UHFFFAOYSA-N	C10H15NO
development	VBGLYOIFKLUMQG-UHFFFAOYSA-N	CCCCCc1cc(O)c2c(c1)OC(C)(C)c1ccc(C)cc1-2	ok	CCCCCc1cc(O)c2c(c1)OC(C)(C)c1ccc(C)cc1-2	VBGLYOIFKLUMQG-UHFFFAOYSA-N	C21H26O2
development	VBUWJOHKCBQXNU-UHFFFAOYSA-N	O=C(O)CC(O)C(O)CO	ok	O=C(O)CC(O)C(O)CO	VBUWJOHKCBQXNU-UHFFFAOYSA-N	C5H10O5
development	VCCRNZQBSJXYJD-UHFFFAOYSA-N	O=c1c(O)c(-c2ccccc2)oc2cc(O)cc(O)c12	ok	O=c1c(O)c(-c2ccccc2)oc2cc(O)cc(O)c12	VCCRNZQBSJXYJD-UHFFFAOYSA-N	C15H10O5
development	VCUCVBNQZJFUDR-UHFFFAOYSA-N	CC1C2C3CCC4C5(C)CCC(=O)C(C)(C)C5CCC4(C)C3(C)CCC2(C)CCC1(C)O	ok	CC1C2C3CCC4C5(C)CCC(=O)C(C)(C)C5CCC4(C)C3(C)CCC2(C)CCC1(C)O	VCUCVBNQZJFUDR-UHFFFAOYSA-N	C30H50O2
development	VCVQSRCYSKKPBA-UHFFFAOYSA-N	CC(C)(C)NCC(O)COc1ccccc1C#N	ok	CC(C)(C)NCC(O)COc1ccccc1C#N	VCVQSRCYSKKPBA-UHFFFAOYSA-N	C14H20N2O2
development	VCYXZJKAYAIMDV-UHFFFAOYSA-N	C=C1C(O)C23CC1(O)CCC2C12CC(O)C(O)C(C)(C(=O)O1)C2C3C(=O)O	ok	C=C1C(O)C23CC1(O)CCC2C12CC(O)C(O)C(C)(C(=O)O1)C2C3C(=O)O	VCYXZJKAYAIMDV-UHFFFAOYSA-N	C19H24O8
development	VDSVKGIFRKCQHJ-UHFFFAOYSA-N	O=C1C(O)COC(O)C1O	ok	O=C1OCC(O)C(O)C1O	XXBSUZSONOQQGK-UHFFFAOYSA-N	C5H8O5
development	VEJWNIYARKAHFI-UHFFFAOYSA-N	COc1cccc(CC(C)N)c1	ok	COc1cccc(CC(C)N)c1	VEJWNIYARKAHFI-UHFFFAOYSA-N	C10H15NO
development	VEQOALNAAJBPNY-UHFFFAOYSA-N	Cc1cc(=O)n(-c2ccccc2)n1C	ok	Cc1cc(=O)n(-c2ccccc2)n1C	VEQOALNAAJBPNY-UHFFFAOYSA-N	C11H12N2O
development	VEXZGXHMUGYJMC-UHFFFAOYSA-N	Cl	ok	Cl	VEXZGXHMUGYJMC-UHFFFAOYSA-N	HCl
development	VFJHHENNFQFTOV-UHFFFAOYSA-N	COC1OCC2(O)C(OC(C)=O)C3CC(C)(C)CC3C3(C)CC132	ok	COC1OCC2(O)C(OC(C)=O)C3CC(C)(C)CC3C3(C)CC132	VFJHHENNFQFTOV-UHFFFAOYSA-N	C18H28O5
development	VFLDPWHFBUODDF-UHFFFAOYSA-N	COc1cc(C=CC(=O)CC(=O)C=Cc2ccc(O)c(OC)c2)ccc1O	ok	COc1cc(C=CC(=O)CC(=O)C=Cc2ccc(O)c(OC)c2)ccc1O	VFLDPWHFBUODDF-UHFFFAOYSA-N	C21H20O6
development	VFVUMOKIAXYQDI-UHFFFAOYSA-N	CCCCCCCCCCCCCC=CC(O)C(COC1OC(CO)C(OC2OC(CO)C(OC3OC(CO)C(O)C(O)C3NC(C)=O)C(OC3(C(=O)O)CC(O)C(NC(C)=O)C(C(O)C(CO)OC4(C(=O)O)CC(O)C(NC(C)=O)C(C(O)C(O)CO)O4)O3)C2O)C(O)C1O)NC(=O)CCCCCCCCCCCCCCCCCCCCC	ok	CCCCCCCCCCCCCC=CC(O)C(COC1OC(CO)C(OC2OC(CO)C(OC3OC(CO)C(O)C(O)C3NC(C)=O)C(OC3(C(=O)O)CC(O)C(NC(C)=O)C(C(O)C(CO)OC4(C(=O)O)CC(O)C(NC(C)=O)C(C(O)C(O)CO)O4)O3)C2O)C(O)C1O)NC(=O)CCCCCCCCCCCCCCCCCCCCC	VFVUMOKIAXYQDI-UHFFFAOYSA-N	C82H146N4O34
development	VGKDLMBJGBXTGI-UHFFFAOYSA-N	CNC1CCC(c2ccc(Cl)c(Cl)c2)c2ccccc21	ok	CNC1CCC(c2ccc(Cl)c(Cl)c2)c2ccccc21	VGKDLMBJGBXTGI-UHFFFAOYSA-N	C17H17Cl2N
development	VGRVKVGGUPOCMT-UHFFFAOYSA-N	CCc1nc(C)cs1	ok	CCc1nc(C)cs1	VGRVKVGGUPOCMT-UHFFFAOYSA-N	C6H9NS
development	VGWIZVWSLTYBQR-UHFFFAOYSA-N	CC1OC(OC2CCC3(C=O)C4C(O)CC5(C)C(c6coc(O)c6)CCC5(O)C4CCC3(O)C2)C(O)C(O)C1O	ok	CC1OC(OC2CCC3(C=O)C4C(O)CC5(C)C(c6coc(O)c6)CCC5(O)C4CCC3(O)C2)C(O)C(O)C1O	VGWIZVWSLTYBQR-UHFFFAOYSA-N	C29H42O11
development	VHFVKMTVMIZMIK-UHFFFAOYSA-N	Clc1cccc(N2CCNCC2)c1	ok	Clc1cccc(N2CCNCC2)c1	VHFVKMTVMIZMIK-UHFFFAOYSA-N	C10H13ClN2
development	VHGCDTVCOLNTBX-UHFFFAOYSA-N	CNCCC(Oc1ccccc1C)c1ccccc1	ok	CNCCC(Oc1ccccc1C)c1ccccc1	VHGCDTVCOLNTBX-UHFFFAOYSA-N	C17H21NO
development	VHJLVAABSRFDPM-UHFFFAOYSA-N	OC(CS)C(O)CS	ok	OC(CS)C(O)CS	VHJLVAABSRFDPM-UHFFFAOYSA-N	C4H10O2S2
development	VHMRXGAIDDCGDU-UHFFFAOYSA-N	CCC(N)Cc1ccc2c(c1)OCO2	ok	CCC(N)Cc1ccc2c(c1)OCO2	VHMRXGAIDDCGDU-UHFFFAOYSA-N	C11H15NO2
development	VHOMAPWVLKRQAZ-UHFFFAOYSA-N	CCC(=O)OCc1ccccc1	ok	CCC(=O)OCc1ccccc1	VHOMAPWVLKRQAZ-UHFFFAOYSA-N	C10H12O2
development	VHRGRCVQAFMJIZ-UHFFFAOYSA-N	NCCCCCN	ok	NCCCCCN	VHRGRCVQAFMJIZ-UHFFFAOYSA-N	C5H14N2
development	VHVPQPYKVGDNFY-UHFFFAOYSA-N	CCC(C)n1ncn(-c2ccc(N3CCN(c4ccc(OCC5COC(Cn6cncn6)(c6ccc(Cl)cc6Cl)O5)cc4)CC3)cc2)c1=O	ok	CCC(C)n1ncn(-c2ccc(N3CCN(c4ccc(OCC5COC(Cn6cncn6)(c6ccc(Cl)cc6Cl)O5)cc4)CC3)cc2)c1=O	VHVPQPYKVGDNFY-UHFFFAOYSA-N	C35H38Cl2N8O4
development	VHYCDWMUTMEGQY-UHFFFAOYSA-N	CC(C)NCC(O)COc1ccc(COCCOC(C)C)cc1	ok	CC(C)NCC(O)COc1ccc(COCCOC(C)C)cc1	VHYCDWMUTMEGQY-UHFFFAOYSA-N	C18H31NO4
development	VIAVBPFRYASSKF-UHFFFAOYSA-N	CCCCNC(C)Cc1ccccc1	ok	CCCCNC(C)Cc1ccccc1	VIAVBPFRYASSKF-UHFFFAOYSA-N	C13H21N
development	VJGRWRRIAJQNFU-UHFFFAOYSA-N	CN(C=Cc1ccccc1)C(=O)C=Cc1ccccc1	ok	CN(C=Cc1ccccc1)C(=O)C=Cc1ccccc1	VJGRWRRIAJQNFU-UHFFFAOYSA-N	C18H17NO
development	VJJPUSNTGOMMGY-UHFFFAOYSA-N	COc1cc(C2c3cc4c(cc3C(OC3OC5COC(C)OC5C(O)C3O)C3COC(=O)C23)OCO4)cc(OC)c1O	ok	COc1cc(C2c3cc4c(cc3C(OC3OC5COC(C)OC5C(O)C3O)C3COC(=O)C23)OCO4)cc(OC)c1O	VJJPUSNTGOMMGY-UHFFFAOYSA-N	C29H32O13
development	VJNXUFOTKNTNPG-UHFFFAOYSA-O	Cn1c[n+](C2OC(CO)C(O)C2O)c2[nH]cnc(=O)c21	ok	Cn1c[n+](C2OC(CO)C(O)C2O)c2[nH]cnc(=O)c21	VJNXUFOTKNTNPG-UHFFFAOYSA-O	C11H15N4O5+
development	VKTIONYPMSCHQI-UHFFFAOYSA-N	CCCCCC(=O)CCC1C(O)CC(O)C1CC=CCCCC(=O)O	ok	CCCCCC(=O)CCC1C(O)CC(O)C1CC=CCCCC(=O)O	VKTIONYPMSCHQI-UHFFFAOYSA-N	C20H34O5
development	VLCYCQAOQCDTCN-UHFFFAOYSA-N	NCCCC(N)(C(=O)O)C(F)F	ok	NCCCC(N)(C(=O)O)C(F)F	VLCYCQAOQCDTCN-UHFFFAOYSA-N	C6H12F2N2O2
development	VLKZOEOYAKHREP-UHFFFAOYSA-N	CCCCCC	ok	CCCCCC	VLKZOEOYAKHREP-UHFFFAOYSA-N	C6H14
development	VLPIATFUUWWMKC-UHFFFAOYSA-N	Cc1cccc(C)c1OCC(C)N	ok	Cc1cccc(C)c1OCC(C)N	VLPIATFUUWWMKC-UHFFFAOYSA-N	C11H17NO
development	VLWNRFXSKLVVEB-UHFFFAOYSA-N	CC1=CCCC(C=O)C2CC(C)(C)C2CC1	ok	CC1=CCCC(C=O)C2CC(C)(C)C2CC1	VLWNRFXSKLVVEB-UHFFFAOYSA-N	C15H24O
development	VLWYFBXOEROLMC-UHFFFAOYSA-N	CCCCCCCCC=CCCCCCCCCCCCC(=O)NC(COC1OC(CO)C(OC2OC(CO)C(OC3OC(CO)C(O)C(OC4OC(CO)C(O)C(O)C4O)C3CC(C)=O)C(OC3(C(=O)O)CC(O)C(NC(C)=O)C(C(O)C(CO)OC4(C(=O)O)CC(O)C(NC(C)=O)C(C(O)C(O)CO)O4)O3)C2O)C(O)C1O)C(O)C=CCCCCCCCCCCCCC	ok	CCCCCCCCC=CCCCCCCCCCCCC(=O)NC(COC1OC(CO)C(OC2OC(CO)C(OC3OC(CO)C(O)C(OC4OC(CO)C(O)C(O)C4O)C3CC(C)=O)C(OC3(C(=O)O)CC(O)C(NC(C)=O)C(C(O)C(CO)OC4(C(=O)O)CC(O)C(NC(C)=O)C(C(O)C(O)CO)O4)O3)C2O)C(O)C1O)C(O)C=CCCCCCCCCCCCCC	VLWYFBXOEROLMC-UHFFFAOYSA-N	C89H155N3O39
development	VMBKZHMLQXCNCP-UHFFFAOYSA-N	C=C(C)CCCC(C)CCOC=O	ok	C=C(C)CCCC(C)CCOC=O	VMBKZHMLQXCNCP-UHFFFAOYSA-N	C11H20O2
development	VMZUTJCNQWMAGF-UHFFFAOYSA-N	CCc1cc2c(s1)-n1c(C)nnc1CN=C2c1ccccc1Cl	ok	CCc1cc2c(s1)-n1c(C)nnc1CN=C2c1ccccc1Cl	VMZUTJCNQWMAGF-UHFFFAOYSA-N	C17H15ClN4S
development	VNGUCOGHCJHFID-UHFFFAOYSA-N	CC1(C)C=CC2(C)CCC3(C)C(=CCC4C5(C)CCC(O)C(C)(CO)C5CCC43C)C2C1	ok	CC1(C)C=CC2(C)CCC3(C)C(=CCC4C5(C)CCC(O)C(C)(CO)C5CCC43C)C2C1	VNGUCOGHCJHFID-UHFFFAOYSA-N	C30H48O2
development	VNQURRWYKFZKJZ-UHFFFAOYSA-N	O=C(O)Cc1cc(O)ccc1Nc1c(Cl)cccc1Cl	ok	O=C(O)Cc1cc(O)ccc1Nc1c(Cl)cccc1Cl	VNQURRWYKFZKJZ-UHFFFAOYSA-N	C14H11Cl2NO3
development	VNYSSYRCGWBHLG-UHFFFAOYSA-N	CCCCCC=CCC(O)C=CC=CC=CC(O)CCCC(=O)O	ok	CCCCCC=CCC(O)C=CC=CC=CC(O)CCCC(=O)O	VNYSSYRCGWBHLG-UHFFFAOYSA-N	C20H32O4
development	VOOYTQRREPYRIW-UHFFFAOYSA-N	COC1=CC(=O)OC(CCc2ccccc2)C1	ok	COC1=CC(=O)OC(CCc2ccccc2)C1	VOOYTQRREPYRIW-UHFFFAOYSA-N	C14H16O3
development	VOXZDWNPVJITMN-UHFFFAOYSA-N	CC12CCC3c4ccc(O)cc4CCC3C1CCC2O	ok	CC12CCC3c4ccc(O)cc4CCC3C1CCC2O	VOXZDWNPVJITMN-UHFFFAOYSA-N	C18H24O2
development	VPIAKHNXCOTPAY-UHFFFAOYSA-N	CCCCCCCS	ok	CCCCCCCS	VPIAKHNXCOTPAY-UHFFFAOYSA-N	C7H16S
development	VPIRRYIYIPYTGX-UHFFFAOYSA-N	CC(C)(C)c1ccc(C(=O)CCN2CCC(OC(c3ccccc3)c3ccccc3)CC2)cc1	ok	CC(C)(C)c1ccc(C(=O)CCN2CCC(OC(c3ccccc3)c3ccccc3)CC2)cc1	VPIRRYIYIPYTGX-UHFFFAOYSA-N	C31H37NO2
development	VPIXQGUBUKFLRF-UHFFFAOYSA-N	CNCCCN1c2ccccc2CCc2ccc(Cl)cc21	ok	CNCCCN1c2ccccc2CCc2ccc(Cl)cc21	VPIXQGUBUKFLRF-UHFFFAOYSA-N	C18H21ClN2
development	VPKBRABQIHPIEA-UHFFFAOYSA-N	CC1(C)C=Cc2c(O)cc(C=Cc3ccc(O)cc3O)cc2O1	ok	CC1(C)C=Cc2c(O)cc(C=Cc3ccc(O)cc3O)cc2O1	VPKBRABQIHPIEA-UHFFFAOYSA-N	C19H18O4
development	VQEONGKQWIFHMN-UHFFFAOYSA-N	COc1cc(CNC(=O)CCCCCC(C)C)ccc1O	ok	COc1cc(CNC(=O)CCCCCC(C)C)ccc1O	VQEONGKQWIFHMN-UHFFFAOYSA-N	C17H27NO3
development	VQSXCZMVUMSITD-UHFFFAOYSA-N	NCCCOc1cccc(CN2CCCCC2)c1	ok	NCCCOc1cccc(CN2CCCCC2)c1	VQSXCZMVUMSITD-UHFFFAOYSA-N	C15H24N2O
development	VRBKIVRKKCLPHA-UHFFFAOYSA-N	CCc1nn(CCCN2CCN(c3cccc(Cl)c3)CC2)c(=O)n1CCOc1ccccc1	ok	CCc1nn(CCCN2CCN(c3cccc(Cl)c3)CC2)c(=O)n1CCOc1ccccc1	VRBKIVRKKCLPHA-UHFFFAOYSA-N	C25H32ClN5O2
development	VREFGVBLTWBCJP-UHFFFAOYSA-N	Cc1nnc2n1-c1ccc(Cl)cc1C(c1ccccc1)=NC2	ok	Cc1nnc2n1-c1ccc(Cl)cc1C(c1ccccc1)=NC2	VREFGVBLTWBCJP-UHFFFAOYSA-N	C17H13ClN4
development	VSXVHWPQGHHXGS-UHFFFAOYSA-N	C=CC1(C)CCC2C(=CC3OC(=O)C4(C)CC(O)CC2(C)C34)C1	ok	C=CC1(C)CCC2C(=CC3OC(=O)C4(C)CC(O)CC2(C)C34)C1	VSXVHWPQGHHXGS-UHFFFAOYSA-N	C20H28O3
development	VTJUNIYRYIAIHF-UHFFFAOYSA-N	CC(C)CC(N)C(=O)N1CCCC1C(=O)O	ok	CC(C)CC(N)C(=O)N1CCCC1C(=O)O	VTJUNIYRYIAIHF-UHFFFAOYSA-N	C11H20N2O3
development	VTNQPKFIQCLBDU-UHFFFAOYSA-N	CCOCN(C(=O)CCl)c1c(C)cccc1CC	ok	CCOCN(C(=O)CCl)c1c(C)cccc1CC	VTNQPKFIQCLBDU-UHFFFAOYSA-N	C14H20ClNO2
development	VTSFIPHRNAESED-UHFFFAOYSA-N	CCC=CCC(=O)OCC	ok	CCC=CCC(=O)OCC	VTSFIPHRNAESED-UHFFFAOYSA-N	C8H14O2
development	VTWHHBJKZZJDQM-UHFFFAOYSA-N	COC1OC23C=CC4C1(CCC1(C)C(C(C)CC=CC(C)(C)O)CCC41C)C2CCC(OC1OC(CO)C(O)C(O)C1O)C3(C)C	ok	COC1OC23C=CC4C1(CCC1(C)C(C(C)CC=CC(C)(C)O)CCC41C)C2CCC(OC1OC(CO)C(O)C(O)C1O)C3(C)C	VTWHHBJKZZJDQM-UHFFFAOYSA-N	C37H60O9
development	VUAXPLNAPPGWDL-UHFFFAOYSA-N	CC1=C(C(CO)CC(C)COC2OC(CO)C(O)C(O)C2O)OC2CC3C4CC(=O)C5CC(OC6OC(COC7OCC(O)C(O)C7O)C(OC7OCC(O)C(O)C7O)C(O)C6O)CCC5(C)C4CCC3(C)C12	ok	CC1=C(C(CO)CC(C)COC2OC(CO)C(O)C(O)C2O)OC2CC3C4CC(=O)C5CC(OC6OC(COC7OCC(O)C(O)C7O)C(OC7OCC(O)C(O)C7O)C(O)C6O)CCC5(C)C4CCC3(C)C12	VUAXPLNAPPGWDL-UHFFFAOYSA-N	C50H80O23
development	VUDYWBBYQWVFAG-UHFFFAOYSA-N	CC12CCC(=O)C=C1CCC1C2C(O)CC2(C)C(C(=O)CC(=O)O)CCC12	ok	CC12CCC(=O)C=C1CCC1C2C(O)CC2(C)C(C(=O)CC(=O)O)CCC12	VUDYWBBYQWVFAG-UHFFFAOYSA-N	C22H30O5
development	VUNFOJWKJSYIDH-UHFFFAOYSA-N	CCCCCC=CCCCO	ok	CCCCCC=CCCCO	VUNFOJWKJSYIDH-UHFFFAOYSA-N	C10H20O
development	VVPRQWTYSNDTEA-UHFFFAOYSA-N	CCCCCC(=O)OC(CC(=O)[O-])C[N+](C)(C)C	ok	CCCCCC(=O)OC(CC(=O)[O-])C[N+](C)(C)C	VVPRQWTYSNDTEA-UHFFFAOYSA-N	C13H25NO4
development	VVTJQHCRBOHFTD-UHFFFAOYSA-N	CCOC(=O)C1=C(C)N=C(C)C(C(=O)OC)C1c1cccc([N+](=O)[O-])c1	ok	CCOC(=O)C1=C(C)N=C(C)C(C(=O)OC)C1c1cccc([N+](=O)[O-])c1	VVTJQHCRBOHFTD-UHFFFAOYSA-N	C18H20N2O6
development	VVUQNTKYPPFMID-UHFFFAOYSA-N	Cc1ccc(S(=O)(=O)Nc2ccnn2-c2ccccc2)cc1	ok	Cc1ccc(S(=O)(=O)Nc2ccnn2-c2ccccc2)cc1	VVUQNTKYPPFMID-UHFFFAOYSA-N	C16H15N3O2S
development	VWCUGCYZZGRKEE-UHFFFAOYSA-N	CCC(OC(C)=O)C(CC(C)NC)(c1ccccc1)c1ccccc1	ok	CCC(OC(C)=O)C(CC(C)NC)(c1ccccc1)c1ccccc1	VWCUGCYZZGRKEE-UHFFFAOYSA-N	C22H29NO2
development	VXCSHMSBMMIJCN-UHFFFAOYSA-N	CC1=CC(C)C(=O)C(=O)CCC(=O)C23C(=O)NC(C(C)c4c[nH]c5ccccc45)C2C(C)C2(C)OC2C3C=CC1	ok	CC1=CC(C)C(=O)C(=O)CCC(=O)C23C(=O)NC(C(C)c4c[nH]c5ccccc45)C2C(C)C2(C)OC2C3C=CC1	VXCSHMSBMMIJCN-UHFFFAOYSA-N	C33H38N2O5
development	VXPWQNBKEIVYIS-UHFFFAOYSA-N	CSc1nc(-c2ccc(F)cc2)c(-c2ccnc(NC(C)c3ccccc3)c2)[nH]1	ok	CSc1nc(-c2ccc(F)cc2)c(-c2ccnc(NC(C)c3ccccc3)c2)[nH]1	VXPWQNBKEIVYIS-UHFFFAOYSA-N	C23H21FN4S
development	VYDBTNADENXYSN-UHFFFAOYSA-N	COc1ccc2c(c1)c(CC(=O)NCCc1ccccc1)c(C)n2C(=O)c1ccc(Cl)cc1	ok	COc1ccc2c(c1)c(CC(=O)NCCc1ccccc1)c(C)n2C(=O)c1ccc(Cl)cc1	VYDBTNADENXYSN-UHFFFAOYSA-N	C27H25ClN2O3
development	VYOZKWKETGHHDW-UHFFFAOYSA-N	C=C(C)C1CCC(C)(O)C2CCC(C)C2C1	ok	C=C(C)C1CCC(C)(O)C2CCC(C)C2C1	VYOZKWKETGHHDW-UHFFFAOYSA-N	C15H26O
development	VYQXIUVIYICVCM-UHFFFAOYSA-N	COc1cc(O)cc(CCc2cccc(O)c2)c1	ok	COc1cc(O)cc(CCc2cccc(O)c2)c1	VYQXIUVIYICVCM-UHFFFAOYSA-N	C15H16O3
development	VYURQCQMACPHRC-UHFFFAOYSA-N	Oc1ccc2c(c1)OC(c1ccc(O)c(O)c1)C(O)C2c1c(O)c2c(c(C3c4ccc(O)cc4OC(c4ccc(O)c(O)c4)C3O)c1O)OC(c1ccc(O)c(O)c1)C(O)C2	tautomer_MaxTransformsReached			C45H38O16
development	VYZGQLBKGMFPIP-UHFFFAOYSA-N	CC(=CCCC(C=O)C1CCC2(C)C3=C(CCC12C)C1(C)CCC(O)C(C)(C)C1CC3)C(=O)O	ok	CC(=CCCC(C=O)C1CCC2(C)C3=C(CCC12C)C1(C)CCC(O)C(C)(C)C1CC3)C(=O)O	VYZGQLBKGMFPIP-UHFFFAOYSA-N	C30H46O4
development	VZCYOOQTPOCHFL-UHFFFAOYSA-N	O=C(O)C=CC(=O)O	ok	O=C(O)C=CC(=O)O	VZCYOOQTPOCHFL-UHFFFAOYSA-N	C4H4O4
development	WBBPRCNXBQTYLF-UHFFFAOYSA-N	CSCCO	ok	CSCCO	WBBPRCNXBQTYLF-UHFFFAOYSA-N	C3H8OS
development	WBNQDOYYEUMPFS-UHFFFAOYSA-N	CCN(CC)N=O	ok	CCN(CC)N=O	WBNQDOYYEUMPFS-UHFFFAOYSA-N	C4H10N2O
development	WCCRLLABFCMDBZ-UHFFFAOYSA-N	CN(C)c1ccc(C2=C3C4=C(CCC3C3CCC(O)(CCCO)C3(C)C2)CC(=O)CC4)cc1	ok	CN(C)c1ccc(C2=C3C4=C(CCC3C3CCC(O)(CCCO)C3(C)C2)CC(=O)CC4)cc1	WCCRLLABFCMDBZ-UHFFFAOYSA-N	C29H39NO3
development	WCXZJNBNVYUXJV-UHFFFAOYSA-N	CC=CC=CCC(C)=O	ok	CC=CC=CCC(C)=O	WCXZJNBNVYUXJV-UHFFFAOYSA-N	C8H12O
development	WDZVGELJXXEGPV-UHFFFAOYSA-N	N=C(N)NN=Cc1c(Cl)cccc1Cl	ok	N=C(N)NN=Cc1c(Cl)cccc1Cl	WDZVGELJXXEGPV-UHFFFAOYSA-N	C8H8Cl2N4
development	WEDQXORSDFFRHR-UHFFFAOYSA-N	CCCCCCCCCCCCCCCC(O)C(COC1OC(CO)C(OC2OC(CO)C(O)C(OC3(C(=O)O)CC(O)C(NC(C)=O)C(C(O)C(CO)OC4(C(=O)O)CC(O)C(NC(C)=O)C(C(O)C(CO)OC5(C(=O)O)CC(O)C(NC(C)=O)C(C(O)C(O)CO)O5)O4)O3)C2O)C(O)C1O)NC(=O)CCCCCCCCCCCCC	ok	CCCCCCCCCCCCCCCC(O)C(COC1OC(CO)C(OC2OC(CO)C(O)C(OC3(C(=O)O)CC(O)C(NC(C)=O)C(C(O)C(CO)OC4(C(=O)O)CC(O)C(NC(C)=O)C(C(O)C(CO)OC5(C(=O)O)CC(O)C(NC(C)=O)C(C(O)C(O)CO)O5)O4)O3)C2O)C(O)C1O)NC(=O)CCCCCCCCCCCCC	WEDQXORSDFFRHR-UHFFFAOYSA-N	C77H136N4O37
development	WEEGYLXZBRQIMU-UHFFFAOYSA-N	CC12CCC(CC1)C(C)(C)O2	ok	CC12CCC(CC1)C(C)(C)O2	WEEGYLXZBRQIMU-UHFFFAOYSA-N	C10H18O
development	WEYVCQFUGFRXOM-UHFFFAOYSA-N	CN1CCN(CCCN2c3ccccc3Sc3ccccc32)CC1	ok	CN1CCN(CCCN2c3ccccc3Sc3ccccc32)CC1	WEYVCQFUGFRXOM-UHFFFAOYSA-N	C20H25N3S
development	WFWLQNSHRPWKFK-UHFFFAOYSA-N	O=c1[nH]c(=O)n(C2CCCO2)cc1F	ok	O=c1[nH]c(=O)n(C2CCCO2)cc1F	WFWLQNSHRPWKFK-UHFFFAOYSA-N	C8H9FN2O3
development	WGCNASOHLSPBMP-UHFFFAOYSA-N	O=CCO	ok	O=CCO	WGCNASOHLSPBMP-UHFFFAOYSA-N	C2H4O2
development	WGKIDCRTLNUROQ-UHFFFAOYSA-N	N#Cc1cccc2sc(C(=O)N=C(N)N)cc12	ok	N#Cc1cccc2sc(C(=O)N=C(N)N)cc12	WGKIDCRTLNUROQ-UHFFFAOYSA-N	C11H8N4OS
development	WGVKWNUPNGFDFJ-UHFFFAOYSA-N	Cc1cc(O)c(C)c2c1OC(C)(CCCC(C)CCCC(C)CCCC(C)C)CC2	ok	Cc1cc(O)c(C)c2c1OC(C)(CCCC(C)CCCC(C)CCCC(C)C)CC2	WGVKWNUPNGFDFJ-UHFFFAOYSA-N	C28H48O2
development	WHBIGIKBNXZKFE-UHFFFAOYSA-N	CC(C)Nc1cccnc1N1CCN(C(=O)c2cc3cc(NS(C)(=O)=O)ccc3[nH]2)CC1	ok	CC(C)Nc1cccnc1N1CCN(C(=O)c2cc3cc(NS(C)(=O)=O)ccc3[nH]2)CC1	WHBIGIKBNXZKFE-UHFFFAOYSA-N	C22H28N6O3S
development	WHBMMWSBFZVSSR-UHFFFAOYSA-N	CC(O)CC(=O)O	ok	CC(O)CC(=O)O	WHBMMWSBFZVSSR-UHFFFAOYSA-N	C4H8O3
development	WHKFJCYVPLCOGR-UHFFFAOYSA-N	CC1(C)Cc2c(-c3ccccc3)c(-c3ccc(Cl)cc3)c(CC(=O)OC3OC(C(=O)O)C(O)C(O)C3O)n2C1	ok	CC1(C)Cc2c(-c3ccccc3)c(-c3ccc(Cl)cc3)c(CC(=O)OC3OC(C(=O)O)C(O)C(O)C3O)n2C1	WHKFJCYVPLCOGR-UHFFFAOYSA-N	C29H30ClNO8
development	WHOZNOZYMBRCBL-UHFFFAOYSA-N	CCCCCCCCCCCC=CC=O	ok	CCCCCCCCCCCC=CC=O	WHOZNOZYMBRCBL-UHFFFAOYSA-N	C14H26O
development	WHTVZRBIWZFKQO-UHFFFAOYSA-N	CCN(CC)CCCC(C)Nc1ccnc2cc(Cl)ccc12	ok	CCN(CC)CCCC(C)Nc1ccnc2cc(Cl)ccc12	WHTVZRBIWZFKQO-UHFFFAOYSA-N	C18H26ClN3
development	WIEOUDNBMYRSRD-UHFFFAOYSA-N	CC(C)c1cc2c(c(O)c1O)C(=O)C1CCCC(C)(C)C1CC2	tautomer_MaxTransformsReached			C20H28O3
development	WIFHAKQJYHVTQK-UHFFFAOYSA-N	CC1=C(C(C)CO)CC2(O)C3(C)CC(=O)OC4(C(O)C(C)CCC34O)C12O	ok	CC1=C(C(C)CO)CC2(O)C3(C)CC(=O)OC4(C(O)C(C)CCC34O)C12O	WIFHAKQJYHVTQK-UHFFFAOYSA-N	C20H30O7
development	WISFURKNQXSDRA-UHFFFAOYSA-N	CCCCCCC=CCCCCCCCCCC(=O)NC(COC1OC(CO)C(OC2OC(CO)C(OC3OC(CO)C(O)C(OC4OC(CO)C(O)C(O)C4O)C3CC(C)=O)C(OC3(C(=O)O)CC(O)C(NC(C)=O)C(C(O)C(CO)OC4(C(=O)O)CC(O)C(NC(C)=O)C(C(O)C(CO)OC5(C(=O)O)CC(O)C(NC(C)=O)C(C(O)C(O)CO)O5)O4)O3)C2O)C(O)C1O)C(O)C=CCCCCCCCCCCCCC	ok	CCCCCCC=CCCCCCCCCCC(=O)NC(COC1OC(CO)C(OC2OC(CO)C(OC3OC(CO)C(O)C(OC4OC(CO)C(O)C(O)C4O)C3CC(C)=O)C(OC3(C(=O)O)CC(O)C(NC(C)=O)C(C(O)C(CO)OC4(C(=O)O)CC(O)C(NC(C)=O)C(C(O)C(CO)OC5(C(=O)O)CC(O)C(NC(C)=O)C(C(O)C(O)CO)O5)O4)O3)C2O)C(O)C1O)C(O)C=CCCCCCCCCCCCCC	WISFURKNQXSDRA-UHFFFAOYSA-N	C96H164N4O47
development	WITCOKQIPFWQQD-UHFFFAOYSA-N	CC(C)C(N)C(=O)NC(CC(N)=O)C(=O)O	ok	CC(C)C(N)C(=O)NC(CC(N)=O)C(=O)O	WITCOKQIPFWQQD-UHFFFAOYSA-N	C9H17N3O4
development	WJCNZQLZVWNLKY-UHFFFAOYSA-N	c1ccc2[nH]c(-c3cscn3)nc2c1	ok	c1ccc2[nH]c(-c3cscn3)nc2c1	WJCNZQLZVWNLKY-UHFFFAOYSA-N	C10H7N3S
development	WJUSDWNKAATRHW-UHFFFAOYSA-N	CC(CF)NCC(O)COc1cccc2ccccc12	ok	CC(CF)NCC(O)COc1cccc2ccccc12	WJUSDWNKAATRHW-UHFFFAOYSA-N	C16H20FNO2
development	WKEMJKQOLOHJLZ-UHFFFAOYSA-N	CN(C)CCc1c[nH]c2ccc(CS(=O)(=O)N3CCCC3)cc12	ok	CN(C)CCc1c[nH]c2ccc(CS(=O)(=O)N3CCCC3)cc12	WKEMJKQOLOHJLZ-UHFFFAOYSA-N	C17H25N3O2S
development	WLCHQSHZHFLMJH-UHFFFAOYSA-N	C=C(C)C1CCC2(C(=O)O)CCC3(C)C(CCC4C5(C)C(C(=O)O)C(O)C(C)(C)C5CCC43C)C12	ok	C=C(C)C1CCC2(C(=O)O)CCC3(C)C(CCC4C5(C)C(C(=O)O)C(O)C(C)(C)C5CCC43C)C12	WLCHQSHZHFLMJH-UHFFFAOYSA-N	C30H46O5
development	WLLMYDQRCSWAST-UHFFFAOYSA-N	CCC=CCC=CCC=CCC=CCC=CCC=CCCC(=O)OC(CC(=O)[O-])C[N+](C)(C)C	ok	CCC=CCC=CCC=CCC=CCC=CCC=CCCC(=O)OC(CC(=O)[O-])C[N+](C)(C)C	WLLMYDQRCSWAST-UHFFFAOYSA-N	C29H45NO4
development	WLTXBTSNYDYARD-UHFFFAOYSA-N	CC(C)=CC1CC(C)(O)C2C3CCC4C5(C)CCC(OC6OCC(O)C(OC7OC(CO)C(O)C(O)C7O)C6OC6OC(C)C(O)C(O)C6O)C(C)(C)C5CCC4(C)C34COC2(C4)O1	ok	CC(C)=CC1CC(C)(O)C2C3CCC4C5(C)CCC(OC6OCC(O)C(OC7OC(CO)C(O)C(O)C7O)C6OC6OC(C)C(O)C(O)C6O)C(C)(C)C5CCC4(C)C34COC2(C4)O1	WLTXBTSNYDYARD-UHFFFAOYSA-N	C47H76O17
development	WNEFHJONOSWJAK-UHFFFAOYSA-N	CC(=O)OC1CC(C)=C2C(=CC(C)C(=O)O)CCC(C)C21	ok	CC(=O)OC1CC(C)=C2C(=CC(C)C(=O)O)CCC(C)C21	WNEFHJONOSWJAK-UHFFFAOYSA-N	C17H24O4
development	WNJBUWVXSNLWEQ-UHFFFAOYSA-N	C=CCOC(=O)C=CC	ok	C=CCOC(=O)C=CC	WNJBUWVXSNLWEQ-UHFFFAOYSA-N	C7H10O2
development	WNYADZVDBIBLJJ-UHFFFAOYSA-N	O=NN1CCCC1	ok	O=NN1CCCC1	WNYADZVDBIBLJJ-UHFFFAOYSA-N	C4H8N2O
development	WNZBBTJFOIOEMP-UHFFFAOYSA-N	OC(CCCN1CCC(O)(c2ccc(Cl)cc2)CC1)c1ccc(F)cc1	ok	OC(CCCN1CCC(O)(c2ccc(Cl)cc2)CC1)c1ccc(F)cc1	WNZBBTJFOIOEMP-UHFFFAOYSA-N	C21H25ClFNO2
development	WOEUPEKLVDSCQN-UHFFFAOYSA-N	CN(C)c1cn(C)n(-c2ccccc2)c1=O	ok	CN(C)c1cn(C)n(-c2ccccc2)c1=O	WOEUPEKLVDSCQN-UHFFFAOYSA-N	C12H15N3O
development	WPGPCDVQHXOMQP-UHFFFAOYSA-N	CC1=CCC(C(C)C)CC1=O	ok	CC1=CCC(C(C)C)CC1=O	WPGPCDVQHXOMQP-UHFFFAOYSA-N	C10H16O
development	WPOQYXKDKVBMSB-UHFFFAOYSA-N	CC1=CCCC(=C(C)C)C1	ok	CC1=CCCC(=C(C)C)C1	WPOQYXKDKVBMSB-UHFFFAOYSA-N	C10H16
development	WPZFUQQBKHILMS-UHFFFAOYSA-N	CCNCc1cc(=O)oc2cc(OC)ccc12	ok	CCNCc1cc(=O)oc2cc(OC)ccc12	WPZFUQQBKHILMS-UHFFFAOYSA-N	C13H15NO3
development	WQODMRNWOXLYKU-UHFFFAOYSA-N	C=CC(C)(O)CC=CC(C)C(=O)OC1OC(CO)C(O)C(O)C1O	ok	C=CC(C)(O)CC=CC(C)C(=O)OC1OC(CO)C(O)C(O)C1O	WQODMRNWOXLYKU-UHFFFAOYSA-N	C16H26O8
development	WQZGKKKJIJFFOK-UHFFFAOYSA-N	OCC1OC(O)C(O)C(O)C1O	ok	OCC1OC(O)C(O)C(O)C1O	WQZGKKKJIJFFOK-UHFFFAOYSA-N	C6H12O6
development	WRHGORWNJGOVQY-UHFFFAOYSA-N	C=C1CCC(C(C)C)C2C=C(C)CCC12	ok	C=C1CCC(C(C)C)C2C=C(C)CCC12	WRHGORWNJGOVQY-UHFFFAOYSA-N	C15H24
development	WRHGSRWGZMBAFV-UHFFFAOYSA-N	CCCCCCCCCCCCC(O)C(O)CCC(O)C1CCC(CC(O)CCCCCC(O)Cc2cc(C)oc2O)O1	ok	CCCCCCCCCCCCC(O)C(O)CCC(O)C1CCC(CC(O)CCCCCC(O)Cc2cc(C)oc2O)O1	WRHGSRWGZMBAFV-UHFFFAOYSA-N	C35H64O8
development	WRHZVMBBRYBTKZ-UHFFFAOYSA-N	O=C(O)c1ccc[nH]1	ok	O=C(O)c1ccc[nH]1	WRHZVMBBRYBTKZ-UHFFFAOYSA-N	C5H5NO2
development	WSEQXVZVJXJVFP-UHFFFAOYSA-N	CN(C)CCCC1(c2ccc(F)cc2)OCc2cc(C#N)ccc21	ok	CN(C)CCCC1(c2ccc(F)cc2)OCc2cc(C#N)ccc21	WSEQXVZVJXJVFP-UHFFFAOYSA-N	C20H21FN2O
development	WTBZNVRBNJWSPF-UHFFFAOYSA-N	CC(=O)OC(C)(C)C=CC(=O)C(C)(O)C1C(O)CC2(C)C3CC=C4C(CC(=O)C(O)C4(C)C)C3(C)C(=O)CC12C	ok	CC(=O)OC(C)(C)C=CC(=O)C(C)(O)C1C(O)CC2(C)C3CC=C4C(CC(=O)C(O)C4(C)C)C3(C)C(=O)CC12C	WTBZNVRBNJWSPF-UHFFFAOYSA-N	C32H46O8
development	WTFMBIIXZCPCMT-UHFFFAOYSA-N	CC1(CC=O)C2CC3C(C2)C31C	ok	CC1(CC=O)C2CC3C(C2)C31C	WTFMBIIXZCPCMT-UHFFFAOYSA-N	C11H16O
development	WTRSURIFLHBSLZ-UHFFFAOYSA-N	CC1CCC2(C(=O)O)CCC3(C)C(=CCC4C5(C)CCC(OC(=O)c6ccccc6)C(C)(C)C5C(=O)CC43C)C2C1C	ok	CC1CCC2(C(=O)O)CCC3(C)C(=CCC4C5(C)CCC(OC(=O)c6ccccc6)C(C)(C)C5C(=O)CC43C)C2C1C	WTRSURIFLHBSLZ-UHFFFAOYSA-N	C37H50O5
development	WUADCCWRTIWANL-UHFFFAOYSA-N	COc1ccc(-c2coc3cc(O)cc(O)c3c2=O)cc1	ok	COc1ccc(-c2coc3cc(O)cc(O)c3c2=O)cc1	WUADCCWRTIWANL-UHFFFAOYSA-N	C16H12O5
development	WUTYZMFRCNBCHQ-UHFFFAOYSA-N	CC1OC2(CS1)CN1CCC2CC1	ok	CC1OC2(CS1)CN1CCC2CC1	WUTYZMFRCNBCHQ-UHFFFAOYSA-N	C10H17NOS
development	WVKLERKKJXUPIK-UHFFFAOYSA-N	O=c1cc(C(F)(F)F)c2ccc(OCc3ccccc3)cc2o1	ok	O=c1cc(C(F)(F)F)c2ccc(OCc3ccccc3)cc2o1	WVKLERKKJXUPIK-UHFFFAOYSA-N	C17H11F3O3
development	WVLOADHCBXTIJK-UHFFFAOYSA-N	CN1CCC23c4c5ccc(O)c4OC2C(=O)CCC3C1C5	ok	CN1CCC23c4c5ccc(O)c4OC2C(=O)CCC3C1C5	WVLOADHCBXTIJK-UHFFFAOYSA-N	C17H19NO3
development	WVQBLGZPHOPPFO-UHFFFAOYSA-N	CCc1cccc(C)c1N(C(=O)CCl)C(C)COC	ok	CCc1cccc(C)c1N(C(=O)CCl)C(C)COC	WVQBLGZPHOPPFO-UHFFFAOYSA-N	C15H22ClNO2
development	WVVWYQOPRPVQFM-UHFFFAOYSA-N	CCCCCCCCC=CCCCCCCCCCCCC(=O)NC(COC1OC(CO)C(OC2OC(CO)C(O)C(OC3(C(=O)O)CC(O)C(NC(C)=O)C(C(O)C(O)CO)O3)C2O)C(O)C1O)C(O)C=CCCCCCCCCCCCCC	ok	CCCCCCCCC=CCCCCCCCCCCCC(=O)NC(COC1OC(CO)C(OC2OC(CO)C(O)C(OC3(C(=O)O)CC(O)C(NC(C)=O)C(C(O)C(O)CO)O3)C2O)C(O)C1O)C(O)C=CCCCCCCCCCCCCC	WVVWYQOPRPVQFM-UHFFFAOYSA-N	C63H114N2O21
development	WXTMDXOMEHJXQO-UHFFFAOYSA-N	O=C(O)c1cc(O)ccc1O	ok	O=C(O)c1cc(O)ccc1O	WXTMDXOMEHJXQO-UHFFFAOYSA-N	C7H6O4
development	WYFYRQBBNVSDHV-UHFFFAOYSA-N	CCOC(=S)NCc1ccc(OC2OC(C)C(OC(C)=O)C(OC(C)=O)C2OC(C)=O)cc1	ok	CCOC(=S)NCc1ccc(OC2OC(C)C(OC(C)=O)C(OC(C)=O)C2OC(C)=O)cc1	WYFYRQBBNVSDHV-UHFFFAOYSA-N	C22H29NO9S
development	WYUBYHGDUPOTPG-UHFFFAOYSA-N	O=C(C=Cc1ccccc1)c1ccc(O)c(O)c1	ok	O=C(C=Cc1ccccc1)c1ccc(O)c(O)c1	WYUBYHGDUPOTPG-UHFFFAOYSA-N	C15H12O3
development	WZAMDSBJONFHAO-UHFFFAOYSA-N	C=C(CCC=C(C)C)C1CCC2(C)C1CCC1C3(C)CCC(O)C(C)(C)C3CCC12C	ok	C=C(CCC=C(C)C)C1CCC2(C)C1CCC1C3(C)CCC(O)C(C)(C)C3CCC12C	WZAMDSBJONFHAO-UHFFFAOYSA-N	C30H50O
development	WZBNEZWCNKUOSM-UHFFFAOYSA-N	O=C(C=Cc1c(C(=O)O)[nH]c2cc(Cl)cc(Cl)c12)Nc1ccccc1	ok	O=C(C=Cc1c(C(=O)O)[nH]c2cc(Cl)cc(Cl)c12)Nc1ccccc1	WZBNEZWCNKUOSM-UHFFFAOYSA-N	C18H12Cl2N2O3
development	WZXHSWVDAYOFPE-UHFFFAOYSA-N	COc1cc(Br)c2oc(C3CCNCC3)cc2c1	ok	COc1cc(Br)c2oc(C3CCNCC3)cc2c1	WZXHSWVDAYOFPE-UHFFFAOYSA-N	C14H16BrNO2
development	XADCESSVHJOZHK-UHFFFAOYSA-N	CCOC(=O)C1(c2ccccc2)CCN(C)CC1	ok	CCOC(=O)C1(c2ccccc2)CCN(C)CC1	XADCESSVHJOZHK-UHFFFAOYSA-N	C15H21NO2
development	XALRSJNOMCWQJW-UHFFFAOYSA-N	CC1C(O)CCC2(C)CCC(C(C)(C)O)CC12	ok	CC1C(O)CCC2(C)CCC(C(C)(C)O)CC12	XALRSJNOMCWQJW-UHFFFAOYSA-N	C15H28O2
development	XAPRFLSJBSXESP-UHFFFAOYSA-N	O=C(O)c1c(O)c(-c2ccccc2)nc2ccccc12	ok	O=C(O)c1c(O)c(-c2ccccc2)nc2ccccc12	XAPRFLSJBSXESP-UHFFFAOYSA-N	C16H11NO3
development	XBMIVRRWGCYBTQ-UHFFFAOYSA-N	CCC(OC(C)=O)C(CC(C)N(C)C)(c1ccccc1)c1ccccc1	ok	CCC(OC(C)=O)C(CC(C)N(C)C)(c1ccccc1)c1ccccc1	XBMIVRRWGCYBTQ-UHFFFAOYSA-N	C23H31NO2
development	XBPVWACQUMEORV-UHFFFAOYSA-N	COc1c2c(c(C)c3c1C(=O)OC3)OC1(C)CC(OC(C)=O)C3C(C)(C)OC(=O)CCC3(C)C1C2	ok	COc1c2c(c(C)c3c1C(=O)OC3)OC1(C)CC(OC(C)=O)C3C(C)(C)OC(=O)CCC3(C)C1C2	XBPVWACQUMEORV-UHFFFAOYSA-N	C27H34O8
development	XBYJEPZKXGPIKK-UHFFFAOYSA-N	CC1(C)C=CC2(C=CC(C)(C)O2)O1	ok	CC1(C)C=CC2(C=CC(C)(C)O2)O1	XBYJEPZKXGPIKK-UHFFFAOYSA-N	C11H16O2
development	XCSGPAVHZFQHGE-UHFFFAOYSA-N	CCc1cccc(CC)c1N(COC)C(=O)CCl	ok	CCc1cccc(CC)c1N(COC)C(=O)CCl	XCSGPAVHZFQHGE-UHFFFAOYSA-N	C14H20ClNO2
development	XCTHZFGSVQBHBW-UHFFFAOYSA-N	CC(C)CC(NC(=O)C(N)C(C)C)C(=O)O	ok	CC(C)CC(NC(=O)C(N)C(C)C)C(=O)O	XCTHZFGSVQBHBW-UHFFFAOYSA-N	C11H22N2O3
development	XDOFQFKRPWOURC-UHFFFAOYSA-N	CC(C)CCCCCCCCCCCCCCC(=O)O	ok	CC(C)CCCCCCCCCCCCCCC(=O)O	XDOFQFKRPWOURC-UHFFFAOYSA-N	C18H36O2
development	XEEDURHPFVXALT-UHFFFAOYSA-N	O=C1NC(=O)C(c2ccccc2)(c2ccc(O)cc2)N1	ok	O=C1NC(=O)C(c2ccccc2)(c2ccc(O)cc2)N1	XEEDURHPFVXALT-UHFFFAOYSA-N	C15H12N2O3
development	XEJGJTYRUWUFFD-UHFFFAOYSA-N	CC=CC(=O)C1C(C)C=CCC1(C)C	ok	CC=CC(=O)C1C(C)C=CCC1(C)C	XEJGJTYRUWUFFD-UHFFFAOYSA-N	C13H20O
development	XERVTTUAMKCJIM-UHFFFAOYSA-N	CC1CCC2(OC1)OC1CC3C4CCC5CC(OC6OC(COC7OC(CO)C(O)C(O)C7O)C(O)C(O)C6O)CCC5(C)C4CCC3(C)C1C2C	ok	CC1CCC2(OC1)OC1CC3C4CCC5CC(OC6OC(COC7OC(CO)C(O)C(O)C7O)C(O)C(O)C6O)CCC5(C)C4CCC3(C)C1C2C	XERVTTUAMKCJIM-UHFFFAOYSA-N	C39H64O13
development	XEUPFPHHPCQXFV-UHFFFAOYSA-N	CCCCCCCC1OC1CC#CC#CC(=O)CCO	ok	CCCCCCCC1OC1CC#CC#CC(=O)CCO	XEUPFPHHPCQXFV-UHFFFAOYSA-N	C17H24O3
development	XFCLJVABOIYOMF-UHFFFAOYSA-N	CN(C)CCOc1ccc(C(=C(CCCl)c2ccccc2)c2ccccc2)cc1	ok	CN(C)CCOc1ccc(C(=C(CCCl)c2ccccc2)c2ccccc2)cc1	XFCLJVABOIYOMF-UHFFFAOYSA-N	C26H28ClNO
development	XFESAOYVWBMFSJ-UHFFFAOYSA-N	CC(NCC(O)COc1cccc2ccccc12)C(C)(C)C	ok	CC(NCC(O)COc1cccc2ccccc12)C(C)(C)C	XFESAOYVWBMFSJ-UHFFFAOYSA-N	C19H27NO2
development	XFLVBMBRLSCJAI-UHFFFAOYSA-N	NC(=O)CCCCC1SCC2NC(=O)NC21	ok	NC(=O)CCCCC1SCC2NC(=O)NC21	XFLVBMBRLSCJAI-UHFFFAOYSA-N	C10H17N3O2S
development	XFYDIVBRZNQMJC-UHFFFAOYSA-N	Clc1ccc2nsnc2c1NC1=NCCN1	ok	Clc1ccc2nsnc2c1NC1=NCCN1	XFYDIVBRZNQMJC-UHFFFAOYSA-N	C9H8ClN5S
development	XGALLCVXEZPNRQ-UHFFFAOYSA-N	COc1cc2ncnc(Nc3ccc(F)c(Cl)c3)c2cc1OCCCN1CCOCC1	ok	COc1cc2ncnc(Nc3ccc(F)c(Cl)c3)c2cc1OCCCN1CCOCC1	XGALLCVXEZPNRQ-UHFFFAOYSA-N	C22H24ClFN4O3
development	XGIODORTBODPTQ-UHFFFAOYSA-N	CCc1nn(CCCN2CCN(c3ccc(O)c(Cl)c3)CC2)c(=O)n1CCOc1ccccc1	ok	CCc1nn(CCCN2CCN(c3ccc(O)c(Cl)c3)CC2)c(=O)n1CCOc1ccccc1	XGIODORTBODPTQ-UHFFFAOYSA-N	C25H32ClN5O3
development	XGOYIMQSIKSOBS-UHFFFAOYSA-N	Cc1ccc2c(=O)c3cccc(CC(=O)O)c3oc2c1C	ok	Cc1ccc2c(=O)c3cccc(CC(=O)O)c3oc2c1C	XGOYIMQSIKSOBS-UHFFFAOYSA-N	C17H14O4
development	XIEAUEYXHINALS-UHFFFAOYSA-N	CCC(C=CC(C)C1CCC2=C3CC(=O)C4CC(=O)CCC4(C)C3CCC21C)C(C)C	ok	CCC(C=CC(C)C1CCC2=C3CC(=O)C4CC(=O)CCC4(C)C3CCC21C)C(C)C	XIEAUEYXHINALS-UHFFFAOYSA-N	C29H44O2
development	XIGFNCYVSHOLIF-UHFFFAOYSA-N	C=CC1(C)CCC(C(=C)C)O1	ok	C=CC1(C)CCC(C(=C)C)O1	XIGFNCYVSHOLIF-UHFFFAOYSA-N	C10H16O
development	XIQVNETUBQGFHX-UHFFFAOYSA-N	CCN(CC)CC#CCOC(=O)C(O)(c1ccccc1)C1CCCCC1	ok	CCN(CC)CC#CCOC(=O)C(O)(c1ccccc1)C1CCCCC1	XIQVNETUBQGFHX-UHFFFAOYSA-N	C22H31NO3
development	XJNGQIYBMXBCRU-UHFFFAOYSA-N	CC(C)CC(c1c(O)c(C=O)c(O)c(C=O)c1O)C1CCC(C)C2=CC(C(C)(C)O)CCC21C	ok	CC(C)CC(c1c(O)c(C=O)c(O)c(C=O)c1O)C1CCC(C)C2=CC(C(C)(C)O)CCC21C	XJNGQIYBMXBCRU-UHFFFAOYSA-N	C28H40O6
development	XJUZRXYOEPSWMB-UHFFFAOYSA-N	COCCl	ok	COCCl	XJUZRXYOEPSWMB-UHFFFAOYSA-N	C2H5ClO
development	XJZGNVBLVFOSKJ-UHFFFAOYSA-N	CC(CO)CCCC(C)C1CCC2C3C(O)CC4CC(O)CCC4(C)C3CC(O)C12C	ok	CC(CO)CCCC(C)C1CCC2C3C(O)CC4CC(O)CCC4(C)C3CC(O)C12C	XJZGNVBLVFOSKJ-UHFFFAOYSA-N	C27H48O4
development	XKABJYQDMJTNGQ-UHFFFAOYSA-N	O=NN1CCCC1c1cccnc1	ok	O=NN1CCCC1c1cccnc1	XKABJYQDMJTNGQ-UHFFFAOYSA-N	C9H11N3O
development	XKRVXEKRWHROIF-UHFFFAOYSA-N	CC(C)=CCCC(C)(OC1OC(COC2OC(C)C(O)C(O)C2O)C(O)C(O)C1OC1OC(CO)C(O)C(O)C1O)C1(O)CCC2(C)C1C(O)CC1C3(C)CCC(O)C(C)(C)C3C(OC3OC(CO)C(O)C(O)C3O)CC12C	ok	CC(C)=CCCC(C)(OC1OC(COC2OC(C)C(O)C(O)C2O)C(O)C(O)C1OC1OC(CO)C(O)C(O)C1O)C1(O)CCC2(C)C1C(O)CC1C3(C)CCC(O)C(C)(C)C3C(OC3OC(CO)C(O)C(O)C3O)CC12C	XKRVXEKRWHROIF-UHFFFAOYSA-N	C54H92O24
development	XKWSWANXMRXDES-UHFFFAOYSA-N	CCCCCCCC(=O)OCCC(C)C	ok	CCCCCCCC(=O)OCCC(C)C	XKWSWANXMRXDES-UHFFFAOYSA-N	C13H26O2
development	XLMALTXPSGQGBX-UHFFFAOYSA-N	CCC(=O)OC(Cc1ccccc1)(c1ccccc1)C(C)CN(C)C	ok	CCC(=O)OC(Cc1ccccc1)(c1ccccc1)C(C)CN(C)C	XLMALTXPSGQGBX-UHFFFAOYSA-N	C22H29NO2
development	XLSMFKSTNGKWQX-UHFFFAOYSA-N	CC(=O)CO	ok	CC(=O)CO	XLSMFKSTNGKWQX-UHFFFAOYSA-N	C3H6O2
development	XLYOFNOQVPJJNP-UHFFFAOYSA-N	O	ok	O	XLYOFNOQVPJJNP-UHFFFAOYSA-N	H2O
development	XMAUFHMAAVTODF-UHFFFAOYSA-N	NC(Cc1c[nH]cn1)C(=O)NC(Cc1ccccc1)C(=O)O	ok	NC(Cc1c[nH]cn1)C(=O)NC(Cc1ccccc1)C(=O)O	XMAUFHMAAVTODF-UHFFFAOYSA-N	C15H18N4O3
development	XMGQYMWWDOXHJM-UHFFFAOYSA-N	C=C(C)C1CC=C(C)CC1	ok	C=C(C)C1CC=C(C)CC1	XMGQYMWWDOXHJM-UHFFFAOYSA-N	C10H16
development	XMRPGKVKISIQBV-UHFFFAOYSA-N	CC(=O)C1CCC2C3CCC4CC(=O)CCC4(C)C3CCC12C	ok	CC(=O)C1CCC2C3CCC4CC(=O)CCC4(C)C3CCC12C	XMRPGKVKISIQBV-UHFFFAOYSA-N	C21H32O2
development	XMTQQYYKAHVGBJ-UHFFFAOYSA-N	CN(C)C(=O)Nc1ccc(Cl)c(Cl)c1	ok	CN(C)C(=O)Nc1ccc(Cl)c(Cl)c1	XMTQQYYKAHVGBJ-UHFFFAOYSA-N	C9H10Cl2N2O
development	XMXHEBAFVSFQEX-UHFFFAOYSA-N	COc1cc(C(C)=O)ccc1OCCCN1CCC(c2noc3cc(F)ccc23)CC1	ok	COc1cc(C(C)=O)ccc1OCCCN1CCC(c2noc3cc(F)ccc23)CC1	XMXHEBAFVSFQEX-UHFFFAOYSA-N	C24H27FN2O4
development	XNZRYTITWLGTJS-UHFFFAOYSA-N	O=c1ccc2nc3ccc(OCc4ccccc4)cc3oc-2c1	ok	O=c1ccc2nc3ccc(OCc4ccccc4)cc3oc-2c1	XNZRYTITWLGTJS-UHFFFAOYSA-N	C19H13NO3
development	XOFDOXJFXCEFDE-UHFFFAOYSA-N	CC1=CC=C2C(C)(C)CC=CC12C	ok	CC1=CC=C2C(C)(C)CC=CC12C	XOFDOXJFXCEFDE-UHFFFAOYSA-N	C13H18
development	XPNMCDYOYIKVGB-UHFFFAOYSA-N	COc1ccc(C(C)C)cc1CNC1C2CCN(CC2)C1C(c1ccccc1)c1ccccc1	ok	COc1ccc(C(C)C)cc1CNC1C2CCN(CC2)C1C(c1ccccc1)c1ccccc1	XPNMCDYOYIKVGB-UHFFFAOYSA-N	C31H38N2O
development	XPOQHMRABVBWPR-UHFFFAOYSA-N	O=C1Nc2ccc(Cl)cc2C(C#CC2CC2)(C(F)(F)F)O1	ok	O=C1Nc2ccc(Cl)cc2C(C#CC2CC2)(C(F)(F)F)O1	XPOQHMRABVBWPR-UHFFFAOYSA-N	C14H9ClF3NO2
development	XRLVMZVXPMYCSF-UHFFFAOYSA-N	CC(CCC1OC1(C)CO)C1CCC2(C)C3=C(CCC12C)C1(C)CCC(=O)C(C)(C)C1CC3O	ok	CC(CCC1OC1(C)CO)C1CCC2(C)C3=C(CCC12C)C1(C)CCC(=O)C(C)(C)C1CC3O	XRLVMZVXPMYCSF-UHFFFAOYSA-N	C30H48O4
development	XROYFEWIXXCPAW-UHFFFAOYSA-N	CC(C(=O)O)C(=O)OC(CC(=O)[O-])C[N+](C)(C)C	ok	CC(C(=O)O)C(=O)OC(CC(=O)[O-])C[N+](C)(C)C	XROYFEWIXXCPAW-UHFFFAOYSA-N	C11H19NO6
development	XRSKAICFHVAEAV-UHFFFAOYSA-N	CC(C)CCCC(C)C1CCC2C3=CC=C4CC(=O)CCC4(C)C3CCC21C	ok	CC(C)CCCC(C)C1CCC2C3=CC=C4CC(=O)CCC4(C)C3CCC21C	XRSKAICFHVAEAV-UHFFFAOYSA-N	C27H42O
development	XSAYZAUNJMRRIR-UHFFFAOYSA-N	CC(=O)c1ccc2ccccc2c1	ok	CC(=O)c1ccc2ccccc2c1	XSAYZAUNJMRRIR-UHFFFAOYSA-N	C12H10O
development	XTUXQFVSYNSZST-UHFFFAOYSA-N	CCCCCCCCCCCCCCC(O)C1CCC(C(O)CCCCCCCCCCCCc2cc(C)oc2O)O1	ok	CCCCCCCCCCCCCCC(O)C1CCC(C(O)CCCCCCCCCCCCc2cc(C)oc2O)O1	XTUXQFVSYNSZST-UHFFFAOYSA-N	C37H68O5
development	XTXDDQDHRPTBJS-UHFFFAOYSA-N	O=C(O)C=C1C2=NC(=C1CCC(=O)O)C=c1[nH]c(c(CC(=O)O)c1CCC(=O)OO)=Cc1[nH]c(c(CCC(=O)O)c1CC(=O)O)C=c1[nH]c(c(CCC(=O)O)c1CC(=O)O)=C2	tautomer_MaxTransformsReached			C40H38N4O17
development	XTXRWKRVRITETP-UHFFFAOYSA-N	C=COC(C)=O	ok	C=COC(C)=O	XTXRWKRVRITETP-UHFFFAOYSA-N	C4H6O2
development	XUEHVOLRMXNRKQ-UHFFFAOYSA-N	CC1=CCC23C(C)CCC(C(C)C)C2C13	ok	CC1=CCC23C(C)CCC(C(C)C)C2C13	XUEHVOLRMXNRKQ-UHFFFAOYSA-N	C15H24
development	XUKUURHRXDUEBC-UHFFFAOYSA-N	CC(C)c1c(C(=O)Nc2ccccc2)c(-c2ccccc2)c(-c2ccc(F)cc2)n1CCC(O)CC(O)CC(=O)O	ok	CC(C)c1c(C(=O)Nc2ccccc2)c(-c2ccccc2)c(-c2ccc(F)cc2)n1CCC(O)CC(O)CC(=O)O	XUKUURHRXDUEBC-UHFFFAOYSA-N	C33H35FN2O5
development	XUXWOYRIGVQFMU-UHFFFAOYSA-N	O=C1C(CO)OC(O)C(O)C1O	ok	O=C1OC(CO)C(O)C(O)C1O	PHOQVHQSTUBQQK-UHFFFAOYSA-N	C6H10O6
development	XVAIDCNLVLTVFM-UHFFFAOYSA-N	COc1ccc(NC(C)=O)cc1	ok	COc1ccc(NC(C)=O)cc1	XVAIDCNLVLTVFM-UHFFFAOYSA-N	C9H11NO2
development	XVQDCCGQSOTQBN-UHFFFAOYSA-N	CC(C=CC=C(C)C=CC1=C(C)CC(O)CC1(C)C)=CC=CC=C(C)CO	ok	CC(C=CC=C(C)C=CC1=C(C)CC(O)CC1(C)C)=CC=CC=C(C)CO	XVQDCCGQSOTQBN-UHFFFAOYSA-N	C25H36O2
development	XVSZRAWFCDHCBP-UHFFFAOYSA-N	CCCCCC(=O)OCCC(C)C	ok	CCCCCC(=O)OCCC(C)C	XVSZRAWFCDHCBP-UHFFFAOYSA-N	C11H22O2
development	XVULBTBTFGYVRC-UHFFFAOYSA-N	C=CC(C)(O)CCC1C(C)(O)CCC2C(C)(C)CCCC21C	ok	C=CC(C)(O)CCC1C(C)(O)CCC2C(C)(C)CCCC21C	XVULBTBTFGYVRC-UHFFFAOYSA-N	C20H36O2
development	XWBWIAOWSABHFI-UHFFFAOYSA-N	CCCCCCCCCCCCCC=CC(O)C(CO)NC(=O)CCCCCCCCCCCCCCCCCCC	ok	CCCCCCCCCCCCCC=CC(O)C(CO)NC(=O)CCCCCCCCCCCCCCCCCCC	XWBWIAOWSABHFI-UHFFFAOYSA-N	C38H75NO3
development	XWJCPIDSQDMGHG-UHFFFAOYSA-N	N=C(C=CCC(=O)O)C(=O)O	ok	N=C(C=CCC(=O)O)C(=O)O	XWJCPIDSQDMGHG-UHFFFAOYSA-N	C6H7NO4
development	XWLXKKNPFMNSFA-UHFFFAOYSA-N	CCC(C)(C)C(=O)OC1CC(C)C=C2C=CC(C)C(CCC(O)CC(O)CC(=O)O)C21	ok	CCC(C)(C)C(=O)OC1CC(C)C=C2C=CC(C)C(CCC(O)CC(O)CC(=O)O)C21	XWLXKKNPFMNSFA-UHFFFAOYSA-N	C25H40O6
development	XWNRORKBBGYRMR-UHFFFAOYSA-N	NC(CS)C(=O)NC(C=O)C(O)O	ok	NC(CS)C(=O)NC(C=O)C(O)O	XWNRORKBBGYRMR-UHFFFAOYSA-N	C6H12N2O4S
development	XWORXFNMQCQKKK-UHFFFAOYSA-N	Nc1nc(=O)c2c([nH]1)N(O)C(O)C(O)(C(O)C(O)CO)N2O	ok	Nc1nc(=O)c2c([nH]1)N(O)C(O)C(O)(C(O)C(O)CO)N2O	XWORXFNMQCQKKK-UHFFFAOYSA-N	C9H15N5O8
development	XXDVDTMEVBYRPK-UHFFFAOYSA-N	CC(C)C(N)C(=O)NC(CCC(N)=O)C(=O)O	ok	CC(C)C(N)C(=O)NC(CCC(N)=O)C(=O)O	XXDVDTMEVBYRPK-UHFFFAOYSA-N	C10H19N3O4
development	XXFACTAYGKKOQB-UHFFFAOYSA-N	CC(CO)CCNc1ncnc2[nH]cnc12	ok	CC(CO)CCNc1ncnc2[nH]cnc12	XXFACTAYGKKOQB-UHFFFAOYSA-N	C10H15N5O
development	XXHPBAVKFNFEEE-UHFFFAOYSA-N	CCCC(C)C(=N)C(=O)O	ok	CCCC(C)C(=N)C(=O)O	XXHPBAVKFNFEEE-UHFFFAOYSA-N	C7H13NO2
development	XXQDOHPCGGBWFU-UHFFFAOYSA-N	CC12CCc3c(ccc4c3CCC(=O)C4O)C1CCC2=O	ok	CC12CCc3c(ccc4c3CCC(=O)C4O)C1CCC2=O	XXQDOHPCGGBWFU-UHFFFAOYSA-N	C18H20O3
development	XXSPOWNRZKCIRF-UHFFFAOYSA-N	CC#Cc1ccc(C=CC(=O)OC)s1	ok	CC#Cc1ccc(C=CC(=O)OC)s1	XXSPOWNRZKCIRF-UHFFFAOYSA-N	C11H10O2S
development	XYFZZOKPDQAJPG-UHFFFAOYSA-N	O=C1C=NC(c2ccccc2)c2cc(Cl)ccc2N1	ok	O=C1C=NC(c2ccccc2)c2cc(Cl)ccc2N1	XYFZZOKPDQAJPG-UHFFFAOYSA-N	C15H11ClN2O
development	XYIBRDXRRQCHLP-UHFFFAOYSA-N	CCOC(=O)CC(C)=O	ok	CCOC(=O)CC(C)=O	XYIBRDXRRQCHLP-UHFFFAOYSA-N	C6H10O3
development	XYLWKHKCYHMVMA-UHFFFAOYSA-N	CCCCCCCCC=CCCCCCCCC(=O)NC(COP(=O)([O-])OCC[N+](C)(C)C)C(O)CCCCCCCCCCCCCCC	ok	CCCCCCCCC=CCCCCCCCC(=O)NC(COP(=O)([O-])OCC[N+](C)(C)C)C(O)CCCCCCCCCCCCCCC	XYLWKHKCYHMVMA-UHFFFAOYSA-N	C41H83N2O6P
development	XYWDPYKBIRQXQS-UHFFFAOYSA-N	CC(C)SC(C)C	ok	CC(C)SC(C)C	XYWDPYKBIRQXQS-UHFFFAOYSA-N	C6H14S
development	XZAFZXJXZHRNAQ-UHFFFAOYSA-N	CNC1CN(c2ccc3c(=O)c(C(=O)O)cn(-c4nccs4)c3n2)CC1OC	ok	CNC1CN(c2ccc3c(=O)c(C(=O)O)cn(-c4nccs4)c3n2)CC1OC	XZAFZXJXZHRNAQ-UHFFFAOYSA-N	C18H19N5O4S
development	XZDDMPMZGYEESG-UHFFFAOYSA-N	CC=CCC(C)C(O)C1C(=O)NC(CC)C(=O)N(C)CC(=O)N(C)C(CC(C)C)C(=O)NC(C(C)C)C(=O)N(C)C(CC(C)C)C(=O)NC(C)C(=O)NC(COCCO)C(=O)N(C)C(CC(C)C)C(=O)N(C)C(CC(C)C)C(=O)N(C)C(C(C)C)C(=O)N1C	tautomer_MaxTransformsReached			C64H115N11O14
development	XZRVRYFILCSYSP-UHFFFAOYSA-N	C=C(CCC=C(C)C)C1CC=C(C)CC1	ok	C=C(CCC=C(C)C)C1CC=C(C)CC1	XZRVRYFILCSYSP-UHFFFAOYSA-N	C15H24
development	XZWYZXLIPXDOLR-UHFFFAOYSA-N	CN(C)C(N)=NC(=N)N	ok	CN(C)C(N)=NC(=N)N	XZWYZXLIPXDOLR-UHFFFAOYSA-N	C4H11N5
development	YACLQRRMGMJLJV-UHFFFAOYSA-N	C=CC(=C)Cl	ok	C=CC(=C)Cl	YACLQRRMGMJLJV-UHFFFAOYSA-N	C4H5Cl
development	YAFGHMIAFYQSCF-UHFFFAOYSA-N	CCOc1ccc2cc(C#N)c(=O)oc2c1	ok	CCOc1ccc2cc(C#N)c(=O)oc2c1	YAFGHMIAFYQSCF-UHFFFAOYSA-N	C12H9NO3
development	YAGBSNMZQKEFCO-UHFFFAOYSA-N	CCNC(C)Cc1ccccc1	ok	CCNC(C)Cc1ccccc1	YAGBSNMZQKEFCO-UHFFFAOYSA-N	C11H17N
development	YAHNGTQFNICUIJ-UHFFFAOYSA-N	C=C(C)C1C=CC(C)C(=O)C1	ok	C=C(C)C1C=CC(C)C(=O)C1	YAHNGTQFNICUIJ-UHFFFAOYSA-N	C10H14O
development	YAPQBXQYLJRXSA-UHFFFAOYSA-N	Cn1cnc2c1c(=O)[nH]c(=O)n2C	ok	Cn1cnc2c1c(=O)[nH]c(=O)n2C	YAPQBXQYLJRXSA-UHFFFAOYSA-N	C7H8N4O2
development	YBDUXZKWDIUNSG-UHFFFAOYSA-N	C=CC(C)(O)CCC1(C)C(C)CCC2(C)C(C)=CCCC21	ok	C=CC(C)(O)CCC1(C)C(C)CCC2(C)C(C)=CCCC21	YBDUXZKWDIUNSG-UHFFFAOYSA-N	C20H34O
development	YBLIQJGXRLZBCZ-UHFFFAOYSA-N	CCCN(CCC)CCc1ccc(OC)c(OCCc2ccccc2)c1	ok	CCCN(CCC)CCc1ccc(OC)c(OCCc2ccccc2)c1	YBLIQJGXRLZBCZ-UHFFFAOYSA-N	C23H33NO2
development	YCCILVSKPBXVIP-UHFFFAOYSA-N	OCCc1ccc(O)cc1	ok	OCCc1ccc(O)cc1	YCCILVSKPBXVIP-UHFFFAOYSA-N	C8H10O2
development	YCFJXOFFQLPCHD-UHFFFAOYSA-N	O=C(O)C1Cc2[nH]cnc2CN1	ok	O=C(O)C1Cc2[nH]cnc2CN1	YCFJXOFFQLPCHD-UHFFFAOYSA-N	C7H9N3O2
development	YCWUVLPMLLBDCU-UHFFFAOYSA-N	N=CN1c2c([nH]c(N)nc2=O)NCC1CNc1ccc(C(=O)NC(CCC(=O)O)C(=O)O)cc1	tautomer_MaxTransformsReached			C20H24N8O6
development	YDKNDJWHERPREZ-UHFFFAOYSA-N	O=C(O)C(=O)C(=O)C(O)O	ok	O=C(O)C(=O)C(O)C(=O)O	RMHHUKGVZFVHED-UHFFFAOYSA-N	C4H4O6
development	YDNKGFDKKRUKPY-UHFFFAOYSA-N	CCCCCCCCCCCCCC=CC(O)C(CO)NC(=O)CCCCCCCCCCCCCCC	ok	CCCCCCCCCCCCCC=CC(O)C(CO)NC(=O)CCCCCCCCCCCCCCC	YDNKGFDKKRUKPY-UHFFFAOYSA-N	C34H67NO3
development	YEEZWCHGZNKEEK-UHFFFAOYSA-N	COc1cc(C(=O)NS(=O)(=O)c2ccccc2C)ccc1Cc1cn(C)c2ccc(NC(=O)OC3CCCC3)cc12	ok	COc1cc(C(=O)NS(=O)(=O)c2ccccc2C)ccc1Cc1cn(C)c2ccc(NC(=O)OC3CCCC3)cc12	YEEZWCHGZNKEEK-UHFFFAOYSA-N	C31H33N3O6S
development	YEJRWHAVMIAJKC-UHFFFAOYSA-N	O=C1CCCO1	ok	O=C1CCCO1	YEJRWHAVMIAJKC-UHFFFAOYSA-N	C4H6O2
development	YEKZYRCPUZIPAI-UHFFFAOYSA-N	CC1CCC2(OC1)OC1CC3C4CCC5CC(OC6OC(CO)C(OC7OC(CO)C(O)C(O)C7O)C(O)C6O)CCC5(C)C4CC(=O)C3(C)C1C2C	ok	CC1CCC2(OC1)OC1CC3C4CCC5CC(OC6OC(CO)C(OC7OC(CO)C(O)C(O)C7O)C(O)C6O)CCC5(C)C4CC(=O)C3(C)C1C2C	YEKZYRCPUZIPAI-UHFFFAOYSA-N	C39H62O14
development	YFBPRJGDJKVWAH-UHFFFAOYSA-N	CNC(=O)Oc1cc(C)c(SC)c(C)c1	ok	CNC(=O)Oc1cc(C)c(SC)c(C)c1	YFBPRJGDJKVWAH-UHFFFAOYSA-N	C11H15NO2S
development	YFSXBSRGIRSXAD-UHFFFAOYSA-N	O=C1CN=C(c2ccccc2F)c2cc(Cl)ccc2N1CC(F)(F)F	ok	O=C1CN=C(c2ccccc2F)c2cc(Cl)ccc2N1CC(F)(F)F	YFSXBSRGIRSXAD-UHFFFAOYSA-N	C17H11ClF4N2O
development	YFTBALWTXJWGFU-UHFFFAOYSA-N	CCCCCCCCCCCCCCCCCCCCCCCCCC(=O)NCC(C)C	ok	CCCCCCCCCCCCCCCCCCCCCCCCCC(=O)NCC(C)C	YFTBALWTXJWGFU-UHFFFAOYSA-N	C30H61NO
development	YGJHZCLPZAZIHH-UHFFFAOYSA-N	CCCCN(CCCC)N=O	ok	CCCCN(CCCC)N=O	YGJHZCLPZAZIHH-UHFFFAOYSA-N	C8H18N2O
development	YGQHQTMRZPHIBB-UHFFFAOYSA-N	COc1cc(CC(=O)C(=O)O)ccc1O	ok	COc1cc(CC(=O)C(=O)O)ccc1O	YGQHQTMRZPHIBB-UHFFFAOYSA-N	C10H10O5
development	YGSDEFSMJLZEOE-UHFFFAOYSA-N	O=C(O)c1ccccc1O	ok	O=C(O)c1ccccc1O	YGSDEFSMJLZEOE-UHFFFAOYSA-N	C7H6O3
development	YGVOMEFPHQJTOZ-UHFFFAOYSA-N	CC(CCC(=O)O)C1CCC2C3=CC=C4CC(=O)CCC4(C)C3CC(O)C21C	ok	CC(CCC(=O)O)C1CCC2C3=CC=C4CC(=O)CCC4(C)C3CC(O)C21C	YGVOMEFPHQJTOZ-UHFFFAOYSA-N	C24H34O4
development	YHBTXTFFTYXOFV-UHFFFAOYSA-N	c1cc2ccsc2s1	ok	c1cc2ccsc2s1	YHBTXTFFTYXOFV-UHFFFAOYSA-N	C6H4S2
development	YHJQTKZJFHLHOA-UHFFFAOYSA-N	COC1=C(C)C2CC(=O)OC3CC4C(C)=CC(OC)C(=O)C4(C)C(C1=O)C32C	ok	COC1=C(C)C2CC(=O)OC3CC4C(C)=CC(OC)C(=O)C4(C)C(C1=O)C32C	YHJQTKZJFHLHOA-UHFFFAOYSA-N	C22H28O6
development	YHMQXWQYGOPVLE-UHFFFAOYSA-N	NC(=O)c1c(Cl)c(-c2cccnc2)n2c1C(O)CCC2	ok	NC(=O)c1c(Cl)c(-c2cccnc2)n2c1C(O)CCC2	YHMQXWQYGOPVLE-UHFFFAOYSA-N	C14H14ClN3O2
development	YIBNHAJFJUQSRA-UHFFFAOYSA-N	CCCCCC(O)C=CC1C2CC(OO2)C1CC=CCCCC(=O)O	ok	CCCCCC(O)C=CC1C2CC(OO2)C1CC=CCCCC(=O)O	YIBNHAJFJUQSRA-UHFFFAOYSA-N	C20H32O5
development	YIKYNHJUKRTCJL-UHFFFAOYSA-N	CCc1occc(=O)c1O	ok	CCc1occc(=O)c1O	YIKYNHJUKRTCJL-UHFFFAOYSA-N	C7H8O3
development	YJDYDFNKCBANTM-UHFFFAOYSA-N	CC=CCC(C)C(=O)C1C(=O)NC(C(C)C)C(=O)N(C)CC(=O)N(C)C(CC(C)C)C(=O)NC(C(C)C)C(=O)N(C)C(CC(C)C)C(=O)NC(C)C(=O)NC(C)C(=O)N(C)C(CC(C)C)C(=O)N(C)C(CC(C)C)C(=O)N(C)C(C(C)C)C(=O)N1C	tautomer_MaxTautomersReached			C63H111N11O12
development	YJZOIBYRKVITQF-UHFFFAOYSA-N	CC1CC2OC3C(O)C(O)C(C)(C34CO4)C2(CO)C(=O)C1=O	ok	CC1CC2OC3C(O)C(O)C(C)(C34CO4)C2(CO)C(=O)C1=O	YJZOIBYRKVITQF-UHFFFAOYSA-N	C15H20O7
development	YKPUWZUDDOIDPM-UHFFFAOYSA-N	COc1cc(CNC(=O)CCCCC=CC(C)C)ccc1O	ok	COc1cc(CNC(=O)CCCCC=CC(C)C)ccc1O	YKPUWZUDDOIDPM-UHFFFAOYSA-N	C18H27NO3
development	YLCHTSSXNSNXSW-UHFFFAOYSA-N	CCCCC(=O)OC1CCCCC1	ok	CCCCC(=O)OC1CCCCC1	YLCHTSSXNSNXSW-UHFFFAOYSA-N	C11H20O2
development	YLGXILFCIXHCMC-UHFFFAOYSA-N	COCC1OC(OC2C(COC)OC(OC)C(OC)C2OC)C(OC)C(OC)C1OC	ok	COCC1OC(OC2C(COC)OC(OC)C(OC)C2OC)C(OC)C(OC)C1OC	YLGXILFCIXHCMC-UHFFFAOYSA-N	C20H38O11
development	YLHIVIHHVKLKEI-UHFFFAOYSA-N	CC1(C(=O)O)CCC2(C)CCC3(C)C(=C2C1)CC(=O)C1C2(C)CCC(O)C(C)(C)C2CCC13C	ok	CC1(C(=O)O)CCC2(C)CCC3(C)C(=C2C1)CC(=O)C1C2(C)CCC(O)C(C)(C)C2CCC13C	YLHIVIHHVKLKEI-UHFFFAOYSA-N	C30H46O4
development	YLJREFDVOIBQDA-UHFFFAOYSA-N	Nc1c2c(nc3ccccc13)CCCC2	ok	Nc1c2c(nc3ccccc13)CCCC2	YLJREFDVOIBQDA-UHFFFAOYSA-N	C13H14N2
development	YLKFDHTUAUWZPQ-UHFFFAOYSA-N	CCCN(CCC)N=O	ok	CCCN(CCC)N=O	YLKFDHTUAUWZPQ-UHFFFAOYSA-N	C6H14N2O
development	YLPOFTFBOIPYLE-UHFFFAOYSA-N	CC(C)C1=CC2=C(CCC2C)C(C)CC1	ok	CC(C)C1=CC2=C(CCC2C)C(C)CC1	YLPOFTFBOIPYLE-UHFFFAOYSA-N	C15H24
development	YLQBMQCUIZJEEH-UHFFFAOYSA-N	c1ccoc1	ok	c1ccoc1	YLQBMQCUIZJEEH-UHFFFAOYSA-N	C4H4O
development	YMCDOXNQLVDSQL-UHFFFAOYSA-N	CCCCCCCCC=CCCCCCCCCCCCCCC(=O)NC(COC1OC(CO)C(OC2OC(CO)C(O)C(OC3(C(=O)O)CC(O)C(NC(C)=O)C(C(O)C(O)CO)O3)C2O)C(O)C1O)C(O)CCCCCCCCCCCCCCC	ok	CCCCCCCCC=CCCCCCCCCCCCCCC(=O)NC(COC1OC(CO)C(OC2OC(CO)C(O)C(OC3(C(=O)O)CC(O)C(NC(C)=O)C(C(O)C(O)CO)O3)C2O)C(O)C1O)C(O)CCCCCCCCCCCCCCC	YMCDOXNQLVDSQL-UHFFFAOYSA-N	C65H120N2O21
development	YMIHAYABXZORPU-UHFFFAOYSA-N	C=CC1(C)CCC(C(C)C)C(=O)C1=C(C)C	ok	C=CC1(C)CCC(C(C)C)C(=O)C1=C(C)C	YMIHAYABXZORPU-UHFFFAOYSA-N	C15H24O
development	YMNKUHIVVMFOFO-UHFFFAOYSA-N	O=Cc1c2ccccc2cc2ccccc12	ok	O=Cc1c2ccccc2cc2ccccc12	YMNKUHIVVMFOFO-UHFFFAOYSA-N	C15H10O
development	YMWUJEATGCHHMB-UHFFFAOYSA-N	ClCCl	ok	ClCCl	YMWUJEATGCHHMB-UHFFFAOYSA-N	CH2Cl2
development	YNPNZTXNASCQKK-UHFFFAOYSA-N	c1ccc2c(c1)ccc1ccccc12	ok	c1ccc2c(c1)ccc1ccccc12	YNPNZTXNASCQKK-UHFFFAOYSA-N	C14H10
development	YOBYAKWFGPDGHG-UHFFFAOYSA-N	C=CCCCn1c(=O)c2c(ncn2C)n(C)c1=O	ok	C=CCCCn1c(=O)c2c(ncn2C)n(C)c1=O	YOBYAKWFGPDGHG-UHFFFAOYSA-N	C12H16N4O2
development	YOMLDISQSWWYOT-UHFFFAOYSA-N	CNCCN1C(=O)C(OC(C)=O)C(c2ccc(OC)cc2)Sc2ccccc21	ok	CNCCN1C(=O)C(OC(C)=O)C(c2ccc(OC)cc2)Sc2ccccc21	YOMLDISQSWWYOT-UHFFFAOYSA-N	C21H24N2O4S
development	YOOPHLDCWPOWDX-UHFFFAOYSA-N	O=C(O)C1OC(OCC2OC(O)C(O)C(O)C2O)C(O)C(O)C1O	ok	O=C(O)C1OC(OCC2OC(O)C(O)C(O)C2O)C(O)C(O)C1O	YOOPHLDCWPOWDX-UHFFFAOYSA-N	C12H20O12
development	YOSANFHYUVSQIJ-UHFFFAOYSA-N	NS(=O)(=O)c1ccc(C2=C(c3ccc(F)cc3)C(=O)OC23CCCC3)cc1	ok	NS(=O)(=O)c1ccc(C2=C(c3ccc(F)cc3)C(=O)OC23CCCC3)cc1	YOSANFHYUVSQIJ-UHFFFAOYSA-N	C20H18FNO4S
development	YOSHYTLCDANDAN-UHFFFAOYSA-N	CCCCC1=NC2(CCCC2)C(=O)N1Cc1ccc(-c2ccccc2-c2nn[nH]n2)cc1	ok	CCCCC1=NC2(CCCC2)C(=O)N1Cc1ccc(-c2ccccc2-c2nn[nH]n2)cc1	YOSHYTLCDANDAN-UHFFFAOYSA-N	C25H28N6O
development	YOYAIZYFCNQIRF-UHFFFAOYSA-N	N#Cc1c(Cl)cccc1Cl	ok	N#Cc1c(Cl)cccc1Cl	YOYAIZYFCNQIRF-UHFFFAOYSA-N	C7H3Cl2N
development	YPGCWEMNNLXISK-UHFFFAOYSA-N	CC(C(=O)O)c1ccccc1	ok	CC(C(=O)O)c1ccccc1	YPGCWEMNNLXISK-UHFFFAOYSA-N	C9H10O2
development	YQDZGFAYWGWSJK-UHFFFAOYSA-N	CC12CCC(=O)C=C1CCC1C2C(O)CC2(C)C(O)CCC12	ok	CC12CCC(=O)C=C1CCC1C2C(O)CC2(C)C(O)CCC12	YQDZGFAYWGWSJK-UHFFFAOYSA-N	C19H28O3
development	YQEZLKZALYSWHR-UHFFFAOYSA-N	CNC1(c2ccccc2Cl)CCCCC1=O	ok	CNC1(c2ccccc2Cl)CCCCC1=O	YQEZLKZALYSWHR-UHFFFAOYSA-N	C13H16ClNO
development	YQNWZWMKLDQSAC-UHFFFAOYSA-N	Cc1ccc(Sc2ccccc2N2CCNCC2)c(C)c1	ok	Cc1ccc(Sc2ccccc2N2CCNCC2)c(C)c1	YQNWZWMKLDQSAC-UHFFFAOYSA-N	C18H22N2S
development	YSPZBZPFWJQSQN-UHFFFAOYSA-N	CC(=O)OC1CC2C(C)(CO)CCCC2(C)C2CCC3CC12C1OC31C	ok	CC(=O)OC1CC2C(C)(CO)CCCC2(C)C2CCC3CC12C1OC31C	YSPZBZPFWJQSQN-UHFFFAOYSA-N	C22H34O4
development	YSQMCHDYZPIFEM-UHFFFAOYSA-N	CCCCCCCCC=CCCCCCCCCCCCCCC(=O)NC(COC1OC(CO)C(OC2OC(CO)C(OC3OC(CO)C(O)C(O)C3CC(C)=O)C(OC3(C(=O)O)CC(O)C(NC(C)=O)C(C(O)C(O)CO)O3)C2O)C(O)C1O)C(O)CCCCCCCCCCCCCCC	ok	CCCCCCCCC=CCCCCCCCCCCCCCC(=O)NC(COC1OC(CO)C(OC2OC(CO)C(OC3OC(CO)C(O)C(O)C3CC(C)=O)C(OC3(C(=O)O)CC(O)C(NC(C)=O)C(C(O)C(O)CO)O3)C2O)C(O)C1O)C(O)CCCCCCCCCCCCCCC	YSQMCHDYZPIFEM-UHFFFAOYSA-N	C74H134N2O26
development	YSWHPLCDIMUKFE-UHFFFAOYSA-N	NC(CCC(=O)O)C(=O)NC(Cc1ccc(O)cc1)C(=O)O	ok	NC(CCC(=O)O)C(=O)NC(Cc1ccc(O)cc1)C(=O)O	YSWHPLCDIMUKFE-UHFFFAOYSA-N	C14H18N2O6
development	YTBDMVHTAWZMMS-UHFFFAOYSA-N	COC(=O)C(c1ccccc1Cl)N1CCc2sc(O)cc2C1	ok	COC(=O)C(c1ccccc1Cl)N1CCc2sc(O)cc2C1	YTBDMVHTAWZMMS-UHFFFAOYSA-N	C16H16ClNO3S
development	YTBRNEUEFCNVHC-UHFFFAOYSA-N	Clc1ccc(-c2ccc(Cl)cc2)cc1	ok	Clc1ccc(-c2ccc(Cl)cc2)cc1	YTBRNEUEFCNVHC-UHFFFAOYSA-N	C12H8Cl2
development	YUCYEVHMFBEBSC-UHFFFAOYSA-N	CC(C)C1=C2C3CC=C4C(O)C5(O)COC6OC(C4C6(O)C5O)C3(C)CCC2(C)CC1	ok	CC(C)C1=C2C3CC=C4C(O)C5(O)COC6OC(C4C6(O)C5O)C3(C)CCC2(C)CC1	YUCYEVHMFBEBSC-UHFFFAOYSA-N	C25H36O6
development	YUGCAAVRZWBXEQ-UHFFFAOYSA-N	CC1=C(C=CC2=CCCC3(C)C2CCC3C(C)CCCC(C)C)CC(O)CC1	ok	CC1=C(C=CC2=CCCC3(C)C2CCC3C(C)CCCC(C)C)CC(O)CC1	YUGCAAVRZWBXEQ-UHFFFAOYSA-N	C27H44O
development	YVLPJIGOMTXXLP-UHFFFAOYSA-N	CC(C)=CCCC(C)=CCCC(C)=CCCC(C)=CC=CC=C(C)CCC=C(C)CCC=C(C)CCC=C(C)C	ok	CC(C)=CCCC(C)=CCCC(C)=CCCC(C)=CC=CC=C(C)CCC=C(C)CCC=C(C)CCC=C(C)C	YVLPJIGOMTXXLP-UHFFFAOYSA-N	C40H64
development	YVUQSNJEYSNKRX-UHFFFAOYSA-N	O=c1[nH]c2ccccc2n1C1CCN(CCCC(c2ccc(F)cc2)c2ccc(F)cc2)CC1	ok	O=c1[nH]c2ccccc2n1C1CCN(CCCC(c2ccc(F)cc2)c2ccc(F)cc2)CC1	YVUQSNJEYSNKRX-UHFFFAOYSA-N	C28H29F2N3O
development	YWTYJOPNNQFBPC-UHFFFAOYSA-N	O=[N+]([O-])NC1=NCCN1Cc1ccc(Cl)nc1	ok	O=[N+]([O-])NC1=NCCN1Cc1ccc(Cl)nc1	YWTYJOPNNQFBPC-UHFFFAOYSA-N	C9H10ClN5O2
development	YWVYEZNFPRWGMM-UHFFFAOYSA-N	CC(CC(=O)O)CC1(O)CC2CCC1CN2C	ok	CC(CC(=O)O)CC1(O)CC2CCC1CN2C	YWVYEZNFPRWGMM-UHFFFAOYSA-N	C13H23NO3
development	YXFVVABEGXRONW-UHFFFAOYSA-N	Cc1ccccc1	ok	Cc1ccccc1	YXFVVABEGXRONW-UHFFFAOYSA-N	C7H8
development	YXKTVDFXDRQTKV-UHFFFAOYSA-N	CC(Cc1ccccc1)N(C)Cc1ccccc1	ok	CC(Cc1ccccc1)N(C)Cc1ccccc1	YXKTVDFXDRQTKV-UHFFFAOYSA-N	C17H21N
development	YXNIWVFDFGNCED-UHFFFAOYSA-N	CC1(C)Cc2c(-c3ccccc3)c(-c3ccc(Cl)cc3)c(CC(=O)OCC3OC(O)C(O)C(O)C3O)n2C1	ok	CC1(C)Cc2c(-c3ccccc3)c(-c3ccc(Cl)cc3)c(CC(=O)OCC3OC(O)C(O)C(O)C3O)n2C1	YXNIWVFDFGNCED-UHFFFAOYSA-N	C29H32ClNO7
development	YYGGQNGAVIATMP-UHFFFAOYSA-N	C=C1CCC2CC=C(C#CC#CCC3OC3CCCCCCC)OC2(C)CCC2C1CC2(C)C	ok	C=C1CCC2CC=C(C#CC#CCC3OC3CCCCCCC)OC2(C)CCC2C1CC2(C)C	YYGGQNGAVIATMP-UHFFFAOYSA-N	C32H46O2
development	YYGQSWCERNMFNH-UHFFFAOYSA-N	CC1C2C3=CCC4C5(C)CC(=O)C(O)C(C)(C)C5CCC4(C)C3(C)CCC2(C(=O)O)CCC1(C)O	ok	CC1C2C3=CCC4C5(C)CC(=O)C(O)C(C)(C)C5CCC4(C)C3(C)CCC2(C(=O)O)CCC1(C)O	YYGQSWCERNMFNH-UHFFFAOYSA-N	C30H46O5
development	YYTVGIBSAJVHGD-UHFFFAOYSA-N	COCC(C)(O)C1Cc2c(cc(O)c3c(=O)c4ccccc4n(C)c23)O1	ok	COCC(C)(O)C1Cc2c(cc(O)c3c(=O)c4ccccc4n(C)c23)O1	YYTVGIBSAJVHGD-UHFFFAOYSA-N	C20H21NO5
development	YZBNXQLCEJJXSC-UHFFFAOYSA-N	COC1CCC2(C)C(CCC3(C)C2CCC2C4=CC(C)(C)CCC4(C)CCC23C)C1(C)C	ok	COC1CCC2(C)C(CCC3(C)C2CCC2C4=CC(C)(C)CCC4(C)CCC23C)C1(C)C	YZBNXQLCEJJXSC-UHFFFAOYSA-N	C31H52O
development	YZJBMONDZNACEV-UHFFFAOYSA-N	CC(C)=CCCC(C)=CCOC1OC(COC2OC(C)C(O)C(O)C2O)C(O)C(O)C1O	ok	CC(C)=CCCC(C)=CCOC1OC(COC2OC(C)C(O)C(O)C2O)C(O)C(O)C1O	YZJBMONDZNACEV-UHFFFAOYSA-N	C22H38O10
development	YZJGKSLPSGPFEV-UHFFFAOYSA-N	O=C(OCc1ccccc1)c1ccccc1-c1c2ccc(=O)cc-2oc2cc(OCc3ccccc3)ccc12	ok	O=C(OCc1ccccc1)c1ccccc1-c1c2ccc(=O)cc-2oc2cc(OCc3ccccc3)ccc12	YZJGKSLPSGPFEV-UHFFFAOYSA-N	C34H24O5
development	YZVWKHVRBDQPMQ-UHFFFAOYSA-N	Nc1ccc2ccc3cccc4ccc1c2c34	ok	Nc1ccc2ccc3cccc4ccc1c2c34	YZVWKHVRBDQPMQ-UHFFFAOYSA-N	C16H11N
development	YZXBAPSDXZZRGB-UHFFFAOYSA-N	CCCCCC=CCC=CCC=CCC=CCCCC(=O)O	ok	CCCCCC=CCC=CCC=CCC=CCCCC(=O)O	YZXBAPSDXZZRGB-UHFFFAOYSA-N	C20H32O2
development	ZAFYATHCZYHLPB-UHFFFAOYSA-N	Cc1ccc(-c2nc3ccc(C)cn3c2CC(=O)N(C)C)cc1	ok	Cc1ccc(-c2nc3ccc(C)cn3c2CC(=O)N(C)C)cc1	ZAFYATHCZYHLPB-UHFFFAOYSA-N	C19H21N3O
development	ZAHQBPYQBHTECE-UHFFFAOYSA-N	Cc1cnc(NC(=O)C2C(=O)c3ccccc3S(=O)(=O)N2C)s1	ok	Cc1cnc(NC(=O)C2C(=O)c3ccccc3S(=O)(=O)N2C)s1	ZAHQBPYQBHTECE-UHFFFAOYSA-N	C14H13N3O4S2
development	ZAOGJXDWOQXFBW-UHFFFAOYSA-N	Nc1nc(=O)c2c([nH]1)NCC(CNc1ccc(C(=O)NC(CCC(=O)NC(CCC(=O)O)C(=O)O)C(=O)O)cc1)N2	tautomer_MaxTransformsReached			C24H30N8O9
development	ZARXTZFGQZBYFO-UHFFFAOYSA-N	NC(CC(=O)O)C(=O)NC(Cc1c[nH]c2ccccc12)C(=O)O	ok	NC(CC(=O)O)C(=O)NC(Cc1c[nH]c2ccccc12)C(=O)O	ZARXTZFGQZBYFO-UHFFFAOYSA-N	C15H17N3O5
development	ZBEOTAUYLFQRMF-UHFFFAOYSA-N	CCCCCCCCCCCCCC=CC(O)C(COC1OC(CO)C(OC2OC(CO)C(OC3OC(CO)C(O)C(OC4OC(CO)C(O)C(OC5(C(=O)O)CC(O)C(NC(C)=O)C(C(O)C(O)CO)O5)C4O)C3CC(C)=O)C(OC3(C(=O)O)CC(O)C(NC(C)=O)C(C(O)C(O)CO)O3)C2O)C(O)C1O)NC(=O)CCCCCCCCCCCCCCC	ok	CCCCCCCCCCCCCC=CC(O)C(COC1OC(CO)C(OC2OC(CO)C(OC3OC(CO)C(O)C(OC4OC(CO)C(O)C(OC5(C(=O)O)CC(O)C(NC(C)=O)C(C(O)C(O)CO)O5)C4O)C3CC(C)=O)C(OC3(C(=O)O)CC(O)C(NC(C)=O)C(C(O)C(O)CO)O3)C2O)C(O)C1O)NC(=O)CCCCCCCCCCCCCCC	ZBEOTAUYLFQRMF-UHFFFAOYSA-N	C83H145N3O39
development	ZBILSSSEXRZGKS-UHFFFAOYSA-N	c1ccc2c(c1)Cc1ccccc1N1CCNCC21	ok	c1ccc2c(c1)Cc1ccccc1N1CCNCC21	ZBILSSSEXRZGKS-UHFFFAOYSA-N	C17H18N2
development	ZBJCYZPANVLBRK-UHFFFAOYSA-N	CC1CCC(C(C)C)C2(C1)OCC(CO)O2	ok	CC1CCC(C(C)C)C2(C1)OCC(CO)O2	ZBJCYZPANVLBRK-UHFFFAOYSA-N	C13H24O3
development	ZCBUQCWBWNUWSU-UHFFFAOYSA-N	CN(C)CC1CCn2cc(c3ccccc32)C2=C(C(=O)NC2=O)c2cn(c3ccccc23)CCO1	ok	CN(C)CC1CCn2cc(c3ccccc32)C2=C(C(=O)NC2=O)c2cn(c3ccccc23)CCO1	ZCBUQCWBWNUWSU-UHFFFAOYSA-N	C28H28N4O3
development	ZCCUUQDIBDJBTK-UHFFFAOYSA-N	O=c1ccc2cc3ccoc3cc2o1	ok	O=c1ccc2cc3ccoc3cc2o1	ZCCUUQDIBDJBTK-UHFFFAOYSA-N	C11H6O3
development	ZCDKJIRLFSPIQI-UHFFFAOYSA-N	CC(CC=CC(C)(C)O)CCOC1OC(CO)C(O)C(O)C1O	ok	CC(CC=CC(C)(C)O)CCOC1OC(CO)C(O)C(O)C1O	ZCDKJIRLFSPIQI-UHFFFAOYSA-N	C16H30O7
development	ZCRLGANQNRMURE-UHFFFAOYSA-N	C=C1CC23CC1C(O)CC2C12CCCC(C)(C(=O)OC1)C2C3C(=O)O	ok	C=C1CC23CC1C(O)CC2C12CCCC(C)(C(=O)OC1)C2C3C(=O)O	ZCRLGANQNRMURE-UHFFFAOYSA-N	C20H26O5
development	ZCWVJVNYHGWIEF-UHFFFAOYSA-N	COC(=O)C12CCC(C)C(C)(O)C1C1=CCC3C4(C)CCC(OC5OCC(O)C(O)C5O)C(C)(C)C4CCC3(C)C1(C)CC2	ok	COC(=O)C12CCC(C)C(C)(O)C1C1=CCC3C4(C)CCC(OC5OCC(O)C(O)C5O)C(C)(C)C4CCC3(C)C1(C)CC2	ZCWVJVNYHGWIEF-UHFFFAOYSA-N	C36H58O8
development	ZCZCOXLLICTZAH-UHFFFAOYSA-N	N#CSO	ok	N#CSO	ZCZCOXLLICTZAH-UHFFFAOYSA-N	CHNOS
development	ZDKZHVNKFOXMND-UHFFFAOYSA-N	CC1=COC(=O)C2C(C)CCC12	ok	CC1=COC(=O)C2C(C)CCC12	ZDKZHVNKFOXMND-UHFFFAOYSA-N	C10H14O2
development	ZDSJDEUSYYXIOG-UHFFFAOYSA-N	CC1Cc2c(O)oc(O)c2C(=O)C2CC(C)(C)CC12	ok	CC1Cc2c(O)oc(O)c2C(=O)C2CC(C)(C)CC12	ZDSJDEUSYYXIOG-UHFFFAOYSA-N	C15H20O4
development	ZEAPBLQYYQTNCR-UHFFFAOYSA-N	Cc1c(O)oc2c1C(OC(=O)C1(C)OC1C)C1(C)C(CCC(O)C1C)C2	ok	Cc1c(O)oc2c1C(OC(=O)C1(C)OC1C)C1(C)C(CCC(O)C1C)C2	ZEAPBLQYYQTNCR-UHFFFAOYSA-N	C20H28O6
development	ZEPNVCGPJXYABB-UHFFFAOYSA-N	C=C(CCC(C)C1CCC2C3=CC=C4CC(O)CCC4(C)C3CCC21C)C(C)C	ok	C=C(CCC(C)C1CCC2C3=CC=C4CC(O)CCC4(C)C3CCC21C)C(C)C	ZEPNVCGPJXYABB-UHFFFAOYSA-N	C28H44O
development	ZEQYDMUNUYOURN-UHFFFAOYSA-N	CN(C)c1ccc(C2=C3C4=C(CCC3C3CCC(O)(C=CCO)C3(C)C2)CC(=O)CC4)cc1	ok	CN(C)c1ccc(C2=C3C4=C(CCC3C3CCC(O)(C=CCO)C3(C)C2)CC(=O)CC4)cc1	ZEQYDMUNUYOURN-UHFFFAOYSA-N	C29H37NO3
development	ZEVJZHRJNZKVGI-UHFFFAOYSA-N	CCCCCCCCCCCC(=O)OC1C(C)OC(OC2C(C)OC(OC3C(C)OC4OC5C(OC(CCCCC)CCCCCCCCCC(=O)OC4C3O)OC(CO)C(O)C5O)C(OC(=O)C(C)CC)C2OC2OC(C)C(O)C(O)C2O)C(O)C1O	ok	CCCCCCCCCCCC(=O)OC1C(C)OC(OC2C(C)OC(OC3C(C)OC4OC5C(OC(CCCCC)CCCCCCCCCC(=O)OC4C3O)OC(CO)C(O)C5O)C(OC(=O)C(C)CC)C2OC2OC(C)C(O)C(O)C2O)C(O)C1O	ZEVJZHRJNZKVGI-UHFFFAOYSA-N	C63H110O25
development	ZFDXQUVDLKGYIL-UHFFFAOYSA-N	COc1ccc(N2CCc3c(NCCO)nc4c(OC(F)(F)F)cccc4c32)c(C)c1	ok	COc1ccc(N2CCc3c(NCCO)nc4c(OC(F)(F)F)cccc4c32)c(C)c1	ZFDXQUVDLKGYIL-UHFFFAOYSA-N	C22H22F3N3O3
development	ZFMSMUAANRJZFM-UHFFFAOYSA-N	C=CCc1ccc(OC)cc1	ok	C=CCc1ccc(OC)cc1	ZFMSMUAANRJZFM-UHFFFAOYSA-N	C10H12O
development	ZFRKQXVRDFCRJG-UHFFFAOYSA-N	Cc1c[nH]c2ccccc12	ok	Cc1c[nH]c2ccccc12	ZFRKQXVRDFCRJG-UHFFFAOYSA-N	C9H9N
development	ZFXYFBGIUFBOJW-UHFFFAOYSA-N	Cn1c(=O)c2[nH]cnc2n(C)c1=O	ok	Cn1c(=O)c2[nH]cnc2n(C)c1=O	ZFXYFBGIUFBOJW-UHFFFAOYSA-N	C7H8N4O2
development	ZGHAVKULRAPSKM-UHFFFAOYSA-N	C=C1CC23CC1CCC2C12OC(=O)C(C)(C(O)CC1O)C2C3C(=O)O	ok	C=C1CC23CC1CCC2C12OC(=O)C(C)(C(O)CC1O)C2C3C(=O)O	ZGHAVKULRAPSKM-UHFFFAOYSA-N	C19H24O6
development	ZGKMOBGNUPSVFU-UHFFFAOYSA-N	CC(=O)NC1C(O)CC(OC2C(O)C(CO)OC(OC(C(=O)C(O)CO)C(O)CO)C2O)(C(=O)O)OC1C(O)C(O)CO	ok	CC(=O)NC1C(O)CC(OC2C(O)C(CO)OC(OC(C(=O)C(O)CO)C(O)CO)C2O)(C(=O)O)OC1C(O)C(O)CO	ZGKMOBGNUPSVFU-UHFFFAOYSA-N	C23H39NO19
development	ZGLHBRQAEXKACO-UHFFFAOYSA-N	C=C1C(=CC=C2CCCC3(C)C2CCC3C(C)C=CC(C)C(C)(C)O)CC(O)CC1O	ok	C=C1C(=CC=C2CCCC3(C)C2CCC3C(C)C=CC(C)C(C)(C)O)CC(O)CC1O	ZGLHBRQAEXKACO-UHFFFAOYSA-N	C28H44O3
development	ZGLXUQQMLLIKAN-UHFFFAOYSA-N	COc1cc(C2c3cc4c(cc3CC3COC(=O)C32)OCO4)cc(OC)c1OC	ok	COc1cc(C2c3cc4c(cc3CC3COC(=O)C32)OCO4)cc(OC)c1OC	ZGLXUQQMLLIKAN-UHFFFAOYSA-N	C22H22O7
development	ZGPDFGRHCXLZIF-UHFFFAOYSA-N	CCCCCCCCCCCCCC=CC(O)C(COC1OC(CO)C(OC2OC(CO)C(OC3OC(CO)C(O)C(OC4OC(CO)C(O)C(OC5(C(=O)O)CC(O)C(NC(C)=O)C(C(O)C(O)CO)O5)C4O)C3CC(C)=O)C(OC3(C(=O)O)CC(O)C(NC(C)=O)C(C(O)C(CO)OC4(C(=O)O)CC(O)C(NC(C)=O)C(C(O)C(CO)OC5(C(=O)O)CC(O)C(NC(C)=O)C(C(O)C(O)CO)O5)O4)O3)C2O)C(O)C1O)NC(=O)CCCCCCCCCCC	tautomer_MaxTransformsReached			C101H171N5O55
development	ZGUGWUXLJSTTMA-UHFFFAOYSA-N	CN(C)CCCN1c2ccccc2Sc2ccccc21	ok	CN(C)CCCN1c2ccccc2Sc2ccccc21	ZGUGWUXLJSTTMA-UHFFFAOYSA-N	C17H20N2S
development	ZGVRGXGXZKITGK-UHFFFAOYSA-N	CC1CCC2(OC1)OC1CC3C4CCC5CC(OC6OC(CO)C(O)C(O)C6OC6OC(CO)C(O)C(O)C6O)C(O)CC5(C)C4CCC3(C)C1C2C	ok	CC1CCC2(OC1)OC1CC3C4CCC5CC(OC6OC(CO)C(O)C(O)C6OC6OC(CO)C(O)C(O)C6O)C(O)CC5(C)C4CCC3(C)C1C2C	ZGVRGXGXZKITGK-UHFFFAOYSA-N	C39H64O14
development	ZHCAAZIHTDCFJX-UHFFFAOYSA-N	CC(CCC(=O)O)C1CCC2C3C(O)CC4CCCCC4(C)C3CC(O)C12C	ok	CC(CCC(=O)O)C1CCC2C3C(O)CC4CCCCC4(C)C3CC(O)C12C	ZHCAAZIHTDCFJX-UHFFFAOYSA-N	C24H40O4
development	ZHDMPVIDHWJGTN-UHFFFAOYSA-N	COc1ccc(C2Oc3cc(O)cc(O)c3CC2O)cc1O	ok	COc1ccc(C2Oc3cc(O)cc(O)c3CC2O)cc1O	ZHDMPVIDHWJGTN-UHFFFAOYSA-N	C16H16O6
development	ZIGUFUZHKPIMCR-UHFFFAOYSA-N	O=C(NC(=O)C(O)O)c1ccccc1	ok	O=C(NC(=O)C(O)O)c1ccccc1	ZIGUFUZHKPIMCR-UHFFFAOYSA-N	C9H9NO4
development	ZIWFCOIGUNPHPM-UHFFFAOYSA-N	COc1ccc(OC(F)(F)F)cc1CNC1CCCNC1c1ccccc1	ok	COc1ccc(OC(F)(F)F)cc1CNC1CCCNC1c1ccccc1	ZIWFCOIGUNPHPM-UHFFFAOYSA-N	C20H23F3N2O2
development	ZIZODWXWMZVEEM-UHFFFAOYSA-N	CC=C(CCC(C)C1CCC2(C)C3CCC4C(C)C(O)CCC4(C)C3=CCC12C)C(C)C	ok	CC=C(CCC(C)C1CCC2(C)C3CCC4C(C)C(O)CCC4(C)C3=CCC12C)C(C)C	ZIZODWXWMZVEEM-UHFFFAOYSA-N	C31H52O
development	ZJFZKWFGTZZRRT-UHFFFAOYSA-N	CCCCCCCCCCCCC=CC=CCC(=O)NCC(C)C	ok	CCCCCCCCCCCCC=CC=CCC(=O)NCC(C)C	ZJFZKWFGTZZRRT-UHFFFAOYSA-N	C22H41NO
development	ZJJXGWJIGJFDTL-UHFFFAOYSA-N	Cc1cnc(C(=O)NCCc2ccc(S(=O)(=O)NC(=O)NC3CCCCC3)cc2)cn1	ok	Cc1cnc(C(=O)NCCc2ccc(S(=O)(=O)NC(=O)NC3CCCCC3)cc2)cn1	ZJJXGWJIGJFDTL-UHFFFAOYSA-N	C21H27N5O4S
development	ZJOFAFWTOKDIFH-UHFFFAOYSA-N	O=NN1CC=CCC1c1cccnc1	ok	O=NN1CC=CCC1c1cccnc1	ZJOFAFWTOKDIFH-UHFFFAOYSA-N	C10H11N3O
development	ZKMNUMMKYBVTFN-UHFFFAOYSA-N	CCCN1CCCCC1C(=O)Nc1c(C)cccc1C	ok	CCCN1CCCCC1C(=O)Nc1c(C)cccc1C	ZKMNUMMKYBVTFN-UHFFFAOYSA-N	C17H26N2O
development	ZKTQSWBSOLFYDL-UHFFFAOYSA-N	CC1(C)CC(O)C2(C)CCC3(C)C(=CCC4C5(C)CCC(OC6OC(CO)C(OC7OC(CO)C(O)C(O)C7O)C(OC7OC(CO)C(O)C(O)C7O)C6O)C(C)(CO)C5CCC43C)C2C1	ok	CC1(C)CC(O)C2(C)CCC3(C)C(=CCC4C5(C)CCC(OC6OC(CO)C(OC7OC(CO)C(O)C(O)C7O)C(OC7OC(CO)C(O)C(O)C7O)C6O)C(C)(CO)C5CCC43C)C2C1	ZKTQSWBSOLFYDL-UHFFFAOYSA-N	C48H80O18
development	ZKXDGKXYMTYWTB-UHFFFAOYSA-N	O=NN1CCOCC1	ok	O=NN1CCOCC1	ZKXDGKXYMTYWTB-UHFFFAOYSA-N	C4H8N2O2
development	ZLYIWYCHNAZAQI-UHFFFAOYSA-N	O=C(C=Cc1ccc(O)c(O)c1)OC1CC2(O)CC(OC2=O)C1OC(=O)C=Cc1ccc(O)c(O)c1	tautomer_MaxTransformsReached			C25H22O11
development	ZMQAAUBTXCXRIC-UHFFFAOYSA-N	C=CCc1ccc2c(c1)OCO2	ok	C=CCc1ccc2c(c1)OCO2	ZMQAAUBTXCXRIC-UHFFFAOYSA-N	C10H10O2
development	ZMXDDKWLCZADIW-UHFFFAOYSA-N	CN(C)C=O	ok	CN(C)C=O	ZMXDDKWLCZADIW-UHFFFAOYSA-N	C3H7NO
development	ZNQVEEAIQZEUHB-UHFFFAOYSA-N	CCOCCO	ok	CCOCCO	ZNQVEEAIQZEUHB-UHFFFAOYSA-N	C4H10O2
development	ZNRGQMMCGHDTEI-UHFFFAOYSA-N	CN1C2CCC1CC(OC(=O)c1c[nH]c3ccccc13)C2	ok	CN1C2CCC1CC(OC(=O)c1c[nH]c3ccccc13)C2	ZNRGQMMCGHDTEI-UHFFFAOYSA-N	C17H20N2O2
development	ZNXXWTPQHVLMQT-UHFFFAOYSA-N	O=C1CCC(Cc2ccc(O)c(O)c2)O1	ok	O=C1CCC(Cc2ccc(O)c(O)c2)O1	ZNXXWTPQHVLMQT-UHFFFAOYSA-N	C11H12O4
development	ZOCSXAVNDGMNBV-UHFFFAOYSA-N	N#Cc1nn(-c2c(Cl)cc(C(F)(F)F)cc2Cl)c(N)c1[S+]([O-])C(F)(F)F	ok	N#Cc1nn(-c2c(Cl)cc(C(F)(F)F)cc2Cl)c(N)c1[S+]([O-])C(F)(F)F	ZOCSXAVNDGMNBV-UHFFFAOYSA-N	C12H4Cl2F6N4OS
development	ZOIAMMQYAZSWRX-UHFFFAOYSA-N	COC(=S)NCc1ccc(OC2OC(C)C(O)C(O)C2O)cc1	ok	COC(=S)NCc1ccc(OC2OC(C)C(O)C(O)C2O)cc1	ZOIAMMQYAZSWRX-UHFFFAOYSA-N	C15H21NO6S
development	ZONTWFMTDBGILI-UHFFFAOYSA-N	CC(=O)NC(CSC(F)(F)C(OCF)C(F)F)C(=O)O	ok	CC(=O)NC(CSC(F)(F)C(OCF)C(F)F)C(=O)O	ZONTWFMTDBGILI-UHFFFAOYSA-N	C9H12F5NO4S
development	ZOWKQQIGQBVKSV-UHFFFAOYSA-N	CC(=O)OC1CC2(C)C(CCC(O)C2(C)O)C(C=O)(CC(O)c2ccoc2)C1C	ok	CC(=O)OC1CC2(C)C(CCC(O)C2(C)O)C(C=O)(CC(O)c2ccoc2)C1C	ZOWKQQIGQBVKSV-UHFFFAOYSA-N	C22H32O7
development	ZOYASYRPGHCQHW-UHFFFAOYSA-N	CCCSSSC	ok	CCCSSSC	ZOYASYRPGHCQHW-UHFFFAOYSA-N	C4H10S3
development	ZPEIMTDSQAKGNT-UHFFFAOYSA-N	CN(C)CCCN1c2ccccc2Sc2ccc(Cl)cc21	ok	CN(C)CCCN1c2ccccc2Sc2ccc(Cl)cc21	ZPEIMTDSQAKGNT-UHFFFAOYSA-N	C17H19ClN2S
development	ZPSOKQFFOYYPKC-UHFFFAOYSA-N	CCCCCOc1ccc2nc3ccc(=O)cc-3oc2c1	ok	CCCCCOc1ccc2nc3ccc(=O)cc-3oc2c1	ZPSOKQFFOYYPKC-UHFFFAOYSA-N	C17H17NO3
development	ZPUCINDJVBIVPJ-UHFFFAOYSA-N	COC(=O)C1C(OC(=O)c2ccccc2)CC2CCC1N2C	ok	COC(=O)C1C(OC(=O)c2ccccc2)CC2CCC1N2C	ZPUCINDJVBIVPJ-UHFFFAOYSA-N	C17H21NO4
development	ZPVXZDCYCDBKAJ-UHFFFAOYSA-N	O=C(CCc1ccc(O)cc1)c1c(O)cc(O)cc1OC1OC(CO)C(O)C(O)C1OC1OC(CO)C(O)C1O	ok	O=C(CCc1ccc(O)cc1)c1c(O)cc(O)cc1OC1OC(CO)C(O)C(O)C1OC1OC(CO)C(O)C1O	ZPVXZDCYCDBKAJ-UHFFFAOYSA-N	C26H32O14
development	ZQEKBPUAGJKEQO-UHFFFAOYSA-N	CC1CCC2(OC1)OC1CC3C4CC(O)C5CC(OC6OC(CO)C(OC7OC(CO)C(O)C(OC8OC(CO)C(O)C(O)C8O)C7OC7OC(CO)C(O)C(O)C7O)C(O)C6O)CCC5(C)C4CCC3(C)C1C2C	ok	CC1CCC2(OC1)OC1CC3C4CC(O)C5CC(OC6OC(CO)C(OC7OC(CO)C(O)C(OC8OC(CO)C(O)C(O)C8O)C7OC7OC(CO)C(O)C(O)C7O)C(O)C6O)CCC5(C)C4CCC3(C)C1C2C	ZQEKBPUAGJKEQO-UHFFFAOYSA-N	C51H84O24
development	ZQIULKXWJGSFAC-UHFFFAOYSA-N	C=C(CO)C1CCC2(C)CCC3(C)C(=CCC4C5(C)C=CC(=O)C(C)(C)C5CCC43C)C12	ok	C=C(CO)C1CCC2(C)CCC3(C)C(=CCC4C5(C)C=CC(=O)C(C)(C)C5CCC43C)C12	ZQIULKXWJGSFAC-UHFFFAOYSA-N	C30H44O2
development	ZQPPMHVWECSIRJ-UHFFFAOYSA-N	CCCCCCCCC=CCCCCCCCC(=O)O	ok	CCCCCCCCC=CCCCCCCCC(=O)O	ZQPPMHVWECSIRJ-UHFFFAOYSA-N	C18H34O2
development	ZQRBOBGLJZHCAN-UHFFFAOYSA-N	Cc1nnc(SC=C2CSC3C(NC(=O)Cn4cnnn4)C(=O)N3C2C(=O)O)s1	ok	Cc1nnc(SC=C2CSC3C(NC(=O)Cn4cnnn4)C(=O)N3C2C(=O)O)s1	ZQRBOBGLJZHCAN-UHFFFAOYSA-N	C14H14N8O4S3
development	ZQRKCRBPNDLUPZ-UHFFFAOYSA-N	CC[N+](C)(CC)CCc1c(C(F)(F)F)c2ccc(OC)cc2oc1=O	ok	CC[N+](C)(CC)CCc1c(C(F)(F)F)c2ccc(OC)cc2oc1=O	ZQRKCRBPNDLUPZ-UHFFFAOYSA-N	C18H23F3NO3+
development	ZRALSGWEFCBTJO-UHFFFAOYSA-N	N=C(N)N	ok	N=C(N)N	ZRALSGWEFCBTJO-UHFFFAOYSA-N	CH5N3
development	ZRZLPBMRQBPBKQ-UHFFFAOYSA-N	CCCCCCCCC=CCCCCCCCCCCCC(=O)NC(COC1OC(CO)C(OC2OC(CO)C(O)C(OC3(C(=O)O)CC(O)C(NC(C)=O)C(C(O)C(CO)OC4(C(=O)O)CC(O)C(NC(C)=O)C(C(O)C(CO)OC5(C(=O)O)CC(O)C(NC(C)=O)C(C(O)C(O)CO)O5)O4)O3)C2O)C(O)C1O)C(O)CCCCCCCCCCCCCCC	ok	CCCCCCCCC=CCCCCCCCCCCCC(=O)NC(COC1OC(CO)C(OC2OC(CO)C(O)C(OC3(C(=O)O)CC(O)C(NC(C)=O)C(C(O)C(CO)OC4(C(=O)O)CC(O)C(NC(C)=O)C(C(O)C(CO)OC5(C(=O)O)CC(O)C(NC(C)=O)C(C(O)C(O)CO)O5)O4)O3)C2O)C(O)C1O)C(O)CCCCCCCCCCCCCCC	ZRZLPBMRQBPBKQ-UHFFFAOYSA-N	C85H150N4O37
development	ZSCDBOWYZJWBIY-UHFFFAOYSA-N	CC(CN(C)C)CN1c2ccccc2CCc2ccccc21	ok	CC(CN(C)C)CN1c2ccccc2CCc2ccccc21	ZSCDBOWYZJWBIY-UHFFFAOYSA-N	C20H26N2
development	ZSTKHSQDNIGFLM-UHFFFAOYSA-N	COc1ccc2[nH]cc(CCN(C)C)c2c1	ok	COc1ccc2[nH]cc(CCN(C)C)c2c1	ZSTKHSQDNIGFLM-UHFFFAOYSA-N	C13H18N2O
development	ZSYPIPFQOQGYHH-UHFFFAOYSA-N	O=c1cc(-c2ccc(O)cc2O)oc2cc(O)cc(O)c12	tautomer_MaxTransformsReached			C15H10O6
development	ZTUJKPWRKVDGPL-UHFFFAOYSA-N	COC(C)(C)c1cc2c(ccc3ccc(=O)oc32)o1	ok	COC(C)(C)c1cc2c(ccc3ccc(=O)oc32)o1	ZTUJKPWRKVDGPL-UHFFFAOYSA-N	C15H14O4
development	ZTULNMNIVVMLIU-UHFFFAOYSA-N	CCCC(C)C(=O)OC	ok	CCCC(C)C(=O)OC	ZTULNMNIVVMLIU-UHFFFAOYSA-N	C7H14O2
development	ZUTQCPBDRJBADG-UHFFFAOYSA-N	Fc1cccc(CCN2CCN(CCCc3c[nH]c4ccc(-n5cnnc5)cc34)CC2)c1	ok	Fc1cccc(CCN2CCN(CCCc3c[nH]c4ccc(-n5cnnc5)cc34)CC2)c1	ZUTQCPBDRJBADG-UHFFFAOYSA-N	C25H29FN6
development	ZVQUCWXZCKWZBP-UHFFFAOYSA-N	COc1cccc(C(C)NCCCc2ccccc2Cl)c1	ok	COc1cccc(C(C)NCCCc2ccccc2Cl)c1	ZVQUCWXZCKWZBP-UHFFFAOYSA-N	C18H22ClNO
development	ZWJKFSZYIOCMGF-UHFFFAOYSA-N	CCCCCCC(C)CC(C)(C)C	ok	CCCCCCC(C)CC(C)(C)C	ZWJKFSZYIOCMGF-UHFFFAOYSA-N	C13H28
development	ZXEXAUWPQPJYJZ-UHFFFAOYSA-N	COC1=CC(C)C2CC3OC(O)CC4C(C)C(=O)C(O)C(C2(C)C1=O)C34C	ok	COC1=CC(C)C2CC3OC(O)CC4C(C)C(=O)C(O)C(C2(C)C1=O)C34C	ZXEXAUWPQPJYJZ-UHFFFAOYSA-N	C21H30O6
development	ZXJJBDHPUHUUHD-UHFFFAOYSA-N	COc1ccc(-c2cc(=O)c3c(OC)cc(OC)cc3o2)cc1	ok	COc1ccc(-c2cc(=O)c3c(OC)cc(OC)cc3o2)cc1	ZXJJBDHPUHUUHD-UHFFFAOYSA-N	C18H16O5
development	ZXTKKUHKNXKMEL-UHFFFAOYSA-N	C=C1CC23CC1(OC1OC(CO)C(O)C(O)C1O)CCC2C12CCCC(C)(C(=O)O1)C2C3C(=O)O	ok	C=C1CC23CC1(OC1OC(CO)C(O)C(O)C1O)CCC2C12CCCC(C)(C(=O)O1)C2C3C(=O)O	ZXTKKUHKNXKMEL-UHFFFAOYSA-N	C25H34O10
development	ZYEMGPIYFIJGTP-UHFFFAOYSA-N	C=CCc1ccc(OC)c(OC)c1	ok	C=CCc1ccc(OC)c(OC)c1	ZYEMGPIYFIJGTP-UHFFFAOYSA-N	C11H14O2
development	ZYGHJZDHTFUPRJ-UHFFFAOYSA-N	O=c1ccc2ccccc2o1	ok	O=c1ccc2ccccc2o1	ZYGHJZDHTFUPRJ-UHFFFAOYSA-N	C9H6O2
development	ZYVXHFWBYUDDBM-UHFFFAOYSA-N	CNC(=O)c1cccnc1	ok	CNC(=O)c1cccnc1	ZYVXHFWBYUDDBM-UHFFFAOYSA-N	C7H8N2O
development	ZZFNQLFGNVPSOG-UHFFFAOYSA-N	CCC=CCOC(=O)CCCCC	ok	CCC=CCOC(=O)CCCCC	ZZFNQLFGNVPSOG-UHFFFAOYSA-N	C11H20O2
development	ZZSBUQYGAPWEOJ-UHFFFAOYSA-N	O=C(O)CCCC(O)C=CC=CC=CC(O)CC=CCCCCC(O)O	ok	O=C(O)CCCC(O)C=CC=CC=CC(O)CC=CCCCCC(O)O	ZZSBUQYGAPWEOJ-UHFFFAOYSA-N	C20H32O6
development	ZZSUZHDAZDQPJO-UHFFFAOYSA-N	CN(CCC(=O)C(O)c1cccnc1)N=O	ok	CN(CCC(=O)C(O)c1cccnc1)N=O	ZZSUZHDAZDQPJO-UHFFFAOYSA-N	C10H13N3O3
development	ZZVUWRFHKOJYTH-UHFFFAOYSA-N	CN(C)CCOC(c1ccccc1)c1ccccc1	ok	CN(C)CCOC(c1ccccc1)c1ccccc1	ZZVUWRFHKOJYTH-UHFFFAOYSA-N	C17H21NO
external	AAKJLRGGTJKAMG-UHFFFAOYSA-N	C#Cc1cccc(Nc2ncnc3cc(OCCOC)c(OCCOC)cc23)c1	ok	C#Cc1cccc(Nc2ncnc3cc(OCCOC)c(OCCOC)cc23)c1	AAKJLRGGTJKAMG-UHFFFAOYSA-N	C22H23N3O4
external	AALVUUMVCUHIRJ-UHFFFAOYSA-N	CC1=C(CCC(C)COC2OC(CO)C(O)C(O)C2O)OC2CC3C4CCC5CC(OC6OC(COC7OCC(O)C(O)C7O)C(O)C(O)C6O)C(O)CC5(C)C4CCC3(C)C12	ok	CC1=C(CCC(C)COC2OC(CO)C(O)C(O)C2O)OC2CC3C4CCC5CC(OC6OC(COC7OCC(O)C(O)C7O)C(O)C(O)C6O)C(O)CC5(C)C4CCC3(C)C12	AALVUUMVCUHIRJ-UHFFFAOYSA-N	C44H72O18
external	AAOVKJBEBIDNHE-UHFFFAOYSA-N	CN1C(=O)CN=C(c2ccccc2)c2cc(Cl)ccc21	ok	CN1C(=O)CN=C(c2ccccc2)c2cc(Cl)ccc21	AAOVKJBEBIDNHE-UHFFFAOYSA-N	C16H13ClN2O
external	AAXVEMMRQDVLJB-UHFFFAOYSA-N	CC12CCC(=O)C=C1CCC1C3CCC(O)(C(=O)CO)C3(C)CC(O)C12F	ok	CC12CCC(=O)C=C1CCC1C3CCC(O)(C(=O)CO)C3(C)CC(O)C12F	AAXVEMMRQDVLJB-UHFFFAOYSA-N	C21H29FO5
external	ABAQSBNXJMXUHX-UHFFFAOYSA-N	CC(C)=CCc1cc(CC(=O)C(O)c2cc(CC=C(C)C)c(O)cc2O)ccc1O	tautomer_MaxTransformsReached			C25H30O5
external	ABXHVUYVHJIOMQ-UHFFFAOYSA-N	CCC(C)C1=NC(=O)C(CCN)N=C(O)CC(C(C)CC)OC(=O)C(CO)N=C(O)C(CC(C)C)N=C(O)C(C(C)C)N=C(O)C(CCN)N=C(O)C(CC(C)C)N=C(O)C(Cc2ccccc2)N=C(O)C(CCN)NC1O	tautomer_MaxTautomersReached			C54H92N12O12
external	ACCBJOPUSBTZKZ-UHFFFAOYSA-N	CCCCCCCCCCCCCC=CC(O)C(COC1OC(CO)C(OC2OC(CO)C(OC3OC(CO)C(O)C(OC4OC(CO)C(O)C(OC5(C(=O)O)CC(O)C(N=C(C)O)C(C(O)C(O)CO)O5)C4O)C3CC(C)=O)C(OC3(C(=O)O)CC(O)C(N=C(C)O)C(C(O)C(CO)OC4(C(=O)O)CC(O)C(N=C(C)O)C(C(O)C(O)CO)O4)O3)C2O)C(O)C1O)N=C(O)CCCCCCCCCCC	ok	CCCCCCCCCCCCCC=CC(O)C(COC1OC(CO)C(OC2OC(CO)C(OC3OC(CO)C(O)C(OC4OC(CO)C(O)C(OC5(C(=O)O)CC(O)C(NC(C)=O)C(C(O)C(O)CO)O5)C4O)C3CC(C)=O)C(OC3(C(=O)O)CC(O)C(NC(C)=O)C(C(O)C(CO)OC4(C(=O)O)CC(O)C(NC(C)=O)C(C(O)C(O)CO)O4)O3)C2O)C(O)C1O)NC(=O)CCCCCCCCCCC	ACCBJOPUSBTZKZ-UHFFFAOYSA-N	C90H154N4O47
external	ACCMWZWAEFYUGZ-UHFFFAOYSA-N	CCOCCn1c(C2CCN(CCc3ccc(C(C)(C)C(=O)O)cc3)CC2)nc2ccccc21	ok	CCOCCn1c(C2CCN(CCc3ccc(C(C)(C)C(=O)O)cc3)CC2)nc2ccccc21	ACCMWZWAEFYUGZ-UHFFFAOYSA-N	C28H37N3O3
external	ACHFSGOIKJNVJV-UHFFFAOYSA-N	COc1c2c(cc(O)c1-c1cc3ccccc3o1)OCO2	ok	COc1c2c(cc(O)c1-c1cc3ccccc3o1)OCO2	ACHFSGOIKJNVJV-UHFFFAOYSA-N	C16H12O5
external	ACRHBAYQBXXRTO-UHFFFAOYSA-N	COc1cc2c(cc1OC)CC(=O)N(CCCN(C)CC1Cc3cc(OC)c(OC)cc31)CC2	ok	COc1cc2c(cc1OC)CC(=O)N(CCCN(C)CC1Cc3cc(OC)c(OC)cc31)CC2	ACRHBAYQBXXRTO-UHFFFAOYSA-N	C27H36N2O5
external	ACTOXUHEUCPTEW-UHFFFAOYSA-N	COC1C(O)CC(=O)OC(C)CC=CC=CC(OC2CCC(N(C)C)C(C)O2)C(C)CC(CC=O)C1OC1OC(C)C(OC2CC(C)(O)C(O)C(C)O2)C(N(C)C)C1O	ok	COC1C(O)CC(=O)OC(C)CC=CC=CC(OC2CCC(N(C)C)C(C)O2)C(C)CC(CC=O)C1OC1OC(C)C(OC2CC(C)(O)C(O)C(C)O2)C(N(C)C)C1O	ACTOXUHEUCPTEW-UHFFFAOYSA-N	C43H74N2O14
external	ACVGWSKVRYFWRP-UHFFFAOYSA-N	O=c1c2ccccc2nc2n1CCc1c-2[nH]c2ccccc12	ok	O=c1c2ccccc2nc2n1CCc1c-2[nH]c2ccccc12	ACVGWSKVRYFWRP-UHFFFAOYSA-N	C18H13N3O
external	ACWBBAGYTKWBCD-UHFFFAOYSA-N	NC(Cc1ccc(O)c(Cl)c1)C(=O)O	ok	NC(Cc1ccc(O)c(Cl)c1)C(=O)O	ACWBBAGYTKWBCD-UHFFFAOYSA-N	C9H10ClNO3
external	ACWBQPMHZXGDFX-UHFFFAOYSA-N	CCCCC(=O)N(Cc1ccc(-c2ccccc2-c2nn[nH]n2)cc1)C(C(=O)O)C(C)C	ok	CCCCC(=O)N(Cc1ccc(-c2ccccc2-c2nn[nH]n2)cc1)C(C(=O)O)C(C)C	ACWBQPMHZXGDFX-UHFFFAOYSA-N	C24H29N5O3
external	ACWZRVQXLIRSDF-UHFFFAOYSA-N	Cn1cnc2c(F)c(Nc3ccc(Br)cc3F)c(C(O)=NOCCO)cc21	ok	Cn1cnc2c(F)c(Nc3ccc(Br)cc3F)c(C(=O)NOCCO)cc21	ACWZRVQXLIRSDF-UHFFFAOYSA-N	C17H15BrF2N4O3
external	ACXLVKYMISNUFD-UHFFFAOYSA-N	CC1(C=O)CCCC2(C)C1CCC13CC(CO)C(CCC12)C3	ok	CC1(C=O)CCCC2(C)C1CCC13CC(CO)C(CCC12)C3	ACXLVKYMISNUFD-UHFFFAOYSA-N	C20H32O2
external	ADEBPBSSDYVVLD-UHFFFAOYSA-N	COc1cc2c(cc1OC)C(=O)C(CC1CCN(Cc3ccccc3)CC1)C2	ok	COc1cc2c(cc1OC)C(=O)C(CC1CCN(Cc3ccccc3)CC1)C2	ADEBPBSSDYVVLD-UHFFFAOYSA-N	C24H29NO3
external	ADFCQWZHKCXPAJ-UHFFFAOYSA-N	Oc1ccc(C2COc3cc(O)ccc3C2)cc1	ok	Oc1ccc(C2COc3cc(O)ccc3C2)cc1	ADFCQWZHKCXPAJ-UHFFFAOYSA-N	C15H14O3
external	ADHYBIYGSXQYDM-UHFFFAOYSA-N	CN1CC(O)c2cc(O)c(O)cc21	ok	CN1CC(O)c2cc(O)c(O)cc21	ADHYBIYGSXQYDM-UHFFFAOYSA-N	C9H11NO3
external	ADIMAYPTOBDMTL-UHFFFAOYSA-N	OC1=Nc2ccc(Cl)cc2C(c2ccccc2)=NC1O	ok	O=C1N=C(c2ccccc2)c2cc(Cl)ccc2NC1O	AQKCJDFMDAPELP-UHFFFAOYSA-N	C15H11ClN2O2
external	ADJNQGJVAJRCCO-UHFFFAOYSA-N	C=CC(O)C#CC#CC=CC=CC(O)CCCCC	ok	C=CC(O)C#CC#CC=CC=CC(O)CCCCC	ADJNQGJVAJRCCO-UHFFFAOYSA-N	C17H22O2
external	ADSALMJPJUKESW-UHFFFAOYSA-N	O=C(O)CC1CCCN1	ok	O=C(O)CC1CCCN1	ADSALMJPJUKESW-UHFFFAOYSA-N	C6H11NO2
external	ADXGNEYLLLSOAR-UHFFFAOYSA-N	Cc1nc(C)c2c(n1)N(Cc1ccc(-c3ccccc3-c3nn[nH]n3)cc1)C(=O)CC2	ok	Cc1nc(C)c2c(n1)N(Cc1ccc(-c3ccccc3-c3nn[nH]n3)cc1)C(=O)CC2	ADXGNEYLLLSOAR-UHFFFAOYSA-N	C23H21N7O
external	AELCINSCMGFISI-UHFFFAOYSA-N	NC1CC1c1ccccc1	ok	NC1CC1c1ccccc1	AELCINSCMGFISI-UHFFFAOYSA-N	C9H11N
external	AEMFNILZOJDQLW-UHFFFAOYSA-N	CC12CCC3C(CCC4=CC(=O)CCC43C)C1CCC2=O	ok	CC12CCC3C(CC=C4CC(=O)CCC43C)C1CCC2=O	SQGZFRITSMYKRH-UHFFFAOYSA-N	C19H26O2
external	AEMOLEFTQBMNLQ-UHFFFAOYSA-N	O=C(O)C1OC(O)C(O)C(O)C1O	ok	O=C(O)C1OC(O)C(O)C(O)C1O	AEMOLEFTQBMNLQ-UHFFFAOYSA-N	C6H10O7
external	AEQDJSLRWYMAQI-UHFFFAOYSA-N	COc1cc2c(cc1OC)C1Cc3ccc(OC)c(OC)c3CN1CC2	ok	COc1cc2c(cc1OC)C1Cc3ccc(OC)c(OC)c3CN1CC2	AEQDJSLRWYMAQI-UHFFFAOYSA-N	C21H25NO4
external	AFBDSAJOMZYQAI-UHFFFAOYSA-N	CC(OC1OCCNC1c1ccc(F)cc1)c1cc(C(F)(F)F)cc(C(F)(F)F)c1	ok	CC(OC1OCCNC1c1ccc(F)cc1)c1cc(C(F)(F)F)cc(C(F)(F)F)c1	AFBDSAJOMZYQAI-UHFFFAOYSA-N	C20H18F7NO2
external	AFLNGLSTOJPKJJ-UHFFFAOYSA-N	CC1(C)CCC2(C(=O)O)CCC3(C)C(=CCC4C5(C)CC(O)C(OC6OC(CO)C(OC7OC(CO)C(O)C(O)C7O)C(O)C6O)C(C)(C(=O)O)C5CCC43C)C2C1	ok	CC1(C)CCC2(C(=O)O)CCC3(C)C(=CCC4C5(C)CC(O)C(OC6OC(CO)C(OC7OC(CO)C(O)C(O)C7O)C(O)C6O)C(C)(C(=O)O)C5CCC43C)C2C1	AFLNGLSTOJPKJJ-UHFFFAOYSA-N	C42H66O16
external	AFNXATANNDIXLG-UHFFFAOYSA-N	Clc1ccc(CSC(Cn2ccnc2)c2ccc(Cl)cc2Cl)cc1	ok	Clc1ccc(CSC(Cn2ccnc2)c2ccc(Cl)cc2Cl)cc1	AFNXATANNDIXLG-UHFFFAOYSA-N	C18H15Cl3N2S
external	AFSDNFLWKVMVRB-UHFFFAOYSA-N	O=c1oc2c(O)c(O)cc3c(=O)oc4c(O)c(O)cc1c4c23	ok	O=c1c(O)cc2c(O)oc3c(=O)c(O)cc4c(O)oc1c2c43	CYFXRGFESOFDNS-UHFFFAOYSA-N	C14H6O8
external	AFZCVSRIUXFFJO-UHFFFAOYSA-N	CC1(O)CC23C=CC1CC2C1(C)CCC(=O)C(C)(C)C1CC3	ok	CC1(O)CC23C=CC1CC2C1(C)CCC(=O)C(C)(C)C1CC3	AFZCVSRIUXFFJO-UHFFFAOYSA-N	C20H30O2
external	AFZHQMQGUKDWSJ-UHFFFAOYSA-N	CCCCCCCC(=O)OCCCC1C(=C(C)C)CCC2C1(C)CCC1(C)C(C(C)CCC=C(C)C)CCC21C	ok	CCCCCCCC(=O)OCCCC1C(=C(C)C)CCC2C1(C)CCC1(C)C(C(C)CCC=C(C)C)CCC21C	AFZHQMQGUKDWSJ-UHFFFAOYSA-N	C38H66O2
external	AGABNGOXUSXQDD-UHFFFAOYSA-N	CC=C(C)C(=O)OC1Cc2cc3ccc(=O)oc3cc2OC1(C)C	ok	CC=C(C)C(=O)OC1Cc2cc3ccc(=O)oc3cc2OC1(C)C	AGABNGOXUSXQDD-UHFFFAOYSA-N	C19H20O5
external	AGGQBLQYYGOWKY-UHFFFAOYSA-N	CC1CCC2C(C)C3C(CC4C5CC=C6CC(OC7OC(CO)C(OC8OC(CO)C(O)C(OC9OCC(O)C(O)C9O)C8OC8OC(CO)C(O)C(O)C8O)C(O)C7O)CCC6(C)C5CCC43C)N2C1	ok	CC1CCC2C(C)C3C(CC4C5CC=C6CC(OC7OC(CO)C(OC8OC(CO)C(O)C(OC9OCC(O)C(O)C9O)C8OC8OC(CO)C(O)C(O)C8O)C(O)C7O)CCC6(C)C5CCC43C)N2C1	AGGQBLQYYGOWKY-UHFFFAOYSA-N	C50H81NO20
external	AGHANLSBXUWXTB-UHFFFAOYSA-N	O=C(O)COc1ccc(C(=O)c2cccs2)c(Cl)c1Cl	ok	O=C(O)COc1ccc(C(=O)c2cccs2)c(Cl)c1Cl	AGHANLSBXUWXTB-UHFFFAOYSA-N	C13H8Cl2O4S
external	AGLXDWOTVQZHIQ-UHFFFAOYSA-N	Oc1nc2cc(Cl)c(O)cc2o1	ok	O=c1[nH]c2cc(Cl)c(O)cc2o1	AGLXDWOTVQZHIQ-UHFFFAOYSA-N	C7H4ClNO3
external	AGNAZKCPHGYYKE-UHFFFAOYSA-N	CC(=O)OC1CC(=C(C)CC(=O)CC(C)C(=O)O)C2(C)CC=C3C(=CCC4C3(C)CCC(O)C4(C)C)C12C	ok	CC(=O)OC1CC(=C(C)CC(=O)CC(C)C(=O)O)C2(C)CC=C3C(=CCC4C3(C)CCC(O)C4(C)C)C12C	AGNAZKCPHGYYKE-UHFFFAOYSA-N	C32H46O6
external	AGNUIQKIUPCFET-UHFFFAOYSA-N	CCCCCCCCC1OCC(C)O1	ok	CCCCCCCCC1OCC(C)O1	AGNUIQKIUPCFET-UHFFFAOYSA-N	C12H24O2
external	AGOYDEPGAOXOCK-UHFFFAOYSA-N	CCC1OC(=O)C(C)C(OC2CC(C)(OC)C(O)C(C)O2)C(C)C(OC2OC(C)CC(N(C)C)C2O)C(C)(OC)CC(C)C(=O)C(C)C(O)C1(C)O	ok	CCC1OC(=O)C(C)C(OC2CC(C)(OC)C(O)C(C)O2)C(C)C(OC2OC(C)CC(N(C)C)C2O)C(C)(OC)CC(C)C(=O)C(C)C(O)C1(C)O	AGOYDEPGAOXOCK-UHFFFAOYSA-N	C38H69NO13
external	AGSLYHYWLYGAOU-UHFFFAOYSA-N	CNCCOC(c1ccccc1)c1ccccc1	ok	CNCCOC(c1ccccc1)c1ccccc1	AGSLYHYWLYGAOU-UHFFFAOYSA-N	C16H19NO
external	AGWPABZXEMVRNE-UHFFFAOYSA-N	O=C(C=Cc1ccc(O)c(O)c1)OC1CCC(OC(=O)C=Cc2ccc(O)c(O)c2)(C(=O)O)C(O)C1O	tautomer_MaxTransformsReached			C25H24O12
external	AGXLQRPCBKYRSR-UHFFFAOYSA-N	CCOC1OC2OC3(C)CCCC4C(C)CCC(C1C)C24OO3	ok	CCOC1OC2OC3(C)CCCC4C(C)CCC(C1C)C24OO3	AGXLQRPCBKYRSR-UHFFFAOYSA-N	C18H30O5
external	AHEWVDSAOCOLCK-UHFFFAOYSA-N	CC1(C)CCC2(C(=O)OC3OC(CO)C(O)C(O)C3O)C(O)CC3(C)C(=CCC4C5(C)CCC(OC6OCC(O)C(OC7OC(CO)C(O)C(OC8OC(CO)C(O)C(O)C8O)C7O)C6O)C(C)(C)C5CCC43C)C2C1	ok	CC1(C)CCC2(C(=O)OC3OC(CO)C(O)C(O)C3O)C(O)CC3(C)C(=CCC4C5(C)CCC(OC6OCC(O)C(OC7OC(CO)C(O)C(OC8OC(CO)C(O)C(O)C8O)C7O)C6O)C(C)(C)C5CCC43C)C2C1	AHEWVDSAOCOLCK-UHFFFAOYSA-N	C53H86O23
external	AHJRHEGDXFFMBM-UHFFFAOYSA-N	CC(=O)c1c(C)c2cnc(Nc3ccc(N4CCNCC4)cn3)nc2n(C2CCCC2)c1=O	ok	CC(=O)c1c(C)c2cnc(Nc3ccc(N4CCNCC4)cn3)nc2n(C2CCCC2)c1=O	AHJRHEGDXFFMBM-UHFFFAOYSA-N	C24H29N7O2
external	AHKHKMDMRHPLNJ-UHFFFAOYSA-N	CCCCNCc1cc(=O)oc2cc(OC)ccc12	ok	CCCCNCc1cc(=O)oc2cc(OC)ccc12	AHKHKMDMRHPLNJ-UHFFFAOYSA-N	C15H19NO3
external	AHLPHDHHMVZTML-UHFFFAOYSA-N	NCCCC(N)C(=O)O	ok	NCCCC(N)C(=O)O	AHLPHDHHMVZTML-UHFFFAOYSA-N	C5H12N2O2
external	AHOUBRCZNHFOSL-UHFFFAOYSA-N	Fc1ccc(C2CCNCC2COc2ccc3c(c2)OCO3)cc1	ok	Fc1ccc(C2CCNCC2COc2ccc3c(c2)OCO3)cc1	AHOUBRCZNHFOSL-UHFFFAOYSA-N	C19H20FNO3
external	AHXICHPPXIGCBN-UHFFFAOYSA-N	COC(=O)OC12COC1CC(O)C1(C)C(=O)C(OC(C)=O)C3=C(C)C(OC(=O)C(O)C(N=C(O)OC(C)(C)C)C(C)(C)C)CC(O)(C(OC(=O)c4ccccc4)C21)C3(C)C	ok	COC(=O)OC12COC1CC(O)C1(C)C(=O)C(OC(C)=O)=C3C(C)C(OC(=O)C(O)C(NC(=O)OC(C)(C)C)C(C)(C)C)CC(O)(C(OC(=O)c4ccccc4)C21)C3(C)C	IQUMPOPXFXDEJZ-UHFFFAOYSA-N	C43H59NO16
external	AIFRHYZBTHREPW-UHFFFAOYSA-N	c1ccc2c(c1)[nH]c1cnccc12	ok	c1ccc2c(c1)[nH]c1cnccc12	AIFRHYZBTHREPW-UHFFFAOYSA-N	C11H8N2
external	AIILTVHCLAEMDA-UHFFFAOYSA-N	CCC(=O)SC	ok	CCC(=O)SC	AIILTVHCLAEMDA-UHFFFAOYSA-N	C4H8OS
external	AIJTTZAVMXIJGM-UHFFFAOYSA-N	Cc1c(F)c(N2CCNC(C)C2)cc2c1c(=O)c(C(=O)O)cn2C1CC1	ok	Cc1c(F)c(N2CCNC(C)C2)cc2c1c(=O)c(C(=O)O)cn2C1CC1	AIJTTZAVMXIJGM-UHFFFAOYSA-N	C19H22FN3O3
external	AIJULSRZWUXGPQ-UHFFFAOYSA-N	CC(=O)C=O	ok	CC(=O)C=O	AIJULSRZWUXGPQ-UHFFFAOYSA-N	C3H4O2
external	AILRADAXUVEEIR-UHFFFAOYSA-N	COc1cc(N2CCC(N3CCN(C)CC3)CC2)ccc1Nc1ncc(Cl)c(=Nc2ccccc2P(C)(C)=O)[nH]1	ok	COc1cc(N2CCC(N3CCN(C)CC3)CC2)ccc1Nc1ncc(Cl)c(Nc2ccccc2P(C)(C)=O)n1	AILRADAXUVEEIR-UHFFFAOYSA-N	C29H39ClN7O2P
external	AINNVCLTLJOODL-UHFFFAOYSA-N	C=CC1(C)CCC(OC2OC(COC3OCC(O)(CO)C3O)C(O)C(O)C2O)C(C)(C)O1	ok	C=CC1(C)CCC(OC2OC(COC3OCC(O)(CO)C3O)C(O)C(O)C2O)C(C)(C)O1	AINNVCLTLJOODL-UHFFFAOYSA-N	C21H36O11
external	AIONOLUJZLIMTK-UHFFFAOYSA-N	COc1ccc(C2CC(=O)c3c(O)cc(O)cc3O2)cc1O	ok	COc1ccc(C2CC(=O)c3c(O)cc(O)cc3O2)cc1O	AIONOLUJZLIMTK-UHFFFAOYSA-N	C16H14O6
external	AJLFOPYRIVGYMJ-UHFFFAOYSA-N	CCC(C)C(=O)OC1CCC=C2C=CC(C)C(CCC3CC(O)CC(=O)O3)C21	ok	CCC(C)C(=O)OC1CCC=C2C=CC(C)C(CCC3CC(O)CC(=O)O3)C21	AJLFOPYRIVGYMJ-UHFFFAOYSA-N	C23H34O5
external	AJRJPORIQGYFMT-UHFFFAOYSA-N	CC=C1N(C)C(C)CC1(c1ccccc1)c1ccccc1	ok	CC=C1N(C)C(C)CC1(c1ccccc1)c1ccccc1	AJRJPORIQGYFMT-UHFFFAOYSA-N	C20H23N
external	AJXPJJZHWIXJCJ-UHFFFAOYSA-N	CN1C(=O)CC(C)(c2ccccc2)C1=O	ok	CN1C(=O)CC(C)(c2ccccc2)C1=O	AJXPJJZHWIXJCJ-UHFFFAOYSA-N	C12H13NO2
external	AJYLEJBHVLQJTI-UHFFFAOYSA-N	CC(CCC(O)(CO)C(C)C)C1C(O)CC2(C)C3CCC4C(C)(C(=O)OC5OC(CO)C(O)C(O)C5O)C(O)CC(O)C45CC35CCC12C	ok	CC(CCC(O)(CO)C(C)C)C1C(O)CC2(C)C3CCC4C(C)(C(=O)OC5OC(CO)C(O)C(O)C5O)C(O)CC(O)C45CC35CCC12C	AJYLEJBHVLQJTI-UHFFFAOYSA-N	C37H62O12
external	AKDLSISGGARWFP-UHFFFAOYSA-N	COc1cc(CN=C(O)CCCCCCCC(C)C)ccc1O	ok	COc1cc(CNC(=O)CCCCCCCC(C)C)ccc1O	AKDLSISGGARWFP-UHFFFAOYSA-N	C19H31NO3
external	AKLMFDDQCHURPW-UHFFFAOYSA-N	CN(C)C1C(=O)C(C(=N)O)=C(O)C2(O)C(=O)C3=C(O)c4c(O)c(N=C(O)CN5CCCC5)cc(F)c4CC3CC12	tautomer_MaxTransformsReached			C27H31FN4O8
external	AKPLHCDWDRPJGD-UHFFFAOYSA-N	OC1=Nc2ccc(Cl)cc2C(c2ccccc2)=NC1	ok	O=C1CN=C(c2ccccc2)c2cc(Cl)ccc2N1	AKPLHCDWDRPJGD-UHFFFAOYSA-N	C15H11ClN2O
external	AKVBCGQVQXPRLD-UHFFFAOYSA-N	CCCCCCC(N)C(=O)O	ok	CCCCCCC(N)C(=O)O	AKVBCGQVQXPRLD-UHFFFAOYSA-N	C8H17NO2
external	ALARQZQTBTVLJV-UHFFFAOYSA-N	CCC1(c2ccccc2)C(=O)N(C)C(=O)N=C1O	ok	CCC1(c2ccccc2)C(=O)NC(=O)N(C)C1=O	ALARQZQTBTVLJV-UHFFFAOYSA-N	C13H14N2O3
external	ALEXXDVDDISNDU-UHFFFAOYSA-N	CC(=O)OCC(=O)C1(O)CCC2C3CCC4=CC(=O)CCC4(C)C3C(O)CC21C	ok	CC(=O)OCC(=O)C1(O)CCC2C3CC=C4CC(=O)CCC4(C)C3C(O)CC21C	XNMUPDICNYMLBM-UHFFFAOYSA-N	C23H32O6
external	ALFGKMXHOUSVAD-UHFFFAOYSA-N	CCC(=O)C1(c2cccc(O)c2)CCN(C)CC1	ok	CCC(=O)C1(c2cccc(O)c2)CCN(C)CC1	ALFGKMXHOUSVAD-UHFFFAOYSA-N	C15H21NO2
external	ALLWOAVDORUJLA-UHFFFAOYSA-N	O=C(NC(Cc1cc(O)nc2ccccc12)C(=O)O)c1ccc(Cl)cc1	ok	O=C(NC(Cc1cc(=O)[nH]c2ccccc12)C(=O)O)c1ccc(Cl)cc1	ALLWOAVDORUJLA-UHFFFAOYSA-N	C19H15ClN2O4
external	ALMJXWPCHVBUTP-UHFFFAOYSA-N	CC1=C(CCC(C)COC2OC(CO)C(O)C(O)C2O)OC2CC3C4CC(=O)C5CC(OC6OC(COC7OCC(O)C(O)C7O)C(OC7OCC(O)C(O)C7O)C(O)C6O)CCC5(C)C4CCC3(C)C12	ok	CC1=C(CCC(C)COC2OC(CO)C(O)C(O)C2O)OC2CC3C4CC(=O)C5CC(OC6OC(COC7OCC(O)C(O)C7O)C(OC7OCC(O)C(O)C7O)C(O)C6O)CCC5(C)C4CCC3(C)C12	ALMJXWPCHVBUTP-UHFFFAOYSA-N	C49H78O22
external	ALOBUEHUHMBRLE-UHFFFAOYSA-N	CCCCCCCN(CC)CCCC(O)c1ccc(NS(C)(=O)=O)cc1	ok	CCCCCCCN(CC)CCCC(O)c1ccc(NS(C)(=O)=O)cc1	ALOBUEHUHMBRLE-UHFFFAOYSA-N	C20H36N2O3S
external	ALRLPDGCPYIVHP-UHFFFAOYSA-N	O=[N+]([O-])c1ccc2ccc3cccc4ccc1c2c34	ok	O=[N+]([O-])c1ccc2ccc3cccc4ccc1c2c34	ALRLPDGCPYIVHP-UHFFFAOYSA-N	C16H9NO2
external	ALTAAUJNHYWOGS-UHFFFAOYSA-N	O=C(O)CC1CCC(O)CC1	ok	O=C(O)CC1CCC(O)CC1	ALTAAUJNHYWOGS-UHFFFAOYSA-N	C8H14O3
external	ALUFYZNLZVVCAA-UHFFFAOYSA-N	C=C(C)C1CC(=O)C(C)C(=O)C1	ok	C=C(C)C1CC(=O)C(C)C(=O)C1	ALUFYZNLZVVCAA-UHFFFAOYSA-N	C10H14O2
external	AMXPURQVAMENCC-UHFFFAOYSA-N	CC(=O)SC(C)(C)C1CCC(C)CC1=O	ok	CC(=O)SC(C)(C)C1CCC(C)CC1=O	AMXPURQVAMENCC-UHFFFAOYSA-N	C12H20O2S
external	ANEBWFXPVPTEET-UHFFFAOYSA-N	COC(=O)C1=C(C)NC(C)=C(C(=O)OCCN2CCN(C(c3ccccc3)c3ccccc3)CC2)C1c1cccc([N+](=O)[O-])c1	ok	COC(=O)C1=C(C)N=C(C)C(C(=O)OCCN2CCN(C(c3ccccc3)c3ccccc3)CC2)C1c1cccc([N+](=O)[O-])c1	PIRWHBVBBBZNKG-UHFFFAOYSA-N	C35H38N4O6
external	ANJRGSHRMWLHFZ-UHFFFAOYSA-N	CCCC(=O)OC(C)Cc1ccccc1	ok	CCCC(=O)OC(C)Cc1ccccc1	ANJRGSHRMWLHFZ-UHFFFAOYSA-N	C13H18O2
external	ANTSCNMPPGJYLG-UHFFFAOYSA-N	CN=C1C[N+]([O-])=C(c2ccccc2)c2cc(Cl)ccc2N1	ok	CN=C1C[N+]([O-])=C(c2ccccc2)c2cc(Cl)ccc2N1	ANTSCNMPPGJYLG-UHFFFAOYSA-N	C16H14ClN3O
external	ANUCDXCTICZJRH-UHFFFAOYSA-N	CC1COC2(c3ccccc3Cl)c3cc(Cl)ccc3N=C(O)CN12	ok	CC1COC2(c3ccccc3Cl)c3cc(Cl)ccc3NC(=O)CN12	ANUCDXCTICZJRH-UHFFFAOYSA-N	C18H16Cl2N2O2
external	ANUCHZVCBDOPOX-UHFFFAOYSA-N	c1ccc2c(c1)ccc1nc3ccc4ccccc4c3cc12	ok	c1ccc2c(c1)ccc1nc3ccc4ccccc4c3cc12	ANUCHZVCBDOPOX-UHFFFAOYSA-N	C21H13N
external	ANWPENAPCIFDSZ-UHFFFAOYSA-N	CCC(C(=N)O)N1CC(C=C(F)F)CC1=O	ok	CCC(C(N)=O)N1CC(C=C(F)F)CC1=O	ANWPENAPCIFDSZ-UHFFFAOYSA-N	C10H14F2N2O2
external	AOBORMOPSGHCAX-UHFFFAOYSA-N	Cc1c(C)c2c(c(C)c1OC(=O)CCC(=O)OCCO)CCC(C)(CCCC(C)CCCC(C)CCCC(C)C)O2	ok	Cc1c(C)c2c(c(C)c1OC(=O)CCC(=O)OCCO)CCC(C)(CCCC(C)CCCC(C)CCCC(C)C)O2	AOBORMOPSGHCAX-UHFFFAOYSA-N	C35H58O6
external	AOHMXFJFQLUIJL-UHFFFAOYSA-N	CCCCCCCCC=CCCCCCCCCCCCC(O)=NC(CO)C(O)CCCCCCCCCCCCCCC	ok	CCCCCCCCC=CCCCCCCCCCCCC(=O)NC(CO)C(O)CCCCCCCCCCCCCCC	AOHMXFJFQLUIJL-UHFFFAOYSA-N	C40H79NO3
external	AOIQKSHKQIJFMK-UHFFFAOYSA-N	COc1ccc2c(c1)c(CC(O)=NCC(O)c1ccccc1)c(C)n2C(=O)c1ccc(Cl)cc1	ok	COc1ccc2c(c1)c(CC(=O)NCC(O)c1ccccc1)c(C)n2C(=O)c1ccc(Cl)cc1	AOIQKSHKQIJFMK-UHFFFAOYSA-N	C27H25ClN2O4
external	AOJJSUZBOXZQNB-UHFFFAOYSA-N	COc1cccc2c1C(=O)c1c(O)c3c(c(O)c1C2=O)CC(O)(C(=O)CO)CC3OC1CC(N)C(O)C(C)O1	ok	COc1cccc2c(O)c3c(c(O)c12)C(=O)C1=C(CC(O)(C(=O)CO)CC1OC1CC(N)C(O)C(C)O1)C3=O	XZTGINNGSQCYPR-UHFFFAOYSA-N	C27H29NO11
external	APJYDQYYACXCRM-UHFFFAOYSA-N	NCCc1c[nH]c2ccccc12	ok	NCCc1c[nH]c2ccccc12	APJYDQYYACXCRM-UHFFFAOYSA-N	C10H12N2
external	APPXYONGBIXGRO-UHFFFAOYSA-N	CC(C)=CCc1c(-c2ccc(O)cc2O)oc2c(C3C=C(C)CC(c4ccc(O)cc4O)C3C(=O)c3ccc(O)cc3O)c(O)cc(O)c2c1=O	tautomer_MaxTransformsReached			C40H36O11
external	APSJUNFBAXIXLK-UHFFFAOYSA-N	Cc1ccc(C(=O)C(C)N2CCCC2)cc1	ok	Cc1ccc(C(=O)C(C)N2CCCC2)cc1	APSJUNFBAXIXLK-UHFFFAOYSA-N	C14H19NO
external	APTGJECXMIKIET-UHFFFAOYSA-N	C#CC1(OC(=O)CCCCCC)CCC2C3CCC4=CC(=O)CCC4C3CCC21C	ok	C#CC1(OC(=O)CCCCCC)CCC2C3CC=C4CC(=O)CCC4C3CCC21C	ZYEOLMDPAUHXEQ-UHFFFAOYSA-N	C27H38O3
external	AQHHHDLHHXJYJD-UHFFFAOYSA-N	CC(C)NCC(O)COc1cccc2ccccc12	ok	CC(C)NCC(O)COc1cccc2ccccc12	AQHHHDLHHXJYJD-UHFFFAOYSA-N	C16H21NO2
external	AQIVDANQKWQSRX-UHFFFAOYSA-N	CCCCCCC1CCC(CCCCCCCC(=O)O)O1	ok	CCCCCCC1CCC(CCCCCCCC(=O)O)O1	AQIVDANQKWQSRX-UHFFFAOYSA-N	C18H34O3
external	AQIXAKUUQRKLND-UHFFFAOYSA-N	CN=C(NC#N)NCCSCc1[nH]cnc1C	ok	CN=C(NC#N)NCCSCc1[nH]cnc1C	AQIXAKUUQRKLND-UHFFFAOYSA-N	C10H16N6S
external	AQKVISOBVPVACA-UHFFFAOYSA-N	NCCc1ccc(OC2OC(C(=O)O)C(O)C(O)C2O)cc1	ok	NCCc1ccc(OC2OC(C(=O)O)C(O)C(O)C2O)cc1	AQKVISOBVPVACA-UHFFFAOYSA-N	C14H19NO7
external	AQNDDEOPVVGCPG-UHFFFAOYSA-N	COC(=O)CCc1ccc(OCC(O)CNC(C)C)cc1	ok	COC(=O)CCc1ccc(OCC(O)CNC(C)C)cc1	AQNDDEOPVVGCPG-UHFFFAOYSA-N	C16H25NO4
external	AQOKCDNYWBIDND-UHFFFAOYSA-N	CCN=C(O)CCCC=CCC1C(O)CC(O)C1C=CC(O)CCc1ccccc1	ok	CCNC(=O)CCCC=CCC1C(O)CC(O)C1C=CC(O)CCc1ccccc1	AQOKCDNYWBIDND-UHFFFAOYSA-N	C25H37NO4
external	AQOXEJNYXXLRQQ-UHFFFAOYSA-N	CCOc1ccc(CC(CN(CCN(CC(=O)O)CC(=O)O)CC(=O)O)N(CC(=O)O)CC(=O)O)cc1	ok	CCOc1ccc(CC(CN(CCN(CC(=O)O)CC(=O)O)CC(=O)O)N(CC(=O)O)CC(=O)O)cc1	AQOXEJNYXXLRQQ-UHFFFAOYSA-N	C23H33N3O11
external	AQTFQQHFHGBCPG-UHFFFAOYSA-N	CCN(CC)C(=O)SC	ok	CCN(CC)C(=O)SC	AQTFQQHFHGBCPG-UHFFFAOYSA-N	C6H13NOS
external	ARAIBEBZBOPLMB-UHFFFAOYSA-N	CC(O)=NC1C(NC(=N)N)C=C(C(=O)O)OC1C(O)C(O)CO	ok	CC(=O)NC1C(N=C(N)N)C=C(C(=O)O)OC1C(O)C(O)CO	ARAIBEBZBOPLMB-UHFFFAOYSA-N	C12H20N4O7
external	ARGFHYICTJBMFD-UHFFFAOYSA-N	Cc1nc2c(c(=O)n(C)c(=O)n2CC2CCCCC2)n1C	ok	Cc1nc2c(c(=O)n(C)c(=O)n2CC2CCCCC2)n1C	ARGFHYICTJBMFD-UHFFFAOYSA-N	C15H22N4O2
external	ARJPPNFIEQKVBB-UHFFFAOYSA-N	CC(O)=NCCC=O	ok	CC(=O)NCCC=O	ARJPPNFIEQKVBB-UHFFFAOYSA-N	C5H9NO2
external	ARPVSMCNIDAQBO-UHFFFAOYSA-N	CC(C)CC(N=C(O)C(N)CCC(=N)O)C(=O)O	ok	CC(C)CC(NC(=O)C(N)CCC(N)=O)C(=O)O	ARPVSMCNIDAQBO-UHFFFAOYSA-N	C11H21N3O4
external	ARSRBNBHOADGJU-UHFFFAOYSA-N	Cc1c2ccccc2c(C)c2c1ccc1ccccc12	ok	Cc1c2ccccc2c(C)c2c1ccc1ccccc12	ARSRBNBHOADGJU-UHFFFAOYSA-N	C20H16
external	ARSVRKCVNFIICJ-UHFFFAOYSA-N	CC(N=C(O)CC(N)C(=O)O)C(=O)O	ok	CC(NC(=O)CC(N)C(=O)O)C(=O)O	ARSVRKCVNFIICJ-UHFFFAOYSA-N	C7H12N2O5
external	ARTRTLXKTHJPRW-UHFFFAOYSA-N	CCN(CC)S(=O)(=O)NC1CC2c3cccc4c3c(cn4CC)CC2N(C)C1	ok	CCN(CC)S(=O)(=O)NC1CC2c3cccc4c3c(cn4CC)CC2N(C)C1	ARTRTLXKTHJPRW-UHFFFAOYSA-N	C21H32N4O2S
external	ARZWATDYIYAUTA-UHFFFAOYSA-N	Cn1c(=N)[nH]c2c3cccnc3ccc21	ok	Cn1c(N)nc2c3cccnc3ccc21	ARZWATDYIYAUTA-UHFFFAOYSA-N	C11H10N4
external	ASICPMTWQSESKX-UHFFFAOYSA-N	CCCCCCCCCCCCCC(=O)CC(=O)O	ok	CCCCCCCCCCCCCC(=O)CC(=O)O	ASICPMTWQSESKX-UHFFFAOYSA-N	C16H30O3
external	ASLNKQVAPNIFQR-UHFFFAOYSA-N	CCNCC1=CC(=O)OC2=CC(OC)=CCC12	ok	CCNCC1=CC(=O)OC2=CC(OC)=CCC12	ASLNKQVAPNIFQR-UHFFFAOYSA-N	C13H17NO3
external	ASUTZQLVASHGKV-UHFFFAOYSA-N	COc1ccc2c3c1OC1CC(O)C=CC31CCN(C)C2	ok	COc1ccc2c3c1OC1CC(O)C=CC31CCN(C)C2	ASUTZQLVASHGKV-UHFFFAOYSA-N	C17H21NO3
external	ASVDRLYVNFOSCI-UHFFFAOYSA-N	Cc1cc2c3ccccc3ccc2c2ccccc12	ok	Cc1cc2c3ccccc3ccc2c2ccccc12	ASVDRLYVNFOSCI-UHFFFAOYSA-N	C19H14
external	ASWVTGNCAZCNNR-UHFFFAOYSA-N	Cc1cc(C)nc(NS(=O)(=O)c2ccc(N)cc2)n1	ok	Cc1cc(C)nc(NS(=O)(=O)c2ccc(N)cc2)n1	ASWVTGNCAZCNNR-UHFFFAOYSA-N	C12H14N4O2S
external	ASXBYYWOLISCLQ-UHFFFAOYSA-N	CNC1C(OC2C(OC3C(O)C(O)C(NC(=N)N)C(O)C3NC(=N)N)OC(C)C2(O)CO)OC(CO)C(O)C1O	ok	CNC1C(OC2C(OC3C(O)C(O)C(N=C(N)N)C(O)C3N=C(N)N)OC(C)C2(O)CO)OC(CO)C(O)C1O	ASXBYYWOLISCLQ-UHFFFAOYSA-N	C21H41N7O12
external	ATALOFNDEOCMKK-UHFFFAOYSA-N	CC(OC1OCCN(Cc2nc(O)n[nH]2)C1c1ccc(F)cc1)c1cc(C(F)(F)F)cc(C(F)(F)F)c1	ok	CC(OC1OCCN(Cc2n[nH]c(=O)[nH]2)C1c1ccc(F)cc1)c1cc(C(F)(F)F)cc(C(F)(F)F)c1	ATALOFNDEOCMKK-UHFFFAOYSA-N	C23H21F7N4O3
external	ATCGGEJZONJOCL-UHFFFAOYSA-N	N=c1nc(-c2cc(Cl)ccc2Cl)[nH]c(=N)[nH]1	ok	Nc1nc(N)nc(-c2cc(Cl)ccc2Cl)n1	ATCGGEJZONJOCL-UHFFFAOYSA-N	C9H7Cl2N5
external	ATHHXGZTWNVVOU-UHFFFAOYSA-N	CN=CO	ok	CNC=O	ATHHXGZTWNVVOU-UHFFFAOYSA-N	C2H5NO
external	ATQIQIBBBWQWOT-UHFFFAOYSA-N	COC(=O)C(C)=CC=CC(C)=CC=CC=C(C)C=CC=C(C)C(=O)OC1OC(CO)C(O)C(O)C1O	ok	COC(=O)C(C)=CC=CC(C)=CC=CC=C(C)C=CC=C(C)C(=O)OC1OC(CO)C(O)C(O)C1O	ATQIQIBBBWQWOT-UHFFFAOYSA-N	C27H36O9
external	ATTZFSUZZUNHBP-UHFFFAOYSA-N	CCCCCCCCS(=O)C(C)Cc1ccc2c(c1)OCO2	ok	CCCCCCCC[S+]([O-])C(C)Cc1ccc2c(c1)OCO2	ATTZFSUZZUNHBP-UHFFFAOYSA-N	C18H28O3S
external	ATXHVCQZZJYMCF-UHFFFAOYSA-N	C=CCC1(O)CCC2C3CCC4=CCCCC4C3CCC21C	ok	C=CCC1(O)CCC2C3CCC4=CCCCC4C3CCC21C	ATXHVCQZZJYMCF-UHFFFAOYSA-N	C21H32O
external	AUCNGVTWAHBDRJ-UHFFFAOYSA-N	CCCCCOc1ccc2ccc(=O)oc2c1	ok	CCCCCOc1ccc2ccc(=O)oc2c1	AUCNGVTWAHBDRJ-UHFFFAOYSA-N	C14H16O3
external	AUJXLBOHYWTPFV-UHFFFAOYSA-N	CSC1SCC2C(=O)N(C)C(C(C)C)C(=O)OCC(N=C(O)c3cnc4ccccc4n3)C(O)=NC(C)C(=O)N(C)C1C(=O)N(C)C(C(C)C)C(=O)OCC(N=C(O)c1cnc3ccccc3n1)C(O)=NC(C)C(=O)N2C	tautomer_MaxTransformsReached			C51H64N12O12S2
external	AUMHDRMJJNZTPB-UHFFFAOYSA-N	O=c1c(CCS(=O)c2ccccc2)c(O)n(-c2ccccc2)n1-c1ccccc1	ok	O=c1c(CC[S+]([O-])c2ccccc2)c(O)n(-c2ccccc2)n1-c1ccccc1	AUMHDRMJJNZTPB-UHFFFAOYSA-N	C23H20N2O3S
external	AURFZBICLPNKBZ-UHFFFAOYSA-N	CC(=O)C1CCC2C3CCC4CC(O)CCC4(C)C3CCC12C	ok	CC(=O)C1CCC2C3CCC4CC(O)CCC4(C)C3CCC12C	AURFZBICLPNKBZ-UHFFFAOYSA-N	C21H34O2
external	AUVVAXYIELKVAI-UHFFFAOYSA-N	CCC1CN2CCc3cc(OC)c(OC)cc3C2CC1CC1NCCc2cc(OC)c(OC)cc21	ok	CCC1CN2CCc3cc(OC)c(OC)cc3C2CC1CC1NCCc2cc(OC)c(OC)cc21	AUVVAXYIELKVAI-UHFFFAOYSA-N	C29H40N2O4
external	AUYYCJSJGJYCDS-UHFFFAOYSA-N	NC(Cc1cc(I)c(Oc2ccc(O)c(I)c2)c(I)c1)C(=O)O	ok	NC(Cc1cc(I)c(Oc2ccc(O)c(I)c2)c(I)c1)C(=O)O	AUYYCJSJGJYCDS-UHFFFAOYSA-N	C15H12I3NO4
external	AUZONCFQVSMFAP-UHFFFAOYSA-N	CCN(CC)C(=S)SSC(=S)N(CC)CC	ok	CCN(CC)C(=S)SSC(=S)N(CC)CC	AUZONCFQVSMFAP-UHFFFAOYSA-N	C10H20N2S4
external	AVTXSAWPGCSYFO-UHFFFAOYSA-N	CC(C)=CCCC(C)(OC1OC(CO)C(O)C(O)C1O)C1CCC2(C)C1C(O)CC1C3(C)CCC(OC4OC(CO)C(O)C(O)C4O)C(C)(C)C3C(O)CC12C	ok	CC(C)=CCCC(C)(OC1OC(CO)C(O)C(O)C1O)C1CCC2(C)C1C(O)CC1C3(C)CCC(OC4OC(CO)C(O)C(O)C4O)C(C)(C)C3C(O)CC12C	AVTXSAWPGCSYFO-UHFFFAOYSA-N	C42H72O14
external	AWGFYZFANDHELM-UHFFFAOYSA-N	CCC=CCCCCC=CCCCCCCCC(=O)O	ok	CCC=CCCCCC=CCCCCCCCC(=O)O	AWGFYZFANDHELM-UHFFFAOYSA-N	C18H32O2
external	AWJUIBRHMBBTKR-UHFFFAOYSA-N	c1ccc2cnccc2c1	ok	c1ccc2cnccc2c1	AWJUIBRHMBBTKR-UHFFFAOYSA-N	C9H7N
external	AWKLBIOQCIORSB-UHFFFAOYSA-N	CCN(CC)CCn1cnc2c1c(=O)n(C)c(=O)n2C	ok	CCN(CC)CCn1cnc2c1c(=O)n(C)c(=O)n2C	AWKLBIOQCIORSB-UHFFFAOYSA-N	C13H21N5O2
external	AXMZZGKKZDJGAZ-UHFFFAOYSA-N	CCCN1CC(c2ccc(S(C)(=O)=O)cc2)=C(c2ccc(C)cc2)C1=O	ok	CCCN1CC(c2ccc(S(C)(=O)=O)cc2)=C(c2ccc(C)cc2)C1=O	AXMZZGKKZDJGAZ-UHFFFAOYSA-N	C21H23NO3S
external	AXQACEQYCPKDMV-UHFFFAOYSA-N	CC(C)(N=C(O)C1=C(O)C2Oc3c(O)ccc4c3C23CCN(CC2CC2)C(C4)C3(O)C1)c1nc(-c2ccccc2)no1	ok	CC(C)(NC(=O)C1CC2(O)C3Cc4ccc(O)c5c4C2(CCN3CC2CC2)C(O5)C1=O)c1nc(-c2ccccc2)no1	CZMKSZPFKORSET-UHFFFAOYSA-N	C32H34N4O6
external	AXQLFFDZXPOFPO-UHFFFAOYSA-N	CC(O)=NC1C(OC2C(O)C(CO)OC(OC3C(CO)OC(O)C(O)C3O)C2O)OC(CO)C(O)C1OC1OC(CO)C(O)C(O)C1O	ok	CC(=O)NC1C(OC2C(O)C(CO)OC(OC3C(CO)OC(O)C(O)C3O)C2O)OC(CO)C(O)C1OC1OC(CO)C(O)C(O)C1O	AXQLFFDZXPOFPO-UHFFFAOYSA-N	C26H45NO21
external	AXRYRYVKAWYZBR-UHFFFAOYSA-N	COC(O)=NC(C(O)=NC(Cc1ccccc1)C(O)CN(Cc1ccc(-c2ccccn2)cc1)N=C(O)C(N=C(O)OC)C(C)(C)C)C(C)(C)C	ok	COC(=O)NC(C(=O)NC(Cc1ccccc1)C(O)CN(Cc1ccc(-c2ccccn2)cc1)NC(=O)C(NC(=O)OC)C(C)(C)C)C(C)(C)C	AXRYRYVKAWYZBR-UHFFFAOYSA-N	C38H52N6O7
external	AXVHXJQWKAFHQW-UHFFFAOYSA-N	CC1=C(C=O)C(C)(C)C=CC1	ok	CC1=C(C=O)C(C)(C)C=CC1	AXVHXJQWKAFHQW-UHFFFAOYSA-N	C10H14O
external	AYKYOOPFBCOXSL-UHFFFAOYSA-N	N#CCc1ccc(O)cc1	ok	N#CCc1ccc(O)cc1	AYKYOOPFBCOXSL-UHFFFAOYSA-N	C8H7NO
external	AYRFRNAUOZQULA-UHFFFAOYSA-N	O=C1C=c2oc3c(O)c4c(oc5cc(O)c(O)cc54)c(O)c3c2=CC1=O	ok	O=C1Cc2c(oc3c(=O)c4c(oc5cc(=O)c(=O)cc54)c(=O)c23)CC1O	ORMJEQPPTOFJLS-UHFFFAOYSA-N	C18H8O8
external	AYUIKFTXLXFFLE-UHFFFAOYSA-N	CCCCCC(O)CCCCC(O)C1CCC(C2CCC(C(O)CCCCC(O)CCCCCCCc3cc(C)oc3O)O2)O1	ok	CCCCCC(O)CCCCC(O)C1CCC(C2CCC(C(O)CCCCC(O)CCCCCCCc3cc(C)oc3O)O2)O1	AYUIKFTXLXFFLE-UHFFFAOYSA-N	C37H66O8
external	AYXPYQRXGNDJFU-UHFFFAOYSA-N	CC1CCC2C1C1C(CCC2(C)O)C1(C)C	ok	CC1CCC2C1C1C(CCC2(C)O)C1(C)C	AYXPYQRXGNDJFU-UHFFFAOYSA-N	C15H26O
external	AZFBLLCNOQPJGJ-UHFFFAOYSA-N	COC1C=COC2(C)Oc3c(C)c(O)c4c(O)c(c5c(c4c3C2=O)=NC2(CCN(CC(C)C)CC2)N=5)N=C(O)C(C)=CC=CC(C)C(O)C(C)C(O)C(C)C(OC(C)=O)C1C	tautomer_MaxTransformsReached			C46H62N4O11
external	AZFLJNIPTRTECV-UHFFFAOYSA-N	CC12CCC3=C4CCC(=O)C=C4CCC3C1CCC2(O)CC#N	ok	CC12CC=C3C4=C(CCC3C1CCC2(O)CC#N)CC(=O)CC4	WUQMVSOZWZOUJR-UHFFFAOYSA-N	C20H25NO2
external	AZHGTTHAUVPRFY-UHFFFAOYSA-N	CC=CC=CC=CCC=CC=CCC(O)=NCC(C)C	ok	CC=CC=CC=CCC=CC=CCC(=O)NCC(C)C	AZHGTTHAUVPRFY-UHFFFAOYSA-N	C18H27NO
external	AZPCZHMEQBFZQM-UHFFFAOYSA-N	CCCCCCCCCCCCCCCCCCC(=O)CC(O)CCCCC	ok	CCCCCCCCCCCCCCCCCCC(=O)CC(O)CCCCC	AZPCZHMEQBFZQM-UHFFFAOYSA-N	C26H52O2
external	AZQWKYJCGOJGHM-UHFFFAOYSA-N	O=C1C=CC(=O)C=C1	ok	O=C1C=CC(=O)C=C1	AZQWKYJCGOJGHM-UHFFFAOYSA-N	C6H4O2
external	AZSNMRSAGSSBNP-UHFFFAOYSA-N	CCC(C)C1OC2(CCC1C)CC1CC(CC=C(C)C(OC3CC(OC)C(OC4CC(OC)C(O)C(C)O4)C(C)O3)C(C)C=CC=C3COC4C(O)C(C)=CC(C(=O)O1)C34O)O2	ok	CCC(C)C1OC2(CCC1C)CC1CC(CC=C(C)C(OC3CC(OC)C(OC4CC(OC)C(O)C(C)O4)C(C)O3)C(C)C=CC=C3COC4C(O)C(C)=CC(C(=O)O1)C34O)O2	AZSNMRSAGSSBNP-UHFFFAOYSA-N	C48H74O14
external	AZTMWIPCEFFOJD-UHFFFAOYSA-N	CC1NCCc2c1[nH]c1cc(O)ccc21	ok	CC1NCCc2c1[nH]c1cc(O)ccc21	AZTMWIPCEFFOJD-UHFFFAOYSA-N	C12H14N2O
external	BAINIUMDFURPJM-UHFFFAOYSA-N	Oc1nc2ccccc2n1CCCN1CCN(C(c2ccccc2)c2ccccc2)CC1	ok	O=c1[nH]c2ccccc2n1CCCN1CCN(C(c2ccccc2)c2ccccc2)CC1	BAINIUMDFURPJM-UHFFFAOYSA-N	C27H30N4O
external	BARDROPHSZEBKC-UHFFFAOYSA-N	CC(OC1OCCN(Cc2nc(=O)n(P(=O)(O)O)[nH]2)C1c1ccc(F)cc1)c1cc(C(F)(F)F)cc(C(F)(F)F)c1	ok	CC(OC1OCCN(Cc2nc(=O)n(P(=O)(O)O)[nH]2)C1c1ccc(F)cc1)c1cc(C(F)(F)F)cc(C(F)(F)F)c1	BARDROPHSZEBKC-UHFFFAOYSA-N	C23H22F7N4O6P
external	BAVONGHXFVOKBV-UHFFFAOYSA-N	C=C(C)C1CC=C(C)C(O)C1	ok	C=C(C)C1CC=C(C)C(O)C1	BAVONGHXFVOKBV-UHFFFAOYSA-N	C10H16O
external	BBAWEDCPNXPBQM-UHFFFAOYSA-N	CCCC(N=C(O)C1C2CCCC2CN1C(=O)C(N=C(O)C(N=C(O)c1cnccn1)C1CCCCC1)C(C)(C)C)C(=O)C(=O)NC1CC1	tautomer_MaxTransformsReached			C36H53N7O6
external	BBBXWRGITSUJPB-UHFFFAOYSA-N	NCCCCC(N=C(O)C(N)CCC(=O)O)C(=O)O	ok	NCCCCC(NC(=O)C(N)CCC(=O)O)C(=O)O	BBBXWRGITSUJPB-UHFFFAOYSA-N	C11H21N3O5
external	BBDKZWKEPDTENS-UHFFFAOYSA-N	C=CC1CC=CCC1	ok	C=CC1CC=CCC1	BBDKZWKEPDTENS-UHFFFAOYSA-N	C8H12
external	BBEAQIROQSPTKN-UHFFFAOYSA-N	c1cc2ccc3cccc4ccc(c1)c2c34	ok	c1cc2ccc3cccc4ccc(c1)c2c34	BBEAQIROQSPTKN-UHFFFAOYSA-N	C16H10
external	BBFQZRXNYIEMAW-UHFFFAOYSA-N	COc1cccc2c1cc([N+](=O)[O-])c1c(C(=O)O)cc3c(c12)OCO3	ok	COc1cccc2c1cc([N+](=O)[O-])c1c(C(=O)O)cc3c(c12)OCO3	BBFQZRXNYIEMAW-UHFFFAOYSA-N	C17H11NO7
external	BBIXOODYWPFNDT-UHFFFAOYSA-N	CCC(C)C(N)C(=O)N1CCCC1C(=O)O	ok	CCC(C)C(N)C(=O)N1CCCC1C(=O)O	BBIXOODYWPFNDT-UHFFFAOYSA-N	C11H20N2O3
external	BBJQPKLGPMQWBU-UHFFFAOYSA-N	CCCCCCCCCCCCCCCC(=O)OC1CCC2(C)C(=CCC3C2CCC2(C)C(C(C)CCCC(C)C)CCC32)C1	ok	CCCCCCCCCCCCCCCC(=O)OC1CCC2(C)C(=CCC3C2CCC2(C)C(C(C)CCCC(C)C)CCC32)C1	BBJQPKLGPMQWBU-UHFFFAOYSA-N	C43H76O2
external	BBJRTSLPWQUASB-UHFFFAOYSA-N	CCCCCC=CCC(O)C=CC=CC=CC(O)CCCC(=O)N(C)C	ok	CCCCCC=CCC(O)C=CC=CC=CC(O)CCCC(=O)N(C)C	BBJRTSLPWQUASB-UHFFFAOYSA-N	C22H37NO3
external	BBMCNYFBAIUERL-UHFFFAOYSA-N	CCCCCCC(OC)OC	ok	CCCCCCC(OC)OC	BBMCNYFBAIUERL-UHFFFAOYSA-N	C9H20O2
external	BCCREUFCSIMJFS-UHFFFAOYSA-N	OCC(O)=NCCCOc1cccc(CN2CCCCC2)c1	ok	O=C(CO)NCCCOc1cccc(CN2CCCCC2)c1	BCCREUFCSIMJFS-UHFFFAOYSA-N	C17H26N2O3
external	BCEHBSKCWLPMDN-UHFFFAOYSA-N	CC(c1ncncc1F)C(O)(Cn1cncn1)c1ccc(F)cc1F	ok	CC(c1ncncc1F)C(O)(Cn1cncn1)c1ccc(F)cc1F	BCEHBSKCWLPMDN-UHFFFAOYSA-N	C16H14F3N5O
external	BCFGMOOMADDAQU-UHFFFAOYSA-N	CS(=O)(=O)CCNCc1ccc(-c2ccc3ncnc(Nc4ccc(OCc5cccc(F)c5)c(Cl)c4)c3c2)o1	ok	CS(=O)(=O)CCNCc1ccc(-c2ccc3ncnc(Nc4ccc(OCc5cccc(F)c5)c(Cl)c4)c3c2)o1	BCFGMOOMADDAQU-UHFFFAOYSA-N	C29H26ClFN4O4S
external	BCGWQEUPMDMJNV-UHFFFAOYSA-N	CN(C)CCCN1c2ccccc2CCc2ccccc21	ok	CN(C)CCCN1c2ccccc2CCc2ccccc21	BCGWQEUPMDMJNV-UHFFFAOYSA-N	C19H24N2
external	BCMYNNIPTQUKAC-UHFFFAOYSA-N	CCCCC=CCC(=O)OCC	ok	CCCCC=CCC(=O)OCC	BCMYNNIPTQUKAC-UHFFFAOYSA-N	C10H18O2
external	BCQTVJKBTWGHCX-UHFFFAOYSA-N	Cc1cccc(C)c1N=C(O)CC12CCCN1CCC2	ok	Cc1cccc(C)c1NC(=O)CC12CCCN1CCC2	BCQTVJKBTWGHCX-UHFFFAOYSA-N	C17H24N2O
external	BCQZXOMGPXTTIC-UHFFFAOYSA-N	FC(F)(F)C(Cl)Br	ok	FC(F)(F)C(Cl)Br	BCQZXOMGPXTTIC-UHFFFAOYSA-N	C2HBrClF3
external	BDCDNTVZSILEOY-UHFFFAOYSA-N	O=c1c(OC2OC(CO)C(O)C2O)c(-c2ccc(O)c(O)c2)oc2cc(O)cc(O)c12	tautomer_MaxTransformsReached			C20H18O11
external	BDERNNFJNOPAEC-UHFFFAOYSA-N	CCCO	ok	CCCO	BDERNNFJNOPAEC-UHFFFAOYSA-N	C3H8O
external	BDIZCZITXGMZCF-UHFFFAOYSA-N	COC1C=C2C(CCC(OC3OCC(O)C(O)C3O)C2(C)C)C2(C)CCC3(C)C(C(C)CCC=C(C)C)C(OC4OC(COC(C)=O)C(OC(C)=O)C(O)C4O)CC3(C)C12	ok	COC1C=C2C(CCC(OC3OCC(O)C(O)C3O)C2(C)C)C2(C)CCC3(C)C(C(C)CCC=C(C)C)C(OC4OC(COC(C)=O)C(OC(C)=O)C(O)C4O)CC3(C)C12	BDIZCZITXGMZCF-UHFFFAOYSA-N	C46H74O14
external	BDOGTORASJEUBW-UHFFFAOYSA-N	CCCCOc1ccc2ccc(=O)oc2c1	ok	CCCCOc1ccc2ccc(=O)oc2c1	BDOGTORASJEUBW-UHFFFAOYSA-N	C13H14O3
external	BDQUGJCOXDENQA-UHFFFAOYSA-N	Nc1cc2c3c(ccc2c2ccccc12)C(O)C(O)C=C3	ok	Nc1cc2c3c(ccc2c2ccccc12)C(O)C(O)C=C3	BDQUGJCOXDENQA-UHFFFAOYSA-N	C18H15NO2
external	BEFYGZGLHDYVIF-UHFFFAOYSA-N	CC(=CC(C)C1CCC2C1(C)CCC1C23C=CC2(CC(O)CCC12C)OO3)C(C)C(C)C	ok	CC(=CC(C)C1CCC2C1(C)CCC1C23C=CC2(CC(O)CCC12C)OO3)C(C)C(C)C	BEFYGZGLHDYVIF-UHFFFAOYSA-N	C29H46O3
external	BFPAVSSBPLQXJZ-UHFFFAOYSA-N	C=CC1(C)CCC2=C(CCC3C(C)(C(=O)O)CCCC23C)C1	ok	C=CC1(C)CCC2=C(CCC3C(C)(C(=O)O)CCCC23C)C1	BFPAVSSBPLQXJZ-UHFFFAOYSA-N	C20H30O2
external	BFPYWIDHMRZLRN-UHFFFAOYSA-N	C#CC1(O)CCC2C3CCc4cc(O)ccc4C3CCC21C	ok	C#CC1(O)CCC2C3CCc4cc(O)ccc4C3CCC21C	BFPYWIDHMRZLRN-UHFFFAOYSA-N	C20H24O2
external	BFSMGDJOXZAERB-UHFFFAOYSA-N	CC(C)(C)c1nc(-c2cccc(NS(=O)(=O)c3c(F)cccc3F)c2F)c(-c2cc[nH]c(=N)n2)s1	ok	CC(C)(C)c1nc(-c2cccc(NS(=O)(=O)c3c(F)cccc3F)c2F)c(-c2ccnc(N)n2)s1	BFSMGDJOXZAERB-UHFFFAOYSA-N	C23H20F3N5O2S2
external	BFVREXFWNFMMSF-UHFFFAOYSA-N	Cn1c2ccccc2c(=O)c2c(O)cc3c(c21)CC(C(O)(CO)COC1OC(CO)C(O)C(O)C1O)O3	ok	Cn1c2ccccc2c(=O)c2c(O)cc3c(c21)CC(C(O)(CO)COC1OC(CO)C(O)C(O)C1O)O3	BFVREXFWNFMMSF-UHFFFAOYSA-N	C25H29NO11
external	BFYIZQONLCFLEV-UHFFFAOYSA-N	C=C1CC2C(CCC3(C)C(=O)CCC23)C2(C)C=CC(=O)C=C12	ok	C=C1CC2C(CCC3(C)C(=O)CCC23)C2(C)C=CC(=O)C=C12	BFYIZQONLCFLEV-UHFFFAOYSA-N	C20H24O2
external	BGEBZHIAGXMEMV-UHFFFAOYSA-N	COc1c2ccoc2cc2oc(=O)ccc12	ok	COc1c2ccoc2cc2oc(=O)ccc12	BGEBZHIAGXMEMV-UHFFFAOYSA-N	C12H8O4
external	BGIBNWZALWRTHR-UHFFFAOYSA-N	CCCCCc1cc(O)c2c(c1)OC(C)(C)C1CC=C(C=O)CC21	ok	CCCCCc1cc(O)c2c(c1)OC(C)(C)C1CC=C(C=O)CC21	BGIBNWZALWRTHR-UHFFFAOYSA-N	C21H28O3
external	BGRJTUBHPOOWDU-UHFFFAOYSA-N	CCN1CCCC1CN=C(O)c1cc(S(N)(=O)=O)ccc1OC	ok	CCN1CCCC1CNC(=O)c1cc(S(N)(=O)=O)ccc1OC	BGRJTUBHPOOWDU-UHFFFAOYSA-N	C15H23N3O4S
external	BGSOJVFOEQLVMH-UHFFFAOYSA-N	CC12CCC(=O)C=C1CCC1C2C(O)CC2(C)C1CCC2(O)C(=O)COP(=O)(O)O	ok	CC12CCC(=O)C=C1CCC1C2C(O)CC2(C)C1CCC2(O)C(=O)COP(=O)(O)O	BGSOJVFOEQLVMH-UHFFFAOYSA-N	C21H31O8P
external	BGWZSZYIGVZLMM-UHFFFAOYSA-N	O=C(C(O)CO)C(O)C(O)O	ok	O=C(O)C(O)C(O)C(O)CO	QXKAIJAYHKCRRA-UHFFFAOYSA-N	C5H10O6
external	BGZUIZSBNOBPKP-UHFFFAOYSA-N	Cc1c(F)c(NO)c2c(=O)cc(-c3ccc(N)c(F)c3)oc2c1F	ok	Cc1c(F)c(NO)c2c(=O)cc(-c3ccc(N)c(F)c3)oc2c1F	BGZUIZSBNOBPKP-UHFFFAOYSA-N	C16H11F3N2O3
external	BHIAIPWSVYSKJS-UHFFFAOYSA-N	CC(C)(C)NCC(O)CSc1nc(-c2ccc(C(N)=O)s2)cs1	ok	CC(C)(C)NCC(O)CSc1nc(-c2ccc(C(N)=O)s2)cs1	BHIAIPWSVYSKJS-UHFFFAOYSA-N	C15H21N3O2S3
external	BHQCQFFYRZLCQQ-UHFFFAOYSA-N	CC(CCC(=O)O)C1CCC2C3C(O)CC4CC(O)CCC4(C)C3CC(O)C12C	ok	CC(CCC(=O)O)C1CCC2C3C(O)CC4CC(O)CCC4(C)C3CC(O)C12C	BHQCQFFYRZLCQQ-UHFFFAOYSA-N	C24H40O5
external	BHSYMWWMVRPCPA-UHFFFAOYSA-N	CCC(C)C(N=C(O)C(CCCNC(=N)N)N=C(O)C(N)CCCNC(=N)N)C(=O)O	ok	CCC(C)C(NC(=O)C(CCCN=C(N)N)NC(=O)C(N)CCCN=C(N)N)C(=O)O	BHSYMWWMVRPCPA-UHFFFAOYSA-N	C18H37N9O4
external	BHTRKEVKTKCXOH-UHFFFAOYSA-N	CC(CCC(O)=NCCS(=O)(=O)O)C1CCC2C3C(O)CC4CC(O)CCC4(C)C3CCC12C	ok	CC(CCC(=O)NCCS(=O)(=O)O)C1CCC2C3C(O)CC4CC(O)CCC4(C)C3CCC12C	BHTRKEVKTKCXOH-UHFFFAOYSA-N	C26H45NO6S
external	BHZCGCMWEVHUBA-UHFFFAOYSA-N	CC#CC1(O)CCC2C3=C(C4=C(CC3)CC(=O)CC4)C(c3ccc(N(C)C)cc3)CC21C	ok	CC#CC1(O)CCC2C3=C(C4=C(CC3)CC(=O)CC4)C(c3ccc(N(C)C)cc3)CC21C	BHZCGCMWEVHUBA-UHFFFAOYSA-N	C29H35NO2
external	BIDNLKIUORFRQP-UHFFFAOYSA-N	CCC(=O)OC(OP(=O)(CCCCc1ccccc1)CC(=O)N1CC(C2CCCCC2)CC1C(=O)O)C(C)C	ok	CCC(=O)OC(OP(=O)(CCCCc1ccccc1)CC(=O)N1CC(C2CCCCC2)CC1C(=O)O)C(C)C	BIDNLKIUORFRQP-UHFFFAOYSA-N	C30H46NO7P
external	BIWKXNFEOZXNLX-UHFFFAOYSA-N	CC=C1C(O)OC=C(C(=O)OC)C1CC(=O)OCCc1ccc(O)c(O)c1	ok	CC=C1C(O)OC=C(C(=O)OC)C1CC(=O)OCCc1ccc(O)c(O)c1	BIWKXNFEOZXNLX-UHFFFAOYSA-N	C19H22O8
external	BIWLELKAFXRPDE-UHFFFAOYSA-N	CC(C)=CCCC(C)=CCCC(C)=CC=CC(C)=CC=CC=C(C)C=CC=C(C)CCC=C(C)CCC=C(C)C	ok	CC(C)=CCCC(C)=CCCC(C)=CC=CC(C)=CC=CC=C(C)C=CC=C(C)CCC=C(C)CCC=C(C)C	BIWLELKAFXRPDE-UHFFFAOYSA-N	C40H60
external	BJGNCJDXODQBOB-UHFFFAOYSA-N	O=C(O)C1CSC(c2nc3ccc(O)cc3s2)=N1	ok	O=C(O)C1CSC(c2nc3ccc(O)cc3s2)=N1	BJGNCJDXODQBOB-UHFFFAOYSA-N	C11H8N2O3S2
external	BJJXHLWLUDYTGC-UHFFFAOYSA-N	C#CC1(O)CCC2C3CCC4=CC(=O)CCC4=C3C=CC21CC	ok	C#CC1(O)CCC2C3=C(C=CC21CC)C1=C(CC3)CC(=O)CC1	DPCOYXQLLBXEGL-UHFFFAOYSA-N	C21H24O2
external	BJNBRIBHKLJMAG-UHFFFAOYSA-N	C[N+]([O-])=NCO	ok	C[N+]([O-])=NCO	BJNBRIBHKLJMAG-UHFFFAOYSA-N	C2H6N2O2
external	BJWJSFCBOIUATF-UHFFFAOYSA-N	Cc1c(C)c2c(c(C)c1O)CCC(C)(COc1ccc(Cc3sc(O)nc3O)cc1)O2	ok	Cc1c(C)c2c(c(C)c1O)CCC(C)(COc1ccc(Cc3sc(=O)[nH]c3O)cc1)O2	BJWJSFCBOIUATF-UHFFFAOYSA-N	C24H27NO5S
external	BKAYIFDRRZZKNF-UHFFFAOYSA-N	CC(O)=NCCC(O)=NC(Cc1cnc[nH]1)C(=O)O	ok	CC(=O)NCCC(=O)NC(Cc1c[nH]cn1)C(=O)O	BKAYIFDRRZZKNF-UHFFFAOYSA-N	C11H16N4O4
external	BKBHDJLHSWOMFP-UHFFFAOYSA-N	CC=C(C)C(=O)OC1C(O)C(C)(C)CC2C3=CCC4C5(C)CCC(O)C(C)(CO)C5CCC4(C)C3(C)CC(O)C21CO	ok	CC=C(C)C(=O)OC1C(O)C(C)(C)CC2C3=CCC4C5(C)CCC(O)C(C)(CO)C5CCC4(C)C3(C)CC(O)C21CO	BKBHDJLHSWOMFP-UHFFFAOYSA-N	C35H56O7
external	BKIMMITUMNQMOS-UHFFFAOYSA-N	CCCCCCCCC	ok	CCCCCCCCC	BKIMMITUMNQMOS-UHFFFAOYSA-N	C9H20
external	BKRGVLQUQGGVSM-UHFFFAOYSA-N	CCN(CC)C(O)=NC1C=C2c3cccc4[nH]cc(c34)CC2N(C)C1	ok	CCN(CC)C(=O)NC1C=C2c3cccc4[nH]cc(c34)CC2N(C)C1	BKRGVLQUQGGVSM-UHFFFAOYSA-N	C20H26N4O
external	BLGXFZZNTVWLAY-UHFFFAOYSA-N	COC(=O)C1C(O)CCC2CN3CCc4c([nH]c5ccccc45)C3CC21	ok	COC(=O)C1C(O)CCC2CN3CCc4c([nH]c5ccccc45)C3CC21	BLGXFZZNTVWLAY-UHFFFAOYSA-N	C21H26N2O3
external	BLIJXOOIHRSQRB-UHFFFAOYSA-N	CC(Cn1ccc(-c2ccc(C#N)c(Cl)c2)n1)NC(=O)c1cc(C(C)O)[nH]n1	ok	CC(Cn1ccc(-c2ccc(C#N)c(Cl)c2)n1)NC(=O)c1cc(C(C)O)[nH]n1	BLIJXOOIHRSQRB-UHFFFAOYSA-N	C19H19ClN6O2
external	BLJRIMJGRPQVNF-UHFFFAOYSA-N	CC(C)(C)NCC(O)COc1nsnc1N1CCOCC1	ok	CC(C)(C)NCC(O)COc1nsnc1N1CCOCC1	BLJRIMJGRPQVNF-UHFFFAOYSA-N	C13H24N4O3S
external	BLUAFEHZUWYNDE-UHFFFAOYSA-N	CC1CCC2C(C)C(=O)OC3OC4(C)CCC1C32OO4	ok	CC1CCC2C(C)C(=O)OC3OC4(C)CCC1C32OO4	BLUAFEHZUWYNDE-UHFFFAOYSA-N	C15H22O5
external	BLXVTZPGEOGTGG-UHFFFAOYSA-N	CCCCCCCCCc1ccc(OCCOCCO)cc1	ok	CCCCCCCCCc1ccc(OCCOCCO)cc1	BLXVTZPGEOGTGG-UHFFFAOYSA-N	C19H32O3
external	BLXXJMDCKKHMKV-UHFFFAOYSA-N	COc1ccc2cc(CCC(C)=O)ccc2c1	ok	COc1ccc2cc(CCC(C)=O)ccc2c1	BLXXJMDCKKHMKV-UHFFFAOYSA-N	C15H16O2
external	BMCQMVFGOVHVNG-UHFFFAOYSA-N	CCCC(=O)OC1(C(=O)CO)CCC2C3CCC4=CC(=O)CCC4(C)C3C(O)CC21C	ok	CCCC(=O)OC1(C(=O)CO)CCC2C3CC=C4CC(=O)CCC4(C)C3C(O)CC21C	XKBHXDANGNWXFJ-UHFFFAOYSA-N	C25H36O6
external	BMGQWWVMWDBQGC-UHFFFAOYSA-N	COC1C(N(C)C(=O)c2ccccc2)CC2OC1(C)n1c3ccccc3c3c4c(c5c6ccccc6n2c5c31)C(O)=NC4	ok	COC1C(N(C)C(=O)c2ccccc2)CC2OC1(C)n1c3ccccc3c3c4c(c5c6ccccc6n2c5c31)C(=O)NC4	BMGQWWVMWDBQGC-UHFFFAOYSA-N	C35H30N4O4
external	BMJHIHGNLQCIRO-UHFFFAOYSA-N	O=C(c1cccs1)c1ccc(OCc2nn[nH]n2)c(Cl)c1Cl	ok	O=C(c1cccs1)c1ccc(OCc2nn[nH]n2)c(Cl)c1Cl	BMJHIHGNLQCIRO-UHFFFAOYSA-N	C13H8Cl2N4O2S
external	BMPDWHIDQYTSHX-UHFFFAOYSA-N	N=C(O)N1c2ccccc2CC(O)c2ccccc21	ok	NC(=O)N1c2ccccc2CC(O)c2ccccc21	BMPDWHIDQYTSHX-UHFFFAOYSA-N	C15H14N2O2
external	BMQGVNUXMIRLCK-UHFFFAOYSA-N	COC1C(=O)C2(C)C(OC)CC3OCC3(OC(C)=O)C2C(OC(=O)c2ccccc2)C2(O)CC(OC(=O)C(O)C(N=C(O)OC(C)(C)C)c3ccccc3)C(C)=C1C2(C)C	ok	COC1=C2C(C)C(OC(=O)C(O)C(NC(=O)OC(C)(C)C)c3ccccc3)CC(O)(C(OC(=O)c3ccccc3)C3C4(OC(C)=O)COC4CC(OC)C3(C)C1=O)C2(C)C	SUOGUKJEXYJHTD-UHFFFAOYSA-N	C45H57NO14
external	BNJVHGHQYHAEDJ-UHFFFAOYSA-N	Clc1ccccc1CN1C=Cc2sccc2C1	ok	Clc1ccccc1CN1C=Cc2sccc2C1	BNJVHGHQYHAEDJ-UHFFFAOYSA-N	C14H12ClNS
external	BNMGUJRJUUDLHW-UHFFFAOYSA-N	CC1CCC2(C(=O)OC3OC(COC4OC(CO)C(OC5OC(C)C(O)C(O)C5O)C(O)C4O)C(O)C(O)C3O)CCC3(C)C(=CCC4C5(C)CC(O)C(O)C(C)(CO)C5C(O)CC43C)C2C1C	ok	CC1CCC2(C(=O)OC3OC(COC4OC(CO)C(OC5OC(C)C(O)C(O)C5O)C(O)C4O)C(O)C(O)C3O)CCC3(C)C(=CCC4C5(C)CC(O)C(O)C(C)(CO)C5C(O)CC43C)C2C1C	BNMGUJRJUUDLHW-UHFFFAOYSA-N	C48H78O20
external	BNODVYXZAAXSHW-UHFFFAOYSA-N	N=C(N)NCCCC(N)C(O)=NC(Cc1cnc[nH]1)C(=O)O	ok	N=C(N)NCCCC(N)C(=O)NC(Cc1c[nH]cn1)C(=O)O	BNODVYXZAAXSHW-UHFFFAOYSA-N	C12H21N7O3
external	BNRMWKUVWLKDQJ-UHFFFAOYSA-N	FC(F)(F)c1cccc(N2CCN(CCc3nnc4n3CC3CCCC43)CC2)c1	ok	FC(F)(F)c1cccc(N2CCN(CCc3nnc4n3CC3CCCC43)CC2)c1	BNRMWKUVWLKDQJ-UHFFFAOYSA-N	C21H26F3N5
external	BNRNXUUZRGQAQC-UHFFFAOYSA-N	CCCc1nn(C)c2c(=O)[nH]c(-c3cc(S(=O)(=O)N4CCN(C)CC4)ccc3OCC)nc12	ok	CCCc1nn(C)c2c(=O)[nH]c(-c3cc(S(=O)(=O)N4CCN(C)CC4)ccc3OCC)nc12	BNRNXUUZRGQAQC-UHFFFAOYSA-N	C22H30N6O4S
external	BNUHAJGCKIQFGE-UHFFFAOYSA-N	COc1ccc([N+](=O)[O-])cc1	ok	COc1ccc([N+](=O)[O-])cc1	BNUHAJGCKIQFGE-UHFFFAOYSA-N	C7H7NO3
external	BNWJOHGLIBDBOB-UHFFFAOYSA-N	C=CCc1cc(OC)c2c(c1)OCO2	ok	C=CCc1cc(OC)c2c(c1)OCO2	BNWJOHGLIBDBOB-UHFFFAOYSA-N	C11H12O3
external	BOFQWVMAQOTZIW-UHFFFAOYSA-N	O=C(O)c1ccc(-n2nc(-c3ccccc3O)nc2-c2ccccc2O)cc1	ok	O=C(O)c1ccc(-n2nc(-c3ccccc3O)nc2-c2ccccc2O)cc1	BOFQWVMAQOTZIW-UHFFFAOYSA-N	C21H15N3O4
external	BOVGTQGAOIONJV-UHFFFAOYSA-N	Cc1ccc(S(=O)(=O)NC(O)=NN2CC3CCCC3C2)cc1	ok	Cc1ccc(S(=O)(=O)NC(=O)NN2CC3CCCC3C2)cc1	BOVGTQGAOIONJV-UHFFFAOYSA-N	C15H21N3O3S
external	BPEGJWRSRHCHSN-UHFFFAOYSA-N	Cn1nnc2c(C(N)=O)ncn2c1=O	ok	Cn1nnc2c(C(N)=O)ncn2c1=O	BPEGJWRSRHCHSN-UHFFFAOYSA-N	C6H6N6O2
external	BPEWUONYVDABNZ-UHFFFAOYSA-N	CC12CCC3C(CCC4=CC(=O)C=CC43C)C1CCC(=O)O2	ok	CC12CCC3C(CC=C4CC(=O)C=CC43C)C1CCC(=O)O2	HSRPJESMZTZQKG-UHFFFAOYSA-N	C19H24O3
external	BPKAHTKRCLCHEA-UHFFFAOYSA-N	CC(C=CC(C)C(C)(C)O)C1CCC2C(=CC=C3CC(O)CC(O)C3)CCCC21C	ok	CC(C=CC(C)C(C)(C)O)C1CCC2C(=CC=C3CC(O)CC(O)C3)CCCC21C	BPKAHTKRCLCHEA-UHFFFAOYSA-N	C27H44O3
external	BPQMGSKTAYIVFO-UHFFFAOYSA-N	CS(=O)(=O)c1ccc(C(O)=Nc2ccc(Cl)c(-c3ccccn3)c2)c(Cl)c1	ok	CS(=O)(=O)c1ccc(C(=O)Nc2ccc(Cl)c(-c3ccccn3)c2)c(Cl)c1	BPQMGSKTAYIVFO-UHFFFAOYSA-N	C19H14Cl2N2O3S
external	BPRHUIZQVSMCRT-UHFFFAOYSA-N	CC(C)c1nc(N(C)S(C)(=O)=O)nc(-c2ccc(F)cc2)c1C=CC(O)CC(O)CC(=O)O	ok	CC(C)=c1nc(N(C)S(C)(=O)=O)nc(-c2ccc(F)cc2)c1=CCC(O)CC(O)CC(=O)O	DRLXVNRHGMULCY-UHFFFAOYSA-N	C22H28FN3O6S
external	BPZSYCZIITTYBL-UHFFFAOYSA-N	COc1ccc(CC(C)NCC(O)c2ccc(O)c(N=CO)c2)cc1	ok	COc1ccc(CC(C)NCC(O)c2ccc(O)c(NC=O)c2)cc1	BPZSYCZIITTYBL-UHFFFAOYSA-N	C19H24N2O4
external	BQDAFHDHPLPCLC-UHFFFAOYSA-N	COc1cc(N=Nc2ccccc2)ccc1N	ok	COc1cc(N=Nc2ccccc2)ccc1N	BQDAFHDHPLPCLC-UHFFFAOYSA-N	C13H13N3O
external	BQIPXWYNLPYNHW-UHFFFAOYSA-N	CC(=O)Oc1c(C)cc(OCC(O)CNC(C)C)c(C)c1C	ok	CC(=O)Oc1c(C)cc(OCC(O)CNC(C)C)c(C)c1C	BQIPXWYNLPYNHW-UHFFFAOYSA-N	C17H27NO4
external	BQJCRHHNABKAKU-UHFFFAOYSA-N	CN1CCC23c4c5ccc(O)c4OC2C(O)C=CC3C1C5	ok	CN1CCC23c4c5ccc(O)c4OC2C(O)C=CC3C1C5	BQJCRHHNABKAKU-UHFFFAOYSA-N	C17H19NO3
external	BQOFWKZOCNGFEC-UHFFFAOYSA-N	CC1=CCC2C(C1)C2(C)C	ok	CC1=CCC2C(C1)C2(C)C	BQOFWKZOCNGFEC-UHFFFAOYSA-N	C10H16
external	BQSJTQLCZDPROO-UHFFFAOYSA-N	Cc1nc(-c2ccc(OCC(C)C)c(C#N)c2)sc1C(=O)O	ok	Cc1nc(-c2ccc(OCC(C)C)c(C#N)c2)sc1C(=O)O	BQSJTQLCZDPROO-UHFFFAOYSA-N	C16H16N2O3S
external	BQTXJHAJMDGOFI-UHFFFAOYSA-N	CC1CC2C3CCC4=CC(=O)C=CC4(C)C3(F)C(O)CC2(C)C1(O)C(=O)COC(=O)c1ccncc1	ok	CC1CC2C3CC=C4CC(=O)C=CC4(C)C3(F)C(O)CC2(C)C1(O)C(=O)COC(=O)c1ccncc1	NBMBSVCAMVZIPS-UHFFFAOYSA-N	C28H32FNO6
external	BRMSNMZILBBMIX-UHFFFAOYSA-N	CC1=C(C)C2CC1CC2O	ok	CC1=C(C)C2CC1CC2O	BRMSNMZILBBMIX-UHFFFAOYSA-N	C9H14O
external	BRMWTNUJHUMWMS-UHFFFAOYSA-N	Cn1cnc(CC(N)C(=O)O)c1	ok	Cn1cnc(CC(N)C(=O)O)c1	BRMWTNUJHUMWMS-UHFFFAOYSA-N	C7H11N3O2
external	BROZQMCDYUJKFQ-UHFFFAOYSA-N	CC(C)CC(O)CC(C)CCC(=O)c1ccoc1	ok	CC(C)CC(O)CC(C)CCC(=O)c1ccoc1	BROZQMCDYUJKFQ-UHFFFAOYSA-N	C15H24O3
external	BRUQQQPBMZOVGD-UHFFFAOYSA-N	COc1ccc2c3c1OC1C(=O)CCC4(O)C(C2)N(C)CCC314	ok	COc1ccc2c3c1OC1C(=O)CCC4(O)C(C2)N(C)CCC314	BRUQQQPBMZOVGD-UHFFFAOYSA-N	C18H21NO4
external	BSJMWHQBCZFXBR-UHFFFAOYSA-N	O=C1C(=O)c2ccccc2C(O)=C1C1CCC(c2ccc(Cl)cc2)CC1	ok	Oc1c(C2=CCC(c3ccc(Cl)cc3)CC2)c(O)c2ccccc2c1O	JAUORDHNHDCTAS-UHFFFAOYSA-N	C22H19ClO3
external	BSMCAPRUBJMWDF-UHFFFAOYSA-N	O=C(c1ccc(F)c(F)c1Nc1ccc(I)cc1F)N1CC(O)(C2CCCCN2)C1	ok	O=C(c1ccc(F)c(F)c1Nc1ccc(I)cc1F)N1CC(O)(C2CCCCN2)C1	BSMCAPRUBJMWDF-UHFFFAOYSA-N	C21H21F3IN3O2
external	BSRUJCFCZKMFMB-UHFFFAOYSA-N	C=CC1(O)CN2CCC1CC2C(O)c1ccnc2ccc(OC)cc12	ok	C=CC1(O)CN2CCC1CC2C(O)c1ccnc2ccc(OC)cc12	BSRUJCFCZKMFMB-UHFFFAOYSA-N	C20H24N2O3
external	BSUVNQLYZGXYQY-UHFFFAOYSA-N	CCC(C)C(N=C(O)C(N)Cc1ccc(OS(=O)(=O)O)cc1)C(O)=NC(Cc1ccc(OS(=O)(=O)O)cc1)C(O)=NC(C(O)=NC(CCC(=N)O)C(=O)O)C(C)O	tautomer_MaxTransformsReached			C33H46N6O16S2
external	BSWHERGFUNMWGS-UHFFFAOYSA-N	CCC(C)C(N=C(O)C(N)CC(=O)O)C(=O)O	ok	CCC(C)C(NC(=O)C(N)CC(=O)O)C(=O)O	BSWHERGFUNMWGS-UHFFFAOYSA-N	C10H18N2O5
external	BSWWXRFVMJHFBN-UHFFFAOYSA-N	Oc1c(Br)cc(Br)cc1Br	ok	Oc1c(Br)cc(Br)cc1Br	BSWWXRFVMJHFBN-UHFFFAOYSA-N	C6H3Br3O
external	BSXAHDOWMOSVAP-UHFFFAOYSA-N	COCCCOc1ccnc(CSc2nc3ccccc3[nH]2)c1C	ok	COCCCOc1ccnc(CSc2nc3ccccc3[nH]2)c1C	BSXAHDOWMOSVAP-UHFFFAOYSA-N	C18H21N3O2S
external	BSYNRYMUTXBXSQ-UHFFFAOYSA-N	CC(=O)Oc1ccccc1C(=O)O	ok	CC(=O)Oc1ccccc1C(=O)O	BSYNRYMUTXBXSQ-UHFFFAOYSA-N	C9H8O4
external	BTBFUBUCCJKJOZ-UHFFFAOYSA-N	c1coc(Cn2cccc2)c1	ok	c1coc(Cn2cccc2)c1	BTBFUBUCCJKJOZ-UHFFFAOYSA-N	C9H9NO
external	BTCSSZJGUNDROE-UHFFFAOYSA-N	NCCCC(=O)O	ok	NCCCC(=O)O	BTCSSZJGUNDROE-UHFFFAOYSA-N	C4H9NO2
external	BTDGDFUXKPAUKN-UHFFFAOYSA-N	CCC=CCn1c(=O)c2c(ncn2C)n(C)c1=O	ok	CCC=CCn1c(=O)c2c(ncn2C)n(C)c1=O	BTDGDFUXKPAUKN-UHFFFAOYSA-N	C12H16N4O2
external	BTJIUGUIPKRLHP-UHFFFAOYSA-N	O=[N+]([O-])c1ccc(O)cc1	ok	O=[N+]([O-])c1ccc(O)cc1	BTJIUGUIPKRLHP-UHFFFAOYSA-N	C6H5NO3
external	BTKRSPXVXZNYGV-UHFFFAOYSA-N	N#[N+]c1ccc(CO)cc1	ok	N#[N+]c1ccc(CO)cc1	BTKRSPXVXZNYGV-UHFFFAOYSA-N	C7H7N2O+
external	BTNXVMLCKOPOEP-UHFFFAOYSA-N	O=c1n(CCCN2CCN(c3cccc(Cl)c3)CC2)nc(O)n1CCOc1ccccc1	ok	O=c1[nH]n(CCCN2CCN(c3cccc(Cl)c3)CC2)c(=O)n1CCOc1ccccc1	BTNXVMLCKOPOEP-UHFFFAOYSA-N	C23H28ClN5O3
external	BTQBYWOOCWQDQS-UHFFFAOYSA-N	CCCCCCCCCCCCCCC(=O)CC(O)CCCCC	ok	CCCCCCCCCCCCCCC(=O)CC(O)CCCCC	BTQBYWOOCWQDQS-UHFFFAOYSA-N	C22H44O2
external	BUCORZSTKDOEKQ-UHFFFAOYSA-N	CN=C1CN(O)C(c2ccccc2)=c2cc(Cl)ccc2=N1	ok	CN=C1CN(O)C(c2ccccc2)=c2cc(Cl)ccc2=N1	BUCORZSTKDOEKQ-UHFFFAOYSA-N	C16H14ClN3O
external	BUEBVQCTEJTADB-UHFFFAOYSA-N	OCC1OC(O)C(OC2OCC(O)C(O)C2O)C(O)C1O	ok	OCC1OC(O)C(OC2OCC(O)C(O)C2O)C(O)C1O	BUEBVQCTEJTADB-UHFFFAOYSA-N	C11H20O10
external	BUGQDNPBVYMEFE-UHFFFAOYSA-N	Cc1c(F)c(N)c2c(=O)cc(-c3ccc(NO)c(F)c3)oc2c1F	ok	Cc1c(F)c(N)c2c(=O)cc(-c3ccc(NO)c(F)c3)oc2c1F	BUGQDNPBVYMEFE-UHFFFAOYSA-N	C16H11F3N2O3
external	BUJAGSGYPOAWEI-UHFFFAOYSA-N	Cc1cccc(C)c1N=C(O)C(C)N	ok	Cc1cccc(C)c1NC(=O)C(C)N	BUJAGSGYPOAWEI-UHFFFAOYSA-N	C11H16N2O
external	BULVZWIRKLYCBC-UHFFFAOYSA-N	CCOP(=S)(OCC)SCSCC	ok	CCOP(=S)(OCC)SCSCC	BULVZWIRKLYCBC-UHFFFAOYSA-N	C7H17O2PS3
external	BUTABMCEAZGRIZ-UHFFFAOYSA-M	N=C([O-])N(O)S(=O)O	ok	NC(=O)N(O)S(=O)O	BUTABMCEAZGRIZ-UHFFFAOYSA-N	CH4N2O4S
external	BUZUQNXGKRJIJT-UHFFFAOYSA-N	COc1ccc(C(c2ccc(O)cc2)C(Cl)(Cl)Cl)cc1	ok	COc1ccc(C(c2ccc(O)cc2)C(Cl)(Cl)Cl)cc1	BUZUQNXGKRJIJT-UHFFFAOYSA-N	C15H13Cl3O2
external	BVAZQCUMNICBAQ-UHFFFAOYSA-N	COC(O)=NC(C(=O)N1CCCC1c1ncc(-c2ccc3c(c2)OC(c2ccccc2)n2c-3cc3cc(-c4cnc(C5CCCN5C(=O)C(N=C(O)OC)C(C)C)[nH]4)ccc32)[nH]1)C(C)C	ok	COC(=O)NC(C(=O)N1CCCC1c1nc(-c2ccc3c(c2)OC(c2ccccc2)n2c-3cc3cc(-c4c[nH]c(C5CCCN5C(=O)C(NC(=O)OC)C(C)C)n4)ccc32)c[nH]1)C(C)C	BVAZQCUMNICBAQ-UHFFFAOYSA-N	C49H55N9O7
external	BVOSSZSHBZQJOI-UHFFFAOYSA-N	C=CC(O)CCC	ok	C=CC(O)CCC	BVOSSZSHBZQJOI-UHFFFAOYSA-N	C6H12O
external	BWEICTHJUIJQPH-UHFFFAOYSA-N	O=C(O)CC1CCC(=O)O1	ok	O=C(O)CC1CCC(=O)O1	BWEICTHJUIJQPH-UHFFFAOYSA-N	C6H8O4
external	BWNSTBOTBDUYFD-UHFFFAOYSA-N	CN1C(C(O)=Nc2ccc(O)cn2)C(=O)c2ccccc2S1(=O)=O	ok	CN1C(C(=O)Nc2ccc(O)cn2)C(=O)c2ccccc2S1(=O)=O	BWNSTBOTBDUYFD-UHFFFAOYSA-N	C15H13N3O5S
external	BWPIARFWQZKAIA-UHFFFAOYSA-N	CNCCCC1c2ccccc2C=Cc2ccccc21	ok	CNCCCC1c2ccccc2C=Cc2ccccc21	BWPIARFWQZKAIA-UHFFFAOYSA-N	C19H21N
external	BXGYIRIVTYGQAU-UHFFFAOYSA-N	CCCCOc1ccc2c(C(F)(F)F)cc(=O)oc2c1	ok	CCCCOc1ccc2c(C(F)(F)F)cc(=O)oc2c1	BXGYIRIVTYGQAU-UHFFFAOYSA-N	C14H13F3O3
external	BXNGIHFNNNSEOS-UHFFFAOYSA-N	N=C(O)CC(N=C(O)C(N)Cc1ccccc1)C(=O)O	ok	NC(=O)CC(NC(=O)C(N)Cc1ccccc1)C(=O)O	BXNGIHFNNNSEOS-UHFFFAOYSA-N	C13H17N3O4
external	BXNJHAXVSOCGBA-UHFFFAOYSA-N	COc1ccc2c(c1)[nH]c1c(C)nccc12	ok	COc1ccc2c(c1)[nH]c1c(C)nccc12	BXNJHAXVSOCGBA-UHFFFAOYSA-N	C13H12N2O
external	BXNMTOQRYBFHNZ-UHFFFAOYSA-N	CCOCc1nc2c(=N)[nH]c3ccccc3c2n1CC(C)(C)O	ok	CCOCc1nc2c(N)nc3ccccc3c2n1CC(C)(C)O	BXNMTOQRYBFHNZ-UHFFFAOYSA-N	C17H22N4O2
external	BXRGGUXPWTWACZ-UHFFFAOYSA-N	CC1C(=O)OC2C1CCC1(C)CCC(=O)C(C)C21	ok	CC1C(=O)OC2C1CCC1(C)CCC(=O)C(C)C21	BXRGGUXPWTWACZ-UHFFFAOYSA-N	C15H22O3
external	BXZMJUJBUSHRMV-UHFFFAOYSA-N	CC1=CC(=C(C)C)CCC1	ok	CC1=CC(=C(C)C)CCC1	BXZMJUJBUSHRMV-UHFFFAOYSA-N	C10H16
external	BYBLEWFAAKGYCD-UHFFFAOYSA-N	Clc1ccc(COC(Cn2ccnc2)c2ccc(Cl)cc2Cl)c(Cl)c1	ok	Clc1ccc(COC(Cn2ccnc2)c2ccc(Cl)cc2Cl)c(Cl)c1	BYBLEWFAAKGYCD-UHFFFAOYSA-N	C18H14Cl4N2O
external	BYFIUFNRSNKODH-UHFFFAOYSA-N	c1cnc2c(c1)cc1ccc3cccc4ccc2c1c34	ok	c1cnc2c(c1)cc1ccc3cccc4ccc2c1c34	BYFIUFNRSNKODH-UHFFFAOYSA-N	C19H11N
external	BYPFEZZEUUWMEJ-UHFFFAOYSA-N	CC(=O)CCCCn1c(=O)c2c(ncn2C)n(C)c1=O	ok	CC(=O)CCCCn1c(=O)c2c(ncn2C)n(C)c1=O	BYPFEZZEUUWMEJ-UHFFFAOYSA-N	C13H18N4O3
external	BZHJMEDXRYGGRV-UHFFFAOYSA-N	C=CCl	ok	C=CCl	BZHJMEDXRYGGRV-UHFFFAOYSA-N	C2H3Cl
external	BZKPWHYZMXOIDC-UHFFFAOYSA-N	CC(O)=Nc1nnc(S(N)(=O)=O)s1	ok	CC(=O)Nc1nnc(S(N)(=O)=O)s1	BZKPWHYZMXOIDC-UHFFFAOYSA-N	C4H6N4O3S2
external	BZLVMXJERCGZMT-UHFFFAOYSA-N	COC(C)(C)C	ok	COC(C)(C)C	BZLVMXJERCGZMT-UHFFFAOYSA-N	C5H12O
external	CARRCRVKWDEWCD-UHFFFAOYSA-N	Oc1cc2cc(CCN3CCN(c4nsc5ccccc45)CC3)c(Cl)cc2[nH]1	ok	Oc1cc2cc(CCN3CCN(c4nsc5ccccc45)CC3)c(Cl)cc2[nH]1	CARRCRVKWDEWCD-UHFFFAOYSA-N	C21H21ClN4OS
external	CAYJBRBGZBCZKO-UHFFFAOYSA-N	CCOC(=O)C=CC(CC1CCN=C1O)N=C(O)C(CC(=O)C(NC(=O)c1cc(C)on1)C(C)C)Cc1ccc(F)cc1	tautomer_MaxTransformsReached			C31H39FN4O7
external	CBEQULMOCCWAQT-UHFFFAOYSA-N	Cc1ccc(C(=CCN2CCCC2)c2ccccn2)cc1	ok	Cc1ccc(C(=CCN2CCCC2)c2ccccn2)cc1	CBEQULMOCCWAQT-UHFFFAOYSA-N	C19H22N2
external	CBGUOGMQLZIXBE-UHFFFAOYSA-N	CCC(=O)OC1(C(=O)CCl)C(C)CC2C3CCC4=CC(=O)C=CC4(C)C3(F)C(O)CC21C	ok	CCC(=O)OC1(C(=O)CCl)C(C)CC2C3CC=C4CC(=O)C=CC4(C)C3(F)C(O)CC21C	VTWNBHBLWRWSOB-UHFFFAOYSA-N	C25H32ClFO5
external	CBGWJBYCQMPLPS-UHFFFAOYSA-N	CC(=O)C(N)C(O)NC(CCCNC(=N)N)C(=O)O	ok	CC(O)C(N)C(=O)NC(CCCN=C(N)N)C(=O)O	HYLXOQURIOCKIH-UHFFFAOYSA-N	C10H21N5O4
external	CBIAWPMZSFFRGN-UHFFFAOYSA-N	CC(=O)N(C)c1cccc(-c2ccnc3c(C(=O)c4cccs4)cnn23)c1	ok	CC(=O)N(C)c1cccc(-c2ccnc3c(C(=O)c4cccs4)cnn23)c1	CBIAWPMZSFFRGN-UHFFFAOYSA-N	C20H16N4O2S
external	CBMYJHIOYJEBSB-UHFFFAOYSA-N	CC12CCC3C(CCC4CC(O)CCC43C)C1CCC2O	ok	CC12CCC3C(CCC4CC(O)CCC43C)C1CCC2O	CBMYJHIOYJEBSB-UHFFFAOYSA-N	C19H32O2
external	CBOMORHDRONZRN-UHFFFAOYSA-N	CCC=CCC(O)C=CC1C(O)CC(=O)C1CC=CCCCC(=O)O	ok	CCC=CCC(O)C=CC1C(O)CC(=O)C1CC=CCCCC(=O)O	CBOMORHDRONZRN-UHFFFAOYSA-N	C20H30O5
external	CBPNZQVSJQDFBE-UHFFFAOYSA-N	COC1CC2CCC(C)C(O)(O2)C(=O)C(=O)N2CCCCC2C(=O)OC(C(C)CC2CCC(OC(=O)C(C)(CO)CO)C(OC)C2)CC(=O)C(C)C=C(C)C(O)C(OC)C(=O)C(C)CC(C)C=CC=CC=C1C	ok	COC1CC2CCC(C)C(O)(O2)C(=O)C(=O)N2CCCCC2C(=O)OC(C(C)CC2CCC(OC(=O)C(C)(CO)CO)C(OC)C2)CC(=O)C(C)=CC(C)C(O)C(OC)C(=O)C(C)CC(C)C=CC=CC=C1C	ZWYQUVBAZLHTHP-UHFFFAOYSA-N	C56H87NO16
external	CBQGYUDMJHNJBX-UHFFFAOYSA-N	CCOc1ccccc1OC(c1ccccc1)C1CNCCO1	ok	CCOc1ccccc1OC(c1ccccc1)C1CNCCO1	CBQGYUDMJHNJBX-UHFFFAOYSA-N	C19H23NO3
external	CBVCZFGXHXORBI-UHFFFAOYSA-N	CC(C)(C)N=C(O)C1CN(Cc2cccnc2)CCN1CC(O)CC(Cc1ccccc1)C(O)=NC1c2ccccc2CC1O	ok	CC(C)(C)NC(=O)C1CN(Cc2cccnc2)CCN1CC(O)CC(Cc1ccccc1)C(=O)NC1c2ccccc2CC1O	CBVCZFGXHXORBI-UHFFFAOYSA-N	C36H47N5O4
external	CCDNQPZNDUPIIC-UHFFFAOYSA-N	Cc1c(O)[nH]c(CC(C)C)c(O)n(C)c(Cc2ccccc2)c(O)ncc(=O)n1C	ok	Cc1c(O)[nH]c(CC(C)C)c(O)n(C)c(Cc2ccccc2)c(O)ncc(=O)n1C	CCDNQPZNDUPIIC-UHFFFAOYSA-N	C22H30N4O4
external	CCGOSJCOMBQFBP-UHFFFAOYSA-N	O=C(C(=O)C(O)CO)C(O)CO	ok	O=C(C(=O)C(O)CO)C(O)CO	CCGOSJCOMBQFBP-UHFFFAOYSA-N	C6H10O6
external	CCLQKVKJOGVQLU-UHFFFAOYSA-N	NCCCC(O)=NC(Cc1cnc[nH]1)C(=O)O	ok	NCCCC(=O)NC(Cc1c[nH]cn1)C(=O)O	CCLQKVKJOGVQLU-UHFFFAOYSA-N	C10H16N4O3
external	CCNTUVFHVFQEJI-UHFFFAOYSA-N	CC=C1C2CCN3CCC4(c5cccc(OC)c5N(C(C)=O)C4C2)C13	ok	CC=C1C2CCN3CCC4(c5cccc(OC)c5N(C(C)=O)C4C2)C13	CCNTUVFHVFQEJI-UHFFFAOYSA-N	C21H26N2O2
external	CCQPAEQGAVNNIA-UHFFFAOYSA-N	O=C(O)C1(C(=O)O)CCC1	ok	O=C(O)C1(C(=O)O)CCC1	CCQPAEQGAVNNIA-UHFFFAOYSA-N	C6H8O4
external	CDCHDCWJMGXXRH-UHFFFAOYSA-N	Clc1ccc2c(c1)C(c1ccccc1)=NCc1nncn1-2	ok	Clc1ccc2c(c1)C(c1ccccc1)=NCc1nncn1-2	CDCHDCWJMGXXRH-UHFFFAOYSA-N	C16H11ClN4
external	CDHNVTRRQNLWKA-UHFFFAOYSA-N	COCc1c(-c2ccc(F)cc2)c(=CCC(O)CC(O)CC(=O)O)c(C(C)C)nc1=C(C)C	ok	COCc1c(-c2ccc(F)cc2)c(=CCC(O)CC(O)CC(=O)O)c(C(C)C)nc1=C(C)C	CDHNVTRRQNLWKA-UHFFFAOYSA-N	C26H34FNO5
external	CDOSHBSSFJOMGT-UHFFFAOYSA-N	C=CC(C)(O)CCC=C(C)C	ok	C=CC(C)(O)CCC=C(C)C	CDOSHBSSFJOMGT-UHFFFAOYSA-N	C10H18O
external	CDRPUGZCRXZLFL-UHFFFAOYSA-N	Oc1cc(O)cc(C=Cc2ccc(O)c(O)c2)c1	ok	Oc1cc(O)cc(C=Cc2ccc(O)c(O)c2)c1	CDRPUGZCRXZLFL-UHFFFAOYSA-N	C14H12O4
external	CEFJVGZHQAGLHS-UHFFFAOYSA-N	CCn1c(=O)c(-c2cc(NC(O)=Nc3ccccc3)c(F)cc2Br)cc2c[nH]c(=NC)cc21	ok	CCn1c(=O)c(-c2cc(NC(=O)Nc3ccccc3)c(F)cc2Br)cc2cnc(NC)cc21	CEFJVGZHQAGLHS-UHFFFAOYSA-N	C24H21BrFN5O2
external	CEIJFEGBUDEYSX-UHFFFAOYSA-N	O=C1C2C3CCC(C3)C2C(=O)N1CCCCN1CCN(c2ncccn2)CC1	ok	Oc1c2c(c(O)n1CCCCN1CCN(c3ncccn3)CC1)C1CCC2C1	XCISMQWGDMQWLH-UHFFFAOYSA-N	C21H29N5O2
external	CEKNQQSFLQWWIY-UHFFFAOYSA-N	O=C(O)C=CCCC1C2CCC(C2)C1NS(=O)(=O)c1ccccc1	ok	O=C(O)C=CCCC1C2CCC(C2)C1NS(=O)(=O)c1ccccc1	CEKNQQSFLQWWIY-UHFFFAOYSA-N	C18H23NO4S
external	CEMAWMOMDPGJMB-UHFFFAOYSA-N	C=CCOc1ccccc1OCC(O)CNC(C)C	ok	C=CCOc1ccccc1OCC(O)CNC(C)C	CEMAWMOMDPGJMB-UHFFFAOYSA-N	C15H23NO3
external	CEOCDNVZRAIOQZ-UHFFFAOYSA-N	Clc1cc(Cl)c(Cl)c(Cl)c1Cl	ok	Clc1cc(Cl)c(Cl)c(Cl)c1Cl	CEOCDNVZRAIOQZ-UHFFFAOYSA-N	C6HCl5
external	CESYFZMRVQIRNB-UHFFFAOYSA-N	OC(CCCN1C=CC(=C2C=CC(=[Cl+])C=C2)C=C1)c1ccc(F)cc1	ok	OC(CCCN1C=CC(=C2C=CC(=[Cl+])C=C2)C=C1)c1ccc(F)cc1	CESYFZMRVQIRNB-UHFFFAOYSA-N	C21H20ClFNO+
external	CEUORZQYGODEFX-UHFFFAOYSA-N	OC1=Nc2cc(OCCCCN3CCN(c4cccc(Cl)c4Cl)CC3)ccc2CC1	ok	O=C1CCc2ccc(OCCCCN3CCN(c4cccc(Cl)c4Cl)CC3)cc2N1	CEUORZQYGODEFX-UHFFFAOYSA-N	C23H27Cl2N3O2
external	CEVCMCWHMHJEQS-UHFFFAOYSA-N	CCC(C)C(=O)OC1CC2CCC1(C)C2(C)C	ok	CCC(C)C(=O)OC1CC2CCC1(C)C2(C)C	CEVCMCWHMHJEQS-UHFFFAOYSA-N	C15H26O2
external	CEVOEEDUEYZGMY-UHFFFAOYSA-N	CCC(C)COC(=O)C=C(C)C	ok	CCC(C)COC(=O)C=C(C)C	CEVOEEDUEYZGMY-UHFFFAOYSA-N	C10H18O2
external	CEZSTVGNCDXFGA-UHFFFAOYSA-N	CNc1ccc(C(=O)OC2CC3(C)CCC4(C)C5(C)CCC6C(C)(CO)C(OC7OCC(OC8OC(CO)C(O)C(O)C8O)C(O)C7OC7OC(CO)C(O)C(O)C7O)CCC6(C)C5CC5OC54C3(O)CC2(C)C=O)cc1	ok	CNc1ccc(C(=O)OC2CC3(C)CCC4(C)C5(C)CCC6C(C)(CO)C(OC7OCC(OC8OC(CO)C(O)C(O)C8O)C(O)C7OC7OC(CO)C(O)C(O)C7O)CCC6(C)C5CC5OC54C3(O)CC2(C)C=O)cc1	CEZSTVGNCDXFGA-UHFFFAOYSA-N	C55H83NO21
external	CFAVOGVJXCIQLR-AWEZNQCLSA-N	COc1ccc([C@@H](c2ccc(O)c(O)c2)C(Cl)(Cl)Cl)cc1	ok	COc1ccc(C(c2ccc(O)c(O)c2)C(Cl)(Cl)Cl)cc1	CFAVOGVJXCIQLR-UHFFFAOYSA-N	C15H13Cl3O3
external	CFAVOGVJXCIQLR-UHFFFAOYSA-N	COc1ccc(C(c2ccc(O)c(O)c2)C(Cl)(Cl)Cl)cc1	ok	COc1ccc(C(c2ccc(O)c(O)c2)C(Cl)(Cl)Cl)cc1	CFAVOGVJXCIQLR-UHFFFAOYSA-N	C15H13Cl3O3
external	CFBBUWFXWSYJHB-UHFFFAOYSA-N	CC(C=O)=CCCC(C)C1CCC2(C)C3=C(C(=O)CC12C)C1(C)CCC(O)C(C)(C)C1CC3	ok	CC(C=O)=CCCC(C)C1CCC2(C)C3=C(C(=O)CC12C)C1(C)CCC(O)C(C)(C)C1CC3	CFBBUWFXWSYJHB-UHFFFAOYSA-N	C30H46O3
external	CFBYEGUGFPZCNF-UHFFFAOYSA-N	COc1ccccc1[N+](=O)[O-]	ok	COc1ccccc1[N+](=O)[O-]	CFBYEGUGFPZCNF-UHFFFAOYSA-N	C7H7NO3
external	CFJMRBQWBDQYMK-UHFFFAOYSA-N	CCN(CC)CCOCCOC(=O)C1(c2ccccc2)CCCC1	ok	CCN(CC)CCOCCOC(=O)C1(c2ccccc2)CCCC1	CFJMRBQWBDQYMK-UHFFFAOYSA-N	C20H31NO3
external	CFJYNSNXFXLKNS-UHFFFAOYSA-N	CC1CCC(C(C)C)CC1	ok	CC1CCC(C(C)C)CC1	CFJYNSNXFXLKNS-UHFFFAOYSA-N	C10H20
external	CFOYWRHIYXMDOT-UHFFFAOYSA-N	CCOC(=O)n1ccn(C)c1=S	ok	CCOC(=O)n1ccn(C)c1=S	CFOYWRHIYXMDOT-UHFFFAOYSA-N	C7H10N2O2S
external	CFRFHWQYWJMEJN-UHFFFAOYSA-N	Nc1ccc2c(c1)Cc1ccccc1-2	ok	Nc1ccc2c(c1)Cc1ccccc1-2	CFRFHWQYWJMEJN-UHFFFAOYSA-N	C13H11N
external	CGBYBGVMDAPUIH-UHFFFAOYSA-N	CC(C(=O)O)=C(C)C(=O)O	ok	CC(C(=O)O)=C(C)C(=O)O	CGBYBGVMDAPUIH-UHFFFAOYSA-N	C6H8O4
external	CGIGDMFJXJATDK-UHFFFAOYSA-N	COc1ccc2c(c1)c(CC(=O)O)c(C)n2C(=O)c1ccc(Cl)cc1	ok	COc1ccc2c(c1)c(CC(=O)O)c(C)n2C(=O)c1ccc(Cl)cc1	CGIGDMFJXJATDK-UHFFFAOYSA-N	C19H16ClNO4
external	CGNVIRPGBUXJES-UHFFFAOYSA-N	CCCCCCCCCCCCCCCCCCCCCCCCCCCCCC=O	ok	CCCCCCCCCCCCCCCCCCCCCCCCCCCCCC=O	CGNVIRPGBUXJES-UHFFFAOYSA-N	C30H60O
external	CHBRHODLKOZEPZ-UHFFFAOYSA-N	CCc1cc2c(s1)N(C)C(=O)CN=C2c1ccccc1Cl	ok	CCc1cc2c(s1)N(C)C(=O)CN=C2c1ccccc1Cl	CHBRHODLKOZEPZ-UHFFFAOYSA-N	C16H15ClN2OS
external	CHCCBPDEADMNCI-UHFFFAOYSA-N	CC1=CC(=O)CC1	ok	CC1=CC(=O)CC1	CHCCBPDEADMNCI-UHFFFAOYSA-N	C6H8O
external	CHCYJKZBXNSGCG-UHFFFAOYSA-N	COc1cc(O)c2c(=O)c3ccc(OC)c(OC)c3n(C)c2c1	ok	COc1cc(O)c2c(=O)c3ccc(OC)c(OC)c3n(C)c2c1	CHCYJKZBXNSGCG-UHFFFAOYSA-N	C17H17NO5
external	CHHXEZSCHQVSRE-UHFFFAOYSA-N	COc1ccc(Oc2cc(N(C)CCOc3ccc(CC4SC(=O)N=C4O)cc3)ncn2)cc1	ok	COc1ccc(Oc2cc(N(C)CCOc3ccc(Cc4sc(=O)[nH]c4O)cc3)ncn2)cc1	PRHMFYIGPUNCOZ-UHFFFAOYSA-N	C24H24N4O5S
external	CHJJGSNFBQVOTG-UHFFFAOYSA-N	CNC(=N)N	ok	CN=C(N)N	CHJJGSNFBQVOTG-UHFFFAOYSA-N	C2H7N3
external	CHTHALBTIRVDBM-UHFFFAOYSA-N	O=C(O)c1ccc(C(=O)O)o1	ok	O=C(O)c1ccc(C(=O)O)o1	CHTHALBTIRVDBM-UHFFFAOYSA-N	C6H4O5
external	CIBAPVLFORANSS-UHFFFAOYSA-N	CC1CCC2(OC1)OC1CC3C4CCC5CC(=O)CCC5(C)C4CCC3(C)C1C2C	ok	CC1CCC2(OC1)OC1CC3C4CCC5CC(=O)CCC5(C)C4CCC3(C)C1C2C	CIBAPVLFORANSS-UHFFFAOYSA-N	C27H42O3
external	CIBNJPPYSPYHDB-UHFFFAOYSA-N	CC(C)=C(C)CCC(C)C1CCC2(C)C3CCC4C(C)(C)C(O)CCC45CC35CCC12C	ok	CC(C)=C(C)CCC(C)C1CCC2(C)C3CCC4C(C)(C)C(O)CCC45CC35CCC12C	CIBNJPPYSPYHDB-UHFFFAOYSA-N	C31H52O
external	CIDHBCQEXDUWEB-UHFFFAOYSA-N	CC(C)=CCCC(C)=CCCC(C)=CCCC=C(C)CCC1C(C)=CCC(O)C1(C)C	ok	CC(C)=CCCC(C)=CCCC(C)=CCCC=C(C)CCC1C(C)=CCC(O)C1(C)C	CIDHBCQEXDUWEB-UHFFFAOYSA-N	C30H50O
external	CIUUIPMOFZIWIZ-UHFFFAOYSA-N	N=c1nc(O)c(Br)c(-c2ccccc2)[nH]1	ok	Nc1nc(-c2ccccc2)c(Br)c(=O)[nH]1	CIUUIPMOFZIWIZ-UHFFFAOYSA-N	C10H8BrN3O
external	CJBJHOAVZSMMDJ-UHFFFAOYSA-N	CC(C)CN(CC(O)C(Cc1ccccc1)N=C(O)OC1COC2OCCC12)S(=O)(=O)c1ccc(N)cc1	ok	CC(C)CN(CC(O)C(Cc1ccccc1)NC(=O)OC1COC2OCCC12)S(=O)(=O)c1ccc(N)cc1	CJBJHOAVZSMMDJ-UHFFFAOYSA-N	C27H37N3O7S
external	CJCSPKMFHVPWAR-UHFFFAOYSA-N	CC(N)(Cc1ccc(O)c(O)c1)C(=O)O	ok	CC(N)(Cc1ccc(O)c(O)c1)C(=O)O	CJCSPKMFHVPWAR-UHFFFAOYSA-N	C10H13NO4
external	CJDRUOGAGYHKKD-UHFFFAOYSA-N	CCC1C2CC3C4N(C)c5ccccc5C45CC(C2C5O)N3C1O	ok	CCC1C2CC3C4N(C)c5ccccc5C45CC(C2C5O)N3C1O	CJDRUOGAGYHKKD-UHFFFAOYSA-N	C20H26N2O2
external	CJGRGYBLAHPYOM-UHFFFAOYSA-N	O=C(C=Cc1ccccc1)OC1OC(CO)C(O)C(O)C1O	ok	O=C(C=Cc1ccccc1)OC1OC(CO)C(O)C(O)C1O	CJGRGYBLAHPYOM-UHFFFAOYSA-N	C15H18O7
external	CJJOSEISRRTUQB-UHFFFAOYSA-N	COP(=S)(OC)SCn1nnc2ccccc2c1=O	ok	COP(=S)(OC)SCn1nnc2ccccc2c1=O	CJJOSEISRRTUQB-UHFFFAOYSA-N	C10H12N3O3PS2
external	CJOFXWAVKWHTFT-UHFFFAOYSA-N	COCCCCC(=NOCCN)c1ccc(C(F)(F)F)cc1	ok	COCCCCC(=NOCCN)c1ccc(C(F)(F)F)cc1	CJOFXWAVKWHTFT-UHFFFAOYSA-N	C15H21F3N2O2
external	CJUFNYIRKDOQMC-UHFFFAOYSA-N	C=CC(O)CCCCCCCC(=O)O	ok	C=CC(O)CCCCCCCC(=O)O	CJUFNYIRKDOQMC-UHFFFAOYSA-N	C11H20O3
external	CKABLRDEWGBLBV-UHFFFAOYSA-N	CC(C)(C)N=C(O)C1CC2CCCCC2CN1CC(=O)C(Cc1ccccc1)N=C(O)C(CC(N)O)NC(=O)c1ccc2ccccc2n1	ok	CC(C)(C)NC(=O)C1CC2CCCCC2CN1CC(=O)C(Cc1ccccc1)NC(=O)C(CC(N)O)NC(=O)c1ccc2ccccc2n1	CKABLRDEWGBLBV-UHFFFAOYSA-N	C38H50N6O5
external	CKFBRGLGTWAVLG-UHFFFAOYSA-N	C=C1CC2C3CCC4=CC(=O)CCC4C3CCC2(C)C1(OC(C)=O)C(C)=O	ok	C=C1CC2C3CC=C4CC(=O)CCC4C3CCC2(C)C1(OC(C)=O)C(C)=O	GSPVJNNQYBLBBW-UHFFFAOYSA-N	C23H30O4
external	CKISLMYLRMCWDU-UHFFFAOYSA-N	CC(C)(CO)C(=O)C(O)NCCC(O)=NCCSSCCN=C(O)CCN=C(O)C(O)C(C)(C)CO	ok	CC(C)(CO)C(O)C(=O)NCCC(=O)NCCSSCCNC(=O)CCNC(=O)C(O)C(C)(C)CO	DJWYOLJPSHDSAL-UHFFFAOYSA-N	C22H42N4O8S2
external	CKLJMWTZIZZHCS-UHFFFAOYSA-N	NC(CC(=O)O)C(=O)O	ok	NC(CC(=O)O)C(=O)O	CKLJMWTZIZZHCS-UHFFFAOYSA-N	C4H7NO4
external	CKNAQFVBEHDJQV-UHFFFAOYSA-N	Cc1c(-c2cnccn2)ssc1=S	ok	Cc1c(-c2cnccn2)ssc1=S	CKNAQFVBEHDJQV-UHFFFAOYSA-N	C8H6N2S3
external	CKTSBUTUHBMZGZ-UHFFFAOYSA-N	N=c1ccn(C2CC(O)C(CO)O2)c(O)n1	ok	Nc1ccn(C2CC(O)C(CO)O2)c(=O)n1	CKTSBUTUHBMZGZ-UHFFFAOYSA-N	C9H13N3O4
external	CKVDCQYUEYONIA-UHFFFAOYSA-N	CC(NC(=N)O)c1cc2ccccc2s1	ok	CC(NC(N)=O)c1cc2ccccc2s1	CKVDCQYUEYONIA-UHFFFAOYSA-N	C11H12N2OS
external	CKWDVTWFZPCGNS-UHFFFAOYSA-N	CCCCCCCCCCCCCC=CC(O)C(COC1OC(CO)C(OC2OC(CO)C(OC3OC(CO)C(O)C(O)C3CC(C)=O)C(OC3(C(=O)O)CC(O)C(N=C(C)O)C(C(O)C(CO)OC4(C(=O)O)CC(O)C(N=C(C)O)C(C(O)C(CO)OC5(C(=O)O)CC(O)C(N=C(C)O)C(C(O)C(O)CO)O5)O4)O3)C2O)C(O)C1O)N=C(O)CCCCCCCCCCC	ok	CCCCCCCCCCCCCC=CC(O)C(COC1OC(CO)C(OC2OC(CO)C(OC3OC(CO)C(O)C(O)C3CC(C)=O)C(OC3(C(=O)O)CC(O)C(NC(C)=O)C(C(O)C(CO)OC4(C(=O)O)CC(O)C(NC(C)=O)C(C(O)C(CO)OC5(C(=O)O)CC(O)C(NC(C)=O)C(C(O)C(O)CO)O5)O4)O3)C2O)C(O)C1O)NC(=O)CCCCCCCCCCC	CKWDVTWFZPCGNS-UHFFFAOYSA-N	C84H144N4O42
external	CLPFFLWZZBQMAO-UHFFFAOYSA-N	N#Cc1ccc(C2CCCc3cncn32)cc1	ok	N#Cc1ccc(C2CCCc3cncn32)cc1	CLPFFLWZZBQMAO-UHFFFAOYSA-N	C14H13N3
external	CMJCXYNUCSMDBY-UHFFFAOYSA-N	COC(O)=NC(C)CNc1nccc(-c2cn(C(C)C)nc2-c2cc(Cl)cc(NS(C)(=O)=O)c2F)n1	ok	COC(=O)NC(C)CNc1nccc(-c2cn(C(C)C)nc2-c2cc(Cl)cc(NS(C)(=O)=O)c2F)n1	CMJCXYNUCSMDBY-UHFFFAOYSA-N	C22H27ClFN7O4S
external	CMSMOCZEIVJLDB-UHFFFAOYSA-N	O=P1(N(CCCl)CCCl)NCCCO1	ok	O=P1(N(CCCl)CCCl)NCCCO1	CMSMOCZEIVJLDB-UHFFFAOYSA-N	C7H15Cl2N2O2P
external	CMWTZPSULFXXJA-UHFFFAOYSA-N	COc1ccc2cc(C(C)C(=O)O)ccc2c1	ok	COc1ccc2cc(C(C)C(=O)O)ccc2c1	CMWTZPSULFXXJA-UHFFFAOYSA-N	C14H14O3
external	CNBGNNVCVSKAQZ-UHFFFAOYSA-N	CN(C)CCCOc1nn(Cc2ccccc2)c2ccccc12	ok	CN(C)CCCOc1nn(Cc2ccccc2)c2ccccc12	CNBGNNVCVSKAQZ-UHFFFAOYSA-N	C19H23N3O
external	CNPKGWRNFPXTNC-UHFFFAOYSA-N	O=C(C=Cc1ccc(O)c(O)c1)OC1CC(C(=O)O)CC(=O)C1O	ok	O=C(C=Cc1ccc(O)c(O)c1)OC1CC(C(=O)O)CC(=O)C1O	CNPKGWRNFPXTNC-UHFFFAOYSA-N	C16H16O8
external	CNPVJJQCETWNEU-UHFFFAOYSA-N	COCC(c1ccc(C(F)(F)F)cc1)N1CCN(C2(C)CCN(C(=O)c3c(C)ncnc3C)CC2)CC1C	ok	COCC(c1ccc(C(F)(F)F)cc1)N1CCN(C2(C)CCN(C(=O)c3c(C)ncnc3C)CC2)CC1C	CNPVJJQCETWNEU-UHFFFAOYSA-N	C28H38F3N5O2
external	CNVZJPUDSLNTQU-UHFFFAOYSA-N	CCCCCCCCCCCC=CCCCCC(=O)O	ok	CCCCCCCCCCCC=CCCCCC(=O)O	CNVZJPUDSLNTQU-UHFFFAOYSA-N	C18H34O2
external	COCNDHOPIHDTHK-UHFFFAOYSA-N	COc1ccc2[nH]cc(CC(=O)O)c2c1	ok	COc1ccc2[nH]cc(CC(=O)O)c2c1	COCNDHOPIHDTHK-UHFFFAOYSA-N	C11H11NO3
external	COLNVLDHVKWLRT-UHFFFAOYSA-N	NC(Cc1ccccc1)C(=O)O	ok	NC(Cc1ccccc1)C(=O)O	COLNVLDHVKWLRT-UHFFFAOYSA-N	C9H11NO2
external	COUYJEVMBVSIHV-UHFFFAOYSA-N	COc1ccc(CC(C)(C)NCC(O)c2cc(O)cc3c2OCC(O)=N3)cc1	ok	COc1ccc(CC(C)(C)NCC(O)c2cc(O)cc3c2OCC(=O)N3)cc1	COUYJEVMBVSIHV-UHFFFAOYSA-N	C21H26N2O5
external	COVZYZSDYWQREU-UHFFFAOYSA-N	CS(=O)(=O)OCCCCOS(C)(=O)=O	ok	CS(=O)(=O)OCCCCOS(C)(=O)=O	COVZYZSDYWQREU-UHFFFAOYSA-N	C6H14O6S2
external	COWNFYYYZFRNOY-UHFFFAOYSA-N	O=C1N=C(O)CO1	ok	O=c1[nH]c(O)co1	COCAYFSBKVLUFY-UHFFFAOYSA-N	C3H3NO3
external	CPHVNLRAJPTYSD-UHFFFAOYSA-N	CC(CCC(O)(CO)C(C)C)C1C(O)CC2(C)C3CCC4C(C)(C(=O)O)C(O)CC(O)C45CC35CCC12C	ok	CC(CCC(O)(CO)C(C)C)C1C(O)CC2(C)C3CCC4C(C)(C(=O)O)C(O)CC(O)C45CC35CCC12C	CPHVNLRAJPTYSD-UHFFFAOYSA-N	C31H52O7
external	CPJSUEIXXCENMM-UHFFFAOYSA-N	CCOc1ccc(N=C(C)O)cc1	ok	CCOc1ccc(NC(C)=O)cc1	CPJSUEIXXCENMM-UHFFFAOYSA-N	C10H13NO2
external	CPLGPDHGFNXBOA-UHFFFAOYSA-N	CC1(C)CC2C1CCC(C)(O)C1CCC21C	ok	CC1(C)CC2C1CCC(C)(O)C1CCC21C	CPLGPDHGFNXBOA-UHFFFAOYSA-N	C15H26O
external	CPMDPSXJELVGJG-UHFFFAOYSA-N	COC(=O)c1ccc2c(C(=Nc3ccc(N(C)C(=O)CN4CCN(C)CC4)cc3)c3ccccc3)c(O)[nH]c2c1	ok	COC(=O)c1ccc2c(C(=Nc3ccc(N(C)C(=O)CN4CCN(C)CC4)cc3)c3ccccc3)c(O)[nH]c2c1	CPMDPSXJELVGJG-UHFFFAOYSA-N	C31H33N5O4
external	CPTBDICYNRMXFX-UHFFFAOYSA-N	CNNCc1ccc(C(=O)NC(C)C)cc1	ok	CNNCc1ccc(C(=O)NC(C)C)cc1	CPTBDICYNRMXFX-UHFFFAOYSA-N	C12H19N3O
external	CPZBLNMUGSZIPR-UHFFFAOYSA-N	O=C1c2cccc3c2C(CCC3)CN1C1CN2CCC1CC2	ok	O=C1c2cccc3c2C(CCC3)CN1C1CN2CCC1CC2	CPZBLNMUGSZIPR-UHFFFAOYSA-N	C19H24N2O
external	CQEOXWCXSBFJMB-UHFFFAOYSA-N	CN=C(O)Cc1ccc2ccn(C3CCN(CCc4ccccc4F)CC3)c2c1	ok	CNC(=O)Cc1ccc2ccn(C3CCN(CCc4ccccc4F)CC3)c2c1	CQEOXWCXSBFJMB-UHFFFAOYSA-N	C24H28FN3O
external	CRCWUBLTFGOMDD-UHFFFAOYSA-N	CCOc1ccc2nc3ccc(=O)cc-3oc2c1	ok	CCOc1ccc2nc3ccc(=O)cc-3oc2c1	CRCWUBLTFGOMDD-UHFFFAOYSA-N	C14H11NO3
external	CRDAMVZIKSXKFV-UHFFFAOYSA-N	CC(C)=CCCC(C)=CCCC(C)=CCO	ok	CC(C)=CCCC(C)=CCCC(C)=CCO	CRDAMVZIKSXKFV-UHFFFAOYSA-N	C15H26O
external	CRTPSTLXICFKCU-UHFFFAOYSA-N	CC(O)CN=C(O)NS(=O)(=O)c1ccc(Cl)cc1	ok	CC(O)CNC(=O)NS(=O)(=O)c1ccc(Cl)cc1	CRTPSTLXICFKCU-UHFFFAOYSA-N	C10H13ClN2O4S
external	CSCPPACGZOOCGX-UHFFFAOYSA-N	CC(C)=O	ok	CC(C)=O	CSCPPACGZOOCGX-UHFFFAOYSA-N	C3H6O
external	CSFQQZOIHVWGMN-UHFFFAOYSA-N	CN(CCc1cn(C2OC(CO)C(O)C(O)C2O)cn1)C(=O)C=Cc1ccccc1	ok	CN(CCc1cn(C2OC(CO)C(O)C(O)C2O)cn1)C(=O)C=Cc1ccccc1	CSFQQZOIHVWGMN-UHFFFAOYSA-N	C21H27N3O6
external	CSKDFZIMJXRJGH-UHFFFAOYSA-N	O=C(NN1C(=O)C2C3C=CC(C4CC34)C2C1=O)c1ccc(C(F)(F)F)cc1	ok	O=C(Nn1c(O)c2c(c1O)C1C=CC2C2CC12)c1ccc(C(F)(F)F)cc1	PFTCYSLXMGONAY-UHFFFAOYSA-N	C19H15F3N2O3
external	CSWYLIDLQDJVCQ-UHFFFAOYSA-N	CC(C)=CCCC1(C)C(CC=C(C)C)CC23CC(C(C)(C)OO)OC2=C(CC=C(C)C)C(=O)C1(C(=O)C(C)C)C3=O	ok	CC(C)=CCCC1(C)C(CC=C(C)C)CC23CC(C(C)(C)OO)OC2=C(CC=C(C)C)C(=O)C1(C(=O)C(C)C)C3=O	CSWYLIDLQDJVCQ-UHFFFAOYSA-N	C35H52O6
external	CTMCWCONSULRHO-UHFFFAOYSA-N	COc1cccc2c1C(=O)c1c(O)c3c(c(O)c1C2=O)CC(O)(C(=O)CO)CC3OC1CC(N2CCOC(OC)C2)C(O)C(C)O1	ok	COc1cccc2c(O)c3c(c(O)c12)C(=O)C1=C(CC(O)(C(=O)CO)CC1OC1CC(N2CCOC(OC)C2)C(O)C(C)O1)C3=O	KZXYRCGNRVKTOI-UHFFFAOYSA-N	C32H37NO13
external	CTNHZEZBBGIUJB-UHFFFAOYSA-N	CC1(C)CC(O)C2(CO)C(O)CC3(C)C(=CCC4C5(C)CCC(O)C(C)(C)C5CCC43C)C2C1	ok	CC1(C)CC(O)C2(CO)C(O)CC3(C)C(=CCC4C5(C)CCC(O)C(C)(C)C5CCC43C)C2C1	CTNHZEZBBGIUJB-UHFFFAOYSA-N	C30H50O4
external	CTPOHARTNNSRSR-UHFFFAOYSA-N	CC#CCC(C)C(O)C=CC1C(O)CC2Oc3c(CCCC(=O)O)cccc3C21	ok	CC#CCC(C)C(O)C=CC1C(O)CC2Oc3c(CCCC(=O)O)cccc3C21	CTPOHARTNNSRSR-UHFFFAOYSA-N	C24H30O5
external	CTQNGGLPUBDAKN-UHFFFAOYSA-N	Cc1ccccc1C	ok	Cc1ccccc1C	CTQNGGLPUBDAKN-UHFFFAOYSA-N	C8H10
external	CTRLABGOLIVAIY-UHFFFAOYSA-N	N=C(O)N1c2ccccc2CC(=O)c2ccccc21	ok	NC(=O)N1c2ccccc2CC(=O)c2ccccc21	CTRLABGOLIVAIY-UHFFFAOYSA-N	C15H12N2O2
external	CTSPAMFJBXKSOY-UHFFFAOYSA-N	Cc1c2ccncc2c(C)c2c1[nH]c1ccccc12	ok	Cc1c2cc[nH]cc2c(C)c2c1nc1ccccc12	DMIWIJAIZZONNT-UHFFFAOYSA-N	C17H14N2
external	CTXBSDYTKARPDT-UHFFFAOYSA-N	C=C(C)C1N=C(O)C(NC)C(O)c2cc(Cl)c(O)c(c2)OC(C)(CC)C(C(=O)N2CC=CC2C(=O)N=C(C(=O)NC(=CC(=O)O)C(=O)O)C(C)CC)N=C1O	tautomer_MaxTransformsReached			C36H45ClN6O12
external	CUDVHEFYRIWYQD-UHFFFAOYSA-N	CN=C(O)c1cccc2cc(Oc3ccnc4cc(OCC5(N)CC5)c(OC)cc34)ccc12	ok	CNC(=O)c1cccc2cc(Oc3ccnc4cc(OCC5(N)CC5)c(OC)cc34)ccc12	CUDVHEFYRIWYQD-UHFFFAOYSA-N	C26H25N3O4
external	CUEJKTACZUGHDE-UHFFFAOYSA-N	C=C(C)C1CCC2C3(C)CCC(C(C)CC=CC(C)C(=O)OC)C3(C)CCC23CC13CCC(=O)O	ok	C=C(C)C1CCC2C3(C)CCC(C(C)CC=CC(C)C(=O)OC)C3(C)CCC23CC13CCC(=O)O	CUEJKTACZUGHDE-UHFFFAOYSA-N	C31H48O4
external	CUHVIMMYOGQXCV-UHFFFAOYSA-N	Cc1cccc(C(C)c2cnc[nH]2)c1C	ok	Cc1cccc(C(C)c2c[nH]cn2)c1C	CUHVIMMYOGQXCV-UHFFFAOYSA-N	C13H16N2
external	CUIHSIWYWATEQL-UHFFFAOYSA-N	Cc1ccc(Nc2nccc(N(C)c3ccc4c(C)n(C)nc4c3)n2)cc1S(N)(=O)=O	ok	Cc1ccc(Nc2nccc(N(C)c3ccc4c(C)n(C)nc4c3)n2)cc1S(N)(=O)=O	CUIHSIWYWATEQL-UHFFFAOYSA-N	C21H23N7O2S
external	CUJMXIQZWPZMNQ-UHFFFAOYSA-N	CCCCCC(=O)CCC1C(O)CC(=O)C1CC=CCCCC(=O)O	ok	CCCCCC(=O)CCC1C(O)CC(=O)C1CC=CCCCC(=O)O	CUJMXIQZWPZMNQ-UHFFFAOYSA-N	C20H32O5
external	CUKXSBOAIJILRY-UHFFFAOYSA-N	CC(C)NCC(O)COc1ccc(CCO)cc1	ok	CC(C)NCC(O)COc1ccc(CCO)cc1	CUKXSBOAIJILRY-UHFFFAOYSA-N	C14H23NO3
external	CUMYHTLHFUKHQI-UHFFFAOYSA-N	CC(C)C(C)C=CC(C)C1CCC2=C3CC(=O)C4CC(=O)CCC4(C)C3CCC21C	ok	CC(C)C(C)C=CC(C)C1CCC2=C3CC(=O)C4CC(=O)CCC4(C)C3CCC21C	CUMYHTLHFUKHQI-UHFFFAOYSA-N	C28H42O2
external	CUNNCAQQDAMNGQ-UHFFFAOYSA-N	CCCCCCCCCCCCC=CCCC(O)C(O)CCC(O)C1CCC(CCCCCC(O)Cc2cc(C)oc2O)O1	ok	CCCCCCCCCCCCC=CCCC(O)C(O)CCC(O)C1CCC(CCCCCC(O)Cc2cc(C)oc2O)O1	CUNNCAQQDAMNGQ-UHFFFAOYSA-N	C37H66O7
external	CUUMXRBKJIDIAY-UHFFFAOYSA-N	CC1=CCC(C(C)C)c2cc(C)ccc21	ok	CC1=CCC(C(C)C)c2cc(C)ccc21	CUUMXRBKJIDIAY-UHFFFAOYSA-N	C15H20
external	CVHZOJJKTDOEJC-UHFFFAOYSA-N	O=S1(=O)N=C(O)c2ccccc21	ok	O=C1NS(=O)(=O)c2ccccc21	CVHZOJJKTDOEJC-UHFFFAOYSA-N	C7H5NO3S
external	CVKMFSAVYPAZTQ-UHFFFAOYSA-N	CCCCC(C)C(=O)O	ok	CCCCC(C)C(=O)O	CVKMFSAVYPAZTQ-UHFFFAOYSA-N	C7H14O2
external	CVRALZAYCYJELZ-UHFFFAOYSA-N	COP(=S)(Oc1cc(Cl)c(Br)cc1Cl)c1ccccc1	ok	COP(=S)(Oc1cc(Cl)c(Br)cc1Cl)c1ccccc1	CVRALZAYCYJELZ-UHFFFAOYSA-N	C13H10BrCl2O2PS
external	CVSWGLSBJFKWMW-UHFFFAOYSA-N	CCCCC(=O)OCC=C(C)CCC=C(C)C	ok	CCCCC(=O)OCC=C(C)CCC=C(C)C	CVSWGLSBJFKWMW-UHFFFAOYSA-N	C15H26O2
external	CVTMENNEXOZZEZ-UHFFFAOYSA-N	C=C(C)c1ccc(OC)c(CNC2C3CCN(CC3)C2C(c2ccccc2)c2ccccc2)c1	ok	C=C(C)c1ccc(OC)c(CNC2C3CCN(CC3)C2C(c2ccccc2)c2ccccc2)c1	CVTMENNEXOZZEZ-UHFFFAOYSA-N	C31H36N2O
external	CVXBEEMKQHEXEN-UHFFFAOYSA-N	CN=C(O)Oc1cccc2ccccc12	ok	CNC(=O)Oc1cccc2ccccc12	CVXBEEMKQHEXEN-UHFFFAOYSA-N	C12H11NO2
external	CWIZKMYGNOEFKO-UHFFFAOYSA-N	COC(=O)CC1c2cc(O)c(O)cc2C(c2ccc(O)c(O)c2)C1C(=O)OC	tautomer_MaxTransformsReached			C20H20O8
external	CWMYRIMGSBQMJG-UHFFFAOYSA-N	CC#CC#CC#CC=CC=CCCCOC(C)=O	ok	CC#CC#CC#CC=CC=CCCCOC(C)=O	CWMYRIMGSBQMJG-UHFFFAOYSA-N	C16H16O2
external	CWTQYXSFDFSPQG-UHFFFAOYSA-N	CCC1OC2(C)OCCC1O2	ok	CCC1OC2(C)OCCC1O2	CWTQYXSFDFSPQG-UHFFFAOYSA-N	C8H14O3
external	CXAFPLYCBNPHSG-UHFFFAOYSA-N	O=C(O)C1C(=CSc2nnnn2CS(=O)(=O)O)CSC2C(N=C(O)C(O)c3ccccc3)C(=O)N12	ok	O=C(NC1C(=O)N2C(C(=O)O)C(=CSc3nnnn3CS(=O)(=O)O)CSC12)C(O)c1ccccc1	CXAFPLYCBNPHSG-UHFFFAOYSA-N	C18H18N6O8S3
external	CXOFVDLJLONNDW-UHFFFAOYSA-N	OC1=NC(c2ccccc2)(c2ccccc2)C(O)=N1	ok	O=C1NC(=O)C(c2ccccc2)(c2ccccc2)N1	CXOFVDLJLONNDW-UHFFFAOYSA-N	C15H12N2O2
external	CXOXHMZGEKVPMT-UHFFFAOYSA-N	CN1C(=O)CC(=O)N(c2ccccc2)c2cc(Cl)ccc21	ok	CN1C(=O)CC(=O)N(c2ccccc2)c2cc(Cl)ccc21	CXOXHMZGEKVPMT-UHFFFAOYSA-N	C16H13ClN2O2
external	CXTLZMPDZVHUII-UHFFFAOYSA-N	CCCCCCCCC=CCCCCCCCCCCCCCCCC(O)=NC(COC1OC(CO)C(OC2OC(CO)C(OC3OC(CO)C(O)C(O)C3CC(C)=O)C(OC3(C(=O)O)CC(O)C(N=C(C)O)C(C(O)C(CO)OC4(C(=O)O)CC(O)C(N=C(C)O)C(C(O)C(CO)OC5(C(=O)O)CC(O)C(N=C(C)O)C(C(O)C(O)CO)O5)O4)O3)C2O)C(O)C1O)C(O)CCCCCCCCCCCCCCC	ok	CCCCCCCCC=CCCCCCCCCCCCCCCCC(=O)NC(COC1OC(CO)C(OC2OC(CO)C(OC3OC(CO)C(O)C(O)C3CC(C)=O)C(OC3(C(=O)O)CC(O)C(NC(C)=O)C(C(O)C(CO)OC4(C(=O)O)CC(O)C(NC(C)=O)C(C(O)C(CO)OC5(C(=O)O)CC(O)C(NC(C)=O)C(C(O)C(O)CO)O5)O4)O3)C2O)C(O)C1O)C(O)CCCCCCCCCCCCCCC	CXTLZMPDZVHUII-UHFFFAOYSA-N	C98H172N4O42
external	CYFLXLSBHQBMFT-UHFFFAOYSA-N	Cc1nc(NS(=O)(=O)c2ccc(N)cc2)oc1C	ok	Cc1nc(NS(=O)(=O)c2ccc(N)cc2)oc1C	CYFLXLSBHQBMFT-UHFFFAOYSA-N	C11H13N3O3S
external	CYMBAKFTWRNHPS-UHFFFAOYSA-N	CC(=O)OCC(=O)C1(O)CCC2C3CC(F)C4=CC(=O)C=CC4(C)C3C(O)CC21C	ok	CC(=O)OCC(=O)C1(O)CCC2C3CC(F)C4=CC(=O)C=CC4(C)C3C(O)CC21C	CYMBAKFTWRNHPS-UHFFFAOYSA-N	C23H29FO6
external	CYNYIHKIEHGYOZ-UHFFFAOYSA-N	CCCBr	ok	CCCBr	CYNYIHKIEHGYOZ-UHFFFAOYSA-N	C3H7Br
external	CYOHGALHFOKKQC-UHFFFAOYSA-N	Cn1cnc2c(F)c(Nc3ccc(Br)cc3Cl)c(C(O)=NOCCO)cc21	ok	Cn1cnc2c(F)c(Nc3ccc(Br)cc3Cl)c(C(=O)NOCCO)cc21	CYOHGALHFOKKQC-UHFFFAOYSA-N	C17H15BrClFN4O3
external	CYQFCXCEBYINGO-UHFFFAOYSA-N	CCCCCc1cc(O)c2c(c1)OC(C)(C)C1CCC(C)=CC21	ok	CCCCCc1cc(O)c2c(c1)OC(C)(C)C1CCC(C)=CC21	CYQFCXCEBYINGO-UHFFFAOYSA-N	C21H30O2
external	CYXIKYKBLDZZNW-UHFFFAOYSA-N	FC(F)(F)CCl	ok	FC(F)(F)CCl	CYXIKYKBLDZZNW-UHFFFAOYSA-N	C2H2ClF3
external	CYXKNKQEMFBLER-UHFFFAOYSA-N	C1CCC(C(CC2CCCCN2)C2CCCCC2)CC1	ok	C1CCC(C(CC2CCCCN2)C2CCCCC2)CC1	CYXKNKQEMFBLER-UHFFFAOYSA-N	C19H35N
external	CZCBTSFUTPZVKJ-UHFFFAOYSA-N	CC(C)=CC1CC(C)CCO1	ok	CC(C)=CC1CC(C)CCO1	CZCBTSFUTPZVKJ-UHFFFAOYSA-N	C10H18O
external	CZGFLAQOJPXVRV-UHFFFAOYSA-N	CC12CCC3c4ccc(O)cc4CCC3C1CC(O)C2OC1OC(C(=O)O)C(O)C(O)C1O	ok	CC12CCC3c4ccc(O)cc4CCC3C1CC(O)C2OC1OC(C(=O)O)C(O)C(O)C1O	CZGFLAQOJPXVRV-UHFFFAOYSA-N	C24H32O9
external	CZIHNRWJTSTCEX-UHFFFAOYSA-N	CC(O)=Nc1ccc2c(c1)Cc1ccccc1-2	ok	CC(=O)Nc1ccc2c(c1)Cc1ccccc1-2	CZIHNRWJTSTCEX-UHFFFAOYSA-N	C15H13NO
external	DAEYIVCTQUFNTM-UHFFFAOYSA-N	CC1Cc2ccc(C(O)=NC(Cc3ccccc3)C(=O)O)c(O)c2C(=O)O1	ok	CC1Cc2ccc(C(=O)NC(Cc3ccccc3)C(=O)O)c(O)c2C(=O)O1	DAEYIVCTQUFNTM-UHFFFAOYSA-N	C20H19NO6
external	DAFYYTQWSAWIGS-UHFFFAOYSA-N	OCc1cc(C(O)CNCCCCCCOCCOCc2c(Cl)cccc2Cl)ccc1O	ok	OCc1cc(C(O)CNCCCCCCOCCOCc2c(Cl)cccc2Cl)ccc1O	DAFYYTQWSAWIGS-UHFFFAOYSA-N	C24H33Cl2NO5
external	DAUFGBIKKGOPJA-UHFFFAOYSA-N	Cc1onc(NS(=O)(=O)c2ccc(N)cc2)c1C	ok	Cc1onc(NS(=O)(=O)c2ccc(N)cc2)c1C	DAUFGBIKKGOPJA-UHFFFAOYSA-N	C11H13N3O3S
external	DBABZHXKTCFAPX-UHFFFAOYSA-N	CCCN(CCC)S(=O)(=O)c1ccc(C(=O)O)cc1	ok	CCCN(CCC)S(=O)(=O)c1ccc(C(=O)O)cc1	DBABZHXKTCFAPX-UHFFFAOYSA-N	C13H19NO4S
external	DBBUEAPPMDUEIR-UHFFFAOYSA-N	CC(=O)OC(C=CC(C)C(=O)O)C(C)C1CC(OC(C)=O)C2(C)C3=CCC4C(C)(CCC(OC(C)=O)C4(C)C)C3=CCC12C	ok	CC(=O)OC(C=CC(C)C(=O)O)C(C)C1CC(OC(C)=O)C2(C)C3=CCC4C(C)(CCC(OC(C)=O)C4(C)C)C3=CCC12C	DBBUEAPPMDUEIR-UHFFFAOYSA-N	C36H52O8
external	DBEPLOCGEIEOCV-UHFFFAOYSA-N	CC(C)(C)N=C(O)C1CCC2C3CCC4N=C(O)C=CC4(C)C3CCC12C	ok	CC(C)(C)NC(=O)C1CCC2C3CCC4NC(=O)C=CC4(C)C3CCC12C	DBEPLOCGEIEOCV-UHFFFAOYSA-N	C23H36N2O2
external	DBFXNHHIIKEXPP-UHFFFAOYSA-N	C=C1CC23CC1(O)CCC2C1(C)CC(O)CC(C)(C(=O)O)C1C3C(=O)O	ok	C=C1CC23CC1(O)CCC2C1(C)CC(O)CC(C)(C(=O)O)C1C3C(=O)O	DBFXNHHIIKEXPP-UHFFFAOYSA-N	C20H28O6
external	DBGIVFWFUFKIQN-UHFFFAOYSA-N	CCNC(C)Cc1cccc(C(F)(F)F)c1	ok	CCNC(C)Cc1cccc(C(F)(F)F)c1	DBGIVFWFUFKIQN-UHFFFAOYSA-N	C12H16F3N
external	DBPWSSGDRRHUNT-UHFFFAOYSA-N	CC(=O)C1(O)CCC2C3CCC4=CC(=O)CCC4(C)C3CCC21C	ok	CC(=O)C1(O)CCC2C3CC=C4CC(=O)CCC4(C)C3CCC21C	RCFJDVCRANOZEL-UHFFFAOYSA-N	C21H30O3
external	DBUNRZUFILGKHP-UHFFFAOYSA-N	CC(C)=CCc1c(-c2ccc(O)c3c2OC(C)(C)C=C3)oc2cc(O)cc(O)c2c1=O	ok	CC(C)=CCc1c(-c2ccc(O)c3c2OC(C)(C)C=C3)oc2cc(O)cc(O)c2c1=O	DBUNRZUFILGKHP-UHFFFAOYSA-N	C25H24O6
external	DBXFAPJCZABTDR-UHFFFAOYSA-N	CC=C(C)C(O)=NC(c1ccccc1)C(O)C(=O)OC1CC2(O)C(OC(=O)c3ccccc3)C3C4(OC(C)=O)COC4CC(O)C3(C)C(=O)C(OC(C)=O)C(=C1C)C2(C)C	tautomer_MaxTransformsReached			C45H53NO14
external	DCCSDBARQIPTGU-UHFFFAOYSA-N	CC(C)C(=O)Oc1ccc(CO)cc1C(CCN(C(C)C)C(C)C)c1ccccc1	ok	CC(C)C(=O)Oc1ccc(CO)cc1C(CCN(C(C)C)C(C)C)c1ccccc1	DCCSDBARQIPTGU-UHFFFAOYSA-N	C26H37NO3
external	DCJBINATHQHPKO-UHFFFAOYSA-N	CCCCCC=CCC=CCC(O)C(O)CC=CCCCC(=O)O	ok	CCCCCC=CCC=CCC(O)C(O)CC=CCCCC(=O)O	DCJBINATHQHPKO-UHFFFAOYSA-N	C20H34O4
external	DCOPUUMXTXDBNB-UHFFFAOYSA-N	O=C(O)Cc1ccccc1Nc1c(Cl)cccc1Cl	ok	O=C(O)Cc1ccccc1Nc1c(Cl)cccc1Cl	DCOPUUMXTXDBNB-UHFFFAOYSA-N	C14H11Cl2NO2
external	DCSUBABJRXZOMT-UHFFFAOYSA-N	COc1cc(N)c(Cl)cc1C(O)=NC1CCN(CCCOc2ccc(F)cc2)CC1OC	ok	COc1cc(N)c(Cl)cc1C(=O)NC1CCN(CCCOc2ccc(F)cc2)CC1OC	DCSUBABJRXZOMT-UHFFFAOYSA-N	C23H29ClFN3O4
external	DDBREPKUVSBGFI-UHFFFAOYSA-N	CCC1(c2ccccc2)C(O)=NC(=O)N=C1O	ok	CCC1(c2ccccc2)C(=O)NC(=O)NC1=O	DDBREPKUVSBGFI-UHFFFAOYSA-N	C12H12N2O3
external	DDFOUSQFMYRUQK-UHFFFAOYSA-N	CC(c1nc(-c2ccc(C#N)cc2)cs1)C(O)(Cn1cncn1)c1cc(F)ccc1F	ok	CC(c1nc(-c2ccc(C#N)cc2)cs1)C(O)(Cn1cncn1)c1cc(F)ccc1F	DDFOUSQFMYRUQK-UHFFFAOYSA-N	C22H17F2N5OS
external	DDHUTBKXLWCZCO-UHFFFAOYSA-N	COc1cc(Br)c(C[N+]2(CCOCCC3CCC4CC3C4(C)C)CCOCC2)cc1OC	ok	COc1cc(Br)c(C[N+]2(CCOCCC3CCC4CC3C4(C)C)CCOCC2)cc1OC	DDHUTBKXLWCZCO-UHFFFAOYSA-N	C26H41BrNO4+
external	DDINXHAORAAYAD-UHFFFAOYSA-N	CCCCCCCCCCCC(=O)OCN1C(=O)CCc2ccc(OCCCCN3CCN(c4cccc(Cl)c4Cl)CC3)cc21	ok	CCCCCCCCCCCC(=O)OCN1C(=O)CCc2ccc(OCCCCN3CCN(c4cccc(Cl)c4Cl)CC3)cc21	DDINXHAORAAYAD-UHFFFAOYSA-N	C36H51Cl2N3O4
external	DDLIGBOFAVUZHB-UHFFFAOYSA-N	Cc1ncc2n1-c1ccc(Cl)cc1C(c1ccccc1F)=NC2	ok	Cc1ncc2n1-c1ccc(Cl)cc1C(c1ccccc1F)=NC2	DDLIGBOFAVUZHB-UHFFFAOYSA-N	C18H13ClFN3
external	DDNCQMVWWZOMLN-UHFFFAOYSA-N	CCOC(=O)C1=CC2(CC)CCCN3CCc4c(n1c1ccccc41)C32	ok	CCOC(=O)C1=CC2(CC)CCCN3CCc4c(n1c1ccccc41)C32	DDNCQMVWWZOMLN-UHFFFAOYSA-N	C22H26N2O2
external	DDOOFTLHJSMHLN-UHFFFAOYSA-N	CC1C(c2ccccc2)CC(N=C(O)c2cnc3c(c2)CC2(C3)C(O)=Nc3ncccc32)C(=O)N1CC(F)(F)F	ok	CC1C(c2ccccc2)CC(NC(=O)c2cnc3c(c2)CC2(C3)C(=O)Nc3ncccc32)C(=O)N1CC(F)(F)F	DDOOFTLHJSMHLN-UHFFFAOYSA-N	C29H26F3N5O3
external	DDRJAANPRJIHGJ-UHFFFAOYSA-N	CN1CC(O)=NC1=N	ok	Cn1cc(O)nc1N	BTXYOFGSUFEOLA-UHFFFAOYSA-N	C4H7N3O
external	DDSLGZOYEPKPSJ-UHFFFAOYSA-N	CC(O)=NCCCC=O	ok	CC(=O)NCCCC=O	DDSLGZOYEPKPSJ-UHFFFAOYSA-N	C6H11NO2
external	DDUHZTYCFQRHIY-UHFFFAOYSA-N	COC1=CC(=O)CC(C)C12Oc1c(Cl)c(OC)cc(OC)c1C2=O	ok	COC1=CC(=O)CC(C)C12Oc1c(Cl)c(OC)cc(OC)c1C2=O	DDUHZTYCFQRHIY-UHFFFAOYSA-N	C17H17ClO6
external	DEQITUUQPICUMR-UHFFFAOYSA-N	CC(C)C1(N=C(O)C2CC3c4cccc5[nH]cc(c45)CC3N(C)C2)OC2(O)C3CCCN3C(=O)C(Cc3ccccc3)N2C1=O	ok	CC(C)C1(NC(=O)C2CC3c4cccc5[nH]cc(c45)CC3N(C)C2)OC2(O)C3CCCN3C(=O)C(Cc3ccccc3)N2C1=O	DEQITUUQPICUMR-UHFFFAOYSA-N	C35H41N5O5
external	DERZBLKQOCDDDZ-UHFFFAOYSA-N	C(=Cc1ccccc1)CN1CCN(C(c2ccccc2)c2ccccc2)CC1	ok	C(=Cc1ccccc1)CN1CCN(C(c2ccccc2)c2ccccc2)CC1	DERZBLKQOCDDDZ-UHFFFAOYSA-N	C26H28N2
external	DEVSOMFAQLZNKR-UHFFFAOYSA-N	OC(C=Cn1cnc(-c2cc(C(F)(F)F)cc(C(F)(F)F)c2)n1)=NN=c1cncc[nH]1	ok	O=C(C=Cn1cnc(-c2cc(C(F)(F)F)cc(C(F)(F)F)c2)n1)NNc1cnccn1	DEVSOMFAQLZNKR-UHFFFAOYSA-N	C17H11F6N7O
external	DFBIRQPKNDILPW-UHFFFAOYSA-N	CC(C)C12OC1C1OC13C1(C)CCC4=C(COC4=O)C1CC1OC13C2O	ok	CC(C)C12OC1C1OC13C1(C)CCC4=C(COC4=O)C1CC1OC13C2O	DFBIRQPKNDILPW-UHFFFAOYSA-N	C20H24O6
external	DFBKLUNHFCTMDC-UHFFFAOYSA-N	ClC1=C(Cl)C2(Cl)C3C4CC(C5OC45)C3C1(Cl)C2(Cl)Cl	ok	ClC1=C(Cl)C2(Cl)C3C4CC(C5OC45)C3C1(Cl)C2(Cl)Cl	DFBKLUNHFCTMDC-UHFFFAOYSA-N	C12H8Cl6O
external	DFEYYRMXOJXZRJ-UHFFFAOYSA-N	FCOC(C(F)(F)F)C(F)(F)F	ok	FCOC(C(F)(F)F)C(F)(F)F	DFEYYRMXOJXZRJ-UHFFFAOYSA-N	C4H3F7O
external	DFPAKSUCGFBDDF-UHFFFAOYSA-N	N=C(O)c1cccnc1	ok	NC(=O)c1cccnc1	DFPAKSUCGFBDDF-UHFFFAOYSA-N	C6H6N2O
external	DFPMSGMNTNDNHN-UHFFFAOYSA-N	CC1OC(OC2C(Oc3cc(O)c4c(c3)OC(c3ccc(O)cc3)CC4=O)OC(CO)C(O)C2O)C(O)C(O)C1O	ok	CC1OC(OC2C(Oc3cc(O)c4c(c3)OC(c3ccc(O)cc3)CC4=O)OC(CO)C(O)C2O)C(O)C(O)C1O	DFPMSGMNTNDNHN-UHFFFAOYSA-N	C27H32O14
external	DFWOMDUVXAUTRY-UHFFFAOYSA-N	COC(=O)c1c(C)nc(C)c(C(=O)OC2CCN(Cc3ccccc3)C2)c1-c1cccc([N+](=O)[O-])c1	ok	COC(=O)c1c(C)nc(C)c(C(=O)OC2CCN(Cc3ccccc3)C2)c1-c1cccc([N+](=O)[O-])c1	DFWOMDUVXAUTRY-UHFFFAOYSA-N	C27H27N3O6
external	DGABKXLVXPYZII-UHFFFAOYSA-N	CC(CCC(=O)O)C1CCC2C3CC(O)C4CC(O)CCC4(C)C3CCC12C	ok	CC(CCC(=O)O)C1CCC2C3CC(O)C4CC(O)CCC4(C)C3CCC12C	DGABKXLVXPYZII-UHFFFAOYSA-N	C24H40O4
external	DGAKHGXRMXWHBX-UHFFFAOYSA-N	CN=[N+](C)[O-]	ok	CN=[N+](C)[O-]	DGAKHGXRMXWHBX-UHFFFAOYSA-N	C2H6N2O
external	DGBIGWXXNGSACT-UHFFFAOYSA-N	O=[N+]([O-])c1ccc2c(c1)C(c1ccccc1Cl)=NCC(O)=N2	ok	O=C1CN=C(c2ccccc2Cl)c2cc([N+](=O)[O-])ccc2N1	DGBIGWXXNGSACT-UHFFFAOYSA-N	C15H10ClN3O3
external	DGIGXLXLGBAJJN-UHFFFAOYSA-N	CC(=O)OC(C)(C)C=CC(=O)C(C)(O)C1C(O)CC2(C)C3CC=C4C(CCC(O)C4(C)C)C3(CO)C(=O)CC12C	ok	CC(=O)OC(C)(C)C=CC(=O)C(C)(O)C1C(O)CC2(C)C3CC=C4C(CCC(O)C4(C)C)C3(CO)C(=O)CC12C	DGIGXLXLGBAJJN-UHFFFAOYSA-N	C32H48O8
external	DGIOBPYUUNJIKO-UHFFFAOYSA-N	CCCCCCCCC=CCCCCCCCCCCCCCC(O)=NC(COC1OC(CO)C(OC2OC(CO)C(O)C(OC3(C(=O)O)CC(O)C(N=C(C)O)C(C(O)C(CO)OC4(C(=O)O)CC(O)C(N=C(C)O)C(C(O)C(CO)OC5(C(=O)O)CC(O)C(N=C(C)O)C(C(O)C(O)CO)O5)O4)O3)C2O)C(O)C1O)C(O)CCCCCCCCCCCCCCC	ok	CCCCCCCCC=CCCCCCCCCCCCCCC(=O)NC(COC1OC(CO)C(OC2OC(CO)C(O)C(OC3(C(=O)O)CC(O)C(NC(C)=O)C(C(O)C(CO)OC4(C(=O)O)CC(O)C(NC(C)=O)C(C(O)C(CO)OC5(C(=O)O)CC(O)C(NC(C)=O)C(C(O)C(O)CO)O5)O4)O3)C2O)C(O)C1O)C(O)CCCCCCCCCCCCCCC	DGIOBPYUUNJIKO-UHFFFAOYSA-N	C87H154N4O37
external	DGIQURYKMOLFSK-UHFFFAOYSA-N	C=C1C(OC(=O)C=C(C)CC)C=C(C(C)C)C2C(=CC)C(=O)OCC12	ok	C=C1C(OC(=O)C=C(C)CC)C=C(C(C)C)C2C(=CC)C(=O)OCC12	DGIQURYKMOLFSK-UHFFFAOYSA-N	C21H28O4
external	DGSOBIYFLJXVQZ-UHFFFAOYSA-N	CC(C)=CCCC(C)(O)C1CCC2(C)C1C(O)CC1C3(C)CCC(OC4OC(COC5OCC(O)C(O)C5O)C(O)C(O)C4O)C(C)(C)C3CCC12C	ok	CC(C)=CCCC(C)(O)C1CCC2(C)C1C(O)CC1C3(C)CCC(OC4OC(COC5OCC(O)C(O)C5O)C(O)C(O)C4O)C(C)(C)C3CCC12C	DGSOBIYFLJXVQZ-UHFFFAOYSA-N	C41H70O12
external	DHBXNPKRAUYBTH-UHFFFAOYSA-N	CC(S)S	ok	CC(S)S	DHBXNPKRAUYBTH-UHFFFAOYSA-N	C2H6S2
external	DHHVAGZRUROJKS-UHFFFAOYSA-N	CC(C)(N)Cc1ccccc1	ok	CC(C)(N)Cc1ccccc1	DHHVAGZRUROJKS-UHFFFAOYSA-N	C10H15N
external	DHMQDGOQFOQNFH-UHFFFAOYSA-N	NCC(=O)O	ok	NCC(=O)O	DHMQDGOQFOQNFH-UHFFFAOYSA-N	C2H5NO2
external	DHMTURDWPRKSOA-UHFFFAOYSA-N	N=C(O)N1CCC(CC(=O)N2CCC(C3c4ncc(Br)cc4CCc4cc(Cl)cc(Br)c43)CC2)CC1	ok	NC(=O)N1CCC(CC(=O)N2CCC(C3c4ncc(Br)cc4CCc4cc(Cl)cc(Br)c43)CC2)CC1	DHMTURDWPRKSOA-UHFFFAOYSA-N	C27H31Br2ClN4O2
external	DHTHKPNODOWMKF-UHFFFAOYSA-N	O=Cc1ccc2c(c1)C(c1cc(O)cc3c1C(c1cc(O)cc(O)c1)C(c1ccc(O)cc1)O3)C(c1ccc(O)cc1)O2	tautomer_MaxTransformsReached			C35H26O8
external	DIIFUCUPDHMNIV-UHFFFAOYSA-N	Cc1c2ccccc2cc2c1ccc1ccccc12	ok	Cc1c2ccccc2cc2c1ccc1ccccc12	DIIFUCUPDHMNIV-UHFFFAOYSA-N	C19H14
external	DILDHNKDVHLEQB-UHFFFAOYSA-N	CC12CCC3c4cc(O)c(O)cc4CCC3C1CCC2O	ok	CC12CCC3c4cc(O)c(O)cc4CCC3C1CCC2O	DILDHNKDVHLEQB-UHFFFAOYSA-N	C18H24O3
external	DIUFDFNALWNSNW-UHFFFAOYSA-N	CCC(C(=O)O)C1OC(C(C)C(O)C(C)C(=O)C(CC)C2OC3(C=CCC4(CCC(C)(C5CCC(O)(CC)C(C)O5)O4)O3)C(C)CC2C)C(C)CC1C	ok	CCC(C(=O)O)C1OC(C(C)C(O)C(C)C(=O)C(CC)C2OC3(C=CCC4(CCC(C)(C5CCC(O)(CC)C(C)O5)O4)O3)C(C)CC2C)C(C)CC1C	DIUFDFNALWNSNW-UHFFFAOYSA-N	C43H72O10
external	DIUOJMLXZJHNDR-UHFFFAOYSA-N	O=S(Cc1cc(OCC2CC2)ccn1)c1nc2ccc(F)cc2[nH]1	ok	[O-][S+](Cc1cc(OCC2CC2)ccn1)c1nc2cc(F)ccc2[nH]1	DIUOJMLXZJHNDR-UHFFFAOYSA-N	C17H16FN3O2S
external	DIWRORZWFLOCLC-UHFFFAOYSA-N	OC1=Nc2ccc(Cl)cc2C(c2ccccc2Cl)=NC1O	ok	O=C1N=C(c2ccccc2Cl)c2cc(Cl)ccc2NC1O	KEGIXQQRZWCAMW-UHFFFAOYSA-N	C15H10Cl2N2O2
external	DJBNUMBKLMJRSA-UHFFFAOYSA-N	OC(=NCC1CCCCN1)c1cc(OCC(F)(F)F)ccc1OCC(F)(F)F	ok	O=C(NCC1CCCCN1)c1cc(OCC(F)(F)F)ccc1OCC(F)(F)F	DJBNUMBKLMJRSA-UHFFFAOYSA-N	C17H20F6N2O3
external	DJTOLSNIKJIDFF-UHFFFAOYSA-N	CC12CCCC1C1CCC3CC(O)CCC3(C)C1CC2	ok	CC12CCCC1C1CCC3CC(O)CCC3(C)C1CC2	DJTOLSNIKJIDFF-UHFFFAOYSA-N	C19H32O
external	DKYWVDODHFEZIM-UHFFFAOYSA-N	CC(C(=O)O)c1cccc(C(=O)c2ccccc2)c1	ok	CC(C(=O)O)c1cccc(C(=O)c2ccccc2)c1	DKYWVDODHFEZIM-UHFFFAOYSA-N	C16H14O3
external	DLGOEMSEDOSKAD-UHFFFAOYSA-N	O=NN(CCCl)C(O)=NCCCl	ok	O=NN(CCCl)C(=O)NCCCl	DLGOEMSEDOSKAD-UHFFFAOYSA-N	C5H9Cl2N3O2
external	DLVOSEUFIRPIRM-UHFFFAOYSA-N	CC12CCC(=O)C=C1CCC1C2C(O)CC2(C)C1CCC2(O)C(=O)COC(=O)CCC1CCCC1	ok	CC12CCC(=O)C=C1CCC1C2C(O)CC2(C)C1CCC2(O)C(=O)COC(=O)CCC1CCCC1	DLVOSEUFIRPIRM-UHFFFAOYSA-N	C29H42O6
external	DMEPDNFRHUGNPT-UHFFFAOYSA-N	CCN(CC)CC#CC(C)(C)OC(=O)C(O)(c1ccccc1)C1CCCCC1	ok	CCN(CC)CC#CC(C)(C)OC(=O)C(O)(c1ccccc1)C1CCCCC1	DMEPDNFRHUGNPT-UHFFFAOYSA-N	C24H35NO3
external	DMIWIJAIZZONNT-UHFFFAOYSA-N	Cc1c2cc[nH]cc2c(C)c2c1nc1ccccc12	ok	Cc1c2cc[nH]cc2c(C)c2c1nc1ccccc12	DMIWIJAIZZONNT-UHFFFAOYSA-N	C17H14N2
external	DMJNNHOOLUXYBV-UHFFFAOYSA-N	CC(O)C1C(=O)N2C(C(=O)O)=C(SC3CNC(C(=O)N(C)C)C3)C(C)C12	ok	CC(O)C1C(=O)N2C(C(=O)O)=C(SC3CNC(C(=O)N(C)C)C3)C(C)C12	DMJNNHOOLUXYBV-UHFFFAOYSA-N	C17H25N3O5S
external	DMKSVUSAATWOCU-UHFFFAOYSA-N	CCOC(=O)OC1(C(=O)OCCl)CCC2C3CCC4=CC(=O)C=CC4(C)C3C(O)CC21C	ok	CCOC(=O)OC1(C(=O)OCCl)CCC2C3CC=C4CC(=O)C=CC4(C)C3C(O)CC21C	FBBYEJJQINKJNE-UHFFFAOYSA-N	C24H31ClO7
external	DMUAPQTXSSNEDD-UHFFFAOYSA-N	CCC(=O)OC1CC(=O)OC(C)CC=CC=CC(O)C(C)CC(CC=O)C(OC2OC(C)C(OC3CC(C)(O)C(OC(=O)CC)C(C)O3)C(N(C)C)C2O)C1OC	ok	CCC(=O)OC1CC(=O)OC(C)CC=CC=CC(O)C(C)CC(CC=O)C(OC2OC(C)C(OC3CC(C)(O)C(OC(=O)CC)C(C)O3)C(N(C)C)C2O)C1OC	DMUAPQTXSSNEDD-UHFFFAOYSA-N	C41H67NO15
external	DMVOXQPQNTYEKQ-UHFFFAOYSA-N	Nc1ccc(-c2ccccc2)cc1	ok	Nc1ccc(-c2ccccc2)cc1	DMVOXQPQNTYEKQ-UHFFFAOYSA-N	C12H11N
external	DNBPMBJFRRVTSJ-UHFFFAOYSA-N	COc1ccc2[nH]cc(CCN(C(C)C)C(C)C)c2c1	ok	COc1ccc2[nH]cc(CCN(C(C)C)C(C)C)c2c1	DNBPMBJFRRVTSJ-UHFFFAOYSA-N	C17H26N2O
external	DNHPDWGIXIMXSA-UHFFFAOYSA-N	CN1Cc2c(Cl)cc(Cl)cc2C(c2cccc(S(=O)(=O)NCCOCCOCCNC(O)=NCCCCN=C(O)NCCOCCOCCNS(=O)(=O)c3cccc(C4CN(C)Cc5c(Cl)cc(Cl)cc54)c3)c2)C1	ok	CN1Cc2c(Cl)cc(Cl)cc2C(c2cccc(S(=O)(=O)NCCOCCOCCNC(=O)NCCCCNC(=O)NCCOCCOCCNS(=O)(=O)c3cccc(C4CN(C)Cc5c(Cl)cc(Cl)cc54)c3)c2)C1	DNHPDWGIXIMXSA-UHFFFAOYSA-N	C50H66Cl4N8O10S2
external	DNIAPMSPPWPWGF-UHFFFAOYSA-N	CC(O)CO	ok	CC(O)CO	DNIAPMSPPWPWGF-UHFFFAOYSA-N	C3H8O2
external	DNXHEGUUPJUMQT-UHFFFAOYSA-N	CC12CCC3c4ccc(O)cc4CCC3C1CCC2=O	ok	CC12CCC3c4ccc(O)cc4CCC3C1CCC2=O	DNXHEGUUPJUMQT-UHFFFAOYSA-N	C18H22O2
external	DNZQDZDGNZZGCU-UHFFFAOYSA-N	O=C(O)CCC(=O)OC1C(OC(=O)C=Cc2ccc(O)c(O)c2)CC(O)(C(=O)O)CC1OC(=O)C=Cc1ccc(O)c(O)c1	tautomer_MaxTransformsReached			C29H28O15
external	DNZRKQBGTHPGSL-UHFFFAOYSA-N	CCCCCCC=CC=CCC=O	ok	CCCCCCC=CC=CCC=O	DNZRKQBGTHPGSL-UHFFFAOYSA-N	C12H20O
external	DOBMPNYZJYQDGZ-UHFFFAOYSA-N	O=c1oc2ccccc2c(O)c1Cc1c(O)c2ccccc2oc1=O	ok	O=c1c(Cc2c(O)oc3ccccc3c2=O)c(O)oc2ccccc12	KSKRYQVHJQRUNC-UHFFFAOYSA-N	C19H12O6
external	DODQJNMQWMSYGS-UHFFFAOYSA-N	CCC(=C(c1ccccc1)c1ccc(OCCN(C)C)cc1)c1ccc(O)cc1	ok	CC=C(c1ccc(O)cc1)C(c1ccccc1)c1ccc(OCCN(C)C)cc1	QEYKUPGVMYCAJC-UHFFFAOYSA-N	C26H29NO2
external	DOFZAZXDOSGAJZ-UHFFFAOYSA-N	CCOP(=S)(OCC)SCCSCC	ok	CCOP(=S)(OCC)SCCSCC	DOFZAZXDOSGAJZ-UHFFFAOYSA-N	C8H19O2PS3
external	DOHVAKFYAHLCJP-UHFFFAOYSA-N	N=c1nc(O)c2[nH]cc(Cc3cccnc3)c2[nH]1	ok	Nc1nc(=O)c2[nH]cc(Cc3cccnc3)c2[nH]1	DOHVAKFYAHLCJP-UHFFFAOYSA-N	C12H11N5O
external	DOMWKUIIPQCAJU-UHFFFAOYSA-N	CCCCCC(=O)OC1(C(C)=O)CCC2C3CCC4=CC(=O)CCC4(C)C3CCC21C	ok	CCCCCC(=O)OC1(C(C)=O)CCC2C3CC=C4CC(=O)CCC4(C)C3CCC21C	VPEJMHYFGCNXLM-UHFFFAOYSA-N	C27H40O4
external	DOMXUEMWDBAQBQ-UHFFFAOYSA-N	CN(CC=CC#CC(C)(C)C)Cc1cccc2ccccc12	ok	CN(CC=CC#CC(C)(C)C)Cc1cccc2ccccc12	DOMXUEMWDBAQBQ-UHFFFAOYSA-N	C21H25N
external	DOUYETYNHWVLEO-UHFFFAOYSA-N	CC(C)Cn1cnc2c(=N)[nH]c3ccccc3c21	ok	CC(C)Cn1cnc2c(N)nc3ccccc3c21	DOUYETYNHWVLEO-UHFFFAOYSA-N	C14H16N4
external	DPAIILRRFFJOHL-UHFFFAOYSA-N	CCCCC(O)C(O)CC=CCCC(O)C1CCC(CCCCCCCCCCCCC(O)Cc2cc(C)oc2O)O1	ok	CCCCC(O)C(O)CC=CCCC(O)C1CCC(CCCCCCCCCCCCC(O)Cc2cc(C)oc2O)O1	DPAIILRRFFJOHL-UHFFFAOYSA-N	C35H62O7
external	DPIAJERHFDBLPT-UHFFFAOYSA-N	CC(=O)Oc1ccc2c(=O)c(-c3ccccc3)c(C)oc2c1	ok	CC(=O)Oc1ccc2c(=O)c(-c3ccccc3)c(C)oc2c1	DPIAJERHFDBLPT-UHFFFAOYSA-N	C18H14O4
external	DPMKYRJUMRDZSZ-UHFFFAOYSA-N	CC(C)=CC(CC1(C)OC1C1CCC2C3(C)CCC(OC4OC(CO)C(O)C(O)C4OC4OC(C)C(O)C(O)C4O)C(C)(C)C3CCC2(C)C12COC(=O)C2)OC1OC(CO)C(O)C(O)C1O	ok	CC(C)=CC(CC1(C)OC1C1CCC2C3(C)CCC(OC4OC(CO)C(O)C(O)C4OC4OC(C)C(O)C(O)C4O)C(C)(C)C3CCC2(C)C12COC(=O)C2)OC1OC(CO)C(O)C(O)C1O	DPMKYRJUMRDZSZ-UHFFFAOYSA-N	C48H78O19
external	DPQYOKVMVCQHMY-UHFFFAOYSA-N	C=C(C)C1CCC2(C)CCCC(C)(O)C2C1	ok	C=C(C)C1CCC2(C)CCCC(C)(O)C2C1	DPQYOKVMVCQHMY-UHFFFAOYSA-N	C15H26O
external	DPWPWRLQFGFJFI-UHFFFAOYSA-N	C#CCN(C)Cc1ccccc1	ok	C#CCN(C)Cc1ccccc1	DPWPWRLQFGFJFI-UHFFFAOYSA-N	C11H13N
external	DPYMFVXJLLWWEU-UHFFFAOYSA-N	FC(F)OC(F)C(F)(F)F	ok	FC(F)OC(F)C(F)(F)F	DPYMFVXJLLWWEU-UHFFFAOYSA-N	C3H2F6O
external	DQDAYGNAKTZFIW-UHFFFAOYSA-N	CCC(c1ccccc1)c1c(O)c2ccccc2oc1=O	ok	CCC(c1ccccc1)c1c(O)c2ccccc2oc1=O	DQDAYGNAKTZFIW-UHFFFAOYSA-N	C18H16O3
external	DQFBYFPFKXHELB-UHFFFAOYSA-N	O=C(C=Cc1ccccc1)c1ccccc1	ok	O=C(C=Cc1ccccc1)c1ccccc1	DQFBYFPFKXHELB-UHFFFAOYSA-N	C15H12O
external	DQHWEKFXUGLNRV-UHFFFAOYSA-N	C#CC1(O)CCC2C3(C)CCc4cc(O)ccc4C3CCC21C	ok	C#CC1(O)CCC2C3(C)CCc4cc(O)ccc4C3CCC21C	DQHWEKFXUGLNRV-UHFFFAOYSA-N	C21H26O2
external	DQJGLVYHIANDHO-UHFFFAOYSA-N	CCCCCCCCCCCCCCCC(O)=NC(COC1OC(CO)C(OC2OC(CO)C(OC3OC(CO)C(O)C(O)C3CC(C)=O)C(OC3(C(=O)O)CC(O)C(N=C(C)O)C(C(O)C(CO)OC4(C(=O)O)CC(O)C(N=C(C)O)C(C(O)C(CO)OC5(C(=O)O)CC(O)C(N=C(C)O)C(C(O)C(O)CO)O5)O4)O3)C2O)C(O)C1O)C(O)CCCCCCCCCCCCCCC	ok	CCCCCCCCCCCCCCCC(=O)NC(COC1OC(CO)C(OC2OC(CO)C(OC3OC(CO)C(O)C(O)C3CC(C)=O)C(OC3(C(=O)O)CC(O)C(NC(C)=O)C(C(O)C(CO)OC4(C(=O)O)CC(O)C(NC(C)=O)C(C(O)C(CO)OC5(C(=O)O)CC(O)C(NC(C)=O)C(C(O)C(O)CO)O5)O4)O3)C2O)C(O)C1O)C(O)CCCCCCCCCCCCCCC	DQJGLVYHIANDHO-UHFFFAOYSA-N	C88H154N4O42
external	DQJZOUNZNYHEBV-UHFFFAOYSA-N	Cc1cc(OCC(F)(F)F)c(C)c(CS(=O)c2nc3ccccc3[nH]2)n1	ok	Cc1cc(OCC(F)(F)F)c(C)c(C[S+]([O-])c2nc3ccccc3[nH]2)n1	DQJZOUNZNYHEBV-UHFFFAOYSA-N	C17H16F3N3O2S
external	DQMZLTXERSFNPB-UHFFFAOYSA-N	CCC1(c2ccccc2)C(O)=NCN=C1O	ok	CCC1(c2ccccc2)C(=O)NCNC1=O	DQMZLTXERSFNPB-UHFFFAOYSA-N	C12H14N2O2
external	DRHKJLXJIQTDTD-UHFFFAOYSA-N	CCOc1ccccc1OCCNC(C)Cc1ccc(OC)c(S(N)(=O)=O)c1	ok	CCOc1ccccc1OCCNC(C)Cc1ccc(OC)c(S(N)(=O)=O)c1	DRHKJLXJIQTDTD-UHFFFAOYSA-N	C20H28N2O5S
external	DRLFMBDRBRZALE-UHFFFAOYSA-N	COc1ccc2[nH]cc(CCN=C(C)O)c2c1	ok	COc1ccc2[nH]cc(CCNC(C)=O)c2c1	DRLFMBDRBRZALE-UHFFFAOYSA-N	C13H16N2O2
external	DRRWBCNQOKKKOL-UHFFFAOYSA-N	COc1ccc(-c2cc(=O)c3c(O)c(OC)c(O)cc3o2)cc1OC	ok	COc1ccc(-c2cc(=O)c3c(O)c(OC)c(O)cc3o2)cc1OC	DRRWBCNQOKKKOL-UHFFFAOYSA-N	C18H16O7
external	DRSJLVGDSNWQBI-SFHVURJKSA-N	COc1cccc(OC)c1-c1ccc(C[C@H](N=C(O)c2c(Cl)cccc2Cl)C(=O)O)cc1	ok	COc1cccc(OC)c1-c1ccc(CC(NC(=O)c2c(Cl)cccc2Cl)C(=O)O)cc1	DRSJLVGDSNWQBI-UHFFFAOYSA-N	C24H21Cl2NO5
external	DRSJLVGDSNWQBI-UHFFFAOYSA-N	COc1cccc(OC)c1-c1ccc(CC(N=C(O)c2c(Cl)cccc2Cl)C(=O)O)cc1	ok	COc1cccc(OC)c1-c1ccc(CC(NC(=O)c2c(Cl)cccc2Cl)C(=O)O)cc1	DRSJLVGDSNWQBI-UHFFFAOYSA-N	C24H21Cl2NO5
external	DRTQHJPVMGBUCF-UHFFFAOYSA-N	O=c1nc(O)ccn1C1OC(CO)C(O)C1O	ok	O=c1ccn(C2OC(CO)C(O)C2O)c(=O)[nH]1	DRTQHJPVMGBUCF-UHFFFAOYSA-N	C9H12N2O6
external	DSPNGJHSAHRHHA-UHFFFAOYSA-N	CCCCCCCCCCCCCCCCCCCCCCC(O)=NC(COC1OC(CO)C(OC2OC(CO)C(OC3OC(CO)C(O)C(OC4OC(CO)C(O)C(O)C4O)C3CC(C)=O)C(OC3(C(=O)O)CC(O)C(N=C(C)O)C(C(O)C(CO)OC4(C(=O)O)CC(O)C(N=C(C)O)C(C(O)C(O)CO)O4)O3)C2O)C(O)C1O)C(O)CCCCCCCCCCCCCCC	ok	CCCCCCCCCCCCCCCCCCCCCCC(=O)NC(COC1OC(CO)C(OC2OC(CO)C(OC3OC(CO)C(O)C(OC4OC(CO)C(O)C(O)C4O)C3CC(C)=O)C(OC3(C(=O)O)CC(O)C(NC(C)=O)C(C(O)C(CO)OC4(C(=O)O)CC(O)C(NC(C)=O)C(C(O)C(O)CO)O4)O3)C2O)C(O)C1O)C(O)CCCCCCCCCCCCCCC	DSPNGJHSAHRHHA-UHFFFAOYSA-N	C90H161N3O39
external	DSTJGYCTYZXZNH-UHFFFAOYSA-N	C=C1C(=O)OC2CC3(C)CC(=O)CC(C)C3=CC12	ok	C=C1C(=O)OC2CC3(C)CC(=O)CC(C)C3=CC12	DSTJGYCTYZXZNH-UHFFFAOYSA-N	C15H18O3
external	DTFKRVXLBCAIOZ-UHFFFAOYSA-N	COc1ccccc1C	ok	COc1ccccc1C	DTFKRVXLBCAIOZ-UHFFFAOYSA-N	C8H10O
external	DTGDZMYNKLTSKC-UHFFFAOYSA-N	CC(C)CCCC(C)C1CCC2C3CC=C4CCCCC4(C)C3CCC12C	ok	CC(C)CCCC(C)C1CCC2C3CC=C4CCCCC4(C)C3CCC12C	DTGDZMYNKLTSKC-UHFFFAOYSA-N	C27H46
external	DTGKSKDOIYIVQL-UHFFFAOYSA-N	CC1(C)C2CCC1(C)C(O)C2	ok	CC1(C)C2CCC1(C)C(O)C2	DTGKSKDOIYIVQL-UHFFFAOYSA-N	C10H18O
external	DTGLZDAWLRGWQN-UHFFFAOYSA-N	CC(=O)Oc1cc2c(s1)CCN(C(C(=O)C1CC1)c1ccccc1F)C2	ok	CC(=O)Oc1cc2c(s1)CCN(C(C(=O)C1CC1)c1ccccc1F)C2	DTGLZDAWLRGWQN-UHFFFAOYSA-N	C20H20FNO3S
external	DTJQBBHYRQYDEG-UHFFFAOYSA-N	COCCC1CC2CN3CCc4c([nH]c5ccccc45)C(C(=O)OC)(C2)C13	ok	COCCC1CC2CN3CCc4c([nH]c5ccccc45)C(C(=O)OC)(C2)C13	DTJQBBHYRQYDEG-UHFFFAOYSA-N	C22H28N2O3
external	DTOPKPBTCXKNFF-UHFFFAOYSA-N	Cc1ccsc1-c1ccc(C(C)C(=O)O)cc1	ok	Cc1ccsc1-c1ccc(C(C)C(=O)O)cc1	DTOPKPBTCXKNFF-UHFFFAOYSA-N	C14H14O2S
external	DTQVDTLACAAQTR-UHFFFAOYSA-N	O=C(O)C(F)(F)F	ok	O=C(O)C(F)(F)F	DTQVDTLACAAQTR-UHFFFAOYSA-N	C2HF3O2
external	DTUGXZBPWDHASD-UHFFFAOYSA-N	CC(=O)C1(O)OCC(O)C1O	ok	CC(=O)C1(O)OCC(O)C1O	DTUGXZBPWDHASD-UHFFFAOYSA-N	C6H10O5
external	DTYGTEGDVPAKDA-UHFFFAOYSA-N	CC(C)CC(=O)Cc1ccccc1	ok	CC(C)CC(=O)Cc1ccccc1	DTYGTEGDVPAKDA-UHFFFAOYSA-N	C12H16O
external	DUEPRVBVGDRKAG-UHFFFAOYSA-N	CN=C(O)Oc1cccc2c1OC(C)(C)C2	ok	CNC(=O)Oc1cccc2c1OC(C)(C)C2	DUEPRVBVGDRKAG-UHFFFAOYSA-N	C12H15NO3
external	DUGHQFVNXIWPEA-UHFFFAOYSA-N	Oc1cc(C(O)O)nc(O)n1	ok	O=c1cc(C(O)O)[nH]c(=O)[nH]1	DUGHQFVNXIWPEA-UHFFFAOYSA-N	C5H6N2O4
external	DUGOZIWVEXMGBE-UHFFFAOYSA-N	COC(=O)C(c1ccccc1)C1CCCCN1	ok	COC(=O)C(c1ccccc1)C1CCCCN1	DUGOZIWVEXMGBE-UHFFFAOYSA-N	C14H19NO2
external	DUPDJVDPPBFBPL-UHFFFAOYSA-N	C=C1C=CCC(C)(C)C12CCC(C)O2	ok	C=C1C=CCC(C)(C)C12CCC(C)O2	DUPDJVDPPBFBPL-UHFFFAOYSA-N	C13H20O
external	DURULFYMVIFBIR-UHFFFAOYSA-N	CC(O)=Nc1ccc(OCC(O)CNC(C)C)cc1	ok	CC(=O)Nc1ccc(OCC(O)CNC(C)C)cc1	DURULFYMVIFBIR-UHFFFAOYSA-N	C14H22N2O3
external	DUSHUSLJJMDGTE-UHFFFAOYSA-N	CC(=O)C1(O)CCC2C3C=C(Cl)C4=CC(=O)C5CC5C4(C)C3CCC21C	ok	CC(=O)C1(O)CCC2C3=CC(Cl)=C4CC(=O)C5CC5C4(C)C3CCC21C	JMMOZGZYGBYHRY-UHFFFAOYSA-N	C22H27ClO3
external	DUYJMQONPNNFPI-UHFFFAOYSA-N	C=CC(O)=Nc1cc(Nc2nccc(-c3cn(C)c4ccccc34)n2)c(OC)cc1N(C)CCN(C)C	ok	C=CC(=O)Nc1cc(Nc2nccc(-c3cn(C)c4ccccc34)n2)c(OC)cc1N(C)CCN(C)C	DUYJMQONPNNFPI-UHFFFAOYSA-N	C28H33N7O2
external	DVCCCQNKIYNAKB-UHFFFAOYSA-N	Cc1cnc2ccc3c([nH]c(=N)n3C)c2n1	ok	Cc1cnc2ccc3c(nc(N)n3C)c2n1	DVCCCQNKIYNAKB-UHFFFAOYSA-N	C11H11N5
external	DVEXZJFMOKTQEZ-UHFFFAOYSA-N	N#CC(=C(N)Sc1ccccc1N)C(C#N)=C(N)Sc1ccccc1N	ok	N#CC(C(=N)Sc1ccccc1N)C(C#N)C(=N)Sc1ccccc1N	ZCHZSBUNJOCWCW-UHFFFAOYSA-N	C18H16N6S2
external	DVGIHSLYADPMSE-UHFFFAOYSA-N	CN(C)CCCCCN1c2ccccc2Sc2ccc(C(F)(F)F)cc21	ok	CN(C)CCCCCN1c2ccccc2Sc2ccc(C(F)(F)F)cc21	DVGIHSLYADPMSE-UHFFFAOYSA-N	C20H23F3N2S
external	DVSZTYJRXBBIFA-UHFFFAOYSA-N	COC1CC2CCC(C)C(O)(O2)C(=O)C(=O)N2CCCCC2C(=O)OC(C(C)CC2CCC(O)C(OC)C2)CC(=O)C(C)=CC(C)C(O)C(OC)C(=O)C(C)CC(C)C=CC=CC=C1C	ok	COC1CC2CCC(C)C(O)(O2)C(=O)C(=O)N2CCCCC2C(=O)OC(C(C)CC2CCC(O)C(OC)C2)CC(=O)C(C)=CC(C)C(O)C(OC)C(=O)C(C)CC(C)C=CC=CC=C1C	DVSZTYJRXBBIFA-UHFFFAOYSA-N	C51H79NO13
external	DVXXYXKKUSGEIB-UHFFFAOYSA-N	CCC(=O)C1CC(C)C2(CC(=O)C3(C)C4=C(CCC32C)C2(C)CCC(=O)C(C)(CO)C2CC4)O1	ok	CCC(=O)C1CC(C)C2(CC(=O)C3(C)C4=C(CCC32C)C2(C)CCC(=O)C(C)(CO)C2CC4)O1	DVXXYXKKUSGEIB-UHFFFAOYSA-N	C29H42O5
external	DVYFKACEOUKQAL-UHFFFAOYSA-N	CC(O)=NC1C(OC2C(O)C(CO)OC(OC(C(=O)C(O)CO)C(O)CO)C2O)OC(CO)C(OC2OC(CO)C(O)C(OC3OC(CO)C(OC4OC(CO)C(O)C(OC5(C(=O)O)CC(O)C(N=C(C)O)C(C(O)C(O)CO)O5)C4O)C(O)C3N=C(C)O)C2O)C1O	ok	CC(=O)NC1C(OC2C(O)C(CO)OC(OC(C(=O)C(O)CO)C(O)CO)C2O)OC(CO)C(OC2OC(CO)C(O)C(OC3OC(CO)C(OC4OC(CO)C(O)C(OC5(C(=O)O)CC(O)C(NC(C)=O)C(C(O)C(O)CO)O5)C4O)C(O)C3NC(C)=O)C2O)C1O	DVYFKACEOUKQAL-UHFFFAOYSA-N	C51H85N3O39
external	DWAWDSVKAUWFHC-UHFFFAOYSA-N	CC(C)C(C#N)(CCCN(C)CCc1ccccc1)c1ccccc1	ok	CC(C)C(C#N)(CCCN(C)CCc1ccccc1)c1ccccc1	DWAWDSVKAUWFHC-UHFFFAOYSA-N	C23H30N2
external	DWHSGRLKLUGKOU-UHFFFAOYSA-N	CC1=NCCc2cc(O)c(O)cc21	ok	CC1=NCCc2cc(O)c(O)cc21	DWHSGRLKLUGKOU-UHFFFAOYSA-N	C10H11NO2
external	DWMIJMCXKMVIAF-UHFFFAOYSA-N	C#CC1(O)C=CC2C3CC=C4CC(=O)CCC4C3C(=C)CC21C	ok	C#CC1(O)C=CC2C3CC=C4CC(=O)CCC4C3C(=C)CC21C	DWMIJMCXKMVIAF-UHFFFAOYSA-N	C21H24O2
external	DWNBPRRXEVJMPO-UHFFFAOYSA-N	CCCCCC=CCC1OC1C(O)C=CCC=CCCCC(=O)O	ok	CCCCCC=CCC1OC1C(O)C=CCC=CCCCC(=O)O	DWNBPRRXEVJMPO-UHFFFAOYSA-N	C20H32O4
external	DWPLEOPKBWNPQV-UHFFFAOYSA-N	COc1ccccc1C(C)=O	ok	COc1ccccc1C(C)=O	DWPLEOPKBWNPQV-UHFFFAOYSA-N	C9H10O2
external	DWSFAVOTORHAAL-UHFFFAOYSA-N	CCCCCCCCCCCCCCCCC(=O)OC(CC(=O)[O-])C[N+](C)(C)C	ok	CCCCCCCCCCCCCCCCC(=O)OC(CC(=O)[O-])C[N+](C)(C)C	DWSFAVOTORHAAL-UHFFFAOYSA-N	C24H47NO4
external	DWYRIWUZIJHQKQ-UHFFFAOYSA-N	Cn1cc(-c2cc3c(N4CCN(c5ncc(C(C)(N)c6ccc(F)cc6)cn5)CC4)ncnn3c2)cn1	ok	Cn1cc(-c2cc3c(N4CCN(c5ncc(C(C)(N)c6ccc(F)cc6)cn5)CC4)ncnn3c2)cn1	DWYRIWUZIJHQKQ-UHFFFAOYSA-N	C26H27FN10
external	DXCPWGZDEYFQEA-UHFFFAOYSA-N	CCCCC=CCC(=O)OCC1OC(OC2C(OC3CCC4(C)C(CCC5(C)C4CC(O)C4C(C(C)(CCC=C(C)C)OC6OC(COC7OC(CO)C(O)C(O)C7O)C(O)C(O)C6O)CCC45C)C3(C)C)OC(CO)C(O)C2O)C(O)C(O)C1O	ok	CCCCC=CCC(=O)OCC1OC(OC2C(OC3CCC4(C)C(CCC5(C)C4CC(O)C4C(C(C)(CCC=C(C)C)OC6OC(COC7OC(CO)C(O)C(O)C7O)C(O)C(O)C6O)CCC45C)C3(C)C)OC(CO)C(O)C2O)C(O)C(O)C1O	DXCPWGZDEYFQEA-UHFFFAOYSA-N	C62H104O24
external	DXDRHHKMWQZJHT-UHFFFAOYSA-N	O=C(C=Cc1ccc(O)cc1)c1ccc(O)cc1O	ok	O=C(C=Cc1ccc(O)cc1)c1ccc(O)cc1O	DXDRHHKMWQZJHT-UHFFFAOYSA-N	C15H12O4
external	DYDUXGMDSXJQFT-UHFFFAOYSA-N	NCCc1ccc(OS(=O)(=O)O)cc1	ok	NCCc1ccc(OS(=O)(=O)O)cc1	DYDUXGMDSXJQFT-UHFFFAOYSA-N	C8H11NO4S
external	DYGXZBQDLFYIFD-UHFFFAOYSA-N	COc1ccc(Cl)cc1-c1ccc(C(=O)NC(=N)N)o1	ok	COc1ccc(Cl)cc1-c1ccc(C(=O)N=C(N)N)o1	DYGXZBQDLFYIFD-UHFFFAOYSA-N	C13H12ClN3O3
external	DYIOQMKBBPSAFY-UHFFFAOYSA-N	CCCCC=CCCCCCCCC(=O)OCCCCCCCCCCCCCCCC	ok	CCCCC=CCCCCCCCC(=O)OCCCCCCCCCCCCCCCC	DYIOQMKBBPSAFY-UHFFFAOYSA-N	C30H58O2
external	DYJBTUINEBYYQT-UHFFFAOYSA-N	CC1(C)CCC2(C(=O)OC3OC(CO)C(O)C(O)C3O)C(O)CC3(C)C(=CCC4C5(C)CCC(OC6OCC(O)C(OC7OC(CO)C(O)C(O)C7O)C6O)C(C)(C)C5CCC43C)C2C1	ok	CC1(C)CCC2(C(=O)OC3OC(CO)C(O)C(O)C3O)C(O)CC3(C)C(=CCC4C5(C)CCC(OC6OCC(O)C(OC7OC(CO)C(O)C(O)C7O)C6O)C(C)(C)C5CCC43C)C2C1	DYJBTUINEBYYQT-UHFFFAOYSA-N	C47H76O18
external	DYLGFOYVTXJFJP-UHFFFAOYSA-N	CCCCN(CCCC)CC(O)c1cc(Cl)cc2c1-c1ccc(Cl)cc1C2=Cc1ccc(Cl)cc1	ok	CCCCN(CCCC)CC(O)c1cc(Cl)cc2c1-c1ccc(Cl)cc1C2=Cc1ccc(Cl)cc1	DYLGFOYVTXJFJP-UHFFFAOYSA-N	C30H32Cl3NO
external	DYLUUSLLRIQKOE-UHFFFAOYSA-N	CC(C)(O)CN=c1nc(-c2cccc(C(F)(F)F)n2)[nH]c(=Nc2ccnc(C(F)(F)F)c2)[nH]1	ok	CC(C)(O)CNc1nc(Nc2ccnc(C(F)(F)F)c2)nc(-c2cccc(C(F)(F)F)n2)n1	DYLUUSLLRIQKOE-UHFFFAOYSA-N	C19H17F6N7O
external	DYOSCPIQEYRQEO-UHFFFAOYSA-N	COc1c(O)c(C)c(CC=C(C)CCC=C(C)CCC=C(C)CCC=C(C)CCC=C(C)CCC=C(C)C)c(O)c1OC	ok	COc1c(O)c(C)c(C=CC(C)CCC=C(C)CCC=C(C)CCC=C(C)CCC=C(C)CCC=C(C)C)c(O)c1OC	JYOPAHWQSVSECH-UHFFFAOYSA-N	C39H60O4
external	DYUQAZSOFZSPHD-UHFFFAOYSA-N	CCC(O)c1ccccc1	ok	CCC(O)c1ccccc1	DYUQAZSOFZSPHD-UHFFFAOYSA-N	C9H12O
external	DYXPIXIKDXPQPD-UHFFFAOYSA-N	O=C(O)CCC1C2CCC(C2)C1NS(=O)(=O)c1ccccc1	ok	O=C(O)CCC1C2CCC(C2)C1NS(=O)(=O)c1ccccc1	DYXPIXIKDXPQPD-UHFFFAOYSA-N	C16H21NO4S
external	DZGWFCGJZKJUFP-UHFFFAOYSA-N	NCCc1ccc(O)cc1	ok	NCCc1ccc(O)cc1	DZGWFCGJZKJUFP-UHFFFAOYSA-N	C8H11NO
external	DZHDVYLBNKMLMB-UHFFFAOYSA-N	NCCCCC(N=C(O)C(N)Cc1c[nH]c2ccccc12)C(=O)O	ok	NCCCCC(NC(=O)C(N)Cc1c[nH]c2ccccc12)C(=O)O	DZHDVYLBNKMLMB-UHFFFAOYSA-N	C17H24N4O3
external	DZJZIJZUKAATIV-UHFFFAOYSA-N	CCCC#CCCCCCCCCCCCCO	ok	CCCC#CCCCCCCCCCCCCO	DZJZIJZUKAATIV-UHFFFAOYSA-N	C17H32O
external	DZKOKXZNCDGVRY-UHFFFAOYSA-N	C1SSCSSS1	ok	C1SSCSSS1	DZKOKXZNCDGVRY-UHFFFAOYSA-N	C2H4S5
external	FABPRXSRWADJSP-UHFFFAOYSA-N	COc1c(N2CC3CCCNC3C2)c(F)cc2c(=O)c(C(=O)O)cn(C3CC3)c12	ok	COc1c(N2CC3CCCNC3C2)c(F)cc2c(=O)c(C(=O)O)cn(C3CC3)c12	FABPRXSRWADJSP-UHFFFAOYSA-N	C21H24FN3O4
external	FABUFPQFXZVHFB-UHFFFAOYSA-N	CC(=Cc1csc(C)n1)C1CC2OC2(C)CCCC(C)C(O)C(C)C(=O)C(C)(C)C(O)CC(O)=N1	ok	CC(=Cc1csc(C)n1)C1CC2OC2(C)CCCC(C)C(O)C(C)C(=O)C(C)(C)C(O)CC(=O)N1	FABUFPQFXZVHFB-UHFFFAOYSA-N	C27H42N2O5S
external	FAEKWTJYAYMJKF-UHFFFAOYSA-N	CCOc1cc(CC(O)=NC(CC(C)C)c2ccccc2N2CCCCC2)ccc1C(=O)O	ok	CCOc1cc(CC(=O)NC(CC(C)C)c2ccccc2N2CCCCC2)ccc1C(=O)O	FAEKWTJYAYMJKF-UHFFFAOYSA-N	C27H36N2O4
external	FAIIFDPAEUKBEP-UHFFFAOYSA-N	COC(=O)C1=C(C#N)NC(C)=C(C(=O)OC(C)C)C1c1cccc([N+](=O)[O-])c1	ok	COC(=O)C1=C(C#N)N=C(C)C(C(=O)OC(C)C)C1c1cccc([N+](=O)[O-])c1	KJWGEXJCWCYEMI-UHFFFAOYSA-N	C19H19N3O6
external	FAKRSMQSSFJEIM-UHFFFAOYSA-N	CC(CS)C(=O)N1CCCC1C(=O)O	ok	CC(CS)C(=O)N1CCCC1C(=O)O	FAKRSMQSSFJEIM-UHFFFAOYSA-N	C9H15NO3S
external	FAOZLTXFLGPHNG-UHFFFAOYSA-N	CC(=O)C1(O)CCC2C3CC(C)C4=CC(=O)C=CC4(C)C3(F)C(O)CC21C	ok	CC(=O)C1(O)CCC2C3CC(C)=C4CC(=O)C=CC4(C)C3(F)C(O)CC21C	ORJMOWYWYBXFBE-UHFFFAOYSA-N	C22H29FO4
external	FASDKYOPVNHBLU-UHFFFAOYSA-N	CCCNC1CCc2[nH]c(=N)sc2C1	ok	CCCNC1CCc2nc(N)sc2C1	FASDKYOPVNHBLU-UHFFFAOYSA-N	C10H17N3S
external	FBHSPRKOSMHSIF-UHFFFAOYSA-N	CC(=O)OCC(=O)C12N=C(C)OC1CC1C3CCC4=CC(=O)C=CC4(C)C3C(O)CC12C	ok	CC(=O)OCC(=O)C12N=C(C)OC1CC1C3CC=C4CC(=O)C=CC4(C)C3C(O)CC12C	CHSYXJNUOMUPOG-UHFFFAOYSA-N	C25H31NO6
external	FBMYKMYQHCBIGU-UHFFFAOYSA-N	CC(C)(Cc1c[nH]c2ccccc12)NCC(O)COc1ccccc1C#N	ok	CC(C)(Cc1c[nH]c2ccccc12)NCC(O)COc1ccccc1C#N	FBMYKMYQHCBIGU-UHFFFAOYSA-N	C22H25N3O2
external	FBOUYBDGKBSUES-UHFFFAOYSA-N	O=C(OC1CN2CCC1CC2)N1CCc2ccccc2C1c1ccccc1	ok	O=C(OC1CN2CCC1CC2)N1CCc2ccccc2C1c1ccccc1	FBOUYBDGKBSUES-UHFFFAOYSA-N	C23H26N2O2
external	FBOZXECLQNJBKD-UHFFFAOYSA-N	CN(Cc1cnc2nc(=N)[nH]c(N)c2n1)c1ccc(C(=O)NC(CCC(=O)O)C(=O)O)cc1	ok	CN(Cc1cnc2nc(N)nc(N)c2n1)c1ccc(C(=O)NC(CCC(=O)O)C(=O)O)cc1	FBOZXECLQNJBKD-UHFFFAOYSA-N	C20H22N8O5
external	FBPFZTCFMRRESA-UHFFFAOYSA-N	OCC(O)C(O)C(O)C(O)CO	ok	OCC(O)C(O)C(O)C(O)CO	FBPFZTCFMRRESA-UHFFFAOYSA-N	C6H14O6
external	FBVFZWUMDDXLLG-UHFFFAOYSA-N	O=C1C2CCCCC2C(=O)N1CCCCN1CCN(c2nsc3ccccc23)CC1	ok	Oc1c2c(c(O)n1CCCCN1CCN(c3nsc4ccccc34)CC1)CCCC2	GRZAUXJKSWFZCU-UHFFFAOYSA-N	C23H30N4O2S
external	FBYFJOVKHROJSY-UHFFFAOYSA-N	CCCN(CCC)CCc1cccc2[nH]c(O)cc12	ok	CCCN(CCC)CCc1cccc2[nH]c(O)cc12	FBYFJOVKHROJSY-UHFFFAOYSA-N	C16H24N2O
external	FCHGRGOUMXZTFS-UHFFFAOYSA-N	CC(=O)OCC1(O)CC23CCC4C(C)(C=O)CCCC4(C)C2CCC1C3	ok	CC(=O)OCC1(O)CC23CCC4C(C)(C=O)CCCC4(C)C2CCC1C3	FCHGRGOUMXZTFS-UHFFFAOYSA-N	C22H34O4
external	FCINNGNGQHGDFW-UHFFFAOYSA-N	N=C(N)NCCCCN=C(O)C=Cc1cc(O)c2c(c1)C(C(O)=NCCCCNC(=N)N)C(c1ccc(O)cc1)O2	ok	N=C(N)NCCCCNC(=O)C1c2cc(C=CC(=O)NCCCCN=C(N)N)cc(O)c2OC1c1ccc(O)cc1	FCINNGNGQHGDFW-UHFFFAOYSA-N	C28H38N8O5
external	FCLYKYQBTSMTJB-UHFFFAOYSA-N	C=C1OC(=O)C(=CCCCCCCCCCCCCC)C1O	ok	C=C1OC(=O)C(=CCCCCCCCCCCCCC)C1O	FCLYKYQBTSMTJB-UHFFFAOYSA-N	C19H32O3
external	FCSHDIVRCWTZOX-UHFFFAOYSA-N	CC1CC2C3CCC4=CC(=O)C=CC4(C)C3(F)C(O)CC2(C)C1(O)C(=O)CCl	ok	CC1CC2C3CC=C4CC(=O)C=CC4(C)C3(F)C(O)CC2(C)C1(O)C(=O)CCl	JTHMWNIMWXESHY-UHFFFAOYSA-N	C22H28ClFO4
external	FCWMZGOTKKOFPK-UHFFFAOYSA-N	O=C(O)COc1ccc(C(=O)c2ccsc2)c(Cl)c1Cl	ok	O=C(O)COc1ccc(C(=O)c2ccsc2)c(Cl)c1Cl	FCWMZGOTKKOFPK-UHFFFAOYSA-N	C13H8Cl2O4S
external	FCWVNQXHWQOIRY-UHFFFAOYSA-N	CC(=O)C(N=C(O)CN)C(O)O	ok	CC(=O)C(NC(=O)CN)C(O)O	FCWVNQXHWQOIRY-UHFFFAOYSA-N	C6H12N2O4
external	FDASUPFDHLZNSK-UHFFFAOYSA-N	COC1(CCC(C)COC2OC(CO)C(O)C(O)C2O)OC2CC3C4CCC5CC(OC6OC(CO)C(O)C(O)C6OC6OC(CO)C(O)C(O)C6O)CCC5(C)C4CCC3(C)C2C1C	ok	COC1(CCC(C)COC2OC(CO)C(O)C(O)C2O)OC2CC3C4CCC5CC(OC6OC(CO)C(O)C(O)C6OC6OC(CO)C(O)C(O)C6O)CCC5(C)C4CCC3(C)C2C1C	FDASUPFDHLZNSK-UHFFFAOYSA-N	C46H78O19
external	FDDDEECHVMSUSB-UHFFFAOYSA-N	Nc1ccc(S(N)(=O)=O)cc1	ok	Nc1ccc(S(N)(=O)=O)cc1	FDDDEECHVMSUSB-UHFFFAOYSA-N	C6H8N2O2S
external	FDGQSTZJBFJUBT-UHFFFAOYSA-N	Oc1ncnc2[nH]cnc12	ok	O=c1[nH]cnc2[nH]cnc12	FDGQSTZJBFJUBT-UHFFFAOYSA-N	C5H4N4O
external	FDKXTQMXEQVLRF-UHFFFAOYSA-N	CN(C)N=Nc1[nH]cnc1C(N)=O	ok	CN(C)N=Nc1[nH]cnc1C(N)=O	FDKXTQMXEQVLRF-UHFFFAOYSA-N	C6H10N6O
external	FDLYAMZZIXQODN-UHFFFAOYSA-N	O=C(c1cc(Cc2nnc(O)c3ccccc23)ccc1F)N1CCN(C(=O)C2CC2)CC1	ok	O=C(c1cc(Cc2n[nH]c(=O)c3ccccc23)ccc1F)N1CCN(C(=O)C2CC2)CC1	FDLYAMZZIXQODN-UHFFFAOYSA-N	C24H23FN4O3
external	FDVPMAATWMWLSY-UHFFFAOYSA-N	COc1ccc(NC(=O)C2=C3N(C)c4c(OC)cccc4N3CCC2=O)cc1	ok	COc1ccc(NC(=O)C2=C3N(C)c4c(OC)cccc4N3CCC2=O)cc1	FDVPMAATWMWLSY-UHFFFAOYSA-N	C21H21N3O4
external	FEBLZLNTKCEFIT-UHFFFAOYSA-N	CC1(C)OC2CC3C4CC(F)C5=CC(=O)C=CC5(C)C4(F)C(O)CC3(C)C2(C(=O)CO)O1	ok	CC1(C)OC2CC3C4CC(F)C5=CC(=O)C=CC5(C)C4(F)C(O)CC3(C)C2(C(=O)CO)O1	FEBLZLNTKCEFIT-UHFFFAOYSA-N	C24H30F2O6
external	FELGMEQIXOGIFQ-UHFFFAOYSA-N	Cc1nccn1CC1CCc2c(c3ccccc3n2C)C1=O	ok	Cc1nccn1CC1CCc2c(c3ccccc3n2C)C1=O	FELGMEQIXOGIFQ-UHFFFAOYSA-N	C18H19N3O
external	FFEARJCKVFRZRR-UHFFFAOYSA-N	CSCCC(N)C(=O)O	ok	CSCCC(N)C(=O)O	FFEARJCKVFRZRR-UHFFFAOYSA-N	C5H11NO2S
external	FFFHZYDWPBMWHY-UHFFFAOYSA-N	NC(CCS)C(=O)O	ok	NC(CCS)C(=O)O	FFFHZYDWPBMWHY-UHFFFAOYSA-N	C4H9NO2S
external	FFGPTBGBLSHEPO-UHFFFAOYSA-N	N=C(O)N1c2ccccc2C=Cc2ccccc21	ok	NC(=O)N1c2ccccc2C=Cc2ccccc21	FFGPTBGBLSHEPO-UHFFFAOYSA-N	C15H12N2O
external	FFIYZQBJBRTFKR-UHFFFAOYSA-N	CC(C)CCCn1c(=O)c2c(ncn2C)n(C)c1=O	ok	CC(C)CCCn1c(=O)c2c(ncn2C)n(C)c1=O	FFIYZQBJBRTFKR-UHFFFAOYSA-N	C13H20N4O2
external	FFYPRJYSJODFFD-UHFFFAOYSA-N	N=c1nc(O)c2[nH]ccc2[nH]1	ok	Nc1nc(=O)c2[nH]ccc2[nH]1	FFYPRJYSJODFFD-UHFFFAOYSA-N	C6H6N4O
external	FGQFOYHRJSUHMR-UHFFFAOYSA-N	O=C(O)CSc1nnc(Br)n1-c1ccc(C2CC2)c2ccccc12	ok	O=C(O)CSc1nnc(Br)n1-c1ccc(C2CC2)c2ccccc12	FGQFOYHRJSUHMR-UHFFFAOYSA-N	C17H14BrN3O2S
external	FGXWKSZFVQUSTL-UHFFFAOYSA-N	Oc1nc2ccccc2n1CCCN1CCC(n2c(O)nc3cc(Cl)ccc32)CC1	ok	O=c1[nH]c2ccccc2n1CCCN1CCC(n2c(=O)[nH]c3cc(Cl)ccc32)CC1	FGXWKSZFVQUSTL-UHFFFAOYSA-N	C22H24ClN5O2
external	FHCUMDQMBHQXKK-UHFFFAOYSA-N	COCC1CC(c2ncc(-c3ccc4c(c3)COc3cc5c(ccc6nc(C7CCC(C)N7C(=O)C(N=C(O)OC)C(C)C)[nH]c65)cc3-4)[nH]2)N(C(=O)C(N=C(O)OC)c2ccccc2)C1	ok	COCC1CC(c2nc(-c3ccc4c(c3)COc3cc5c(ccc6[nH]c(C7CCC(C)N7C(=O)C(NC(=O)OC)C(C)C)nc65)cc3-4)c[nH]2)N(C(=O)C(NC(=O)OC)c2ccccc2)C1	FHCUMDQMBHQXKK-UHFFFAOYSA-N	C49H54N8O8
external	FHFYDNQZQSQIAI-UHFFFAOYSA-N	CCn1cc(C(=O)O)c(=O)c2cc(F)c(N3CCN(C)CC3)cc21	ok	CCn1cc(C(=O)O)c(=O)c2cc(F)c(N3CCN(C)CC3)cc21	FHFYDNQZQSQIAI-UHFFFAOYSA-N	C17H20FN3O3
external	FHIVAFMUCKRCQO-UHFFFAOYSA-N	CCOP(=S)(OCC)Oc1cc(C)nc(C(C)C)n1	ok	CCOP(=S)(OCC)Oc1cc(C)nc(C(C)C)n1	FHIVAFMUCKRCQO-UHFFFAOYSA-N	C12H21N2O3PS
external	FHPIXVHJEIZKJW-UHFFFAOYSA-N	Cc1cc2c(s1)Nc1ccccc1N=C2N1CCNCC1	ok	Cc1cc2c(s1)Nc1ccccc1N=C2N1CCNCC1	FHPIXVHJEIZKJW-UHFFFAOYSA-N	C16H18N4S
external	FHXBMXJMKMWVRG-UHFFFAOYSA-N	CC(=O)Oc1ccc2c(c1)CCC1C2CCC2(C)C(O)CCC12	ok	CC(=O)Oc1ccc2c(c1)CCC1C2CCC2(C)C(O)CCC12	FHXBMXJMKMWVRG-UHFFFAOYSA-N	C20H26O3
external	FIHJKUPKCHIPAT-UHFFFAOYSA-N	CC1CCC2C(C)C(OC(=O)CCC(=O)O)OC3OC4(C)CCC1C32OO4	ok	CC1CCC2C(C)C(OC(=O)CCC(=O)O)OC3OC4(C)CCC1C32OO4	FIHJKUPKCHIPAT-UHFFFAOYSA-N	C19H28O8
external	FIVSJYGQAIEMOC-UHFFFAOYSA-N	CC(OCC1(c2ccccc2)CCC2(CCC(O)=N2)CN1)c1cc(C(F)(F)F)cc(C(F)(F)F)c1	ok	CC(OCC1(c2ccccc2)CCC2(CCC(=O)N2)CN1)c1cc(C(F)(F)F)cc(C(F)(F)F)c1	FIVSJYGQAIEMOC-UHFFFAOYSA-N	C25H26F6N2O2
external	FJHBVJOVLFPMQE-UHFFFAOYSA-N	CCc1c2c(nc3ccc(O)cc13)-c1cc3c(c(=O)n1C2)COC(=O)C3(O)CC	ok	CCc1c2c(nc3ccc(O)cc13)-c1cc3c(c(=O)n1C2)COC(=O)C3(O)CC	FJHBVJOVLFPMQE-UHFFFAOYSA-N	C22H20N2O5
external	FJLBFSROUSIWMA-UHFFFAOYSA-N	CC(C)(C(=O)c1cccnc1)c1cccnc1	ok	CC(C)(C(=O)c1cccnc1)c1cccnc1	FJLBFSROUSIWMA-UHFFFAOYSA-N	C14H14N2O
external	FJLGEFLZQAZZCD-UHFFFAOYSA-N	CC(C)n1c(C=CC(O)CC(O)CC(=O)O)c(-c2ccc(F)cc2)c2ccccc21	ok	CC(C)n1c(C=CC(O)CC(O)CC(=O)O)c(-c2ccc(F)cc2)c2ccccc21	FJLGEFLZQAZZCD-UHFFFAOYSA-N	C24H26FNO4
external	FJLHLDBEZKTSOK-UHFFFAOYSA-N	CCN(C)C=O	ok	CCN(C)C=O	FJLHLDBEZKTSOK-UHFFFAOYSA-N	C4H9NO
external	FJXOGVLKCZQRDN-UHFFFAOYSA-N	CC1CC2C3C(Cl)CC4=CC(=O)C=CC4(C)C3C(O)CC2(C)C1(O)C(=O)CO	ok	CC1CC2C3C(Cl)C=C4CC(=O)C=CC4(C)C3C(O)CC2(C)C1(O)C(=O)CO	IFRPBNGMVCBDEE-UHFFFAOYSA-N	C22H29ClO5
external	FJZZPCZKBUKGGU-UHFFFAOYSA-N	CCCCCCCC(O)=NC(CN1CCCC1)C(O)c1ccc2c(c1)OCCO2	ok	CCCCCCCC(=O)NC(CN1CCCC1)C(O)c1ccc2c(c1)OCCO2	FJZZPCZKBUKGGU-UHFFFAOYSA-N	C23H36N2O4
external	FKJUAGXPCITGLZ-UHFFFAOYSA-N	CCCCCC(=O)OCC[N+](C)(C)C	ok	CCCCCC(=O)OCC[N+](C)(C)C	FKJUAGXPCITGLZ-UHFFFAOYSA-N	C11H24NO2+
external	FKMJXALNHKIDOD-UHFFFAOYSA-N	COC(=O)C(CCCNC(=N)N)NS(=O)(=O)c1ccc(C)cc1	ok	COC(=O)C(CCCN=C(N)N)NS(=O)(=O)c1ccc(C)cc1	FKMJXALNHKIDOD-UHFFFAOYSA-N	C14H22N4O4S
external	FKRSSPOQAMALKA-UHFFFAOYSA-N	COC(O)=NC(C(=O)N1CCCC1c1ncc(-c2ccc(-c3ccc(-c4cnc(C5CCCN5C(=O)C(N=C(O)OC)C(C)C)[nH]4)cc3)cc2)[nH]1)C(C)C	ok	COC(=O)NC(C(=O)N1CCCC1c1nc(-c2ccc(-c3ccc(-c4c[nH]c(C5CCCN5C(=O)C(NC(=O)OC)C(C)C)n4)cc3)cc2)c[nH]1)C(C)C	FKRSSPOQAMALKA-UHFFFAOYSA-N	C40H50N8O6
external	FLAQQSHRLBFIEZ-UHFFFAOYSA-N	CN(CCCC(=O)c1cccnc1)N=O	ok	CN(CCCC(=O)c1cccnc1)N=O	FLAQQSHRLBFIEZ-UHFFFAOYSA-N	C10H13N3O2
external	FLDPBMANMDLQTH-UHFFFAOYSA-N	CN(CCOc1ccc(Cc2sc(O)nc2O)cc1)c1ccccn1	ok	CN(CCOc1ccc(Cc2sc(=O)[nH]c2O)cc1)c1ccccn1	FLDPBMANMDLQTH-UHFFFAOYSA-N	C18H19N3O3S
external	FMAZQSYXRGRESX-UHFFFAOYSA-N	N=C(O)C1CO1	ok	NC(=O)C1CO1	FMAZQSYXRGRESX-UHFFFAOYSA-N	C3H5NO2
external	FMGSKLZLMKYGDP-UHFFFAOYSA-N	CC12CCC3C(CC=C4CC(O)CCC43C)C1CCC2=O	ok	CC12CCC3C(CC=C4CC(O)CCC43C)C1CCC2=O	FMGSKLZLMKYGDP-UHFFFAOYSA-N	C19H28O2
external	FMHQJXGMLMSMLC-UHFFFAOYSA-N	CCC1(C)CC(OC(=O)CSc2nc(=N)[nH][nH]2)C2(C)C(C)CCC3(CCC(=O)C32)C(C)C1O	ok	CCC1(C)CC(OC(=O)CSc2n[nH]c(N)n2)C2(C)C(C)CCC3(CCC(=O)C32)C(C)C1O	FMHQJXGMLMSMLC-UHFFFAOYSA-N	C24H38N4O4S
external	FMKCDSXOYLTWBR-UHFFFAOYSA-N	CCC(=O)OCC1CCCO1	ok	CCC(=O)OCC1CCCO1	FMKCDSXOYLTWBR-UHFFFAOYSA-N	C8H14O3
external	FMMWHPNWAFZXNH-UHFFFAOYSA-N	c1ccc2c(c1)cc1ccc3cccc4ccc2c1c34	ok	c1ccc2c(c1)cc1ccc3cccc4ccc2c1c34	FMMWHPNWAFZXNH-UHFFFAOYSA-N	C20H12
external	FMWLUWPQPKEARP-UHFFFAOYSA-N	ClC(Cl)Br	ok	ClC(Cl)Br	FMWLUWPQPKEARP-UHFFFAOYSA-N	CHBrCl2
external	FMXVFWDIAZJILA-UHFFFAOYSA-N	CCCCCCCCC1CC(C(=O)O)C(=O)O1	ok	CCCCCCCCC1CC(C(=O)O)C(=O)O1	FMXVFWDIAZJILA-UHFFFAOYSA-N	C13H22O4
external	FNEJQOIAGPBETK-UHFFFAOYSA-N	Cc1ccc(O)o1	ok	Cc1ccc(O)o1	FNEJQOIAGPBETK-UHFFFAOYSA-N	C5H6O2
external	FNELVJVBIYMIMC-UHFFFAOYSA-N	CCS(=O)c1c(C#N)nn(-c2c(Cl)cc(C(F)(F)F)cc2Cl)c1N	ok	CC[S+]([O-])c1c(C#N)nn(-c2c(Cl)cc(C(F)(F)F)cc2Cl)c1N	FNELVJVBIYMIMC-UHFFFAOYSA-N	C13H9Cl2F3N4OS
external	FNFHDAUGLIPVPU-UHFFFAOYSA-O	O=C(O)CC(=O)OCC1OC(Oc2cc3c(O)cc(O)cc3[o+]c2-c2cc(O)c(O)c(O)c2)C(O)C(O)C1O	tautomer_MaxTransformsReached			C24H23O15+
external	FNHKPVJBJVTLMP-UHFFFAOYSA-N	CNC(=O)c1cc(Oc2ccc(NC(O)=Nc3ccc(Cl)c(C(F)(F)F)c3)c(F)c2)ccn1	ok	CNC(=O)c1cc(Oc2ccc(NC(=O)Nc3ccc(Cl)c(C(F)(F)F)c3)c(F)c2)ccn1	FNHKPVJBJVTLMP-UHFFFAOYSA-N	C21H15ClF4N4O3
external	FNIWZHDDTANFPF-UHFFFAOYSA-N	Oc1cc(O)c2c(c1)OC(c1ccc(O)c(O)c1)C(O)C2c1c(O)cc(O)c2c1OC(c1ccc(O)c(O)c1)C(O)C2c1c(O)cc(O)c2c1OC1(c3ccc(O)c(O)c3)Oc3cc(O)c4c(c3C2C1O)OC(c1ccc(O)c(O)c1)C(O)C4	tautomer_MaxTautomersReached			C60H48O24
external	FNKQXYHWGSIFBK-UHFFFAOYSA-N	CC(O)C(O)C1CNc2[nH]c(=N)nc(O)c2N1	ok	CC(O)C(O)C1CNc2[nH]c(N)nc(=O)c2N1	FNKQXYHWGSIFBK-UHFFFAOYSA-N	C9H15N5O3
external	FNPHNLNTJNMAEE-UHFFFAOYSA-N	CCCCCCCCCCCCCCCCCC(=O)OC(CC(=O)[O-])C[N+](C)(C)C	ok	CCCCCCCCCCCCCCCCCC(=O)OC(CC(=O)[O-])C[N+](C)(C)C	FNPHNLNTJNMAEE-UHFFFAOYSA-N	C25H49NO4
external	FNPXMHRZILFCKX-UHFFFAOYSA-N	CCOC(=O)OC1(C(=O)COC(=O)CC)CCC2C3CCC4=CC(=O)C=CC4(C)C3C(O)CC21C	ok	CCOC(=O)OC1(C(=O)COC(=O)CC)CCC2C3CC=C4CC(=O)C=CC4(C)C3C(O)CC21C	FIVPIQADCOIIHF-UHFFFAOYSA-N	C27H36O8
external	FNTJVYCFNVUBOL-UHFFFAOYSA-N	O=C(O)C1OC(Oc2c(-c3ccc(O)cc3)oc3cc(O)cc(O)c3c2=O)C(O)C(O)C1O	ok	O=C(O)C1OC(Oc2c(-c3ccc(O)cc3)oc3cc(O)cc(O)c3c2=O)C(O)C(O)C1O	FNTJVYCFNVUBOL-UHFFFAOYSA-N	C21H18O12
external	FNYLWPVRPXGIIP-UHFFFAOYSA-N	N=c1[nH]c2nc(=N)c(-c3ccccc3)nc-2c(N)[nH]1	ok	Nc1nc(N)c2nc(-c3ccccc3)c(N)nc2n1	FNYLWPVRPXGIIP-UHFFFAOYSA-N	C12H11N7
external	FOCVUCIESVLUNU-UHFFFAOYSA-N	S=P(N1CC1)(N1CC1)N1CC1	ok	S=P(N1CC1)(N1CC1)N1CC1	FOCVUCIESVLUNU-UHFFFAOYSA-N	C6H12N3PS
external	FOGXJPFPZOHSQS-UHFFFAOYSA-N	CCCC(=O)OC1(C(=O)COC(=O)CC)CCC2C3CCC4=CC(=O)CCC4(C)C3C(O)CC21C	ok	CCCC(=O)OC1(C(=O)COC(=O)CC)CCC2C3CC=C4CC(=O)CCC4(C)C3C(O)CC21C	JUIFZVJZPALGJB-UHFFFAOYSA-N	C28H40O7
external	FOHHNHSLJDZUGQ-UHFFFAOYSA-N	CCCCN(CCCC)CCC(O)c1cc2c(Cl)cc(Cl)cc2c2cc(C(F)(F)F)ccc12	ok	CCCCN(CCCC)CCC(O)c1cc2c(Cl)cc(Cl)cc2c2cc(C(F)(F)F)ccc12	FOHHNHSLJDZUGQ-UHFFFAOYSA-N	C26H30Cl2F3NO
external	FPIPGXGPPPQFEQ-UHFFFAOYSA-N	CC(C=CC1=C(C)CCCC1(C)C)=CC=CC(C)=CCO	ok	CC(C=CC1=C(C)CCCC1(C)C)=CC=CC(C)=CCO	FPIPGXGPPPQFEQ-UHFFFAOYSA-N	C20H30O
external	FPLMIPQZHHQWHN-UHFFFAOYSA-N	COc1ccc(-c2oc3cc(O)cc(O)c3c(=O)c2O)cc1O	tautomer_MaxTransformsReached			C16H12O7
external	FPOHNWQLNRZRFC-UHFFFAOYSA-N	Cc1[nH]c2ccccc2c1CCNCc1ccc(C=CC(O)=NO)cc1	ok	Cc1[nH]c2ccccc2c1CCNCc1ccc(C=CC(O)=NO)cc1	FPOHNWQLNRZRFC-UHFFFAOYSA-N	C21H23N3O2
external	FPUXKXIZEIDQKW-UHFFFAOYSA-N	CC1C(=O)OC2CC34C5CC(C(C)(C)C)C36C(OC(=O)C6O)OC4(C(=O)O5)C21O	ok	CC1C(=O)OC2CC34C5CC(C(C)(C)C)C36C(OC(=O)C6O)OC4(C(=O)O5)C21O	FPUXKXIZEIDQKW-UHFFFAOYSA-N	C20H24O9
external	FQPGMQABJNQLLF-UHFFFAOYSA-N	NOCCC(N)C(=O)O	ok	NOCCC(N)C(=O)O	FQPGMQABJNQLLF-UHFFFAOYSA-N	C4H10N2O3
external	FQYGGFDZJFIDPU-UHFFFAOYSA-N	CC12CCC3c4ccc(O)cc4CCC3C1CC(OC1OC(C(=O)O)C(O)C(O)C1O)C2O	ok	CC12CCC3c4ccc(O)cc4CCC3C1CC(OC1OC(C(=O)O)C(O)C(O)C1O)C2O	FQYGGFDZJFIDPU-UHFFFAOYSA-N	C24H32O9
external	FQZSMTSTFMNWQF-UHFFFAOYSA-N	CCCCc1nc(Cl)c(C=O)n1Cc1ccc(-c2ccccc2-c2nn[nH]n2)cc1	ok	CCCCc1nc(Cl)c(C=O)n1Cc1ccc(-c2ccccc2-c2nn[nH]n2)cc1	FQZSMTSTFMNWQF-UHFFFAOYSA-N	C22H21ClN6O
external	FRNIMDDQCZHAFA-UHFFFAOYSA-N	C=C1C(=O)OC2CC3(C)C(=CC12)C(C)CCC3O	ok	C=C1C(=O)OC2CC3(C)C(=CC12)C(C)CCC3O	FRNIMDDQCZHAFA-UHFFFAOYSA-N	C15H20O3
external	FRPJXPJMRWBBIH-UHFFFAOYSA-N	CC12CCC3c4ccc(OC(=O)N(CCCl)CCCl)cc4CCC3C1CCC2O	ok	CC12CCC3c4ccc(OC(=O)N(CCCl)CCCl)cc4CCC3C1CCC2O	FRPJXPJMRWBBIH-UHFFFAOYSA-N	C23H31Cl2NO3
external	FRQMUZJSZHZSGN-UHFFFAOYSA-N	CC(=O)C1(O)CCC2C3CC(C)C4=CC(=O)CCC4(C)C3CCC21C	ok	CC(=O)C1(O)CCC2C3CC(C)=C4CC(=O)CCC4(C)C3CCC21C	QOVGIKUHSFCSIK-UHFFFAOYSA-N	C22H32O3
external	FRYVQXCDSBCDAU-UHFFFAOYSA-N	CC(CCC(=O)O)C1CCC2C3CCC4C(O)C(O)CCC4(C)C3CC(O)C12C	ok	CC(CCC(=O)O)C1CCC2C3CCC4C(O)C(O)CCC4(C)C3CC(O)C12C	FRYVQXCDSBCDAU-UHFFFAOYSA-N	C24H40O5
external	FSHPJPOJLGCQOJ-UHFFFAOYSA-N	CC(C)=CCc1c(O)ccc(C2COc3c(CC=C(C)C)c(O)cc(O)c3C2=O)c1O	tautomer_MaxTransformsReached			C25H28O6
external	FSHURBQASBLAPO-UHFFFAOYSA-N	CSCCC(N=C(O)C(C)N)C(=O)O	ok	CSCCC(NC(=O)C(C)N)C(=O)O	FSHURBQASBLAPO-UHFFFAOYSA-N	C8H16N2O3S
external	FSKFPVLPFLJRQB-UHFFFAOYSA-N	Cc1ccc(C(=O)C(C)CN2CCCCC2)cc1	ok	Cc1ccc(C(=O)C(C)CN2CCCCC2)cc1	FSKFPVLPFLJRQB-UHFFFAOYSA-N	C16H23NO
external	FSKJPXSYWQUVGO-UHFFFAOYSA-N	COc1cc(C=CC(O)=Nc2ccccc2C(=O)O)ccc1O	ok	COc1cc(C=CC(=O)Nc2ccccc2C(=O)O)ccc1O	FSKJPXSYWQUVGO-UHFFFAOYSA-N	C17H15NO5
external	FSLPMRQHCOLESF-UHFFFAOYSA-N	CC1CCC2(C)CCC3(C)C(=CCC4C5(C)CCC(O)C(C)(C)C5CCC43C)C2C1C	ok	CC1CCC2(C)CCC3(C)C(=CCC4C5(C)CCC(O)C(C)(C)C5CCC43C)C2C1C	FSLPMRQHCOLESF-UHFFFAOYSA-N	C30H50O
external	FSPRLRPJSPWQNC-UHFFFAOYSA-N	OC1=NC(c2ccccc2)(c2cccc(O)c2)C(O)=N1	ok	O=C1NC(=O)C(c2ccccc2)(c2cccc(O)c2)N1	FSPRLRPJSPWQNC-UHFFFAOYSA-N	C15H12N2O3
external	FSQFBVMRHUNWAT-UHFFFAOYSA-N	CC(C)=CCCC1(C)C(CC=C(C)C)CC2(CC=C(C)C)C(=O)C1(C(=O)C(C)C)C(=O)C1=C2OC(C)(C)C=C1	ok	CC(C)=CCCC1(C)C(CC=C(C)C)CC2(CC=C(C)C)C(=O)C1(C(=O)C(C)C)C(=O)C1=C2OC(C)(C)C=C1	FSQFBVMRHUNWAT-UHFFFAOYSA-N	C35H50O4
external	FSVJFNAIGNNGKK-UHFFFAOYSA-N	O=C(C1CCCCC1)N1CC(=O)N2CCc3ccccc3C2C1	ok	O=C(C1CCCCC1)N1CC(=O)N2CCc3ccccc3C2C1	FSVJFNAIGNNGKK-UHFFFAOYSA-N	C19H24N2O2
external	FSVMLWOLZHGCQX-UHFFFAOYSA-N	Oc1ccc(C2Oc3cc(O)cc(O)c3C(O)C2O)cc1	ok	Oc1ccc(C2Oc3cc(O)cc(O)c3C(O)C2O)cc1	FSVMLWOLZHGCQX-UHFFFAOYSA-N	C15H14O6
external	FTALBRSUTCGOEG-UHFFFAOYSA-N	N=c1[nH]c2ccc(OC(F)(F)F)cc2s1	ok	Nc1nc2ccc(OC(F)(F)F)cc2s1	FTALBRSUTCGOEG-UHFFFAOYSA-N	C8H5F3N2OS
external	FTOAOBMCPZCFFF-UHFFFAOYSA-N	CCC1(CC)C(O)=NC(=O)N=C1O	ok	CCC1(CC)C(=O)NC(=O)NC1=O	FTOAOBMCPZCFFF-UHFFFAOYSA-N	C8H12N2O3
external	FTVWIRXFELQLPI-UHFFFAOYSA-N	O=C1CC(c2ccc(O)cc2)Oc2cc(O)cc(O)c21	ok	O=C1CC(c2ccc(O)cc2)Oc2cc(O)cc(O)c21	FTVWIRXFELQLPI-UHFFFAOYSA-N	C15H12O5
external	FUBVWMNBEHXPSU-UHFFFAOYSA-N	CCOC(O)=Nc1ccc2c(c1)N(C(=O)CCN1CCOCC1)c1ccccc1S2	ok	CCOC(=O)Nc1ccc2c(c1)N(C(=O)CCN1CCOCC1)c1ccccc1S2	FUBVWMNBEHXPSU-UHFFFAOYSA-N	C22H25N3O4S
external	FUCYIEXQVQJBKY-UHFFFAOYSA-N	CC1=CC2C(=C(C)CCC2C(C)C)CC1	ok	CC1=CC2C(=C(C)CCC2C(C)C)CC1	FUCYIEXQVQJBKY-UHFFFAOYSA-N	C15H24
external	FUDSDSSVYNVBQF-UHFFFAOYSA-N	C=CC(C)(C)c1cc(O)c2oc3c(=CCC(C)C)c(=O)c(O)c(CCC(C)(C)O)c3c(O)c2c1=O	tautomer_MaxTransformsReached			C28H34O7
external	FUEUKSCRQNPXKS-UHFFFAOYSA-N	CNCC(C)CN1c2ccccc2CCc2ccccc21	ok	CNCC(C)CN1c2ccccc2CCc2ccccc21	FUEUKSCRQNPXKS-UHFFFAOYSA-N	C19H24N2
external	FUGYGGDSWSUORM-UHFFFAOYSA-N	C=Cc1ccc(O)cc1	ok	C=Cc1ccc(O)cc1	FUGYGGDSWSUORM-UHFFFAOYSA-N	C8H8O
external	FURUXTVZLHCCNA-UHFFFAOYSA-N	O=C1CC(c2ccc(O)cc2)Oc2cc(O)ccc21	ok	O=C1CC(c2ccc(O)cc2)Oc2cc(O)ccc21	FURUXTVZLHCCNA-UHFFFAOYSA-N	C15H12O4
external	FUXVKZWTXQUGMW-UHFFFAOYSA-N	CCC1(O)C(=O)OCc2c1cc1n(c2=O)Cc2cc3c(N)cccc3nc2-1	ok	CCC1(O)C(=O)OCc2c1cc1n(c2=O)Cc2cc3c(N)cccc3nc2-1	FUXVKZWTXQUGMW-UHFFFAOYSA-N	C20H17N3O4
external	FVCDMHWSPLRYAB-UHFFFAOYSA-N	C=CC1(C)CO1	ok	C=CC1(C)CO1	FVCDMHWSPLRYAB-UHFFFAOYSA-N	C5H8O
external	FVECELJHCSPHKY-UHFFFAOYSA-N	COc1ccc(C(=O)OC2CCC3(C)C4CCC5C6(O)CC(O)C7(O)C(CN8CC(C)CCC8C7(C)O)C6(O)CC53OC24O)cc1OC	ok	COc1ccc(C(=O)OC2CCC3(C)C4CCC5C6(O)CC(O)C7(O)C(CN8CC(C)CCC8C7(C)O)C6(O)CC53OC24O)cc1OC	FVECELJHCSPHKY-UHFFFAOYSA-N	C36H51NO11
external	FVGJPCFYGPKBKJ-UHFFFAOYSA-N	CCCCCCCCCCCCOC(=O)CC	ok	CCCCCCCCCCCCOC(=O)CC	FVGJPCFYGPKBKJ-UHFFFAOYSA-N	C15H30O2
external	FVIKBDRIIKLJKM-UHFFFAOYSA-N	O=C(O)c1cc(CC=NC(Cc2ccc(O)cc2)C(=O)O)cc(C(O)O)n1	ok	O=C(O)c1cc(CC=NC(Cc2ccc(O)cc2)C(=O)O)cc(C(O)O)n1	FVIKBDRIIKLJKM-UHFFFAOYSA-N	C18H18N2O7
external	FVJJFMIANVFLIU-UHFFFAOYSA-N	CCCCCCCCCCCCCC=CC(O)C(COC1OC(CO)C(OC2OC(CO)C(OC3OC(CO)C(O)C(OC4OC(CO)C(O)C(O)C4O)C3CC(C)=O)C(OC3(C(=O)O)CC(O)C(N=C(C)O)C(C(O)C(CO)OC4(C(=O)O)CC(O)C(N=C(C)O)C(C(O)C(CO)OC5(C(=O)O)CC(O)C(N=C(C)O)C(C(O)C(O)CO)O5)O4)O3)C2O)C(O)C1O)N=C(O)CCCCCCCCCCC	ok	CCCCCCCCCCCCCC=CC(O)C(COC1OC(CO)C(OC2OC(CO)C(OC3OC(CO)C(O)C(OC4OC(CO)C(O)C(O)C4O)C3CC(C)=O)C(OC3(C(=O)O)CC(O)C(NC(C)=O)C(C(O)C(CO)OC4(C(=O)O)CC(O)C(NC(C)=O)C(C(O)C(CO)OC5(C(=O)O)CC(O)C(NC(C)=O)C(C(O)C(O)CO)O5)O4)O3)C2O)C(O)C1O)NC(=O)CCCCCCCCCCC	FVJJFMIANVFLIU-UHFFFAOYSA-N	C90H154N4O47
external	FVNFXIPJDHVJGE-UHFFFAOYSA-N	CC(C)=CCCC(C)=CCc1c(CCC(=O)c2ccc(O)cc2O)ccc(O)c1O	tautomer_MaxTransformsReached			C25H30O5
external	FVTWTVQXNAJTQP-UHFFFAOYSA-N	OC(c1ccccc1)(c1ccccc1)C12CC[N+](CCOCc3ccccc3)(CC1)CC2	ok	OC(c1ccccc1)(c1ccccc1)C12CC[N+](CCOCc3ccccc3)(CC1)CC2	FVTWTVQXNAJTQP-UHFFFAOYSA-N	C29H34NO2+
external	FWBPZAVSTQBRKT-UHFFFAOYSA-N	COc1cc(O)c2c(=O)c3cc(OC)ccc3oc2c1	ok	COc1cc(O)c2c(=O)c3cc(OC)ccc3oc2c1	FWBPZAVSTQBRKT-UHFFFAOYSA-N	C15H12O5
external	FWCGLHYHGUHPRY-UHFFFAOYSA-N	CC1(C)CCCC(C)(O)C1=O	ok	CC1(C)CCCC(C)(O)C1=O	FWCGLHYHGUHPRY-UHFFFAOYSA-N	C9H16O2
external	FWCVZAQENIZVMY-UHFFFAOYSA-N	CC(C)n1nccc1-c1ncccc1COc1cccc(O)c1C=O	ok	CC(C)n1nccc1-c1ncccc1COc1cccc(O)c1C=O	FWCVZAQENIZVMY-UHFFFAOYSA-N	C19H19N3O3
external	FWIVDMJALNEADT-UHFFFAOYSA-N	CC(C)(F)CC(NC(c1ccc(-c2ccc(S(C)(=O)=O)cc2)cc1)C(F)(F)F)C(O)=NC1(C#N)CC1	ok	CC(C)(F)CC(NC(c1ccc(-c2ccc(S(C)(=O)=O)cc2)cc1)C(F)(F)F)C(=O)NC1(C#N)CC1	FWIVDMJALNEADT-UHFFFAOYSA-N	C25H27F4N3O3S
external	FWKQNCXZGNBPFD-UHFFFAOYSA-N	Cc1ccc(C(C)C)cc2c(C)ccc1-2	ok	Cc1ccc(C(C)C)cc2c(C)ccc1-2	FWKQNCXZGNBPFD-UHFFFAOYSA-N	C15H18
external	FWKXMJCJEOUXDE-UHFFFAOYSA-N	Oc1ccc2c(cc3ccc4cccc5ccc2c3c45)c1O	ok	Oc1ccc2c(cc3ccc4cccc5ccc2c3c45)c1O	FWKXMJCJEOUXDE-UHFFFAOYSA-N	C20H12O2
external	FWVIPKAFIXXKIW-UHFFFAOYSA-N	CC(=CCO)CCC=C(C)CCC=C(C)CCC=C(C)CCC=C(C)CCC=C(C)CCCC(C)CCCC(C)CCCC(C)C	ok	CC(=CCO)CCC=C(C)CCC=C(C)CCC=C(C)CCC=C(C)CCC=C(C)CCCC(C)CCCC(C)CCCC(C)C	FWVIPKAFIXXKIW-UHFFFAOYSA-N	C45H80O
external	FWYSMLBETOMXAG-UHFFFAOYSA-N	COc1cccc(N2CCN(C3=Nc4c(F)cccc4C(CC(=O)O)N3c3cc(C(F)(F)F)ccc3OC)CC2)c1	ok	COc1cccc(N2CCN(C3=Nc4c(F)cccc4C(CC(=O)O)N3c3cc(C(F)(F)F)ccc3OC)CC2)c1	FWYSMLBETOMXAG-UHFFFAOYSA-N	C29H28F4N4O4
external	FXKSIMKLXMWGEF-UHFFFAOYSA-N	c1ccc2c(c1)Sc1ccccc1N2CC12CCN(CC1)CC2	ok	c1ccc2c(c1)Sc1ccccc1N2CC12CCN(CC1)CC2	FXKSIMKLXMWGEF-UHFFFAOYSA-N	C20H22N2S
external	FYDWDCIFZSGNBU-UHFFFAOYSA-N	CN(CCN1CCC(OC(O)=Nc2ccccc2-c2ccccc2)CC1)C(=O)c1ccc(CN2CCC(C(=N)O)CC2)cc1	ok	CN(CCN1CCC(OC(=O)Nc2ccccc2-c2ccccc2)CC1)C(=O)c1ccc(CN2CCC(C(N)=O)CC2)cc1	FYDWDCIFZSGNBU-UHFFFAOYSA-N	C35H43N5O4
external	FYGDTMLNYKFZSV-UHFFFAOYSA-N	OCC1OC(OC2C(CO)OC(OC3C(CO)OC(O)C(O)C3O)C(O)C2O)C(O)C(O)C1O	ok	OCC1OC(OC2C(CO)OC(OC3C(CO)OC(O)C(O)C3O)C(O)C2O)C(O)C(O)C1O	FYGDTMLNYKFZSV-UHFFFAOYSA-N	C18H32O16
external	FYJJXENSONZJRG-UHFFFAOYSA-N	CN(C)CCCOC1(Cc2ccccc2)CCCCCC1	ok	CN(C)CCCOC1(Cc2ccccc2)CCCCCC1	FYJJXENSONZJRG-UHFFFAOYSA-N	C19H31NO
external	FYNCKDXBHPKIBS-UHFFFAOYSA-N	CC(C)=C1CCC2(C)CC(=O)CC(C)=C2C1	ok	CC(C)=C1CCC2(C)CC(=O)CC(C)=C2C1	FYNCKDXBHPKIBS-UHFFFAOYSA-N	C15H22O
external	FYSPQKZYJQGUKS-UHFFFAOYSA-N	CC1=Nc2c(n(C3CCC(C)CC3)c(=O)n(C)c2=O)[N]1	ok	CC1=Nc2c(n(C3CCC(C)CC3)c(=O)n(C)c2=O)[N]1	FYSPQKZYJQGUKS-UHFFFAOYSA-N	C14H19N4O2
external	FYYSIASRLDJUNP-UHFFFAOYSA-N	NC(CCC(=O)O)C(O)=NC(CC(=O)O)C(=O)O	ok	NC(CCC(=O)O)C(=O)NC(CC(=O)O)C(=O)O	FYYSIASRLDJUNP-UHFFFAOYSA-N	C9H14N2O7
external	FZCHYNWYXKICIO-UHFFFAOYSA-N	CCCCC(=O)OC1(C(=O)CO)CCC2C3CCC4=CC(=O)CCC4(C)C3C(O)CC21C	ok	CCCCC(=O)OC1(C(=O)CO)CCC2C3CC=C4CC(=O)CCC4(C)C3C(O)CC21C	OMSIWXSUNPHFMK-UHFFFAOYSA-N	C26H38O6
external	FZEJTXCSLUORDW-UHFFFAOYSA-N	OC(Cn1cncn1)(Cn1cnc(C=Cc2ccc(OCC(F)(F)C(F)F)cc2)n1)c1ccc(F)cc1F	ok	OC(Cn1cncn1)(Cn1cnc(C=Cc2ccc(OCC(F)(F)C(F)F)cc2)n1)c1ccc(F)cc1F	FZEJTXCSLUORDW-UHFFFAOYSA-N	C24H20F6N6O2
external	FZERHIULMFGESH-UHFFFAOYSA-N	CC(O)=Nc1ccccc1	ok	CC(=O)Nc1ccccc1	FZERHIULMFGESH-UHFFFAOYSA-N	C8H9NO
external	FZKDZYMJFJHGJQ-UHFFFAOYSA-N	CC(=O)OC1C(=O)C2(C)C(O)CC3OCC3(OC(C)=O)C2C(OC(=O)c2ccccc2)C2(O)CC(OC(=O)C(O)C(CC(C)C)N=C(O)OC(C)(C)C)C(C)=C1C2(C)C	ok	CC(=O)OC1=C2C(C)C(OC(=O)C(O)C(CC(C)C)NC(=O)OC(C)(C)C)CC(O)(C(OC(=O)c3ccccc3)C3C4(OC(C)=O)COC4CC(O)C3(C)C1=O)C2(C)C	PYXOLMWZEOBQQS-UHFFFAOYSA-N	C43H59NO15
external	FZLJBZZCTNZGFA-UHFFFAOYSA-N	CCCCCCCCC=CCCCCCCCCCCCCCC(O)=NC(COC1OC(CO)C(OC2OC(CO)C(OC3OC(CO)C(O)C(O)C3O)C(O)C2O)C(O)C1O)C(O)C=CCCCCCCCCCCCCC	ok	CCCCCCCCC=CCCCCCCCCCCCCCC(=O)NC(COC1OC(CO)C(OC2OC(CO)C(OC3OC(CO)C(O)C(O)C3O)C(O)C2O)C(O)C1O)C(O)C=CCCCCCCCCCCCCC	FZLJBZZCTNZGFA-UHFFFAOYSA-N	C60H111NO18
external	FZPKQSWYXWHIQL-UHFFFAOYSA-N	CCCCCCCCCCCCC(O)C1CCC(C2CCCC(C(O)CCCCCCCC(O)Cc3cc(C)oc3O)O2)O1	ok	CCCCCCCCCCCCC(O)C1CCC(C2CCCC(C(O)CCCCCCCC(O)Cc3cc(C)oc3O)O2)O1	FZPKQSWYXWHIQL-UHFFFAOYSA-N	C37H66O7
external	FZXAQGVGSAANBR-UHFFFAOYSA-N	CC1SC(c2cccnc2)N(C)C1=O	ok	CC1SC(c2cccnc2)N(C)C1=O	FZXAQGVGSAANBR-UHFFFAOYSA-N	C10H12N2OS
external	FZXISNSWEXTPMF-UHFFFAOYSA-N	CCN=c1nc(Cl)nc(NC(C)(C)C)[nH]1	ok	CCNc1nc(Cl)nc(NC(C)(C)C)n1	FZXISNSWEXTPMF-UHFFFAOYSA-N	C9H16ClN5
external	GAGWJHPBXLXJQN-UHFFFAOYSA-N	CCCCCOC(O)=Nc1nc(=O)n(C2OC(C)C(O)C2O)cc1F	ok	CCCCCOC(=O)Nc1nc(=O)n(C2OC(C)C(O)C2O)cc1F	GAGWJHPBXLXJQN-UHFFFAOYSA-N	C15H22FN3O6
external	GAKMQHDJQHZUTJ-UHFFFAOYSA-N	CC1CC2C3CC(F)C4=CC(=O)C=CC4(C)C3C(O)CC2(C)C1C(=O)CO	ok	CC1CC2C3CC(F)C4=CC(=O)C=CC4(C)C3C(O)CC2(C)C1C(=O)CO	GAKMQHDJQHZUTJ-UHFFFAOYSA-N	C22H29FO4
external	GATVIKZLVQHOMN-UHFFFAOYSA-N	ClC(Br)Br	ok	ClC(Br)Br	GATVIKZLVQHOMN-UHFFFAOYSA-N	CHBr2Cl
external	GBABOYUKABKIAF-UHFFFAOYSA-N	CCC1=CC2CN(C1)Cc1c([nH]c3ccccc13)C(C(=O)OC)(c1cc3c(cc1OC)N(C)C1C(O)(C(=O)OC)C(OC(C)=O)C4(CC)C=CCN5CCC31C54)C2	ok	CCC1=CC2CN(C1)Cc1c([nH]c3ccccc13)C(C(=O)OC)(c1cc3c(cc1OC)N(C)C1C(O)(C(=O)OC)C(OC(C)=O)C4(CC)C=CCN5CCC31C54)C2	GBABOYUKABKIAF-UHFFFAOYSA-N	C45H54N4O8
external	GBBSUAFBMRNDJC-UHFFFAOYSA-N	CN1CCN(C(=O)OC2c3nccnc3C(=O)N2c2ccc(Cl)cn2)CC1	ok	CN1CCN(C(=O)OC2c3nccnc3C(=O)N2c2ccc(Cl)cn2)CC1	GBBSUAFBMRNDJC-UHFFFAOYSA-N	C17H17ClN6O3
external	GBFLZEXEOZUWRN-UHFFFAOYSA-N	NC(CSCC(=O)O)C(=O)O	ok	NC(CSCC(=O)O)C(=O)O	GBFLZEXEOZUWRN-UHFFFAOYSA-N	C5H9NO4S
external	GBLRQXKSCRCLBZ-UHFFFAOYSA-N	COc1cc(CC2c3c(cc(OC)c(OC)c3OC)CC[N+]2(C)CCCOC(=O)CCC(=O)OCCC[N+]2(C)CCc3cc(OC)c(OC)c(OC)c3C2Cc2cc(OC)c(OC)c(OC)c2)cc(OC)c1OC	ok	COc1cc(CC2c3c(cc(OC)c(OC)c3OC)CC[N+]2(C)CCCOC(=O)CCC(=O)OCCC[N+]2(C)CCc3cc(OC)c(OC)c(OC)c3C2Cc2cc(OC)c(OC)c(OC)c2)cc(OC)c1OC	GBLRQXKSCRCLBZ-UHFFFAOYSA-N	C56H78N2O16+2
external	GBXSMTUPTTWBMN-UHFFFAOYSA-N	CCOC(=O)C(CCc1ccccc1)NC(C)C(=O)N1CCCC1C(=O)O	ok	CCOC(=O)C(CCc1ccccc1)NC(C)C(=O)N1CCCC1C(=O)O	GBXSMTUPTTWBMN-UHFFFAOYSA-N	C20H28N2O5
external	GCDSSEZWYHWNMC-UHFFFAOYSA-N	CC(C)c1cc2c(c(O)c1O)C13CCCC(C)(C)C1=C(C2)OC3=O	ok	CC(C)c1cc2c(c(O)c1O)C13CCCC(C)(C)C1=C(C2)OC3=O	GCDSSEZWYHWNMC-UHFFFAOYSA-N	C20H24O4
external	GCIKSSRWRFVXBI-UHFFFAOYSA-N	Cc1cc(=Nc2cc(N3CCN(C)CC3)nc(Sc3ccc(NC(=O)C4CC4)cc3)n2)[nH][nH]1	ok	Cc1cc(Nc2cc(N3CCN(C)CC3)nc(Sc3ccc(NC(=O)C4CC4)cc3)n2)[nH]n1	GCIKSSRWRFVXBI-UHFFFAOYSA-N	C23H28N8OS
external	GCKFUYQCUCGESZ-UHFFFAOYSA-N	C#CC1(O)CCC2C3CCC4=CC(=O)CCC4C3C(=C)CC21CC	ok	C#CC1(O)CCC2C3CC=C4CC(=O)CCC4C3C(=C)CC21CC	BOMXWTHINLWJIE-UHFFFAOYSA-N	C22H28O2
external	GCKMFJBGXUYNAG-UHFFFAOYSA-N	CC12CCC(=O)C=C1CCC1C2CCC2(C)C1CCC2(C)O	ok	CC12CCC(=O)C=C1CCC1C2CCC2(C)C1CCC2(C)O	GCKMFJBGXUYNAG-UHFFFAOYSA-N	C20H30O2
external	GCZRCCHPLVMMJE-UHFFFAOYSA-N	CCCCCC=CC=CC(O)CC=CCC=CCCCC(=O)O	ok	CCCCCC=CC=CC(O)CC=CCC=CCCCC(=O)O	GCZRCCHPLVMMJE-UHFFFAOYSA-N	C20H32O3
external	GDBJCCBRRCYCEG-UHFFFAOYSA-N	CCCCCCCCCCCCC#CCCCC(=O)O	ok	CCCCCCCCCCCCC#CCCCC(=O)O	GDBJCCBRRCYCEG-UHFFFAOYSA-N	C18H32O2
external	GDLIGKIOYRNHDA-UHFFFAOYSA-N	CN(C)CCCN1c2ccccc2CCc2ccc(Cl)cc21	ok	CN(C)CCCN1c2ccccc2CCc2ccc(Cl)cc21	GDLIGKIOYRNHDA-UHFFFAOYSA-N	C19H23ClN2
external	GEAIQETWXSVTMO-GQCTYLIASA-N	NC(CS/C(Cl)=C(/Cl)C(Cl)=C(Cl)Cl)C(=O)O	ok	NC(CSC(Cl)=C(Cl)C(Cl)=C(Cl)Cl)C(=O)O	GEAIQETWXSVTMO-UHFFFAOYSA-N	C7H6Cl5NO2S
external	GEAIQETWXSVTMO-UHFFFAOYSA-N	NC(CSC(Cl)=C(Cl)C(Cl)=C(Cl)Cl)C(=O)O	ok	NC(CSC(Cl)=C(Cl)C(Cl)=C(Cl)Cl)C(=O)O	GEAIQETWXSVTMO-UHFFFAOYSA-N	C7H6Cl5NO2S
external	GECHUMIMRBOMGK-UHFFFAOYSA-N	Nc1ccc(S(=O)(=O)Nc2ccccn2)cc1	ok	Nc1ccc(S(=O)(=O)Nc2ccccn2)cc1	GECHUMIMRBOMGK-UHFFFAOYSA-N	C11H11N3O2S
external	GEDRGVNPMIOGRX-UHFFFAOYSA-N	C=CCC(C)C(=O)OCCCCCC	ok	C=CCC(C)C(=O)OCCCCCC	GEDRGVNPMIOGRX-UHFFFAOYSA-N	C12H22O2
external	GEGSSUSEWOHAFE-UHFFFAOYSA-N	OCCOc1ccc(Cl)cc1	ok	OCCOc1ccc(Cl)cc1	GEGSSUSEWOHAFE-UHFFFAOYSA-N	C8H9ClO2
external	GEJDGVNQKABXKG-UHFFFAOYSA-N	COc1cc2c(cc1OC)C1CC(OC(=O)C(N)C(C)C)C(CC(C)C)CN1CC2	ok	COc1cc2c(cc1OC)C1CC(OC(=O)C(N)C(C)C)C(CC(C)C)CN1CC2	GEJDGVNQKABXKG-UHFFFAOYSA-N	C24H38N2O4
external	GELFSVXLSDZDHE-UHFFFAOYSA-N	CCCCCC(O)C=CC1OC1CC=CCC=CCCCC(=O)O	ok	CCCCCC(O)C=CC1OC1CC=CCC=CCCCC(=O)O	GELFSVXLSDZDHE-UHFFFAOYSA-N	C20H32O4
external	GEPUWRLCEOWUON-UHFFFAOYSA-N	CCCCCCCCC=CCCCCCCCC(O)=NC(COC1OC(CO)C(OC2OC(CO)C(OC3OC(CO)C(O)C(OC4OC(CO)C(O)C(OC5(C(=O)O)CC(O)C(N=C(C)O)C(C(O)C(O)CO)O5)C4O)C3CC(C)=O)C(OC3(C(=O)O)CC(O)C(N=C(C)O)C(C(O)C(CO)OC4(C(=O)O)CC(O)C(N=C(C)O)C(C(O)C(CO)OC5(C(=O)O)CC(O)C(N=C(C)O)C(C(O)C(O)CO)O5)O4)O3)C2O)C(O)C1O)C(O)C=CCCCCCCCCCCCCC	tautomer_MaxTransformsReached			C107H181N5O55
external	GFBKORZTTCHDGY-UHFFFAOYSA-N	CN1CCN(CCC=C2c3ccccc3Sc3ccc(S(=O)(=O)N(C)C)cc32)CC1	ok	CN1CCN(CCC=C2c3ccccc3Sc3ccc(S(=O)(=O)N(C)C)cc32)CC1	GFBKORZTTCHDGY-UHFFFAOYSA-N	C23H29N3O2S2
external	GFHAXPJGXSQLPT-UHFFFAOYSA-N	N=C(O)OC(Cn1ncnn1)c1ccccc1Cl	ok	NC(=O)OC(Cn1ncnn1)c1ccccc1Cl	GFHAXPJGXSQLPT-UHFFFAOYSA-N	C10H10ClN5O2
external	GFIJNRVAKGFPGQ-UHFFFAOYSA-N	CCN=C(O)C1CCCN1C(=O)C(CCCNC(=N)N)N=C(O)C(CC(C)C)N=C(O)C(CC(C)C)N=C(O)C(Cc1ccc(O)cc1)N=C(O)C(CO)N=C(O)C(Cc1c[nH]c2ccccc12)N=C(O)C(Cc1cnc[nH]1)N=C(O)C1CCC(O)=N1	tautomer_MaxTautomersReached			C59H84N16O12
external	GFNANZIMVAIWHM-UHFFFAOYSA-N	CC12C=CC(=O)C=C1CCC1C3CC(O)C(O)(C(=O)CO)C3(C)CC(O)C12F	ok	CC12C=CC(=O)C=C1CCC1C3CC(O)C(O)(C(=O)CO)C3(C)CC(O)C12F	GFNANZIMVAIWHM-UHFFFAOYSA-N	C21H27FO6
external	GFPJSSAOISEBQL-UHFFFAOYSA-N	CC(C=CC=C(C)C=CC1=C(C)CCCC1(C)C)=CC=CC=C(C)C=CC=C(C)C1C=C2C(C)(C)CCCC2(C)O1	ok	CC(C=CC=C(C)C=CC1=C(C)CCCC1(C)C)=CC=CC=C(C)C=CC=C(C)C1C=C2C(C)(C)CCCC2(C)O1	GFPJSSAOISEBQL-UHFFFAOYSA-N	C40H56O
external	GGAFPIBJPYCFGR-UHFFFAOYSA-N	COc1ccc2cc(C#N)c(=O)oc2c1	ok	COc1ccc2cc(C#N)c(=O)oc2c1	GGAFPIBJPYCFGR-UHFFFAOYSA-N	C11H7NO3
external	GGCLNOIGPMGLDB-UHFFFAOYSA-N	CC(C)CCCC(C)C1CCC2C3CC=C4CC(=O)CCC4(C)C3CCC12C	ok	CC(C)CCCC(C)C1CCC2C3CC=C4CC(=O)CCC4(C)C3CCC12C	GGCLNOIGPMGLDB-UHFFFAOYSA-N	C27H44O
external	GGCSSNBKKAUURC-UHFFFAOYSA-N	CCC(=O)N(c1ccccc1)C1(COC)CCN(CCc2cccs2)CC1	ok	CCC(=O)N(c1ccccc1)C1(COC)CCN(CCc2cccs2)CC1	GGCSSNBKKAUURC-UHFFFAOYSA-N	C22H30N2O2S
external	GGCUJPCCTQNTJF-UHFFFAOYSA-N	CC(C=CC1=C(C)C(=O)CCC1(C)C)=CC=CC(C)=CC(=O)O	ok	CC(C=CC1=C(C)C(=O)CCC1(C)C)=CC=CC(C)=CC(=O)O	GGCUJPCCTQNTJF-UHFFFAOYSA-N	C20H26O3
external	GGPPBTSXFROGAE-UHFFFAOYSA-N	N#Cc1ccc(N(Cc2ccc(Br)cc2)n2cnnc2)cc1	ok	N#Cc1ccc(N(Cc2ccc(Br)cc2)n2cnnc2)cc1	GGPPBTSXFROGAE-UHFFFAOYSA-N	C16H12BrN5
external	GGXKWVWZWMLJEH-UHFFFAOYSA-N	CC(=O)OCC(CCn1cnc2c[nH]c(=N)nc21)COC(C)=O	ok	CC(=O)OCC(CCn1cnc2cnc(N)nc21)COC(C)=O	GGXKWVWZWMLJEH-UHFFFAOYSA-N	C14H19N5O4
external	GHASVSINZRGABV-UHFFFAOYSA-N	Oc1ncc(F)c(O)n1	ok	O=c1[nH]cc(F)c(=O)[nH]1	GHASVSINZRGABV-UHFFFAOYSA-N	C4H3FN2O2
external	GHCVBVCIPFPICQ-UHFFFAOYSA-N	CC1=CC2OC(=O)C(C)C2CCC(C(=O)OC2C(O)C(O)OC(CO)C2O)=CCC1	ok	CC1=CC2OC(=O)C(C)C2CCC(C(=O)OC2C(O)C(O)OC(CO)C2O)=CCC1	GHCVBVCIPFPICQ-UHFFFAOYSA-N	C21H30O9
external	GHOSNRCGJFBJIB-UHFFFAOYSA-N	CCOc1nc2cccc(C(=O)OC(C)OC(=O)OC3CCCCC3)c2n1Cc1ccc(-c2ccccc2-c2nn[nH]n2)cc1	ok	CCOc1nc2cccc(C(=O)OC(C)OC(=O)OC3CCCCC3)c2n1Cc1ccc(-c2ccccc2-c2nn[nH]n2)cc1	GHOSNRCGJFBJIB-UHFFFAOYSA-N	C33H34N6O6
external	GIIZNNXWQWCKIB-UHFFFAOYSA-N	OCc1cc(C(O)CNCCCCCCOCCCCc2ccccc2)ccc1O	ok	OCc1cc(C(O)CNCCCCCCOCCCCc2ccccc2)ccc1O	GIIZNNXWQWCKIB-UHFFFAOYSA-N	C25H37NO4
external	GIJXKZJWITVLHI-UHFFFAOYSA-N	CN1C2CCC1CC(OC(c1ccccc1)c1ccccc1)C2	ok	CN1C2CCC1CC(OC(c1ccccc1)c1ccccc1)C2	GIJXKZJWITVLHI-UHFFFAOYSA-N	C21H25NO
external	GIKNHHRFLCDOEU-UHFFFAOYSA-N	CC(N)Cc1ccc(O)cc1	ok	CC(N)Cc1ccc(O)cc1	GIKNHHRFLCDOEU-UHFFFAOYSA-N	C9H13NO
external	GIQXKAXWRLHLDD-UHFFFAOYSA-N	CC(CCC(=O)O)C1CCC2C3CCC4CC(OC5OC(C(=O)O)C(O)C(O)C5O)CCC4(C)C3CCC12C	ok	CC(CCC(=O)O)C1CCC2C3CCC4CC(OC5OC(C(=O)O)C(O)C(O)C5O)CCC4(C)C3CCC12C	GIQXKAXWRLHLDD-UHFFFAOYSA-N	C30H48O9
external	GJFCONYVAUNLKB-UHFFFAOYSA-N	CC1CC2C3CC=C4CC(=O)C=CC4(C)C3(F)C(O)CC2(C)C1(O)C(=O)CO	ok	CC1CC2C3CC=C4CC(=O)C=CC4(C)C3(F)C(O)CC2(C)C1(O)C(=O)CO	GJFCONYVAUNLKB-UHFFFAOYSA-N	C22H29FO5
external	GJJFMKBJSRMPLA-UHFFFAOYSA-N	CCN(CC)C(=O)C1(c2ccccc2)CC1CN	ok	CCN(CC)C(=O)C1(c2ccccc2)CC1CN	GJJFMKBJSRMPLA-UHFFFAOYSA-N	C15H22N2O
external	GJMPSRSMBJLKKB-UHFFFAOYSA-N	Cc1cccc(CC(=O)O)c1	ok	Cc1cccc(CC(=O)O)c1	GJMPSRSMBJLKKB-UHFFFAOYSA-N	C9H10O2
external	GJPICJJJRGTNOD-UHFFFAOYSA-N	COc1ccccc1Oc1c(NS(=O)(=O)c2ccc(C(C)(C)C)cc2)nc(-c2ncccn2)nc1OCCO	ok	COc1ccccc1Oc1c(NS(=O)(=O)c2ccc(C(C)(C)C)cc2)nc(-c2ncccn2)nc1OCCO	GJPICJJJRGTNOD-UHFFFAOYSA-N	C27H29N5O6S
external	GJQIMXVRFNLMTB-UHFFFAOYSA-N	CCCCCCCCCOC(C)=O	ok	CCCCCCCCCOC(C)=O	GJQIMXVRFNLMTB-UHFFFAOYSA-N	C11H22O2
external	GJSLOMWRLALDCT-UHFFFAOYSA-N	CN(C)Cc1nnc2n1-c1ccc(Cl)cc1C(c1ccccc1)=NC2	ok	CN(C)Cc1nnc2n1-c1ccc(Cl)cc1C(c1ccccc1)=NC2	GJSLOMWRLALDCT-UHFFFAOYSA-N	C19H18ClN5
external	GJSURZIOUXUGAL-UHFFFAOYSA-N	Clc1cccc(Cl)c1NC1=NCCN1	ok	Clc1cccc(Cl)c1NC1=NCCN1	GJSURZIOUXUGAL-UHFFFAOYSA-N	C9H9Cl2N3
external	GJZJZRWFRZFTEE-UHFFFAOYSA-N	CCC=CCC1C(CC(=O)O)CCC1OC1OC(CO)C(O)C(O)C1O	ok	CCC=CCC1C(CC(=O)O)CCC1OC1OC(CO)C(O)C(O)C1O	GJZJZRWFRZFTEE-UHFFFAOYSA-N	C18H30O8
external	GKCJNDMDSMOLIN-UHFFFAOYSA-N	COCC1(O)C2CC3(C(=O)C(O)O2)C(C)CCC3(O)C12COC2=O	ok	COCC1(O)C2CC3(C(C)CCC3(O)C13COC3=O)C(O)C(=O)O2	LXPKORXZVZPYLY-UHFFFAOYSA-N	C16H22O8
external	GKDRMWXFWHEQQT-UHFFFAOYSA-N	COc1cc(Nc2ncc(F)c(N=c3ccc4c([nH]3)N(COP(=O)(O)O)C(=O)C(C)(C)O4)n2)cc(OC)c1OC	ok	COc1cc(Nc2ncc(F)c(Nc3ccc4c(n3)N(COP(=O)(O)O)C(=O)C(C)(C)O4)n2)cc(OC)c1OC	GKDRMWXFWHEQQT-UHFFFAOYSA-N	C23H26FN6O9P
external	GKGKOBNJESCNOE-UHFFFAOYSA-N	CC1CCC2(OC1)OC1CC3C4C(CCC3(C)C1C2C)C1(C)CCC(O)CC1(O)C4C=O	ok	CC1CCC2(OC1)OC1CC3C4C(CCC3(C)C1C2C)C1(C)CCC(O)CC1(O)C4C=O	GKGKOBNJESCNOE-UHFFFAOYSA-N	C27H42O5
external	GKIRPKYJQBWNGO-UHFFFAOYSA-N	CCN(CC)CCOc1ccc(C(=C(Cl)c2ccccc2)c2ccccc2)cc1	ok	CCN(CC)CCOc1ccc(C(=C(Cl)c2ccccc2)c2ccccc2)cc1	GKIRPKYJQBWNGO-UHFFFAOYSA-N	C26H28ClNO
external	GKJMLOMZBLJNRX-UHFFFAOYSA-N	CCC(C=CC(C)C1CCC2C3=CCC4CC(OC5OC(CO)C(O)C(O)C5OC5OC(CO)C(O)C(O)C5OC5OC(CO)C(O)C(O)C5O)CCC4(C)C3CCC21C)C(C)C	ok	CCC(C=CC(C)C1CCC2C3=CCC4CC(OC5OC(CO)C(O)C(O)C5OC5OC(CO)C(O)C(O)C5OC5OC(CO)C(O)C(O)C5O)CCC4(C)C3CCC21C)C(C)C	GKJMLOMZBLJNRX-UHFFFAOYSA-N	C47H78O16
external	GKNDIYRVXVKUNM-UHFFFAOYSA-N	CCc1c(C)cn(C(O)=NCCc2ccc(S(=O)(=O)NC(O)=NC3CCC(C)CC3)cc2)c1O	ok	CCc1c(C)cn(C(=O)NCCc2ccc(S(=O)(=O)NC(=O)NC3CCC(C)CC3)cc2)c1O	GKNDIYRVXVKUNM-UHFFFAOYSA-N	C24H34N4O5S
external	GKQPCPXONLDCMU-UHFFFAOYSA-N	CCOC(=O)C1=C(C)NC(C)=C(C(=O)OCC)C1c1ccccc1C=CC(=O)OC(C)(C)C	ok	CCOC(=O)C1=C(C)N=C(C)C(C(=O)OCC)C1c1ccccc1C=CC(=O)OC(C)(C)C	BGYJFSXPRMOZJK-UHFFFAOYSA-N	C26H33NO6
external	GKTWGGQPFAXNFI-UHFFFAOYSA-N	COC(=O)C(c1ccccc1Cl)N1CCc2sccc2C1	ok	COC(=O)C(c1ccccc1Cl)N1CCc2sccc2C1	GKTWGGQPFAXNFI-UHFFFAOYSA-N	C16H16ClNO2S
external	GKWPCEFFIHSJOE-UHFFFAOYSA-N	CCN(C(=O)c1c(O)c2c(Cl)cccc2n(C)c1=O)c1ccccc1	ok	CCN(C(=O)c1c(O)c2c(Cl)cccc2n(C)c1=O)c1ccccc1	GKWPCEFFIHSJOE-UHFFFAOYSA-N	C19H17ClN2O3
external	GLBJJMFZWDBELO-UHFFFAOYSA-N	COc1ccc(-c2nc3cc(C4=NN=C(O)CC4C)ccc3[nH]2)cc1	ok	COc1ccc(-c2nc3cc(C4=NNC(=O)CC4C)ccc3[nH]2)cc1	GLBJJMFZWDBELO-UHFFFAOYSA-N	C19H18N4O2
external	GLUUGHFHXGJENI-UHFFFAOYSA-N	C1CNCCN1	ok	C1CNCCN1	GLUUGHFHXGJENI-UHFFFAOYSA-N	C4H10N2
external	GLYPHOJMMLQNJQ-UHFFFAOYSA-N	CC(CCC(O)=NCC(=O)O)C1CCC2C3C(OS(=O)(=O)O)CC4CC(O)CCC4(C)C3CCC12C	ok	CC(CCC(=O)NCC(=O)O)C1CCC2C3C(OS(=O)(=O)O)CC4CC(O)CCC4(C)C3CCC12C	GLYPHOJMMLQNJQ-UHFFFAOYSA-N	C26H43NO8S
external	GMBQZIIUCVWOCD-UHFFFAOYSA-N	CC1CCC2(OC1)OC1CC3C4CCC5CC(O)CCC5(C)C4CCC3(C)C1C2C	ok	CC1CCC2(OC1)OC1CC3C4CCC5CC(O)CCC5(C)C4CCC3(C)C1C2C	GMBQZIIUCVWOCD-UHFFFAOYSA-N	C27H44O3
external	GMCGZPQYTRHQRU-UHFFFAOYSA-N	CC(CCC1(O)OC2CC3C4CC=C5CC(OC6OC(CO)C(O)C(OC7OC(CO)C(O)C(O)C7O)C6OC6OC(C)C(O)C(O)C6O)CCC5(C)C4CCC3(C)C2C1C)COC1OC(CO)C(O)C(O)C1O	ok	CC(CCC1(O)OC2CC3C4CC=C5CC(OC6OC(CO)C(O)C(OC7OC(CO)C(O)C(O)C7O)C6OC6OC(C)C(O)C(O)C6O)CCC5(C)C4CCC3(C)C2C1C)COC1OC(CO)C(O)C(O)C1O	GMCGZPQYTRHQRU-UHFFFAOYSA-N	C51H84O23
external	GMGWMIJIGUYNAY-UHFFFAOYSA-N	Cc1cc2ncccc2c2[nH]c(=N)n(C)c12	ok	Cc1cc2ncccc2c2nc(N)n(C)c12	GMGWMIJIGUYNAY-UHFFFAOYSA-N	C12H12N4
external	GMHKMTDVRCWUDX-UHFFFAOYSA-N	CCC1(c2ccccc2)N=C(O)N(C)C1=O	ok	CCC1(c2ccccc2)NC(=O)N(C)C1=O	GMHKMTDVRCWUDX-UHFFFAOYSA-N	C12H14N2O2
external	GMROZDPZEUVIGD-UHFFFAOYSA-N	C=c1[nH]c(=Cc2c(O)[nH]c3ccccc23)c(C)c1CCC(=O)O	ok	C=c1[nH]c(=Cc2c(O)[nH]c3ccccc23)c(C)c1CCC(=O)O	GMROZDPZEUVIGD-UHFFFAOYSA-N	C18H18N2O3
external	GMRQFYUYWCNGIN-UHFFFAOYSA-N	C=C1C(=CC=C2CCCC3(C)C2CCC3C(C)CCCC(C)(C)O)CC(O)CC1O	ok	C=C1C(=CC=C2CCCC3(C)C2CCC3C(C)CCCC(C)(C)O)CC(O)CC1O	GMRQFYUYWCNGIN-UHFFFAOYSA-N	C27H44O3
external	GNBHRKFJIUUOQI-UHFFFAOYSA-N	O=C1OC2(c3ccc(O)cc3Oc3cc(O)ccc32)c2ccccc21	ok	O=C1OC2(c3ccc(O)cc3Oc3cc(O)ccc32)c2ccccc21	GNBHRKFJIUUOQI-UHFFFAOYSA-N	C20H12O5
external	GNFTWPCIRXSCQF-UHFFFAOYSA-N	CC12CCC(=O)C=C1C(O)CC1C2C(O)CC2(C)C1CCC2(O)C(=O)CO	ok	CC12CCC(=O)C=C1C(O)CC1C2C(O)CC2(C)C1CCC2(O)C(=O)CO	GNFTWPCIRXSCQF-UHFFFAOYSA-N	C21H30O6
external	GNKXHPULSPWUAK-UHFFFAOYSA-N	Cc1ncc(C=O)c(CO)c1O	ok	Cc1ncc(C=O)c(CO)c1O	GNKXHPULSPWUAK-UHFFFAOYSA-N	C8H9NO3
external	GNOIPBMMFNIUFM-UHFFFAOYSA-N	CN(C)P(=O)(N(C)C)N(C)C	ok	CN(C)P(=O)(N(C)C)N(C)C	GNOIPBMMFNIUFM-UHFFFAOYSA-N	C6H18N3OP
external	GNXVPSYTTPBCTM-UHFFFAOYSA-N	CCC(=O)OC1CC(=O)OC(C)CC=CC=CC(O)C(C)CC(CC=O)C(OC2OC(C)C(OC3CC(C)(O)C(O)C(C)O3)C(N(C)C)C2O)C1OC	ok	CCC(=O)OC1CC(=O)OC(C)CC=CC=CC(O)C(C)CC(CC=O)C(OC2OC(C)C(OC3CC(C)(O)C(O)C(C)O3)C(N(C)C)C2O)C1OC	GNXVPSYTTPBCTM-UHFFFAOYSA-N	C38H63NO14
external	GOEMGAFJFRBGGG-UHFFFAOYSA-N	CCCC(O)=Nc1ccc(OCC(O)CNC(C)C)c(C(C)=O)c1	ok	CCCC(=O)Nc1ccc(OCC(O)CNC(C)C)c(C(C)=O)c1	GOEMGAFJFRBGGG-UHFFFAOYSA-N	C18H28N2O4
external	GOHBXWHNJHENRX-UHFFFAOYSA-N	Cc1cc2ccccc2c2ccc3ccccc3c12	ok	Cc1cc2ccccc2c2ccc3ccccc3c12	GOHBXWHNJHENRX-UHFFFAOYSA-N	C19H14
external	GOMNOOKGLZYEJT-UHFFFAOYSA-N	O=c1c(-c2ccccc2)coc2ccccc12	ok	O=c1c(-c2ccccc2)coc2ccccc12	GOMNOOKGLZYEJT-UHFFFAOYSA-N	C15H10O2
external	GOTYRUGSSMKFNF-UHFFFAOYSA-N	Nc1cccc2c1CN(C1CCC(O)=NC1=O)C2=O	ok	Nc1cccc2c1CN(C1CCC(=O)NC1=O)C2=O	GOTYRUGSSMKFNF-UHFFFAOYSA-N	C13H13N3O3
external	GPKJTRJOBQGKQK-UHFFFAOYSA-N	CCN(CC)CCCC(C)N=c1c2ccc(Cl)cc2[nH]c2ccc(OC)cc12	ok	CCN(CC)CCCC(C)Nc1c2ccc(Cl)cc2nc2ccc(OC)cc12	GPKJTRJOBQGKQK-UHFFFAOYSA-N	C23H30ClN3O
external	GPMXUUPHFNMNDH-UHFFFAOYSA-N	O=C(CCCN1CCC(O)(c2cccc(C(F)(F)F)c2)CC1)c1ccc(F)cc1	ok	O=C(CCCN1CCC(O)(c2cccc(C(F)(F)F)c2)CC1)c1ccc(F)cc1	GPMXUUPHFNMNDH-UHFFFAOYSA-N	C22H23F4NO2
external	GPQVVJQEBXAKBJ-UHFFFAOYSA-N	CCC1OC1CC=CCC=CCC=CCC=CCCCC(=O)O	ok	CCC1OC1CC=CCC=CCC=CCC=CCCCC(=O)O	GPQVVJQEBXAKBJ-UHFFFAOYSA-N	C20H30O3
external	GPXBXXGIAQBQNI-UHFFFAOYSA-N	CCCS(=O)(=O)Nc1ccc(F)c(C(=O)c2c[nH]c3ncc(-c4ccc(Cl)cc4)cc23)c1F	ok	CCCS(=O)(=O)Nc1ccc(F)c(C(=O)c2c[nH]c3ncc(-c4ccc(Cl)cc4)cc23)c1F	GPXBXXGIAQBQNI-UHFFFAOYSA-N	C23H18ClF2N3O3S
external	GPXLMGHLHQJAGZ-UHFFFAOYSA-N	CCOc1ccc2ccccc2c1C(O)=NC1C(=O)N2C1SC(C)(C)C2C(=O)O	ok	CCOc1ccc2ccccc2c1C(=O)NC1C(=O)N2C1SC(C)(C)C2C(=O)O	GPXLMGHLHQJAGZ-UHFFFAOYSA-N	C21H22N2O5S
external	GQNZGCARKRHPOH-UHFFFAOYSA-N	CCC(=O)OC1CC(=O)OC(C)CC=CC=CC(OC(C)=O)C(C)CC(CC=O)C(OC2OC(C)C(OC3CC(C)(OC(C)=O)C(OC(=O)CC)C(C)O3)C(N(C)C)C2O)C1OC	ok	CCC(=O)OC1CC(=O)OC(C)CC=CC=CC(OC(C)=O)C(C)CC(CC=O)C(OC2OC(C)C(OC3CC(C)(OC(C)=O)C(OC(=O)CC)C(C)O3)C(N(C)C)C2O)C1OC	GQNZGCARKRHPOH-UHFFFAOYSA-N	C45H71NO17
external	GQYIWUVLTXOXAJ-UHFFFAOYSA-N	O=NN(CCCl)C(O)=NC1CCCCC1	ok	O=NN(CCCl)C(=O)NC1CCCCC1	GQYIWUVLTXOXAJ-UHFFFAOYSA-N	C9H16ClN3O2
external	GRKWIGXXRSEQLZ-UHFFFAOYSA-N	C#CC1(O)CCC2C3CC=C4CC(=O)CCC4C3C(CC)CC21C	ok	C#CC1(O)CCC2C3CC=C4CC(=O)CCC4C3C(CC)CC21C	GRKWIGXXRSEQLZ-UHFFFAOYSA-N	C22H30O2
external	GRPDKIJVLYPUGU-UHFFFAOYSA-N	CCCCCCCCCCCCC(O)C1CCC(C(O)CCCC(O)C(O)CCCCCC2CC(CC(C)=O)C(=O)O2)O1	ok	CCCCCCCCCCCCC(O)C1CCC(C(O)CCCC(O)C(O)CCCCCC2CC(CC(C)=O)C(=O)O2)O1	GRPDKIJVLYPUGU-UHFFFAOYSA-N	C35H64O8
external	GRYMYKQGSSTJBA-UHFFFAOYSA-N	COc1cc(C2OCC(Cc3ccc4c(c3)OCO4)C2CO)ccc1O	ok	COc1cc(C2OCC(Cc3ccc4c(c3)OCO4)C2CO)ccc1O	GRYMYKQGSSTJBA-UHFFFAOYSA-N	C20H22O6
external	GSDSWSVVBLHKDQ-UHFFFAOYSA-N	CC1COc2c(N3CCN(C)CC3)c(F)cc3c(=O)c(C(=O)O)cn1c23	ok	CC1COc2c(N3CCN(C)CC3)c(F)cc3c(=O)c(C(=O)O)cn1c23	GSDSWSVVBLHKDQ-UHFFFAOYSA-N	C18H20FN3O4
external	GSIREHLZHMQJNR-UHFFFAOYSA-N	COc1cc(C=CC(=O)OCC2(O)COC(OC3C(Oc4ccc(C5CC(=O)c6ccc(O)cc6O5)cc4)OC(CO)C(O)C3O)C2O)ccc1O	ok	COc1cc(C=CC(=O)OCC2(O)COC(OC3C(Oc4ccc(C5CC(=O)c6ccc(O)cc6O5)cc4)OC(CO)C(O)C3O)C2O)ccc1O	GSIREHLZHMQJNR-UHFFFAOYSA-N	C36H38O16
external	GSNHKUDZZFZSJB-UHFFFAOYSA-N	Cc1nnc(C(C)C)n1C1CC2CCC(C1)N2CCC(N=C(O)C1CCC(F)(F)CC1)c1ccccc1	ok	Cc1nnc(C(C)C)n1C1CC2CCC(C1)N2CCC(NC(=O)C1CCC(F)(F)CC1)c1ccccc1	GSNHKUDZZFZSJB-UHFFFAOYSA-N	C29H41F2N5O
external	GSNOZLZNQMLSKJ-UHFFFAOYSA-N	CCN(CC)c1cc(C)nc2ncnn12	ok	CCN(CC)c1cc(C)nc2ncnn12	GSNOZLZNQMLSKJ-UHFFFAOYSA-N	C10H15N5
external	GTYMTYBCXVOBBB-UHFFFAOYSA-N	CC(O)c1cccc2cc(C(O)CNC(C)(C)C)oc12	ok	CC(O)c1cccc2cc(C(O)CNC(C)(C)C)oc12	GTYMTYBCXVOBBB-UHFFFAOYSA-N	C16H23NO3
external	GUGOEEXESWIERI-UHFFFAOYSA-N	CC(C)(C)c1ccc(C(O)CCCN2CCC(C(O)(c3ccccc3)c3ccccc3)CC2)cc1	ok	CC(C)(C)c1ccc(C(O)CCCN2CCC(C(O)(c3ccccc3)c3ccccc3)CC2)cc1	GUGOEEXESWIERI-UHFFFAOYSA-N	C32H41NO2
external	GUGSXATYPSGVAY-UHFFFAOYSA-N	CC12CCC(O)CC1=CCC1C2CCC2(C)C(O)C(O)CC12	ok	CC12CCC(O)CC1=CCC1C2CCC2(C)C(O)C(O)CC12	GUGSXATYPSGVAY-UHFFFAOYSA-N	C19H30O3
external	GUJRSXAPGDDABA-UHFFFAOYSA-N	CCN1CCCC1CN=C(O)c1c(OC)ccc(Br)c1OC	ok	CCN1CCCC1CNC(=O)c1c(OC)ccc(Br)c1OC	GUJRSXAPGDDABA-UHFFFAOYSA-N	C16H23BrN2O3
external	GUXACCKTQWVTLG-UHFFFAOYSA-N	O=[N+]([O-])c1ccc2ccc3c([N+](=O)[O-])ccc4ccc1c2c43	ok	O=[N+]([O-])c1ccc2ccc3c([N+](=O)[O-])ccc4ccc1c2c43	GUXACCKTQWVTLG-UHFFFAOYSA-N	C16H8N2O4
external	GVJHHUAWPYXKBD-UHFFFAOYSA-N	Cc1c(C)c2c(c(C)c1O)CCC(C)(CCCC(C)CCCC(C)CCCC(C)C)O2	ok	Cc1c(C)c2c(c(C)c1O)CCC(C)(CCCC(C)CCCC(C)CCCC(C)C)O2	GVJHHUAWPYXKBD-UHFFFAOYSA-N	C29H50O2
external	GVKKJJOMQCNPGB-UHFFFAOYSA-N	CC1COC2=C1C(=O)C(=O)c1c2ccc2c1CCCC2(C)C	ok	C=C1COc2c1c(O)c(O)c1c3c(ccc21)C(C)(C)CCC3	GEVGPWJNGZPSJJ-UHFFFAOYSA-N	C19H20O3
external	GVQOVMKBYJKZSY-UHFFFAOYSA-N	CC(C)=CCc1c(O)c(CC=C(C)C)c2oc3c(O)cccc3c(=O)c2c1O	ok	CC(C)=CCc1c(O)c(CC=C(C)C)c2oc3c(O)cccc3c(=O)c2c1O	GVQOVMKBYJKZSY-UHFFFAOYSA-N	C23H24O5
external	GWFGPUOJJHYUTD-UHFFFAOYSA-N	CC(C)NCCCOc1cccc2ccccc12	ok	CC(C)NCCCOc1cccc2ccccc12	GWFGPUOJJHYUTD-UHFFFAOYSA-N	C16H21NO
external	GWFOVSGRNGAGDL-UHFFFAOYSA-N	N=c1nc(O)c2ncn(C3CC(CO)C3CO)c2[nH]1	ok	Nc1nc(=O)c2ncn(C3CC(CO)C3CO)c2[nH]1	GWFOVSGRNGAGDL-UHFFFAOYSA-N	C11H15N5O3
external	GWKLHNVFRBYLTN-UHFFFAOYSA-N	CC(C)(C=O)N=C(O)C1CCC2C3CCC4N=C(O)C=CC4(C)C3CCC12C	ok	CC(C)(C=O)NC(=O)C1CCC2C3CCC4NC(=O)C=CC4(C)C3CCC12C	GWKLHNVFRBYLTN-UHFFFAOYSA-N	C23H34N2O3
external	GWMGUFTYUOYYQV-UHFFFAOYSA-N	CNCc1cc(=O)oc2cc(OC)ccc12	ok	CNCc1cc(=O)oc2cc(OC)ccc12	GWMGUFTYUOYYQV-UHFFFAOYSA-N	C12H13NO3
external	GWNHAOBXDGOXRR-UHFFFAOYSA-N	Nc1ncnc2c1ncn2CCOCP1(=O)OCCC(c2cccc(Cl)c2)O1	ok	Nc1ncnc2c1ncn2CCOCP1(=O)OCCC(c2cccc(Cl)c2)O1	GWNHAOBXDGOXRR-UHFFFAOYSA-N	C17H19ClN5O4P
external	GWONURZMUVCQJN-UHFFFAOYSA-N	CCCCCCCCCCCCCCCCCC(=O)CC(O)CCCCC	ok	CCCCCCCCCCCCCCCCCC(=O)CC(O)CCCCC	GWONURZMUVCQJN-UHFFFAOYSA-N	C25H50O2
external	GWUSZQUVEVMBPI-UHFFFAOYSA-N	CN1C(=O)CN=C(c2ccccc2)c2cc([N+](=O)[O-])ccc21	ok	CN1C(=O)CN=C(c2ccccc2)c2cc([N+](=O)[O-])ccc21	GWUSZQUVEVMBPI-UHFFFAOYSA-N	C16H13N3O3
external	GWYOVZVXBRVBBE-UHFFFAOYSA-N	N#CCCCC1CS1	ok	N#CCCCC1CS1	GWYOVZVXBRVBBE-UHFFFAOYSA-N	C6H9NS
external	GXBYFVGCMPJVJX-UHFFFAOYSA-N	C=CC1CO1	ok	C=CC1CO1	GXBYFVGCMPJVJX-UHFFFAOYSA-N	C4H6O
external	GXDALQBWZGODGZ-UHFFFAOYSA-N	COc1ccc(CCN2CCC(N=c3[nH]c4ccccc4n3Cc3ccc(F)cc3)CC2)cc1	ok	COc1ccc(CCN2CCC(Nc3nc4ccccc4n3Cc3ccc(F)cc3)CC2)cc1	GXDALQBWZGODGZ-UHFFFAOYSA-N	C28H31FN4O
external	GXESHMAMLJKROZ-UHFFFAOYSA-N	Oc1ccc2c(c1)CCC(c1ccccc1)C2c1ccc(OCCN2CCCC2)cc1	ok	Oc1ccc2c(c1)CCC(c1ccccc1)C2c1ccc(OCCN2CCCC2)cc1	GXESHMAMLJKROZ-UHFFFAOYSA-N	C28H31NO2
external	GXJABQQUPOEUTA-UHFFFAOYSA-N	CC(C)CC(N=C(O)C(Cc1ccccc1)N=C(O)c1cnccn1)B(O)O	ok	CC(C)CC(NC(=O)C(Cc1ccccc1)NC(=O)c1cnccn1)B(O)O	GXJABQQUPOEUTA-UHFFFAOYSA-N	C19H25BN4O4
external	GXMJXGUEPXEOGR-UHFFFAOYSA-N	CC1CCC2CC3(OC2(C)C)C(C)CCC13	ok	CC1CCC2CC3(OC2(C)C)C(C)CCC13	GXMJXGUEPXEOGR-UHFFFAOYSA-N	C15H26O
external	GXPHKUHSUJUWKP-UHFFFAOYSA-N	Cc1c(C)c2c(c(C)c1O)CCC(C)(COc1ccc(CC3SC(=O)N=C3O)cc1)O2	ok	Cc1c(C)c2c(c(C)c1O)CCC(C)(COc1ccc(Cc3sc(=O)[nH]c3O)cc1)O2	BJWJSFCBOIUATF-UHFFFAOYSA-N	C24H27NO5S
external	GXXQKJQWMVPECM-UHFFFAOYSA-N	CCCCCC(=O)C=CC1CCC(=O)C1CCCCCCC(=O)O	ok	CCCCCC(=O)C=CC1CCC(=O)C1CCCCCCC(=O)O	GXXQKJQWMVPECM-UHFFFAOYSA-N	C20H32O4
external	GYALTOSSVLCVLA-UHFFFAOYSA-N	C=C1C2CCC3C4(C(=O)O)CCCC(C)(C(=O)O)C4C(C(=O)O)C3(C2)C1O	ok	C=C1C2CCC3C4(C(=O)O)CCCC(C)(C(=O)O)C4C(C(=O)O)C3(C2)C1O	GYALTOSSVLCVLA-UHFFFAOYSA-N	C20H26O7
external	GYCMBHHDWRMZGG-UHFFFAOYSA-N	C=C(C)C#N	ok	C=C(C)C#N	GYCMBHHDWRMZGG-UHFFFAOYSA-N	C4H5N
external	GYDPOKGOQFTYGW-UHFFFAOYSA-N	CC(C)=CCS	ok	CC(C)=CCS	GYDPOKGOQFTYGW-UHFFFAOYSA-N	C5H10S
external	GYHCTFXIZSNGJT-UHFFFAOYSA-N	Cc1ccccc1C(=O)Nc1ccc(C(=O)N2CCCC(O)c3cc(Cl)ccc32)c(C)c1	ok	Cc1ccccc1C(=O)Nc1ccc(C(=O)N2CCCC(O)c3cc(Cl)ccc32)c(C)c1	GYHCTFXIZSNGJT-UHFFFAOYSA-N	C26H25ClN2O3
external	GYNWSIBKBBWJJW-UHFFFAOYSA-N	CC12CCC3C(CCC4CC(OC5OC(C(=O)O)C(O)C(O)C5O)CCC43C)C1CCC2O	ok	CC12CCC3C(CCC4CC(OC5OC(C(=O)O)C(O)C(O)C5O)CCC43C)C1CCC2O	GYNWSIBKBBWJJW-UHFFFAOYSA-N	C25H40O8
external	GYQYAJJFPNQOOW-UHFFFAOYSA-N	CCc1nc(C(N)=O)c(=Nc2ccc(N3CCC(N4CCN(C)CC4)CC3)c(OC)c2)[nH]c1NC1CCOCC1	ok	CCc1nc(C(N)=O)c(Nc2ccc(N3CCC(N4CCN(C)CC4)CC3)c(OC)c2)nc1NC1CCOCC1	GYQYAJJFPNQOOW-UHFFFAOYSA-N	C29H44N8O3
external	GZDFOOAFMQSYOV-UHFFFAOYSA-N	Cc1nc2c(=O)n(C)c(=O)n(CC3CCCCC3)c2[nH]1	ok	Cc1nc2c(=O)n(C)c(=O)n(CC3CCCCC3)c2[nH]1	GZDFOOAFMQSYOV-UHFFFAOYSA-N	C14H20N4O2
external	GZENKSODFLBBHQ-UHFFFAOYSA-N	CC(=O)C1CCC2C3CC(C)C4=CC(=O)CCC4(C)C3C(O)CC12C	ok	CC(=O)C1CCC2C3CC(C)=C4CC(=O)CCC4(C)C3C(O)CC12C	PYBNSXOYOSNUHV-UHFFFAOYSA-N	C22H32O3
external	GZEZATDDANETAV-UHFFFAOYSA-N	CC(=O)C(C)n1ncn(-c2ccc(N3CCN(c4ccc(OCC5COC(Cn6cncn6)(c6ccc(Cl)cc6Cl)O5)cc4)CC3)cc2)c1=O	ok	CC(=O)C(C)n1ncn(-c2ccc(N3CCN(c4ccc(OCC5COC(Cn6cncn6)(c6ccc(Cl)cc6Cl)O5)cc4)CC3)cc2)c1=O	GZEZATDDANETAV-UHFFFAOYSA-N	C35H36Cl2N8O5
external	GZKLJWGUPQBVJQ-UHFFFAOYSA-N	OC1=NCCN1CCN1CCC(c2cn(-c3ccc(F)cc3)c3ccc(Cl)cc23)CC1	ok	O=C1NCCN1CCN1CCC(c2cn(-c3ccc(F)cc3)c3ccc(Cl)cc23)CC1	GZKLJWGUPQBVJQ-UHFFFAOYSA-N	C24H26ClFN4O
external	GZLMBIJQZKTHPV-UHFFFAOYSA-N	CCCCCCCCCCCCCCCCCCCCCCCCCC(O)=NC(COC1OC(CO)C(OC2OC(CO)C(OC3OC(CO)C(O)C(OC4OC(CO)C(O)C(O)C4O)C3CC(C)=O)C(OC3(C(=O)O)CC(O)C(N=C(C)O)C(C(O)C(CO)OC4(C(=O)O)CC(O)C(N=C(C)O)C(C(O)C(CO)OC5(C(=O)O)CC(O)C(N=C(C)O)C(C(O)C(O)CO)O5)O4)O3)C2O)C(O)C1O)C(O)CCCCCCCCCCCCCCC	ok	CCCCCCCCCCCCCCCCCCCCCCCCCC(=O)NC(COC1OC(CO)C(OC2OC(CO)C(OC3OC(CO)C(O)C(OC4OC(CO)C(O)C(O)C4O)C3CC(C)=O)C(OC3(C(=O)O)CC(O)C(NC(C)=O)C(C(O)C(CO)OC4(C(=O)O)CC(O)C(NC(C)=O)C(C(O)C(CO)OC5(C(=O)O)CC(O)C(NC(C)=O)C(C(O)C(O)CO)O5)O4)O3)C2O)C(O)C1O)C(O)CCCCCCCCCCCCCCC	GZLMBIJQZKTHPV-UHFFFAOYSA-N	C104H184N4O47
external	GZOSMCIZMLWJML-UHFFFAOYSA-N	CC12CCC(O)CC1=CCC1C2CCC2(C)C(c3cccnc3)=CCC12	ok	CC12CCC(O)CC1=CCC1C2CCC2(C)C(c3cccnc3)=CCC12	GZOSMCIZMLWJML-UHFFFAOYSA-N	C24H31NO
external	GZSOSUNBTXMUFQ-UHFFFAOYSA-N	COc1ccc(-c2cc(=O)c3c(O)cc(OC4OC(COC5OC(C)C(O)C(O)C5O)C(O)C(O)C4O)cc3o2)cc1O	ok	COc1ccc(-c2cc(=O)c3c(O)cc(OC4OC(COC5OC(C)C(O)C(O)C5O)C(O)C(O)C4O)cc3o2)cc1O	GZSOSUNBTXMUFQ-UHFFFAOYSA-N	C28H32O15
external	GZUITABIAKMVPG-UHFFFAOYSA-N	O=C(c1ccc(OCCN2CCCCC2)cc1)c1c(-c2ccc(O)cc2)sc2cc(O)ccc12	ok	O=C(c1ccc(OCCN2CCCCC2)cc1)c1c(-c2ccc(O)cc2)sc2cc(O)ccc12	GZUITABIAKMVPG-UHFFFAOYSA-N	C28H27NO4S
external	GZVBVBMMNFIXGE-UHFFFAOYSA-N	CCCN1CCCC(c2cccc(S(C)(=O)=O)c2)C1	ok	CCCN1CCCC(c2cccc(S(C)(=O)=O)c2)C1	GZVBVBMMNFIXGE-UHFFFAOYSA-N	C15H23NO2S
external	GZXHBOYNBUVMSN-UHFFFAOYSA-N	CC(C)=CC1CC(C)(O)C2C3CCC4C5(C)CCC(OC6OCC(O)C(OC7OC(COC8OC(CO)C(O)C(O)C8O)C(O)C(O)C7OC7OC(CO)C(O)C(O)C7O)C6OC6OC(C)C(O)C(O)C6O)C(C)(C)C5CCC4(C)C34COC2(C4)O1	ok	CC(C)=CC1CC(C)(O)C2C3CCC4C5(C)CCC(OC6OCC(O)C(OC7OC(COC8OC(CO)C(O)C(O)C8O)C(O)C(O)C7OC7OC(CO)C(O)C(O)C7O)C6OC6OC(C)C(O)C(O)C6O)C(C)(C)C5CCC4(C)C34COC2(C4)O1	GZXHBOYNBUVMSN-UHFFFAOYSA-N	C59H96O27
external	HAFVWTUQBYRPOB-UHFFFAOYSA-N	CC12CCC(O)CC1=CCC1C2C(O)CC2(C)C1CCC2(O)C(=O)CO	ok	CC12CCC(O)CC1=CCC1C2C(O)CC2(C)C1CCC2(O)C(=O)CO	HAFVWTUQBYRPOB-UHFFFAOYSA-N	C21H32O5
external	HAGXFSMJELVHFJ-UHFFFAOYSA-N	CCCCC=CCC(=O)OC	ok	CCCCC=CCC(=O)OC	HAGXFSMJELVHFJ-UHFFFAOYSA-N	C9H16O2
external	HAPOVYFOVVWLRS-UHFFFAOYSA-N	CCC1(C)CC(O)=NC1=O	ok	CCC1(C)CC(=O)NC1=O	HAPOVYFOVVWLRS-UHFFFAOYSA-N	C7H11NO2
external	HAQDEJPEAKWAAM-UHFFFAOYSA-N	CCOC(=O)C1=C(C)N=C(C)C(C(=O)OC)C1c1cccc(Cl)c1Cl	ok	CCOC(=O)C1=C(C)N=C(C)C(C(=O)OC)C1c1cccc(Cl)c1Cl	HAQDEJPEAKWAAM-UHFFFAOYSA-N	C18H19Cl2NO4
external	HASDUOHKNMHNJA-UHFFFAOYSA-N	N#CC1(OC2OC(CO)C(O)C(O)C2O)C=CC(O)C1O	ok	N#CC1(OC2OC(CO)C(O)C(O)C2O)C=CC(O)C1O	HASDUOHKNMHNJA-UHFFFAOYSA-N	C12H17NO8
external	HAYYBYPASCDWEQ-UHFFFAOYSA-N	CN1CCN(c2ccc(C(=O)N=c3[nH][nH]c4ccc(Cc5cc(F)cc(F)c5)cc34)c(NC3CCOCC3)c2)CC1	tautomer_MaxTransformsReached			C31H34F2N6O2
external	HAZHUELNIGDYQH-UHFFFAOYSA-N	COc1ccc2c(C(F)(F)F)cc(=O)oc2c1	ok	COc1ccc2c(C(F)(F)F)cc(=O)oc2c1	HAZHUELNIGDYQH-UHFFFAOYSA-N	C11H7F3O3
external	HBDKFZNDMVLSHM-UHFFFAOYSA-N	O=S(Cc1ccccn1)c1nc2ccccc2[nH]1	ok	[O-][S+](Cc1ccccn1)c1nc2ccccc2[nH]1	HBDKFZNDMVLSHM-UHFFFAOYSA-N	C13H11N3OS
external	HBJXRRXWHSHZPU-UHFFFAOYSA-N	CCC=CCC=CCC=CCCCCCCCC(O)=NCCO	ok	CCC=CCC=CCC=CCCCCCCCC(=O)NCCO	HBJXRRXWHSHZPU-UHFFFAOYSA-N	C20H35NO2
external	HBNPJJILLOYFJU-UHFFFAOYSA-N	COCC(=O)OC1(CCN(C)CCCc2nc3ccccc3[nH]2)CCc2cc(F)ccc2C1C(C)C	ok	COCC(=O)OC1(CCN(C)CCCc2nc3ccccc3[nH]2)CCc2cc(F)ccc2C1C(C)C	HBNPJJILLOYFJU-UHFFFAOYSA-N	C29H38FN3O3
external	HBOMLICNUCNMMY-UHFFFAOYSA-N	Cc1cn(C2CC(N=[N+]=[N-])C(CO)O2)c(=O)nc1O	ok	Cc1cn(C2CC(N=[N+]=[N-])C(CO)O2)c(=O)[nH]c1=O	HBOMLICNUCNMMY-UHFFFAOYSA-N	C10H13N5O4
external	HBZYFUZBGBABQE-UHFFFAOYSA-N	C=C1CC2C3CCC4=C=C([O-])C#CC4([CH2+])C3(F)C(=O)CC2([CH2+])C1([O])C(=O)C[O-]	ok	C=C1CC2C3CC=C4CC(=O)C#CC4(C)C3(F)C(=O)CC2(C)C1([O])C(=O)CO	WHQMRZAJGBEGLQ-UHFFFAOYSA-N	C22H22FO5
external	HCAJEUSONLESMK-UHFFFAOYSA-N	O=S(=O)(O)NC1CCCCC1	ok	O=S(=O)(O)NC1CCCCC1	HCAJEUSONLESMK-UHFFFAOYSA-N	C6H13NO3S
external	HCAJQHYUCKICQH-UHFFFAOYSA-N	N=c1nc(O)c2nc(O)n(C3CC(O)C(CO)O3)c2[nH]1	ok	Nc1nc(=O)c2[nH]c(=O)n(C3CC(O)C(CO)O3)c2[nH]1	HCAJQHYUCKICQH-UHFFFAOYSA-N	C10H13N5O5
external	HCDLRJUFVJOBJP-UHFFFAOYSA-N	CCCCCCCCCCCCCCCCCCCCCCCCC(O)=NC(CO)C(O)CCCCCCCCCCCCCCC	ok	CCCCCCCCCCCCCCCCCCCCCCCCC(=O)NC(CO)C(O)CCCCCCCCCCCCCCC	HCDLRJUFVJOBJP-UHFFFAOYSA-N	C43H87NO3
external	HCDMJFOHIXMBOV-UHFFFAOYSA-N	CCN1C(=O)N(c2c(F)c(OC)cc(OC)c2F)Cc2cnc3[nH]c(CN4CCOCC4)cc3c21	ok	CCN1C(=O)N(c2c(F)c(OC)cc(OC)c2F)Cc2cnc3[nH]c(CN4CCOCC4)cc3c21	HCDMJFOHIXMBOV-UHFFFAOYSA-N	C24H27F2N5O4
external	HCFSGRMEEXUOSS-UHFFFAOYSA-N	CC(=O)C1(C)CCC2C3C=C(C)C4=CC(=O)CCC4(C)C3CCC21C	ok	CC(=O)C1(C)CCC2C3=CC(C)=C4CC(=O)CCC4(C)C3CCC21C	LNTHMSQVAKUJTB-UHFFFAOYSA-N	C23H32O2
external	HCRKCZRJWPKOAR-UHFFFAOYSA-N	CCNC1CN(CCCOC)S(=O)(=O)c2sc(S(N)(=O)=O)cc21	ok	CCNC1CN(CCCOC)S(=O)(=O)c2sc(S(N)(=O)=O)cc21	HCRKCZRJWPKOAR-UHFFFAOYSA-N	C12H21N3O5S3
external	HCYAFALTSJYZDH-UHFFFAOYSA-N	CNCCCN1c2ccccc2CCc2ccccc21	ok	CNCCCN1c2ccccc2CCc2ccccc21	HCYAFALTSJYZDH-UHFFFAOYSA-N	C18H22N2
external	HCYFGRCYSCXKNQ-UHFFFAOYSA-N	Cn1c(=O)c2c(ncn2CC(=O)O)n(C)c1=O	ok	Cn1c(=O)c2c(ncn2CC(=O)O)n(C)c1=O	HCYFGRCYSCXKNQ-UHFFFAOYSA-N	C9H10N4O4
external	HDOZVRUNCMBHFH-UHFFFAOYSA-N	CN(C)CCOC1=Cc2ccccc2Sc2ccc(Cl)cc21	ok	CN(C)CCOC1=Cc2ccccc2Sc2ccc(Cl)cc21	HDOZVRUNCMBHFH-UHFFFAOYSA-N	C18H18ClNOS
external	HDTOQYUZMCNTBZ-UHFFFAOYSA-N	C=C1CC2(CCN(C)CC2)OC1C	ok	C=C1CC2(CCN(C)CC2)OC1C	HDTOQYUZMCNTBZ-UHFFFAOYSA-N	C11H19NO
external	HEAUOKZIVMZVQL-UHFFFAOYSA-N	COc1cccc(-c2c(C)n(Cc3c(F)cccc3C(F)(F)F)c(=O)n(CC(NCCCC(=O)O)c3ccccc3)c2=O)c1F	ok	COc1cccc(-c2c(C)n(Cc3c(F)cccc3C(F)(F)F)c(=O)n(CC(NCCCC(=O)O)c3ccccc3)c2=O)c1F	HEAUOKZIVMZVQL-UHFFFAOYSA-N	C32H30F5N3O5
external	HEBKCHPVOIAQTA-UHFFFAOYSA-N	OCC(O)C(O)C(O)CO	ok	OCC(O)C(O)C(O)CO	HEBKCHPVOIAQTA-UHFFFAOYSA-N	C5H12O5
external	HEDRZPFGACZZDS-UHFFFAOYSA-N	ClC(Cl)Cl	ok	ClC(Cl)Cl	HEDRZPFGACZZDS-UHFFFAOYSA-N	CHCl3
external	HEFNNWSXXWATRW-UHFFFAOYSA-N	CC(C)Cc1ccc(C(C)C(=O)O)cc1	ok	CC(C)Cc1ccc(C(C)C(=O)O)cc1	HEFNNWSXXWATRW-UHFFFAOYSA-N	C13H18O2
external	HELXLJCILKEWJH-UHFFFAOYSA-N	C=C1CC23CCC4C(C)(C(=O)OC5OC(CO)C(O)C(O)C5O)CCCC4(C)C2CCC1(OC1OC(CO)C(O)C(OC2OC(CO)C(O)C(O)C2O)C1OC1OC(CO)C(O)C(O)C1O)C3	ok	C=C1CC23CCC4C(C)(C(=O)OC5OC(CO)C(O)C(O)C5O)CCCC4(C)C2CCC1(OC1OC(CO)C(O)C(OC2OC(CO)C(O)C(O)C2O)C1OC1OC(CO)C(O)C(O)C1O)C3	HELXLJCILKEWJH-UHFFFAOYSA-N	C44H70O23
external	HEMJJKBWTPKOJG-UHFFFAOYSA-N	Cc1ccc(C)c(OCCCC(C)(C)C(=O)O)c1	ok	Cc1ccc(C)c(OCCCC(C)(C)C(=O)O)c1	HEMJJKBWTPKOJG-UHFFFAOYSA-N	C15H22O3
external	HEQOJEGTZCTHCF-UHFFFAOYSA-N	NCC(=O)c1ccccc1	ok	NCC(=O)c1ccccc1	HEQOJEGTZCTHCF-UHFFFAOYSA-N	C8H9NO
external	HEURTYMJWQPWNN-UHFFFAOYSA-N	COC1=CC(=O)OC(CCc2ccc(OC)c(OC)c2)C1	ok	COC1=CC(=O)OC(CCc2ccc(OC)c(OC)c2)C1	HEURTYMJWQPWNN-UHFFFAOYSA-N	C16H20O5
external	HEZVPSGPLFBHPM-UHFFFAOYSA-N	CC=C(C)C(=O)OC1CC(C)(C)CC2C3=CCC4C5(C)CCC(OC6OC(C(=O)O)C(OC7OCC(O)C(O)C7OC7OC(CO)C(O)C(O)C7O)C(O)C6OC6OC(CO)C(O)C(O)C6O)C(C)(C)C5CCC4(C)C3(C)CC(O)C12CO	ok	CC=C(C)C(=O)OC1CC(C)(C)CC2C3=CCC4C5(C)CCC(OC6OC(C(=O)O)C(OC7OCC(O)C(O)C7OC7OC(CO)C(O)C(O)C7O)C(O)C6OC6OC(CO)C(O)C(O)C6O)C(C)(C)C5CCC4(C)C3(C)CC(O)C12CO	HEZVPSGPLFBHPM-UHFFFAOYSA-N	C58H92O25
external	HFACYLZERDEVSX-UHFFFAOYSA-N	Nc1ccc(-c2ccc(N)cc2)cc1	ok	Nc1ccc(-c2ccc(N)cc2)cc1	HFACYLZERDEVSX-UHFFFAOYSA-N	C12H12N2
external	HFFLGKNGCAIQMO-UHFFFAOYSA-N	O=CC(Cl)(Cl)Cl	ok	O=CC(Cl)(Cl)Cl	HFFLGKNGCAIQMO-UHFFFAOYSA-N	C2HCl3O
external	HFNKQEVNSGCOJV-UHFFFAOYSA-N	N#CCC(C1CCCC1)n1cc(-c2nc[nH]c3nccc2-3)cn1	ok	N#CCC(C1CCCC1)n1cc(-c2ncnc3[nH]ccc23)cn1	HFNKQEVNSGCOJV-UHFFFAOYSA-N	C17H18N6
external	HFQMYSHATTXRTC-UHFFFAOYSA-N	Cc1cc(N(C)C)ccc1CC(C)N	ok	Cc1cc(N(C)C)ccc1CC(C)N	HFQMYSHATTXRTC-UHFFFAOYSA-N	C12H20N2
external	HFZWRUODUSTPEG-UHFFFAOYSA-N	Oc1ccc(Cl)cc1Cl	ok	Oc1ccc(Cl)cc1Cl	HFZWRUODUSTPEG-UHFFFAOYSA-N	C6H4Cl2O
external	HGBOYTHUEUWSSQ-UHFFFAOYSA-N	CCCCC=O	ok	CCCCC=O	HGBOYTHUEUWSSQ-UHFFFAOYSA-N	C5H10O
external	HGCIXCUEYOPUTN-UHFFFAOYSA-N	C1=CCCCC1	ok	C1=CCCCC1	HGCIXCUEYOPUTN-UHFFFAOYSA-N	C6H10
external	HGFOOLONGOBCMP-UHFFFAOYSA-N	COc1ccc(C(CC(=O)O)N2CCN(CCCc3ccc4c(n3)NCCC4)C2=O)cn1	ok	COc1ccc(C(CC(=O)O)N2CCN(CCCc3ccc4c(n3)NCCC4)C2=O)cn1	HGFOOLONGOBCMP-UHFFFAOYSA-N	C23H29N5O4
external	HGMSJMJPXGGEBP-UHFFFAOYSA-N	CCc1ccc(C(C)CCc2ccc([N+](C)(C)C)cc2)cc1	ok	CCc1ccc(C(C)CCc2ccc([N+](C)(C)C)cc2)cc1	HGMSJMJPXGGEBP-UHFFFAOYSA-N	C21H30N+
external	HGNHQSKMZKBHFD-UHFFFAOYSA-N	CCCCCC(=O)CCC1C(=O)CC(=O)C1CC=CCCCC(=O)O	ok	CCCCCC(=O)CCC1C(=O)CC(=O)C1CC=CCCCC(=O)O	HGNHQSKMZKBHFD-UHFFFAOYSA-N	C20H30O5
external	HGUFODBRKLSHSI-UHFFFAOYSA-N	Clc1cc2c(cc1Cl)Oc1cc(Cl)c(Cl)cc1O2	ok	Clc1cc2c(cc1Cl)Oc1cc(Cl)c(Cl)cc1O2	HGUFODBRKLSHSI-UHFFFAOYSA-N	C12H4Cl4O2
external	HHJTWTPUPVQKNA-UHFFFAOYSA-N	CCCCCCCCCCCCCC=CC(O)C(N)COC1OC(CO)C(O)C(O)C1O	ok	CCCCCCCCCCCCCC=CC(O)C(N)COC1OC(CO)C(O)C(O)C1O	HHJTWTPUPVQKNA-UHFFFAOYSA-N	C24H47NO7
external	HHJUWIANJFBDHT-UHFFFAOYSA-N	CCC1(O)CC2CN(CCc3c([nH]c4ccccc34)C(C(=O)OC)(c3cc4c(cc3OC)N(C)C3C(O)(C(=N)O)C(O)C5(CC)C=CCN6CCC43C65)C2)C1	ok	CCC1(O)CC2CN(CCc3c([nH]c4ccccc34)C(C(=O)OC)(c3cc4c(cc3OC)N(C)C3C(O)(C(N)=O)C(O)C5(CC)C=CCN6CCC43C65)C2)C1	HHJUWIANJFBDHT-UHFFFAOYSA-N	C43H55N5O7
external	HHTDENYTSCXDFO-UHFFFAOYSA-N	O=S(=O)(CCc1ccc2[nH]cc(CC3CCCN3)c2c1)c1ccccc1	ok	O=S(=O)(CCc1ccc2[nH]cc(CC3CCCN3)c2c1)c1ccccc1	HHTDENYTSCXDFO-UHFFFAOYSA-N	C21H24N2O2S
external	HHZIURLSWUIHRB-UHFFFAOYSA-N	Cc1cn(-c2cc(N=C(O)c3ccc(C)c(Nc4nccc(-c5cccnc5)n4)c3)cc(C(F)(F)F)c2)cn1	ok	Cc1cn(-c2cc(NC(=O)c3ccc(C)c(Nc4nccc(-c5cccnc5)n4)c3)cc(C(F)(F)F)c2)cn1	HHZIURLSWUIHRB-UHFFFAOYSA-N	C28H22F3N7O
external	HICFFJZGXWEIHN-UHFFFAOYSA-N	CN(C)CCCN1c2ccc(O)cc2Sc2ccc(Cl)cc21	ok	CN(C)CCCN1c2ccc(O)cc2Sc2ccc(Cl)cc21	HICFFJZGXWEIHN-UHFFFAOYSA-N	C17H19ClN2OS
external	HIGKMVIPYOFHBP-UHFFFAOYSA-N	NCC(O)COc1ccccc1C(=O)CCc1ccccc1	ok	NCC(O)COc1ccccc1C(=O)CCc1ccccc1	HIGKMVIPYOFHBP-UHFFFAOYSA-N	C18H21NO3
external	HIIZAGQWABAMRR-UHFFFAOYSA-N	CC(C)C(C(=O)O)C(=O)C(=O)O	ok	CC(C)C(C(=O)O)C(=O)C(=O)O	HIIZAGQWABAMRR-UHFFFAOYSA-N	C7H10O5
external	HITOYGLMAFIRNI-UHFFFAOYSA-N	CCCCCCC=CCCCCCCCCCC(=O)OC(CCC(=O)[O-])[N+](C)(C)C	ok	CCCCCCC=CCCCCCCCCCC(=O)OC(CCC(=O)[O-])[N+](C)(C)C	HITOYGLMAFIRNI-UHFFFAOYSA-N	C25H47NO4
external	HIUVKVDQFXDZHU-UHFFFAOYSA-N	N=C(N)NCC1COc2ccccc2O1	ok	N=C(N)NCC1COc2ccccc2O1	HIUVKVDQFXDZHU-UHFFFAOYSA-N	C10H13N3O2
external	HIVURPVQOPPNFN-UHFFFAOYSA-N	CC(=O)OC1C(C)OC(Oc2c(-c3cc(O)c(O)c(O)c3)oc3cc(O)cc(O)c3c2=O)C(O)C1OC(C)=O	tautomer_MaxTransformsReached			C25H24O14
external	HJBWBFZLDZWPHF-UHFFFAOYSA-N	CN=C(O)c1ccc(N2C(=S)N(c3cnc(C#N)c(C(F)(F)F)c3)C(=O)C23CCC3)cc1F	ok	CNC(=O)c1ccc(N2C(=S)N(c3cnc(C#N)c(C(F)(F)F)c3)C(=O)C23CCC3)cc1F	HJBWBFZLDZWPHF-UHFFFAOYSA-N	C21H15F4N5O2S
external	HJLSLZFTEKNLFI-UHFFFAOYSA-N	CCS(=O)(=O)CCn1c([N+](=O)[O-])cnc1C	ok	CCS(=O)(=O)CCn1c([N+](=O)[O-])cnc1C	HJLSLZFTEKNLFI-UHFFFAOYSA-N	C8H13N3O4S
external	HJQFQTJAYYPCLS-UHFFFAOYSA-N	CCC(=O)C1CC(C)C2(CC(=O)C3(C)C4=C(CCC32C)C2(C)CCC(O)C(C)(CO)C2CC4)O1	ok	CCC(=O)C1CC(C)C2(CC(=O)C3(C)C4=C(CCC32C)C2(C)CCC(O)C(C)(CO)C2CC4)O1	HJQFQTJAYYPCLS-UHFFFAOYSA-N	C29H44O5
external	HJYYPODYNSCCOU-UHFFFAOYSA-N	COC1C=COC2(C)Oc3c(C)c(O)c4c(O)c(cc(O)c4c3C2=O)N=C(O)C(C)=CC=CC(C)C(O)C(C)C(O)C(C)C(OC(C)=O)C1C	tautomer_MaxTransformsReached			C37H47NO12
external	HKDLNTKNLJPAIY-UHFFFAOYSA-N	CC(=O)C1(O)CCC2C3CCC4=CC(=O)CCC4=C3C(c3ccc(N(C)C)cc3)CC21C	ok	CC(=O)C1(O)CCC2C3=C(C4=C(CC3)CC(=O)CC4)C(c3ccc(N(C)C)cc3)CC21C	IGMLRLGLIXZKQZ-UHFFFAOYSA-N	C28H35NO3
external	HKFMQJUJWSFOLY-UHFFFAOYSA-N	Fc1ccc(-c2cncc(CNCC3CCc4ccccc4O3)c2)cc1	ok	Fc1ccc(-c2cncc(CNCC3CCc4ccccc4O3)c2)cc1	HKFMQJUJWSFOLY-UHFFFAOYSA-N	C22H21FN2O
external	HKGIBDSDBMXMPQ-UHFFFAOYSA-N	CCCC1OC2CC3C4CC(F)=C5CC(=O)CCC5(C)C4(F)C(O)CC3(C)C2(SC)O1	ok	CCCC1OC2CC3C4CC(F)=C5CC(=O)CCC5(C)C4(F)C(O)CC3(C)C2(SC)O1	HKGIBDSDBMXMPQ-UHFFFAOYSA-N	C24H34F2O4S
external	HKODIGSRFALUTA-UHFFFAOYSA-N	CC=C1CC(C)C(C)(O)C(=O)OCC2=CCN3CCC(OC1=O)C23	ok	CC=C1CC(C)C(C)(O)C(=O)OCC2=CCN3CCC(OC1=O)C23	HKODIGSRFALUTA-UHFFFAOYSA-N	C18H25NO5
external	HKOIXWVRNLGFOR-UHFFFAOYSA-N	COc1ccc2c3c1OC1C(O)C=CC4C(C2)NCCC341	ok	COc1ccc2c3c1OC1C(O)C=CC4C(C2)NCCC341	HKOIXWVRNLGFOR-UHFFFAOYSA-N	C17H19NO3
external	HKPHPIREJKHECO-UHFFFAOYSA-N	CCCCOCN(C(=O)CCl)c1c(CC)cccc1CC	ok	CCCCOCN(C(=O)CCl)c1c(CC)cccc1CC	HKPHPIREJKHECO-UHFFFAOYSA-N	C17H26ClNO2
external	HKQYGTCOTHHOMP-UHFFFAOYSA-N	COc1ccc(-c2coc3cc(O)ccc3c2=O)cc1	ok	COc1ccc(-c2coc3cc(O)ccc3c2=O)cc1	HKQYGTCOTHHOMP-UHFFFAOYSA-N	C16H12O4
external	HKSDVVJONLXYKL-UHFFFAOYSA-N	CCC1OC1CC=CCC=CCCCCCCCC(=O)O	ok	CCC1OC1CC=CCC=CCCCCCCCC(=O)O	HKSDVVJONLXYKL-UHFFFAOYSA-N	C18H30O3
external	HKVAMNSJSFKALM-UHFFFAOYSA-N	COC1CC2CCC(C)C(O)(O2)C(=O)C(=O)N2CCCCC2C(=O)OC(C(C)CC2CCC(OCCO)C(OC)C2)CC(=O)C(C)C=C(C)C(O)C(OC)C(=O)C(C)CC(C)C=CC=CC=C1C	ok	COC1CC2CCC(C)C(O)(O2)C(=O)C(=O)N2CCCCC2C(=O)OC(C(C)CC2CCC(OCCO)C(OC)C2)CC(=O)C(C)=CC(C)C(O)C(OC)C(=O)C(C)CC(C)C=CC=CC=C1C	SXIBUDLORNYMST-UHFFFAOYSA-N	C53H83NO14
external	HKXBNHCUPKIYDM-UHFFFAOYSA-N	C=C1C(=CC=C2CCCC3(C)C2CCC3C(C)C=CC(C)C(C)C)CC(O)CC1O	ok	C=C1C(=CC=C2CCCC3(C)C2CCC3C(C)C=CC(C)C(C)C)CC(O)CC1O	HKXBNHCUPKIYDM-UHFFFAOYSA-N	C28H44O2
external	HKZLBRDLYJTOGY-UHFFFAOYSA-N	CC1OC(OC2CC(C)(C)CC3C4=CCC5C6(C)CCC(OC7OC(C(=O)O)C(O)C(O)C7OC7OCC(O)C(O)C7OC7OC(CO)C(O)C(O)C7O)C(C)(CO)C6CCC5(C)C4(C)CCC23C)CC(=O)C1=O	ok	CC1OC(OC2CC(C)(C)CC3C4=CCC5C6(C)CCC(OC7OC(C(=O)O)C(O)C(O)C7OC7OCC(O)C(O)C7OC7OC(CO)C(O)C(O)C7O)C(C)(CO)C6CCC5(C)C4(C)CCC23C)CC(=O)C1=O	HKZLBRDLYJTOGY-UHFFFAOYSA-N	C53H82O21
external	HMABYWSNWIZPAG-UHFFFAOYSA-N	CNCc1ccc(-c2[nH]c3cc(F)cc4c3c2CCNC4=O)cc1	ok	CNCc1ccc(-c2[nH]c3cc(F)cc4c3c2CCNC4=O)cc1	HMABYWSNWIZPAG-UHFFFAOYSA-N	C19H18FN3O
external	HMHUAIBCBWBCHQ-UHFFFAOYSA-N	CC1CC(C(C)(O)C2CCC3C4C5OC5C5(O)C=CCC(=O)C5(C)C4CCC32C)OC(=O)C1C	ok	CC1CC(C(C)(O)C2CCC3C4C5OC5C5(O)C=CCC(=O)C5(C)C4CCC32C)OC(=O)C1C	HMHUAIBCBWBCHQ-UHFFFAOYSA-N	C28H40O6
external	HMJIYCCIJYRONP-UHFFFAOYSA-N	COC(=O)C1=C(C)NC(C)=C(C(=O)OC(C)C)C1c1cccc2nonc12	ok	COC(=O)C1=C(C)N=C(C)C(C(=O)OC(C)C)C1c1cccc2nonc12	CNXVIBRFWKALQW-UHFFFAOYSA-N	C19H21N3O5
external	HMLGXKHWABZSIS-UHFFFAOYSA-N	CC(C)=C1CC2(C)C(C)CCCC2CC1=O	ok	CC(C)=C1CC2(C)C(C)CCCC2CC1=O	HMLGXKHWABZSIS-UHFFFAOYSA-N	C15H24O
external	HMMGKOVEOFBCAU-UHFFFAOYSA-N	CC(=O)OC1CCC2(C)C(CCC3(C)C2C(=O)C=C2C4C(C)C(C)CCC4(C)CCC23C)C1(C)C(=O)O	ok	CC(=O)OC1CCC2(C)C(CCC3(C)C2C(=O)C=C2C4C(C)C(C)CCC4(C)CCC23C)C1(C)C(=O)O	HMMGKOVEOFBCAU-UHFFFAOYSA-N	C32H48O5
external	HMNSRTLZAJHSIK-UHFFFAOYSA-N	N=C(N)NCCCC(N=C(O)C1CCCN1)C(=O)O	ok	N=C(N)NCCCC(NC(=O)C1CCCN1)C(=O)O	HMNSRTLZAJHSIK-UHFFFAOYSA-N	C11H21N5O3
external	HMUQOIXFEUBMNQ-UHFFFAOYSA-N	O=C(O)COc1ccc(C(=O)c2cccs2)cc1	ok	O=C(O)COc1ccc(C(=O)c2cccs2)cc1	HMUQOIXFEUBMNQ-UHFFFAOYSA-N	C13H10O4S
external	HNJBEVLQSNELDL-UHFFFAOYSA-N	OC1=NCCC1	ok	O=C1CCCN1	HNJBEVLQSNELDL-UHFFFAOYSA-N	C4H7NO
external	HNUQFUOHQQOEPG-UHFFFAOYSA-N	CCC=CCC(=O)OCC[N+](C)(C)C	ok	CCC=CCC(=O)OCC[N+](C)(C)C	HNUQFUOHQQOEPG-UHFFFAOYSA-N	C11H22NO2+
external	HOIIHACBCFLJET-UHFFFAOYSA-N	CN1CCN2c3c(cccc31)C1CN(CCCC(=O)c3ccc(F)cc3)CCC12	ok	CN1CCN2c3c(cccc31)C1CN(CCCC(=O)c3ccc(F)cc3)CCC12	HOIIHACBCFLJET-UHFFFAOYSA-N	C24H28FN3O
external	HOKDBMAJZXIPGC-UHFFFAOYSA-N	c1ccc2c(c1)Sc1ccccc1N2CC1CN2CCC1CC2	ok	c1ccc2c(c1)Sc1ccccc1N2CC1CN2CCC1CC2	HOKDBMAJZXIPGC-UHFFFAOYSA-N	C20H22N2S
external	HOMGKSMUEGBAAB-UHFFFAOYSA-N	O=P1(NCCCl)OCCCN1CCCl	ok	O=P1(NCCCl)OCCCN1CCCl	HOMGKSMUEGBAAB-UHFFFAOYSA-N	C7H15Cl2N2O2P
external	HOYCFQHBCYQYKR-UHFFFAOYSA-N	CC1OC(OC2CC(C)(C)CC3C4=CCC5C6(C)CCC(OC7OC(C(=O)O)C(O)C(O)C7OC7OC(C(=O)O)C(O)C(O)C7OC7OC(CO)C(O)C(O)C7O)C(C)(CO)C6CCC5(C)C4(C)CCC23C)CC(=O)C1=O	ok	CC1OC(OC2CC(C)(C)CC3C4=CCC5C6(C)CCC(OC7OC(C(=O)O)C(O)C(O)C7OC7OC(C(=O)O)C(O)C(O)C7OC7OC(CO)C(O)C(O)C7O)C(C)(CO)C6CCC5(C)C4(C)CCC23C)CC(=O)C1=O	HOYCFQHBCYQYKR-UHFFFAOYSA-N	C54H82O23
external	HOZUXBLMYUPGPZ-UHFFFAOYSA-N	COc1cc2ncnc(Nc3ccc(O)cc3)c2cc1OC	ok	COc1cc2ncnc(Nc3ccc(O)cc3)c2cc1OC	HOZUXBLMYUPGPZ-UHFFFAOYSA-N	C16H15N3O3
external	HPDMOAVMIUMIAG-UHFFFAOYSA-N	CCCCCCCCCCCCC(O)C1CCC(C(O)CC(O)CCCCCC(O)CCC(O)Cc2cc(C)oc2O)O1	ok	CCCCCCCCCCCCC(O)C1CCC(C(O)CC(O)CCCCCC(O)CCC(O)Cc2cc(C)oc2O)O1	HPDMOAVMIUMIAG-UHFFFAOYSA-N	C35H64O8
external	HPFVBGJFAYZEBE-UHFFFAOYSA-N	CC12CCC(=O)C=C1CCC1C2CCC2(C)C(OC(=O)CCC3CCCC3)CCC12	ok	CC12CCC(=O)C=C1CCC1C2CCC2(C)C(OC(=O)CCC3CCCC3)CCC12	HPFVBGJFAYZEBE-UHFFFAOYSA-N	C27H40O3
external	HPHUVLMMVZITSG-UHFFFAOYSA-N	CCC(C(=N)O)N1CCCC1=O	ok	CCC(C(N)=O)N1CCCC1=O	HPHUVLMMVZITSG-UHFFFAOYSA-N	C8H14N2O2
external	HPJKCIUCZWXJDR-UHFFFAOYSA-N	N#Cc1ccc(C(c2ccc(C#N)cc2)n2cncn2)cc1	ok	N#Cc1ccc(C(c2ccc(C#N)cc2)n2cncn2)cc1	HPJKCIUCZWXJDR-UHFFFAOYSA-N	C17H11N5
external	HPNSFSBZBAHARI-UHFFFAOYSA-N	COc1c(C)c2c(c(O)c1CC=C(C)CCC(=O)O)C(=O)OC2	ok	COc1c(C)c2c(c(O)c1CC=C(C)CCC(=O)O)C(=O)OC2	HPNSFSBZBAHARI-UHFFFAOYSA-N	C17H20O6
external	HQABUPZFAYXKJW-UHFFFAOYSA-N	CCCCN	ok	CCCCN	HQABUPZFAYXKJW-UHFFFAOYSA-N	C4H11N
external	HQIRNZOQPUAHHV-UHFFFAOYSA-N	Cc1ccc(Cl)c(OCC(O)CNC(C)(C)C)c1	ok	Cc1ccc(Cl)c(OCC(O)CNC(C)(C)C)c1	HQIRNZOQPUAHHV-UHFFFAOYSA-N	C14H22ClNO2
external	HQKQRXZEXPXXIG-UHFFFAOYSA-N	CC(=O)OC1(C)CCC23CC1C(C)(C)C2CCC3C	ok	CC(=O)OC1(C)CCC23CC1C(C)(C)C2CCC3C	HQKQRXZEXPXXIG-UHFFFAOYSA-N	C17H28O2
external	HQUVEBJUUSKUCJ-UHFFFAOYSA-N	C=CC(C)(CCC=C(C)CCC=C(C)CCC=C(C)COC1OC(CO)C(O)C(O)C1O)OC1OC(CO)C(O)C(O)C1O	ok	C=CC(C)(CCC=C(C)CCC=C(C)CCC=C(C)COC1OC(CO)C(O)C(O)C1O)OC1OC(CO)C(O)C(O)C1O	HQUVEBJUUSKUCJ-UHFFFAOYSA-N	C32H54O12
external	HQVHOQAKMCMIIM-UHFFFAOYSA-N	Cc1c(C(=O)c2cccc3ccccc23)c2cccc3c2n1C(CN1CCOCC1)CO3	ok	Cc1c(C(=O)c2cccc3ccccc23)c2cccc3c2n1C(CN1CCOCC1)CO3	HQVHOQAKMCMIIM-UHFFFAOYSA-N	C27H26N2O3
external	HRPVXLWXLXDGHG-UHFFFAOYSA-N	C=CC(=N)O	ok	C=CC(N)=O	HRPVXLWXLXDGHG-UHFFFAOYSA-N	C3H5NO
external	HRRBJVNMSRJFHQ-UHFFFAOYSA-N	COc1ccccc1N1CCN(CC(O)COc2cccc3ccccc23)CC1	ok	COc1ccccc1N1CCN(CC(O)COc2cccc3ccccc23)CC1	HRRBJVNMSRJFHQ-UHFFFAOYSA-N	C24H28N2O3
external	HRRXCXABAPSOCP-UHFFFAOYSA-N	COc1ccnc(CS(=O)c2nc3ccc(-n4cccc4)cc3[nH]2)c1C	ok	COc1ccnc(C[S+]([O-])c2nc3cc(-n4cccc4)ccc3[nH]2)c1C	HRRXCXABAPSOCP-UHFFFAOYSA-N	C19H18N4O2S
external	HSCZLQOPSGMKTK-UHFFFAOYSA-N	CCCC(=O)OCCCSC	ok	CCCC(=O)OCCCSC	HSCZLQOPSGMKTK-UHFFFAOYSA-N	C8H16O2S
external	HSHUHVOEMVTVRS-UHFFFAOYSA-N	C=CCCCCC(C)O	ok	C=CCCCCC(C)O	HSHUHVOEMVTVRS-UHFFFAOYSA-N	C8H16O
external	HSIBGVUMFOSJPD-UHFFFAOYSA-N	CCC1CC2CC3c4[nH]c5ccc(OC)cc5c4CCN(C2)C13	ok	CCC1CC2CC3c4[nH]c5ccc(OC)cc5c4CCN(C2)C13	HSIBGVUMFOSJPD-UHFFFAOYSA-N	C20H26N2O
external	HSJYPHSHRSXMEI-UHFFFAOYSA-N	Cn1cnc2c1c(=O)n(CC1CCCO1)c(=O)n2C	ok	Cn1cnc2c1c(=O)n(CC1CCCO1)c(=O)n2C	HSJYPHSHRSXMEI-UHFFFAOYSA-N	C12H16N4O3
external	HSSLDCABUXLXKM-UHFFFAOYSA-N	O=c1ccc2nc3ccc(O)cc3oc-2c1	ok	O=c1ccc2nc3ccc(O)cc3oc-2c1	HSSLDCABUXLXKM-UHFFFAOYSA-N	C12H7NO3
external	HSUGRBWQSSZJOP-UHFFFAOYSA-N	COc1ccc(C2Sc3ccccc3N(CCN(C)C)C(=O)C2OC(C)=O)cc1	ok	COc1ccc(C2Sc3ccccc3N(CCN(C)C)C(=O)C2OC(C)=O)cc1	HSUGRBWQSSZJOP-UHFFFAOYSA-N	C22H26N2O4S
external	HSXROUAAHWNUBX-UHFFFAOYSA-N	C=CCC=CCC=CCCCCCCCC(=O)C1(O)OC(=O)C=C1OC	ok	C=CCC=CCC=CCCCCCCCC(=O)C1(O)OC(=O)C=C1OC	HSXROUAAHWNUBX-UHFFFAOYSA-N	C21H30O5
external	HTHNTJCVPNKCPZ-UHFFFAOYSA-N	FC(F)=CCl	ok	FC(F)=CCl	HTHNTJCVPNKCPZ-UHFFFAOYSA-N	C2HClF2
external	HTIQEAQVCYTUBX-UHFFFAOYSA-N	CCOC(=O)C1=C(COCCN)NC(C)=C(C(=O)OC)C1c1ccccc1Cl	ok	CCOC(=O)C1=C(COCCN)N=C(C)C(C(=O)OC)C1c1ccccc1Cl	YMDXSGBNCBQYGC-UHFFFAOYSA-N	C20H25ClN2O5
external	HTJXMOGUGMSZOG-UHFFFAOYSA-N	O=C(Cn1c(=O)sc2ccc(Cl)cc21)N1CCN(CCO)CC1	ok	O=C(Cn1c(=O)sc2ccc(Cl)cc21)N1CCN(CCO)CC1	HTJXMOGUGMSZOG-UHFFFAOYSA-N	C15H18ClN3O3S
external	HTQBXNHDCUEHJF-UHFFFAOYSA-N	CCC(C)C(N=C(O)C(Cc1ccccc1)N=C(O)C(CC(C)C)N=C(O)C(CCCNC(=N)N)N=C(O)C(N=C(O)C(C)N=C(O)C(CCC(=O)O)N=C(O)C(CCC(=O)O)N=C(O)C(CCC(=O)O)N=C(O)C(CCSC)N=C(O)C(CCC(=N)O)N=C(O)C(CCCCN)N=C(O)C(CO)N=C(O)C(CC(C)C)N=C(O)C(CC(=O)O)N=C(O)C(CO)N=C(O)C(N=C(O)C(Cc1ccccc1)N=C(O)C(N=C(O)CN=C(O)C(CCC(=O)O)N=C(O)CN=C(O)C(N)Cc1cnc[nH]1)C(C)O)C(C)O)C(C)C)C(O)=NC(CCC(=O)O)C(O)=NC(Cc1c[nH]c2ccccc12)C(O)=NC(CC(C)C)C(O)=NC(CCCCN)C(O)=NC(CC(=N)O)C(O)=NCC(O)=NCC(=O)N1CCCC1C(O)=NC(CO)C(O)=NC(CO)C(O)=NCC(O)=NC(C)C(=O)N1CCCC1C(=O)N1CCCC1C(=O)N1CCCC1C(O)=NC(CO)C(=N)O	tautomer_MaxTautomersReached			C184H282N50O60S
external	HTQMVQVXFRQIKW-UHFFFAOYSA-N	CCOc1nc2cccc(C(=O)O)c2n1Cc1ccc(-c2ccccc2-c2nn[nH]n2)cc1	ok	CCOc1nc2cccc(C(=O)O)c2n1Cc1ccc(-c2ccccc2-c2nn[nH]n2)cc1	HTQMVQVXFRQIKW-UHFFFAOYSA-N	C24H20N6O3
external	HTTJABKRGRZYRN-UHFFFAOYSA-N	CC(O)=NC1C(O)OC(COS(=O)(=O)O)C(OC2OC(C(=O)O)C(OC3OC(CO)C(OC4OC(C(=O)O)C(O)C(O)C4OS(=O)(=O)O)C(OS(=O)(=O)O)C3NS(=O)(=O)O)C(O)C2OS(=O)(=O)O)C1O	ok	CC(=O)NC1C(O)OC(COS(=O)(=O)O)C(OC2OC(C(=O)O)C(OC3OC(CO)C(OC4OC(C(=O)O)C(O)C(O)C4OS(=O)(=O)O)C(OS(=O)(=O)O)C3NS(=O)(=O)O)C(O)C2OS(=O)(=O)O)C1O	HTTJABKRGRZYRN-UHFFFAOYSA-N	C26H42N2O37S5
external	HTWFXPCUFWKXOP-UHFFFAOYSA-N	CC(C)(C)NCC(O)COc1cccc2c1SCCC2	ok	CC(C)(C)NCC(O)COc1cccc2c1SCCC2	HTWFXPCUFWKXOP-UHFFFAOYSA-N	C16H25NO2S
external	HTYFFCPFVMJTKM-UHFFFAOYSA-N	N=C(N)NC(=N)Nc1ccc(Cl)cc1	ok	N=C(N)N=C(N)Nc1ccc(Cl)cc1	HTYFFCPFVMJTKM-UHFFFAOYSA-N	C8H10ClN5
external	HUFHNYZNTFSKCT-UHFFFAOYSA-N	CCN(CCO)S(=O)(=O)C(F)(F)C(F)(F)C(F)(F)C(F)(F)C(F)(F)C(F)(F)C(F)(F)C(F)(F)F	ok	CCN(CCO)S(=O)(=O)C(F)(F)C(F)(F)C(F)(F)C(F)(F)C(F)(F)C(F)(F)C(F)(F)C(F)(F)F	HUFHNYZNTFSKCT-UHFFFAOYSA-N	C12H10F17NO3S
external	HUHWZXWWOFSFKF-UHFFFAOYSA-N	O=C(O)CCc1c2[nH]c(c1CC(=O)O)Cc1[nH]c(c(CC(=O)O)c1CCC(=O)O)Cc1[nH]c(c(CC(=O)O)c1CCC(=O)O)Cc1[nH]c(c(CCC(=O)O)c1CC(=O)O)C2	ok	O=C(O)CCc1c2[nH]c(c1CC(=O)O)Cc1[nH]c(c(CC(=O)O)c1CCC(=O)O)Cc1[nH]c(c(CC(=O)O)c1CCC(=O)O)Cc1[nH]c(c(CCC(=O)O)c1CC(=O)O)C2	HUHWZXWWOFSFKF-UHFFFAOYSA-N	C40H44N4O16
external	HUNXMJYCHXQEGX-UHFFFAOYSA-N	CCN(C(C)=O)c1cccc(-c2ccnc3c(C#N)cnn23)c1	ok	CCN(C(C)=O)c1cccc(-c2ccnc3c(C#N)cnn23)c1	HUNXMJYCHXQEGX-UHFFFAOYSA-N	C17H15N5O
external	HVIBGVJOBJJPFB-UHFFFAOYSA-N	NCC(=O)N1CCCC1C(=O)N1CCC(O)C1C(=O)O	ok	NCC(=O)N1CCCC1C(=O)N1CCC(O)C1C(=O)O	HVIBGVJOBJJPFB-UHFFFAOYSA-N	C12H19N3O5
external	HVKCEFHNSNZIHO-UHFFFAOYSA-N	CNCCC=C1c2ccccc2COc2ccccc21	ok	CNCCC=C1c2ccccc2COc2ccccc21	HVKCEFHNSNZIHO-UHFFFAOYSA-N	C18H19NO
external	HVLXXQDJGPKVMK-UHFFFAOYSA-N	C=C(C)C1OC2CCC3(C)C(O)(CCC4Cc5c([nH]c6cc7c(cc56)CC5C7=CC(C)(C)OC5(C)C)C43C)C2=CC1O	ok	C=C(C)C1OC2CCC3(C)C(O)(CCC4Cc5c([nH]c6cc7c(cc56)CC5C7=CC(C)(C)OC5(C)C)C43C)C2=CC1O	HVLXXQDJGPKVMK-UHFFFAOYSA-N	C37H47NO4
external	HVPFXCBJHIIJGS-UHFFFAOYSA-N	CN=C(NC)NCCCC(N)C(=O)O	ok	CN=C(NC)NCCCC(N)C(=O)O	HVPFXCBJHIIJGS-UHFFFAOYSA-N	C8H18N4O2
external	HVYWMOMLDIMFJA-UHFFFAOYSA-N	CC(C)CCCC(C)C1CCC2C3CC=C4CC(O)CCC4(C)C3CCC12C	ok	CC(C)CCCC(C)C1CCC2C3CC=C4CC(O)CCC4(C)C3CCC12C	HVYWMOMLDIMFJA-UHFFFAOYSA-N	C27H46O
external	HVZJRWJGKQPSFL-UHFFFAOYSA-N	CCC(C)(C)OC	ok	CCC(C)(C)OC	HVZJRWJGKQPSFL-UHFFFAOYSA-N	C6H14O
external	HVZWFRMKXRRMBK-UHFFFAOYSA-O	COc1cc2c(cc1O)C1Cc3cc(O)c(O)cc3[N+]1(C)CC2	ok	COc1cc2c(cc1O)C1Cc3cc(O)c(O)cc3[N+]1(C)CC2	HVZWFRMKXRRMBK-UHFFFAOYSA-O	C18H20NO4+
external	HWMGTNOVUDIKRE-UHFFFAOYSA-N	NC(Cc1ccccc1)C(O)=NC(CC(=O)O)C(=O)O	ok	NC(Cc1ccccc1)C(=O)NC(CC(=O)O)C(=O)O	HWMGTNOVUDIKRE-UHFFFAOYSA-N	C13H16N2O5
external	HWOZEJJVUCALGB-UHFFFAOYSA-N	CC1CNc2[nH]c(=N)nc(O)c2N1	ok	CC1CNc2[nH]c(N)nc(=O)c2N1	HWOZEJJVUCALGB-UHFFFAOYSA-N	C7H11N5O
external	HWXIGFIVGWUZAO-UHFFFAOYSA-N	Cn1c(=O)c2c(ncn2CC2OCCO2)n(C)c1=O	ok	Cn1c(=O)c2c(ncn2CC2OCCO2)n(C)c1=O	HWXIGFIVGWUZAO-UHFFFAOYSA-N	C11H14N4O4
external	HXBAELAEMDXAJM-UHFFFAOYSA-N	CCCCCC(O)C=CC1C(SCC(N=C(O)CCC(N)C(=O)O)C(O)=NCC(=O)O)CC(=O)C1CCCCCCC(=O)O	tautomer_MaxTransformsReached			C30H49N3O10S
external	HXGBXQDTNZMWGS-UHFFFAOYSA-N	N=C(O)C(c1ccccc1)(c1ccccc1)C1CCN(CCc2ccc3c(c2)CCO3)C1	ok	NC(=O)C(c1ccccc1)(c1ccccc1)C1CCN(CCc2ccc3c(c2)CCO3)C1	HXGBXQDTNZMWGS-UHFFFAOYSA-N	C28H30N2O2
external	HXHWSAZORRCQMX-UHFFFAOYSA-N	CCCSc1ccc2nc(N=C(O)OC)[nH]c2c1	ok	CCCSc1ccc2[nH]c(NC(=O)OC)nc2c1	HXHWSAZORRCQMX-UHFFFAOYSA-N	C12H15N3O2S
external	HXJOYVPESRRCDB-UHFFFAOYSA-N	CCCCCCC(=O)OCC(C)C	ok	CCCCCCC(=O)OCC(C)C	HXJOYVPESRRCDB-UHFFFAOYSA-N	C11H22O2
external	HXLAFSUPPDYFEO-UHFFFAOYSA-N	COc1ccc(CCNCC(O)COc2cccc(C)c2)cc1OC	ok	COc1ccc(CCNCC(O)COc2cccc(C)c2)cc1OC	HXLAFSUPPDYFEO-UHFFFAOYSA-N	C20H27NO4
external	HXTGXYRHXAGCFP-NRFANRHFSA-N	COc1cccc([C@@H](O)C2CCN(CCc3ccc(F)cc3)CC2)c1OC	ok	COc1cccc(C(O)C2CCN(CCc3ccc(F)cc3)CC2)c1OC	HXTGXYRHXAGCFP-UHFFFAOYSA-N	C22H28FNO3
external	HXWNRESJYUCPRA-UHFFFAOYSA-N	O=C(O)C1CC(O)CN1C(=O)C1CC(O)CN1	ok	O=C(O)C1CC(O)CN1C(=O)C1CC(O)CN1	HXWNRESJYUCPRA-UHFFFAOYSA-N	C10H16N2O5
external	HXWUJJADFMXNKA-UHFFFAOYSA-N	CC(C)CC(N=C(O)C(N)CC(=N)O)C(=O)O	ok	CC(C)CC(NC(=O)C(N)CC(N)=O)C(=O)O	HXWUJJADFMXNKA-UHFFFAOYSA-N	C10H19N3O4
external	HYAFETHFCAUJAY-UHFFFAOYSA-N	CCc1ccc(CCOc2ccc(CC3SC(=O)N=C3O)cc2)nc1	ok	CCc1ccc(CCOc2ccc(Cc3sc(=O)[nH]c3O)cc2)nc1	IYYGBZJXHJSLEV-UHFFFAOYSA-N	C19H20N2O3S
external	HYDKUVPEVOHALC-UHFFFAOYSA-N	Fc1cccc(CCN2CCN(CCCc3cc4cc(-n5cnnc5)ccc4[nH]3)CC2)c1	ok	Fc1cccc(CCN2CCN(CCCc3cc4cc(-n5cnnc5)ccc4[nH]3)CC2)c1	HYDKUVPEVOHALC-UHFFFAOYSA-N	C25H29FN6
external	HYIMSNHJOBLJNT-UHFFFAOYSA-N	COC(=O)C1=C(C)NC(C)=C(C(=O)OC)C1c1ccccc1[N+](=O)[O-]	ok	COC(=O)C1=C(C)N=C(C)C(C(=O)OC)C1c1ccccc1[N+](=O)[O-]	OSUCQKNXQBPLDG-UHFFFAOYSA-N	C17H18N2O6
external	HYKWMZVCUBUWMM-UHFFFAOYSA-N	CCCCCCOc1ccc2ccc(=O)oc2c1	ok	CCCCCCOc1ccc2ccc(=O)oc2c1	HYKWMZVCUBUWMM-UHFFFAOYSA-N	C15H18O3
external	HYSBJYIGYSBFQN-UHFFFAOYSA-N	CC(=O)SCC=C(C)C	ok	CC(=O)SCC=C(C)C	HYSBJYIGYSBFQN-UHFFFAOYSA-N	C7H12OS
external	HYWYRSMBCFDLJT-UHFFFAOYSA-N	CS(=O)(=O)Nc1ccc([N+](=O)[O-])cc1Oc1ccccc1	ok	CS(=O)(=O)Nc1ccc([N+](=O)[O-])cc1Oc1ccccc1	HYWYRSMBCFDLJT-UHFFFAOYSA-N	C13H12N2O5S
external	HYXQKVOADYPQEA-UHFFFAOYSA-N	CCC(C)C(N)C(O)=NC(CCCNC(=N)N)C(=O)O	ok	CCC(C)C(N)C(=O)NC(CCCN=C(N)N)C(=O)O	HYXQKVOADYPQEA-UHFFFAOYSA-N	C12H25N5O3
external	HYYBABOKPJLUIN-UHFFFAOYSA-N	Cc1cccc(Nc2ccccc2C(=O)O)c1C	ok	Cc1cccc(Nc2ccccc2C(=O)O)c1C	HYYBABOKPJLUIN-UHFFFAOYSA-N	C15H15NO2
external	HZCWPKGYTCJSEB-UHFFFAOYSA-N	COc1ccc2c(c1)-c1nn(CCCN(C)C)c3ccc([N+](=O)[O-])c(c13)N2	ok	COc1ccc2c(c1)-c1nn(CCCN(C)C)c3ccc([N+](=O)[O-])c(c13)N2	HZCWPKGYTCJSEB-UHFFFAOYSA-N	C19H21N5O3
external	HZIYEEMJNBKMJH-UHFFFAOYSA-N	Cc1ccccc1-c1cc(N2CC[N+](C)(COP(=O)([O-])O)CC2)ncc1N(C)C(=O)C(C)(C)c1cc(C(F)(F)F)cc(C(F)(F)F)c1	ok	Cc1ccccc1-c1cc(N2CC[N+](C)(COP(=O)([O-])O)CC2)ncc1N(C)C(=O)C(C)(C)c1cc(C(F)(F)F)cc(C(F)(F)F)c1	HZIYEEMJNBKMJH-UHFFFAOYSA-N	C31H35F6N4O5P
external	HZKLXXZXIMSELS-UHFFFAOYSA-N	COC(=O)C1=C(C)N=C(C)C(C(=O)O)C1c1cccc([N+](=O)[O-])c1	ok	COC(=O)C1=C(C)N=C(C)C(C(=O)O)C1c1cccc([N+](=O)[O-])c1	HZKLXXZXIMSELS-UHFFFAOYSA-N	C16H16N2O6
external	IAIWVQXQOWNYOU-UHFFFAOYSA-N	N=C(O)NN=Cc1ccc([N+](=O)[O-])o1	ok	NC(=O)NN=Cc1ccc([N+](=O)[O-])o1	IAIWVQXQOWNYOU-UHFFFAOYSA-N	C6H6N4O4
external	IAKHMKGGTNLKSZ-UHFFFAOYSA-N	COc1cc2c(c(OC)c1OC)-c1ccc(OC)c(=O)cc1C(N=C(C)O)CC2	ok	COc1cc2c(c(OC)c1OC)-c1ccc(OC)c(=O)cc1C(NC(C)=O)CC2	IAKHMKGGTNLKSZ-UHFFFAOYSA-N	C22H25NO6
external	IAKOZHOLGAGEJT-UHFFFAOYSA-N	COc1ccc(C(c2ccc(OC)cc2)C(Cl)(Cl)Cl)cc1	ok	COc1ccc(C(c2ccc(OC)cc2)C(Cl)(Cl)Cl)cc1	IAKOZHOLGAGEJT-UHFFFAOYSA-N	C16H15Cl3O2
external	IAQRGUVFOMOMEM-UHFFFAOYSA-N	CC=CC	ok	CC=CC	IAQRGUVFOMOMEM-UHFFFAOYSA-N	C4H8
external	IAVUPMFITXYVAF-UHFFFAOYSA-N	CCNC1CC(C)S(=O)(=O)c2sc(S(N)(=O)=O)cc21	ok	CCNC1CC(C)S(=O)(=O)c2sc(S(N)(=O)=O)cc21	IAVUPMFITXYVAF-UHFFFAOYSA-N	C10H16N2O4S3
external	IAZDPXIOMUYVGZ-UHFFFAOYSA-N	CS(C)=O	ok	C[S+](C)[O-]	IAZDPXIOMUYVGZ-UHFFFAOYSA-N	C2H6OS
external	IBAQFPQHRJAVAV-UHFFFAOYSA-N	OCCN1CC(O)C(O)C(O)C1CO	ok	OCCN1CC(O)C(O)C(O)C1CO	IBAQFPQHRJAVAV-UHFFFAOYSA-N	C8H17NO5
external	IBLNKMRFIPWSOY-UHFFFAOYSA-N	CC(C)(C)C(O)C=Cc1ccc2c(c1)OCO2	ok	CC(C)(C)C(O)C=Cc1ccc2c(c1)OCO2	IBLNKMRFIPWSOY-UHFFFAOYSA-N	C14H18O3
external	IBOFVQJTBBUKMU-UHFFFAOYSA-N	Nc1ccc(Cc2ccc(N)c(Cl)c2)cc1Cl	ok	Nc1ccc(Cc2ccc(N)c(Cl)c2)cc1Cl	IBOFVQJTBBUKMU-UHFFFAOYSA-N	C13H12Cl2N2
external	IBSLHWQWKUNIJE-UHFFFAOYSA-N	CC=C(C=O)CSC	ok	CC=C(C=O)CSC	IBSLHWQWKUNIJE-UHFFFAOYSA-N	C6H10OS
external	ICBJCVRQDSQPGI-UHFFFAOYSA-N	CCCCCCOC	ok	CCCCCCOC	ICBJCVRQDSQPGI-UHFFFAOYSA-N	C7H16O
external	ICCHEGCKVBMSTF-UHFFFAOYSA-N	CC1N=C(O)CN=C1O	ok	CC1NC(=O)CNC1=O	ICCHEGCKVBMSTF-UHFFFAOYSA-N	C5H8N2O2
external	ICDNYWJQGWNLFP-UHFFFAOYSA-N	COC1=CC(=O)OC1C(O)c1ccccc1Cl	ok	COC1=CC(=O)OC1C(O)c1ccccc1Cl	ICDNYWJQGWNLFP-UHFFFAOYSA-N	C12H11ClO4
external	ICEDBMJSTNTMIT-UHFFFAOYSA-N	O=C1C(O)c2c(O)cc(O)cc2OC1c1ccc(O)cc1	tautomer_MaxTransformsReached			C15H12O6
external	ICFJFFQQTFMIBG-UHFFFAOYSA-N	N=C(N)NC(=N)NCCc1ccccc1	ok	N=C(N)N=C(N)NCCc1ccccc1	ICFJFFQQTFMIBG-UHFFFAOYSA-N	C10H15N5
external	ICIIMFRGWJJFIH-UHFFFAOYSA-N	CC(O)c1ccc2c(c1)C=CC(C)(C)O2	ok	CC(O)c1ccc2c(c1)C=CC(C)(C)O2	ICIIMFRGWJJFIH-UHFFFAOYSA-N	C13H16O2
external	ICRSYPPLGADZKA-UHFFFAOYSA-N	NS(=O)(=O)c1ccc(-n2nc(C(F)(F)F)cc2-c2ccc(CO)cc2)cc1	ok	NS(=O)(=O)c1ccc(-n2nc(C(F)(F)F)cc2-c2ccc(CO)cc2)cc1	ICRSYPPLGADZKA-UHFFFAOYSA-N	C17H14F3N3O3S
external	ICTXHFFSOAJUMG-UHFFFAOYSA-N	C#CC1(O)CCC2C3CCC4=C(CCC(=O)C4)C3CCC21C	ok	C#CC1(O)CCC2C3CC=C4CC(=O)CCC4C3CCC21C	QGQUHXSBTSDAML-UHFFFAOYSA-N	C20H26O2
external	ICXVGHUORQNRQF-UHFFFAOYSA-N	CN1CC2Cc3ccc(O)c4c3C3(C1)C2C=CC(O)C3O4	ok	CN1CC2Cc3ccc(O)c4c3C3(C1)C2C=CC(O)C3O4	ICXVGHUORQNRQF-UHFFFAOYSA-N	C17H19NO3
external	ICYUIIJXZHPESK-UHFFFAOYSA-N	O=C(O)CN=C(O)c1cccc(Cl)c1	ok	O=C(O)CNC(=O)c1cccc(Cl)c1	ICYUIIJXZHPESK-UHFFFAOYSA-N	C9H8ClNO3
external	IDBCUMFOZBUJCL-UHFFFAOYSA-N	Cc1cc(-c2nc3ccccc3s2)ccc1N	ok	Cc1cc(-c2nc3ccccc3s2)ccc1N	IDBCUMFOZBUJCL-UHFFFAOYSA-N	C14H12N2S
external	IDBPHNDTYPBSNI-UHFFFAOYSA-N	CCC(=O)N(c1ccccc1)C1(COC)CCN(CCn2nnn(CC)c2=O)CC1	ok	CCC(=O)N(c1ccccc1)C1(COC)CCN(CCn2nnn(CC)c2=O)CC1	IDBPHNDTYPBSNI-UHFFFAOYSA-N	C21H32N6O3
external	IDJXJAJYEFRBPY-UHFFFAOYSA-N	CC(CCC1(O)OC2CC3C4CCC5CC(OC6OC(CO)C(OC7OC(CO)C(OC8OC(CO)C(O)C(O)C8OC8OCC(O)C(O)C8O)C(OC8OC(C)C(O)C(O)C8O)C7O)C(O)C6O)CCC5(C)C4CC(=O)C3(C)C2C1C)COC1OC(CO)C(O)C(O)C1O	ok	CC(CCC1(O)OC2CC3C4CCC5CC(OC6OC(CO)C(OC7OC(CO)C(OC8OC(CO)C(O)C(O)C8OC8OCC(O)C(O)C8O)C(OC8OC(C)C(O)C(O)C8O)C7O)C(O)C6O)CCC5(C)C4CC(=O)C3(C)C2C1C)COC1OC(CO)C(O)C(O)C1O	IDJXJAJYEFRBPY-UHFFFAOYSA-N	C62H102O33
external	IDRDZZHQLBFQMN-UHFFFAOYSA-N	CCCCCCCCCCCCCC=CC(O)C(COC1OC(CO)C(O)C(OS(=O)(=O)O)C1O)N=C(O)CCCCCCCCCCCCC	ok	CCCCCCCCCCCCCC=CC(O)C(COC1OC(CO)C(O)C(OS(=O)(=O)O)C1O)NC(=O)CCCCCCCCCCCCC	IDRDZZHQLBFQMN-UHFFFAOYSA-N	C38H73NO11S
external	IDYZIJYBMGIQMJ-UHFFFAOYSA-N	CCn1cc(C(=O)O)c(=O)c2cc(F)c(N3CCNCC3)nc21	ok	CCn1cc(C(=O)O)c(=O)c2cc(F)c(N3CCNCC3)nc21	IDYZIJYBMGIQMJ-UHFFFAOYSA-N	C15H17FN4O3
external	IECPWNUMDGFDKC-UHFFFAOYSA-N	CC(=O)OC1CC2(C)C(CC(O)C3C4(C)CCC(O)C(C)C4CCC32C)C1=C(CCC=C(C)C)C(=O)O	ok	CC(=O)OC1CC2(C)C(CC(O)C3C4(C)CCC(O)C(C)C4CCC32C)C1=C(CCC=C(C)C)C(=O)O	IECPWNUMDGFDKC-UHFFFAOYSA-N	C31H48O6
external	IECRXMSGDFIOEY-UHFFFAOYSA-N	COc1c(OC)c(OC)c2c(=O)cc(-c3ccc(O)cc3)oc2c1OC	ok	COc1c(OC)c(OC)c2c(=O)cc(-c3ccc(O)cc3)oc2c1OC	IECRXMSGDFIOEY-UHFFFAOYSA-N	C19H18O7
external	IEDVJHCEMCRBQM-UHFFFAOYSA-N	COc1cc(Cc2c[nH]c(=N)[nH]c2=N)cc(OC)c1OC	ok	COc1cc(Cc2cnc(N)nc2N)cc(OC)c1OC	IEDVJHCEMCRBQM-UHFFFAOYSA-N	C14H18N4O3
external	IEHFWLFCKJUZHC-UHFFFAOYSA-N	CCCCCCCCCCCCCCCCCCCC(O)CC(O)CCCCCCC	ok	CCCCCCCCCCCCCCCCCCCC(O)CC(O)CCCCCCC	IEHFWLFCKJUZHC-UHFFFAOYSA-N	C29H60O2
external	IEJOGNKZBRUBBL-UHFFFAOYSA-N	CC1CCCCC12OOC1(CCCCC1C)OO2	ok	CC1CCCCC12OOC1(CCCCC1C)OO2	IEJOGNKZBRUBBL-UHFFFAOYSA-N	C14H24O4
external	IEJXVRYNEISIKR-UHFFFAOYSA-N	Nc1cc(Cl)c(NC2=NCCN2)c(Cl)c1	ok	Nc1cc(Cl)c(NC2=NCCN2)c(Cl)c1	IEJXVRYNEISIKR-UHFFFAOYSA-N	C9H10Cl2N4
external	IETKPTYAGKZLKY-UHFFFAOYSA-N	Cn1c(COc2ccc(CC3SC(=O)N=C3O)cc2)nc2ccccc2c1=O	ok	Cn1c(COc2ccc(Cc3sc(=O)[nH]c3O)cc2)nc2ccccc2c1=O	BLWRISJFPSMOON-UHFFFAOYSA-N	C20H17N3O4S
external	IEXUMDBQLIVNHZ-UHFFFAOYSA-N	CN(C)c1ccc(C2CC3(C)C(CCC3(O)CCCO)C3CCC4=CC(=O)CCC4=C23)cc1	ok	CN(C)c1ccc(C2=C3C4=C(CCC3C3CCC(O)(CCCO)C3(C)C2)CC(=O)CC4)cc1	WCCRLLABFCMDBZ-UHFFFAOYSA-N	C29H39NO3
external	IFFPICMESYHZPQ-UHFFFAOYSA-N	CC(Cc1ccccc1)NCCC(c1ccccc1)c1ccccc1	ok	CC(Cc1ccccc1)NCCC(c1ccccc1)c1ccccc1	IFFPICMESYHZPQ-UHFFFAOYSA-N	C24H27N
external	IFSDAJWBUCMOAH-UHFFFAOYSA-N	CCC(Nc1ncnc2[nH]cnc12)c1nc2cccc(F)c2c(=O)n1-c1ccccc1	ok	CCC(Nc1ncnc2[nH]cnc12)c1nc2cccc(F)c2c(=O)n1-c1ccccc1	IFSDAJWBUCMOAH-UHFFFAOYSA-N	C22H18FN7O
external	IGFHQQFPSIBGKE-UHFFFAOYSA-N	CCCCCCCCCc1ccc(O)cc1	ok	CCCCCCCCCc1ccc(O)cc1	IGFHQQFPSIBGKE-UHFFFAOYSA-N	C15H24O
external	IGIDLTISMCAULB-UHFFFAOYSA-N	CCC(C)CC(=O)O	ok	CCC(C)CC(=O)O	IGIDLTISMCAULB-UHFFFAOYSA-N	C6H12O2
external	IGMKTIJBFUMVIN-UHFFFAOYSA-N	CN(c1nc2ccccc2s1)C1CCN(CC(O)COc2ccc(F)cc2)CC1	ok	CN(c1nc2ccccc2s1)C1CCN(CC(O)COc2ccc(F)cc2)CC1	IGMKTIJBFUMVIN-UHFFFAOYSA-N	C22H26FN3O2S
external	IGQBPDJNUXPEMT-UHFFFAOYSA-N	CC(C)CC(=O)OC(CC(=O)[O-])C[N+](C)(C)C	ok	CC(C)CC(=O)OC(CC(=O)[O-])C[N+](C)(C)C	IGQBPDJNUXPEMT-UHFFFAOYSA-N	C12H23NO4
external	IGYBMFIPDQRKSL-UHFFFAOYSA-N	CCn1ncc(C2=CCCN(C)C2)n1	ok	CCn1ncc(C2=CCCN(C)C2)n1	IGYBMFIPDQRKSL-UHFFFAOYSA-N	C10H16N4
external	IHPKGUQCSIINRJ-UHFFFAOYSA-N	C=CC(C)=CCC=C(C)C	ok	C=CC(C)=CCC=C(C)C	IHPKGUQCSIINRJ-UHFFFAOYSA-N	C10H16
external	IHWDSEPNZDYMNF-UHFFFAOYSA-N	Nc1cc2ccccc2[nH]1	ok	Nc1cc2ccccc2[nH]1	IHWDSEPNZDYMNF-UHFFFAOYSA-N	C8H8N2
external	IIBYAHWJQTYFKB-UHFFFAOYSA-N	CC(C)(Oc1ccc(CCNC(=O)c2ccc(Cl)cc2)cc1)C(=O)O	ok	CC(C)(Oc1ccc(CCNC(=O)c2ccc(Cl)cc2)cc1)C(=O)O	IIBYAHWJQTYFKB-UHFFFAOYSA-N	C19H20ClNO4
external	IIDJRNMFWXDHID-UHFFFAOYSA-N	O=P(O)(O)C(O)(Cc1cccnc1)P(=O)(O)O	ok	O=P(O)(O)C(O)(Cc1cccnc1)P(=O)(O)O	IIDJRNMFWXDHID-UHFFFAOYSA-N	C7H11NO7P2
external	IIVBFTNIGYRNQY-UHFFFAOYSA-N	CC(=O)OC1(C(C)=O)CCC2C3C=C(C)C4=CC(=O)CCC4C3CCC21C	ok	CC(=O)OC1(C(C)=O)CCC2C3=CC(C)=C4CC(=O)CCC4C3CCC21C	TTXRYAMBSXFTEJ-UHFFFAOYSA-N	C23H30O4
external	IIXWYSCJSQVBQM-UHFFFAOYSA-N	CC1Oc2cc(cnc2N)-c2c(nn(C)c2C#N)CN(C)C(=O)c2ccc(F)cc21	ok	CC1Oc2cc(cnc2N)-c2c(nn(C)c2C#N)CN(C)C(=O)c2ccc(F)cc21	IIXWYSCJSQVBQM-UHFFFAOYSA-N	C21H19FN6O2
external	IJJKRFDBPRPLQQ-UHFFFAOYSA-N	CC(C)(O)C1CCC(COC2OC(CO)C(O)C(O)C2O)CC1	ok	CC(C)(O)C1CCC(COC2OC(CO)C(O)C(O)C2O)CC1	IJJKRFDBPRPLQQ-UHFFFAOYSA-N	C16H30O7
external	IJNJLGFTSIAHEA-UHFFFAOYSA-N	C#CC=O	ok	C#CC=O	IJNJLGFTSIAHEA-UHFFFAOYSA-N	C3H2O
external	IJTNSXPMYKJZPR-UHFFFAOYSA-N	CCC=CC=CC=CC=CCCCCCCCC(=O)O	ok	CCC=CC=CC=CC=CCCCCCCCC(=O)O	IJTNSXPMYKJZPR-UHFFFAOYSA-N	C18H28O2
external	IJVCSMSMFSCRME-UHFFFAOYSA-N	CN1CCC23c4c5ccc(O)c4OC2C(O)CCC3C1C5	ok	CN1CCC23c4c5ccc(O)c4OC2C(O)CCC3C1C5	IJVCSMSMFSCRME-UHFFFAOYSA-N	C17H21NO3
external	IKBKZGMPCYNSLU-UHFFFAOYSA-N	CCCCCNC(=N)NN=Cc1c[nH]c2ccc(OC)cc12	ok	CCCCCN=C(N)NN=Cc1c[nH]c2ccc(OC)cc12	IKBKZGMPCYNSLU-UHFFFAOYSA-N	C16H23N5O
external	IKENVDNFQMCRTR-UHFFFAOYSA-N	Cc1nc2c([nH]1)-c1ccccc1N(C(=O)c1ccc(NC(=O)c3ccccc3-c3ccccc3)cc1)CC2	ok	Cc1nc2c([nH]1)-c1ccccc1N(C(=O)c1ccc(NC(=O)c3ccccc3-c3ccccc3)cc1)CC2	IKENVDNFQMCRTR-UHFFFAOYSA-N	C32H26N4O2
external	IKHGUXGNUITLKF-UHFFFAOYSA-N	CC=O	ok	CC=O	IKHGUXGNUITLKF-UHFFFAOYSA-N	C2H4O
external	IKMPWMZBZSAONZ-UHFFFAOYSA-N	Fc1ccccc1C1=NCC(=S)N(CC(F)(F)F)c2ccc(Cl)cc21	ok	Fc1ccccc1C1=NCC(=S)N(CC(F)(F)F)c2ccc(Cl)cc21	IKMPWMZBZSAONZ-UHFFFAOYSA-N	C17H11ClF4N2S
external	IKUQEFGEUOOPGY-UHFFFAOYSA-N	COc1cc2ccc(=O)oc2c(OC)c1OC1OC(CO)C(O)C(O)C1O	ok	COc1cc2ccc(=O)oc2c(OC)c1OC1OC(CO)C(O)C(O)C1O	IKUQEFGEUOOPGY-UHFFFAOYSA-N	C17H20O10
external	ILDAKDTXKZPGJC-UHFFFAOYSA-N	C=CC(C)(O)CC(=O)C=C(C)C	ok	C=CC(C)(O)CC(=O)C=C(C)C	ILDAKDTXKZPGJC-UHFFFAOYSA-N	C10H16O2
external	ILKJAFIWWBXGDU-UHFFFAOYSA-N	CC(=O)OCC(=O)C12OC3(CCCC3)OC1CC1C3CCC4=CC(=O)C=CC4(C)C3(F)C(O)CC12C	ok	CC(=O)OCC(=O)C12OC3(CCCC3)OC1CC1C3CC=C4CC(=O)C=CC4(C)C3(F)C(O)CC12C	QUYIFTUJECZGBB-UHFFFAOYSA-N	C28H35FO7
external	ILMMRHUILQOQGP-UHFFFAOYSA-N	CC(C)(C)c1cc(CC2SCN=C2O)cc(C(C)(C)C)c1O	ok	CC(C)(C)c1cc(CC2SCNC2=O)cc(C(C)(C)C)c1O	ILMMRHUILQOQGP-UHFFFAOYSA-N	C18H27NO2S
external	ILMQWRCMVKIVFV-UHFFFAOYSA-N	CC1C(O)CC2(C)C(O)CC3(C)C(=CCC4C5(C)CCC(O)C(C)(C)C5CCC43C)C2C1C	ok	CC1C(O)CC2(C)C(O)CC3(C)C(=CCC4C5(C)CCC(O)C(C)(C)C5CCC43C)C2C1C	ILMQWRCMVKIVFV-UHFFFAOYSA-N	C30H50O3
external	ILNSWVUXAPSPEH-UHFFFAOYSA-N	COc1ccc2c(c1)C13CCCCC1C(C2)NCC3	ok	COc1ccc2c(c1)C13CCCCC1C(C2)NCC3	ILNSWVUXAPSPEH-UHFFFAOYSA-N	C17H23NO
external	ILSMDNVBZYGMDG-UHFFFAOYSA-N	CC(C)CCCC(C)CCCC(C)CCCC(C)C(O)=NCC(=O)O	ok	CC(C)CCCC(C)CCCC(C)CCCC(C)C(=O)NCC(=O)O	ILSMDNVBZYGMDG-UHFFFAOYSA-N	C21H41NO3
external	IMOZEMNVLZVGJZ-UHFFFAOYSA-N	CCOc1cc(C(CS(C)(=O)=O)N2C(=O)c3cccc(N=C(C)O)c3C2=O)ccc1OC	ok	CCOc1cc(C(CS(C)(=O)=O)N2C(=O)c3cccc(NC(C)=O)c3C2=O)ccc1OC	IMOZEMNVLZVGJZ-UHFFFAOYSA-N	C22H24N2O7S
external	IMSSROKUHAOUJS-UHFFFAOYSA-N	C#CC1(O)CCC2C3CCc4cc(OC)ccc4C3CCC21C	ok	C#CC1(O)CCC2C3CCc4cc(OC)ccc4C3CCC21C	IMSSROKUHAOUJS-UHFFFAOYSA-N	C21H26O2
external	INDBQLZJXZLFIT-UHFFFAOYSA-N	COc1cc(NC(C)CCCN)c2ncccc2c1	ok	COc1cc(NC(C)CCCN)c2ncccc2c1	INDBQLZJXZLFIT-UHFFFAOYSA-N	C15H21N3O
external	INGSNVSERUZOAK-UHFFFAOYSA-N	O=C(O)C(c1ccccc1)C1CCCCN1	ok	O=C(O)C(c1ccccc1)C1CCCCN1	INGSNVSERUZOAK-UHFFFAOYSA-N	C13H17NO2
external	INJOMKTZOLKMBF-UHFFFAOYSA-N	N=C(N)N=C(O)Cc1c(Cl)cccc1Cl	ok	N=C(N)NC(=O)Cc1c(Cl)cccc1Cl	INJOMKTZOLKMBF-UHFFFAOYSA-N	C9H9Cl2N3O
external	INLLPKCGLOXCIV-UHFFFAOYSA-N	C=CBr	ok	C=CBr	INLLPKCGLOXCIV-UHFFFAOYSA-N	C2H3Br
external	INVGWHRKADIJHF-UHFFFAOYSA-N	C[n+]1cc2c3c(ccc2c2ccc4cc5c(cc4c21)OCO5)OCO3	ok	C[n+]1cc2c3c(ccc2c2ccc4cc5c(cc4c21)OCO5)OCO3	INVGWHRKADIJHF-UHFFFAOYSA-N	C20H14NO4+
external	INVWRXWYYVMFQC-UHFFFAOYSA-N	CC(C)=CCOC(=O)c1ccccc1	ok	CC(C)=CCOC(=O)c1ccccc1	INVWRXWYYVMFQC-UHFFFAOYSA-N	C12H14O2
external	IOJUPLGTWVMSFF-UHFFFAOYSA-N	c1ccc2scnc2c1	ok	c1ccc2scnc2c1	IOJUPLGTWVMSFF-UHFFFAOYSA-N	C7H5NS
external	IOWMKBFJCNLRTC-UHFFFAOYSA-N	CC(C)C(O)CCC(C)C1CCC2C3CC=C4CC(O)CCC4(C)C3CCC12C	ok	CC(C)C(O)CCC(C)C1CCC2C3CC=C4CC(O)CCC4(C)C3CCC12C	IOWMKBFJCNLRTC-UHFFFAOYSA-N	C27H46O2
external	IOXKXMFPMHDABX-UHFFFAOYSA-N	COc1cc(C)cc(OC)c1Cl	ok	COc1cc(C)cc(OC)c1Cl	IOXKXMFPMHDABX-UHFFFAOYSA-N	C9H11ClO2
external	IPCSVZSSVZVIGE-UHFFFAOYSA-N	CCCCCCCCCCCCCCCC(=O)O	ok	CCCCCCCCCCCCCCCC(=O)O	IPCSVZSSVZVIGE-UHFFFAOYSA-N	C16H32O2
external	IPEHBUMCGVEMRF-UHFFFAOYSA-N	N=C(O)c1cnccn1	ok	NC(=O)c1cnccn1	IPEHBUMCGVEMRF-UHFFFAOYSA-N	C5H5N3O
external	IPOBOOXFSRWSHL-UHFFFAOYSA-N	c1ccc(C2(c3ccccc3)CC2C2=NCCN2)cc1	ok	c1ccc(C2(c3ccccc3)CC2C2=NCCN2)cc1	IPOBOOXFSRWSHL-UHFFFAOYSA-N	C18H18N2
external	IPOIBBMZOXJYFV-UHFFFAOYSA-N	C=C(C)C1CC=C(C)C(OC2OC(CO)C(O)C(O)C2O)C1	ok	C=C(C)C1CC=C(C)C(OC2OC(CO)C(O)C(O)C2O)C1	IPOIBBMZOXJYFV-UHFFFAOYSA-N	C16H26O6
external	IPWKIXLWTCNBKN-UHFFFAOYSA-N	Cc1ncc([N+](=O)[O-])n1CC(O)CCl	ok	Cc1ncc([N+](=O)[O-])n1CC(O)CCl	IPWKIXLWTCNBKN-UHFFFAOYSA-N	C7H10ClN3O3
external	IPZHIWYVRSTEKX-UHFFFAOYSA-N	CCC(O)C1CC(C)C2(CC(=O)C3(C)C4=C(CCC32C)C2(C)CCC(=O)C(C)(CO)C2CC4)O1	ok	CCC(O)C1CC(C)C2(CC(=O)C3(C)C4=C(CCC32C)C2(C)CCC(=O)C(C)(CO)C2CC4)O1	IPZHIWYVRSTEKX-UHFFFAOYSA-N	C29H44O5
external	IQPSEEYGBUAQFF-UHFFFAOYSA-N	COc1ccnc(CS(=O)c2nc3ccc(OC(F)F)cc3[nH]2)c1OC	ok	COc1ccnc(C[S+]([O-])c2nc3cc(OC(F)F)ccc3[nH]2)c1OC	IQPSEEYGBUAQFF-UHFFFAOYSA-N	C16H15F2N3O4S
external	IQRQEGPSHLXODZ-UHFFFAOYSA-N	CCCCCCCCCCCCCC=CC(O)C(COC1OC(CO)C(OC2OC(CO)C(O)C(O)C2O)C(O)C1O)N=C(O)CCCCCCCCCCCCCCCCCCCCCCCCC	ok	CCCCCCCCCCCCCC=CC(O)C(COC1OC(CO)C(OC2OC(CO)C(O)C(O)C2O)C(O)C1O)NC(=O)CCCCCCCCCCCCCCCCCCCCCCCCC	IQRQEGPSHLXODZ-UHFFFAOYSA-N	C56H107NO13
external	IQUFSXIQAFPIMR-UHFFFAOYSA-N	CC(Cc1ccccc1)NCCC#N	ok	CC(Cc1ccccc1)NCCC#N	IQUFSXIQAFPIMR-UHFFFAOYSA-N	C12H16N2
external	IQUMPOPXFXDEJZ-UHFFFAOYSA-N	COC(=O)OC12COC1CC(O)C1(C)C(=O)C(OC(C)=O)=C3C(C)C(OC(=O)C(O)C(N=C(O)OC(C)(C)C)C(C)(C)C)CC(O)(C(OC(=O)c4ccccc4)C21)C3(C)C	ok	COC(=O)OC12COC1CC(O)C1(C)C(=O)C(OC(C)=O)=C3C(C)C(OC(=O)C(O)C(NC(=O)OC(C)(C)C)C(C)(C)C)CC(O)(C(OC(=O)c4ccccc4)C21)C3(C)C	IQUMPOPXFXDEJZ-UHFFFAOYSA-N	C43H59NO16
external	IQVRBWUUXZMOPW-UHFFFAOYSA-N	CCn1c(=O)c2c(nc(C=Cc3ccc(OC)c(OC)c3)n2C)n(CC)c1=O	ok	CCn1c(=O)c2c(nc(C=Cc3ccc(OC)c(OC)c3)n2C)n(CC)c1=O	IQVRBWUUXZMOPW-UHFFFAOYSA-N	C20H24N4O4
external	IQWPEJBUOJQPDE-UHFFFAOYSA-N	CC(=O)CC(c1ccccc1)c1c(O)c2cc(O)ccc2oc1=O	ok	CC(=O)CC(c1ccccc1)c1c(O)c2cc(O)ccc2oc1=O	IQWPEJBUOJQPDE-UHFFFAOYSA-N	C19H16O5
external	IQXXEPZFOOTTBA-UHFFFAOYSA-N	c1ccc(CN2CCNCC2)cc1	ok	c1ccc(CN2CCNCC2)cc1	IQXXEPZFOOTTBA-UHFFFAOYSA-N	C11H16N2
external	IRLWJILLXJGJTD-UHFFFAOYSA-N	COc1ccc(OC(=O)N(CC(=O)O)Cc2ccc(OCCc3nc(-c4ccccc4)oc3C)cc2)cc1	ok	COc1ccc(OC(=O)N(CC(=O)O)Cc2ccc(OCCc3nc(-c4ccccc4)oc3C)cc2)cc1	IRLWJILLXJGJTD-UHFFFAOYSA-N	C29H28N2O7
external	IROINLKCQGIITA-UHFFFAOYSA-N	CCN=c1nc(NC(C)(C)C)[nH]c(SC)n1	ok	CCNc1nc(NC(C)(C)C)nc(SC)n1	IROINLKCQGIITA-UHFFFAOYSA-N	C10H19N5S
external	IRYJRGCIQBGHIV-UHFFFAOYSA-N	CN1C(=O)OC(C)(C)C1=O	ok	CN1C(=O)OC(C)(C)C1=O	IRYJRGCIQBGHIV-UHFFFAOYSA-N	C6H9NO3
external	ISBYPYUIOMMYGS-UHFFFAOYSA-N	COC(=O)C1=C(C)N=C(C)C(C(=O)OCC=Cc2ccccc2)C1c1cccc([N+](=O)[O-])c1	ok	COC(=O)C1=C(C)N=C(C)C(C(=O)OCC=Cc2ccccc2)C1c1cccc([N+](=O)[O-])c1	ISBYPYUIOMMYGS-UHFFFAOYSA-N	C25H24N2O6
external	ISDBWOPVZKNQDW-UHFFFAOYSA-N	O=Cc1ccc(-c2ccccc2)cc1	ok	O=Cc1ccc(-c2ccccc2)cc1	ISDBWOPVZKNQDW-UHFFFAOYSA-N	C13H10O
external	ISGIJSAAZOHCAE-UHFFFAOYSA-N	C=CC(C)(CCC=C(C)CCC=C(C)C(O)CC=C(C)COC1OC(CO)C(O)C(O)C1O)OC1OC(CO)C(O)C(O)C1O	ok	C=CC(C)(CCC=C(C)CCC=C(C)C(O)CC=C(C)COC1OC(CO)C(O)C(O)C1O)OC1OC(CO)C(O)C(O)C1O	ISGIJSAAZOHCAE-UHFFFAOYSA-N	C32H54O13
external	ISHXLNHNDMZNMC-UHFFFAOYSA-N	C#CC1(O)CCC2C3CCC4=CC(=NO)CCC4C3CCC21CC	ok	C#CC1(O)CCC2C3CCC4=CC(=NO)CCC4C3CCC21CC	ISHXLNHNDMZNMC-UHFFFAOYSA-N	C21H29NO2
external	ISJVOEOJQLKSJU-UHFFFAOYSA-N	CC(O)C(C)n1ncn(-c2ccc(N3CCN(c4ccc(OCC5COC(Cn6cncn6)(c6ccc(Cl)cc6Cl)O5)cc4)CC3)cc2)c1=O	ok	CC(O)C(C)n1ncn(-c2ccc(N3CCN(c4ccc(OCC5COC(Cn6cncn6)(c6ccc(Cl)cc6Cl)O5)cc4)CC3)cc2)c1=O	ISJVOEOJQLKSJU-UHFFFAOYSA-N	C35H38Cl2N8O5
external	ISSKLTGTEWBALZ-UHFFFAOYSA-N	CC(C)C1CC2C3(C)CC4(O)OC(C5C(C)C(OC6OC(CO)C(O)C(O)C6O)CC53O)C2(O)C14C	ok	CC(C)C1CC2C3(C)CC4(O)OC(C5C(C)C(OC6OC(CO)C(O)C(O)C6O)CC53O)C2(O)C14C	ISSKLTGTEWBALZ-UHFFFAOYSA-N	C26H42O10
external	ISWRGOKTTBVCFA-UHFFFAOYSA-N	Cc1ccc(=O)n(-c2ccccc2)c1	ok	Cc1ccc(=O)n(-c2ccccc2)c1	ISWRGOKTTBVCFA-UHFFFAOYSA-N	C12H11NO
external	ISWSIDIOOBJBQZ-UHFFFAOYSA-N	Oc1ccccc1	ok	Oc1ccccc1	ISWSIDIOOBJBQZ-UHFFFAOYSA-N	C6H6O
external	ISZNZKHCRKXXAU-UHFFFAOYSA-N	CC(C)NC(=N)NC(=N)Nc1ccc(Cl)c(Cl)c1	ok	CC(C)N=C(N)N=C(N)Nc1ccc(Cl)c(Cl)c1	ISZNZKHCRKXXAU-UHFFFAOYSA-N	C11H15Cl2N5
external	ITRJWOMZKQRYTA-UHFFFAOYSA-N	CC(=O)OCC(=O)C1(O)CCC2C3CCC4=CC(=O)CCC4(C)C3C(=O)CC21C	ok	CC(=O)OCC(=O)C1(O)CCC2C3CC=C4CC(=O)CCC4(C)C3C(=O)CC21C	SLEIAHSDXRGERW-UHFFFAOYSA-N	C23H30O6
external	ITTILXNWLDHOGR-UHFFFAOYSA-N	CC1OC(OC2C(O)C(C(=O)O)OC(OC3CCC4(C)C(CCC5(C)C4CC=C4C6CC(C)(C)CCC6(C(=O)OC6OC(C)C(O)C(O)C6OC6OC(C)C(OC7OCC(O)C(O)C7O)C(OC7OC(CO)C(O)C(OC8OCC(O)C(O)C8O)C7O)C6O)CCC45C)C3(C)C=O)C2OC2OC(CO)C(O)C(O)C2O)C(O)C(O)C1O	ok	CC1OC(OC2C(O)C(C(=O)O)OC(OC3CCC4(C)C(CCC5(C)C4CC=C4C6CC(C)(C)CCC6(C(=O)OC6OC(C)C(O)C(O)C6OC6OC(C)C(OC7OCC(O)C(O)C7O)C(OC7OC(CO)C(O)C(OC8OCC(O)C(O)C8O)C7O)C6O)CCC45C)C3(C)C=O)C2OC2OC(CO)C(O)C(O)C2O)C(O)C(O)C1O	ITTILXNWLDHOGR-UHFFFAOYSA-N	C76H120O40
external	IUBSYMUCCVWXPE-UHFFFAOYSA-N	COCCc1ccc(OCC(O)CNC(C)C)cc1	ok	COCCc1ccc(OCC(O)CNC(C)C)cc1	IUBSYMUCCVWXPE-UHFFFAOYSA-N	C15H25NO3
external	IUGDILGOLSSKNE-UHFFFAOYSA-N	Oc1ccc(C(c2ccc(O)cc2)C(Cl)(Cl)Cl)cc1	ok	Oc1ccc(C(c2ccc(O)cc2)C(Cl)(Cl)Cl)cc1	IUGDILGOLSSKNE-UHFFFAOYSA-N	C14H11Cl3O2
external	IUJDSEJGGMCXSG-UHFFFAOYSA-N	CCCC(C)C1(CC)C(O)=NC(=S)N=C1O	ok	CCCC(C)C1(CC)C(=O)NC(=S)NC1=O	IUJDSEJGGMCXSG-UHFFFAOYSA-N	C11H18N2O2S
external	IVBHGBMCVLDMKU-UHFFFAOYSA-N	CCN1CCN(C(O)=NC(C(O)=NC2C(=O)N3C2SC(C)(C)C3C(=O)O)c2ccccc2)C(=O)C1=O	ok	CCN1CCN(C(=O)NC(C(=O)NC2C(=O)N3C2SC(C)(C)C3C(=O)O)c2ccccc2)C(=O)C1=O	IVBHGBMCVLDMKU-UHFFFAOYSA-N	C23H27N5O7S
external	IVBOBIWEQHPIEN-UHFFFAOYSA-N	CCCCCCCCCCCCCC=CC(O)C(COC1OC(CO)C(OC2OC(CO)C(OC3OC(CO)C(O)C(OC4OC(CO)C(O)C(OC5(C(=O)O)CC(O)C(N=C(C)O)C(C(O)C(O)CO)O5)C4O)C3CC(C)=O)C(OC3(C(=O)O)CC(O)C(N=C(C)O)C(C(O)C(CO)OC4(C(=O)O)CC(O)C(N=C(C)O)C(C(O)C(O)CO)O4)O3)C2O)C(O)C1O)N=C(O)CCCCCCCCCCCCCCCCCCCCC	ok	CCCCCCCCCCCCCC=CC(O)C(COC1OC(CO)C(OC2OC(CO)C(OC3OC(CO)C(O)C(OC4OC(CO)C(O)C(OC5(C(=O)O)CC(O)C(NC(C)=O)C(C(O)C(O)CO)O5)C4O)C3CC(C)=O)C(OC3(C(=O)O)CC(O)C(NC(C)=O)C(C(O)C(CO)OC4(C(=O)O)CC(O)C(NC(C)=O)C(C(O)C(O)CO)O4)O3)C2O)C(O)C1O)NC(=O)CCCCCCCCCCCCCCCCCCCCC	IVBOBIWEQHPIEN-UHFFFAOYSA-N	C100H174N4O47
external	IVFSOOIWIYPDLX-UHFFFAOYSA-N	CN(C)c1ccc2cc(C=O)ccc2c1	ok	CN(C)c1ccc2cc(C=O)ccc2c1	IVFSOOIWIYPDLX-UHFFFAOYSA-N	C13H13NO
external	IVLCGFRPPGNALI-UHFFFAOYSA-N	Cc1cc2c([nH]c1=N)[nH]c1ccccc12	ok	Cc1cc2c(nc1N)[nH]c1ccccc12	IVLCGFRPPGNALI-UHFFFAOYSA-N	C12H11N3
external	IVSZLXZYQVIEFR-UHFFFAOYSA-N	Cc1cccc(C)c1	ok	Cc1cccc(C)c1	IVSZLXZYQVIEFR-UHFFFAOYSA-N	C8H10
external	IVVNZDGDKPTYHK-UHFFFAOYSA-N	CC(NC(=NC#N)N=c1cc[nH]cc1)C(C)(C)C	ok	CC(N=C(N=c1cc[nH]cc1)NC#N)C(C)(C)C	IVVNZDGDKPTYHK-UHFFFAOYSA-N	C13H19N5
external	IWAUXKQGXMTXLR-UHFFFAOYSA-N	CC[N+](C)(CC)CCc1c(C)c2ccc(OC)cc2oc1=O	ok	CC[N+](C)(CC)CCc1c(C)c2ccc(OC)cc2oc1=O	IWAUXKQGXMTXLR-UHFFFAOYSA-N	C18H26NO3+
external	IWDCLRJOBJJRNH-UHFFFAOYSA-N	Cc1ccc(O)cc1	ok	Cc1ccc(O)cc1	IWDCLRJOBJJRNH-UHFFFAOYSA-N	C7H8O
external	IWIANZLCJVYEFX-UHFFFAOYSA-N	O=C(O)C(Cc1ccccc1)N=C(O)C1CCCN1	ok	O=C(O)C(Cc1ccccc1)NC(=O)C1CCCN1	IWIANZLCJVYEFX-UHFFFAOYSA-N	C14H18N2O3
external	IWJBVMJWSPZNJH-UHFFFAOYSA-N	CCOC1OC(C(=O)O)C(O)C(O)C1O	ok	CCOC1OC(C(=O)O)C(O)C(O)C1O	IWJBVMJWSPZNJH-UHFFFAOYSA-N	C8H14O7
external	IWPOSDLLFZKGOW-UHFFFAOYSA-N	CCCCC=CCC(=O)O	ok	CCCCC=CCC(=O)O	IWPOSDLLFZKGOW-UHFFFAOYSA-N	C8H14O2
external	IXAPYQICIDTITB-UHFFFAOYSA-N	CN1CCN2c3cc(O)ccc3Cc3ccccc3C2C1	ok	CN1CCN2c3cc(O)ccc3Cc3ccccc3C2C1	IXAPYQICIDTITB-UHFFFAOYSA-N	C18H20N2O
external	IXEQEYRTSRFZEO-UHFFFAOYSA-N	COc1ccc2nc(S(=O)(=O)Cc3ncc(C)c(OC)c3C)[nH]c2c1	ok	COc1ccc2[nH]c(S(=O)(=O)Cc3ncc(C)c(OC)c3C)nc2c1	IXEQEYRTSRFZEO-UHFFFAOYSA-N	C17H19N3O4S
external	IXHBTMCLRNMKHZ-UHFFFAOYSA-N	CC(C)(C)NCC(O)COc1cccc2c1CCCC2=O	ok	CC(C)(C)NCC(O)COc1cccc2c1CCCC2=O	IXHBTMCLRNMKHZ-UHFFFAOYSA-N	C17H25NO3
external	IXOVDWXTIIYVOJ-UHFFFAOYSA-N	CCCN1CCCCC1C(O)=Nc1c(C)ccc(O)c1C	ok	CCCN1CCCCC1C(=O)Nc1c(C)ccc(O)c1C	IXOVDWXTIIYVOJ-UHFFFAOYSA-N	C17H26N2O2
external	IXRPKRWXUJOOBZ-UHFFFAOYSA-N	CC(=O)OCC(C)=CCCC1(C)C2CC3C(C2)C31C	ok	CC(=O)OCC(C)=CCCC1(C)C2CC3C(C2)C31C	IXRPKRWXUJOOBZ-UHFFFAOYSA-N	C17H26O2
external	IXSVOCGZBUJEPI-UHFFFAOYSA-N	COC1C=COC2(C)Oc3c(C)c(O)c4c(=O)c(c5oc6cc(N7CCN(CC(C)C)CC7)cc(=O)c6nc5c4c3=C2O)N=C(O)C(C)=CC=CC(C)C(O)C(C)C(O)C(C)C(OC(C)=O)C1C	tautomer_MaxTransformsReached			C51H64N4O13
external	IXTMWRCNAAVVAI-UHFFFAOYSA-N	CN(CCOc1ccc(NS(C)(=O)=O)cc1)CCc1ccc(NS(C)(=O)=O)cc1	ok	CN(CCOc1ccc(NS(C)(=O)=O)cc1)CCc1ccc(NS(C)(=O)=O)cc1	IXTMWRCNAAVVAI-UHFFFAOYSA-N	C19H27N3O5S2
external	IYFNEFQTYQPVOC-UHFFFAOYSA-N	CCCOc1ccc(S(=O)(=O)NCCC2CCCN2C)cc1-c1nc2c(CCC)nn(C)c2c(=O)[nH]1	ok	CCCOc1ccc(S(=O)(=O)NCCC2CCCN2C)cc1-c1nc(=O)c2c([nH]1)c(CCC)nn2C	IYFNEFQTYQPVOC-UHFFFAOYSA-N	C25H36N6O4S
external	IYIKLHRQXLHMJQ-UHFFFAOYSA-N	CCCCc1oc2ccccc2c1C(=O)c1cc(I)c(OCCN(CC)CC)c(I)c1	ok	CCCCc1oc2ccccc2c1C(=O)c1cc(I)c(OCCN(CC)CC)c(I)c1	IYIKLHRQXLHMJQ-UHFFFAOYSA-N	C25H29I2NO3
external	IYRMWMYZSQPJKC-UHFFFAOYSA-N	O=c1c(O)c(-c2ccc(O)cc2)oc2cc(O)cc(O)c12	ok	O=c1c(O)c(-c2ccc(O)cc2)oc2cc(O)cc(O)c12	IYRMWMYZSQPJKC-UHFFFAOYSA-N	C15H10O6
external	IYYGBZJXHJSLEV-UHFFFAOYSA-N	CCc1ccc(CCOc2ccc(Cc3sc(O)nc3O)cc2)nc1	ok	CCc1ccc(CCOc2ccc(Cc3sc(=O)[nH]c3O)cc2)nc1	IYYGBZJXHJSLEV-UHFFFAOYSA-N	C19H20N2O3S
external	IZBNNCFOBMGTQX-UHFFFAOYSA-N	CCc1nn(CCCN2CCN(c3cccc(Cl)c3)CC2)c(=O)n1CC	ok	CCc1nn(CCCN2CCN(c3cccc(Cl)c3)CC2)c(=O)n1CC	IZBNNCFOBMGTQX-UHFFFAOYSA-N	C19H28ClN5O
external	IZEKFCXSFNUWAM-UHFFFAOYSA-N	OCCN(CCO)c1nc(N2CCCCC2)c2nc(N(CCO)CCO)nc(N3CCCCC3)c2n1	ok	OCCN(CCO)c1nc(N2CCCCC2)c2nc(N(CCO)CCO)nc(N3CCCCC3)c2n1	IZEKFCXSFNUWAM-UHFFFAOYSA-N	C24H40N8O4
external	IZJDOKYDEWTZSO-UHFFFAOYSA-N	S=C=NCCc1ccccc1	ok	S=C=NCCc1ccccc1	IZJDOKYDEWTZSO-UHFFFAOYSA-N	C9H9NS
external	IZRHKURJIQCXMT-UHFFFAOYSA-N	Oc1ccc(OC(F)(F)F)cc1CNC1CCCNC1c1ccccc1	ok	Oc1ccc(OC(F)(F)F)cc1CNC1CCCNC1c1ccccc1	IZRHKURJIQCXMT-UHFFFAOYSA-N	C19H21F3N2O2
external	IZVFFXVYBHFIHY-UHFFFAOYSA-N	CC(C)CCCC(C)C1CCC2C3=CCC4CC(O)CCC4(C)C3CCC21C	ok	CC(C)CCCC(C)C1CCC2C3=CCC4CC(O)CCC4(C)C3CCC21C	IZVFFXVYBHFIHY-UHFFFAOYSA-N	C27H46O
external	IZXJPGLOYYDHRM-UHFFFAOYSA-N	CCCc1ccc2ccccc2n1	ok	CCCc1ccc2ccccc2n1	IZXJPGLOYYDHRM-UHFFFAOYSA-N	C12H13N
external	IZYVWRVNTCGCKC-UHFFFAOYSA-N	COc1cc(C=CC(=O)OCC2OC(Oc3c(-c4ccc(O)cc4)oc4cc(OC5OC(CO)C(O)C(O)C5O)cc(O)c4c3=O)C(OC3OC(CO)C(O)C(O)C3O)C(O)C2O)ccc1O	ok	COc1cc(C=CC(=O)OCC2OC(Oc3c(-c4ccc(O)cc4)oc4cc(OC5OC(CO)C(O)C(O)C5O)cc(O)c4c3=O)C(OC3OC(CO)C(O)C(O)C3O)C(O)C2O)ccc1O	IZYVWRVNTCGCKC-UHFFFAOYSA-N	C43H48O24
external	JACPUZOKPSTMTK-UHFFFAOYSA-N	OCCCOc1cccc(CN2CCCCC2)c1	ok	OCCCOc1cccc(CN2CCCCC2)c1	JACPUZOKPSTMTK-UHFFFAOYSA-N	C15H23NO2
external	JAQGKXUEKGKTKX-UHFFFAOYSA-N	NC(Cc1ccc(O)cc1)C(O)=NC(Cc1ccc(O)cc1)C(=O)O	ok	NC(Cc1ccc(O)cc1)C(=O)NC(Cc1ccc(O)cc1)C(=O)O	JAQGKXUEKGKTKX-UHFFFAOYSA-N	C18H20N2O5
external	JAQUASYNZVUNQP-UHFFFAOYSA-N	CN1CCC23CCCCC2C1Cc1ccc(O)cc13	ok	CN1CCC23CCCCC2C1Cc1ccc(O)cc13	JAQUASYNZVUNQP-UHFFFAOYSA-N	C17H23NO
external	JAUOIFJMECXRGI-UHFFFAOYSA-N	Clc1ccc2c(c1)CCc1cccnc1C2=C1CCNCC1	ok	Clc1ccc2c(c1)CCc1cccnc1C2=C1CCNCC1	JAUOIFJMECXRGI-UHFFFAOYSA-N	C19H19ClN2
external	JAZBEHYOTPTENJ-UHFFFAOYSA-N	CCC=CCC=CCC=CCC=CCC=CCCCC(=O)O	ok	CCC=CCC=CCC=CCC=CCC=CCCCC(=O)O	JAZBEHYOTPTENJ-UHFFFAOYSA-N	C20H30O2
external	JAZJDNUIJLZFSZ-SOFGYWHQSA-N	CC(O)=NC(CS/C(F)=C(/OCF)C(F)F)C(=O)O	ok	CC(=O)NC(CSC(F)=C(OCF)C(F)F)C(=O)O	JAZJDNUIJLZFSZ-UHFFFAOYSA-N	C9H11F4NO4S
external	JAZJDNUIJLZFSZ-UHFFFAOYSA-N	CC(O)=NC(CSC(F)=C(OCF)C(F)F)C(=O)O	ok	CC(=O)NC(CSC(F)=C(OCF)C(F)F)C(=O)O	JAZJDNUIJLZFSZ-UHFFFAOYSA-N	C9H11F4NO4S
external	JBBNVKWFZYFPIG-UHFFFAOYSA-N	CC(=CCOc1c2ccoc2cc2oc(=O)ccc12)CCC(C)(C)C=O	ok	CC(=CCOc1c2ccoc2cc2oc(=O)ccc12)CCC(C)(C)C=O	JBBNVKWFZYFPIG-UHFFFAOYSA-N	C21H22O5
external	JBCLFWXMTIKCCB-UHFFFAOYSA-N	NCC(O)=NC(Cc1ccccc1)C(=O)O	ok	NCC(=O)NC(Cc1ccccc1)C(=O)O	JBCLFWXMTIKCCB-UHFFFAOYSA-N	C11H14N2O3
external	JBDGDEWWOUBZPM-UHFFFAOYSA-N	Nc1c(Br)cc(Br)cc1CNC1CCC(O)CC1	ok	Nc1c(Br)cc(Br)cc1CNC1CCC(O)CC1	JBDGDEWWOUBZPM-UHFFFAOYSA-N	C13H18Br2N2O
external	JBFWMELKDTZMHB-UHFFFAOYSA-N	CCCCCCCCCCCCCCCCCC(O)=NC(COC1OC(CO)C(OC2OC(CO)C(OC3OC(CO)C(O)C(OC4OC(CO)C(O)C(OC5(C(=O)O)CC(O)C(N=C(C)O)C(C(O)C(O)CO)O5)C4O)C3CC(C)=O)C(OC3(C(=O)O)CC(O)C(N=C(C)O)C(C(O)C(CO)OC4(C(=O)O)CC(O)C(N=C(C)O)C(C(O)C(O)CO)O4)O3)C2O)C(O)C1O)C(O)CCCCCCCCCCCCCCC	ok	CCCCCCCCCCCCCCCCCC(=O)NC(COC1OC(CO)C(OC2OC(CO)C(OC3OC(CO)C(O)C(OC4OC(CO)C(O)C(OC5(C(=O)O)CC(O)C(NC(C)=O)C(C(O)C(O)CO)O5)C4O)C3CC(C)=O)C(OC3(C(=O)O)CC(O)C(NC(C)=O)C(C(O)C(CO)OC4(C(=O)O)CC(O)C(NC(C)=O)C(C(O)C(O)CO)O4)O3)C2O)C(O)C1O)C(O)CCCCCCCCCCCCCCC	JBFWMELKDTZMHB-UHFFFAOYSA-N	C96H168N4O47
external	JBFYFLXEJFQWMU-UHFFFAOYSA-N	N=C(O)CCC(N=C(O)CCC(N)C(=O)O)C(=O)O	ok	NC(=O)CCC(NC(=O)CCC(N)C(=O)O)C(=O)O	JBFYFLXEJFQWMU-UHFFFAOYSA-N	C10H17N3O6
external	JBIJLHTVPXGSAM-UHFFFAOYSA-N	Nc1ccc2ccccc2c1	ok	Nc1ccc2ccccc2c1	JBIJLHTVPXGSAM-UHFFFAOYSA-N	C10H9N
external	JBIMVDZLSHOPLA-UHFFFAOYSA-N	CN(C)CCC=C1c2ccccc2COc2ccc(CC(=O)O)cc21	ok	CN(C)CCC=C1c2ccccc2COc2ccc(CC(=O)O)cc21	JBIMVDZLSHOPLA-UHFFFAOYSA-N	C21H23NO3
external	JBSAZVIMJUOBNB-UHFFFAOYSA-N	COC(=O)C(c1ccccc1Cl)N1CCC2SC(=O)C=C2C1	ok	COC(=O)C(c1ccccc1Cl)N1CCC2SC(=O)C=C2C1	JBSAZVIMJUOBNB-UHFFFAOYSA-N	C16H16ClNO3S
external	JBYNUUNOLLCWRY-UHFFFAOYSA-N	CCN(CC)c1ccc2cc(-c3nnc(-c4ccccc4)s3)c(=O)oc2c1	ok	CCN(CC)c1ccc2cc(-c3nnc(-c4ccccc4)s3)c(=O)oc2c1	JBYNUUNOLLCWRY-UHFFFAOYSA-N	C21H19N3O2S
external	JBYXPOFIGCOSSB-UHFFFAOYSA-N	CCCCCCC=CC=CCCCCCCCC(=O)O	ok	CCCCCCC=CC=CCCCCCCCC(=O)O	JBYXPOFIGCOSSB-UHFFFAOYSA-N	C18H32O2
external	JCCNYMKQOSZNPW-UHFFFAOYSA-N	CCOC(=O)N1CCC(=C2c3ccc(Cl)cc3CCc3cccnc32)CC1	ok	CCOC(=O)N1CCC(=C2c3ccc(Cl)cc3CCc3cccnc32)CC1	JCCNYMKQOSZNPW-UHFFFAOYSA-N	C22H23ClN2O2
external	JCKYGMPEJWAADB-UHFFFAOYSA-N	O=C(O)CCCc1ccc(N(CCCl)CCCl)cc1	ok	O=C(O)CCCc1ccc(N(CCCl)CCCl)cc1	JCKYGMPEJWAADB-UHFFFAOYSA-N	C14H19Cl2NO2
external	JCLHQFUTFHUXNN-UHFFFAOYSA-N	CCOC(=O)C(c1c(O)c2ccccc2oc1=O)c1c(O)c2ccccc2oc1=O	ok	CCOC(=O)C(c1c(O)c2ccccc2oc1=O)c1c(O)c2ccccc2oc1=O	JCLHQFUTFHUXNN-UHFFFAOYSA-N	C22H16O8
external	JDOZJEUDSLGTLU-UHFFFAOYSA-N	CC12C=CC(=O)C=C1CCC1C2C(O)CC2(C)C1CCC2(O)C(=O)COP(=O)(O)O	ok	CC12C=CC(=O)C=C1CCC1C2C(O)CC2(C)C1CCC2(O)C(=O)COP(=O)(O)O	JDOZJEUDSLGTLU-UHFFFAOYSA-N	C21H29O8P
external	JECYUBVRTQDVAT-UHFFFAOYSA-N	CC(=O)c1ccccc1O	ok	CC(=O)c1ccccc1O	JECYUBVRTQDVAT-UHFFFAOYSA-N	C8H8O2
external	JEEOZKGYSUUAAU-UHFFFAOYSA-N	CCc1csc(C)n1	ok	CCc1csc(C)n1	JEEOZKGYSUUAAU-UHFFFAOYSA-N	C6H9NS
external	JEGUVXRNDRXUDN-UHFFFAOYSA-N	C=CC(=C)CCC1C(=C)CCC2C(C)(C(=O)O)CCCC12C	ok	C=CC(=C)CCC1C(=C)CCC2C(C)(C(=O)O)CCCC12C	JEGUVXRNDRXUDN-UHFFFAOYSA-N	C20H30O2
external	JEJFTTRHGBKKEI-UHFFFAOYSA-N	COc1cc2c(c(OC)c1OC)-c1c(cc(OC)c(OC)c1OC)CC(C)C(C)C2	ok	COc1cc2c(c(OC)c1OC)-c1c(cc(OC)c(OC)c1OC)CC(C)C(C)C2	JEJFTTRHGBKKEI-UHFFFAOYSA-N	C24H32O6
external	JEYCTXHKTXCGPB-UHFFFAOYSA-N	Cc1ccccc1-n1c(C)nc2ccccc2c1=O	ok	Cc1ccccc1-n1c(C)nc2ccccc2c1=O	JEYCTXHKTXCGPB-UHFFFAOYSA-N	C16H14N2O
external	JFAPKKOOIAVSGI-UHFFFAOYSA-N	CC1OC(OC2C(OC3C(OC4CCC5(C)C(CCC6(C)C5CC=C5C7CC(C)(C)CC(O)C7(C)CCC56C)C4(C)CO)OC(C(=O)O)C(O)C3O)OC(CO)C(O)C2OC2OCC(O)C(O)C2O)C(O)C(O)C1O	ok	CC1OC(OC2C(OC3C(OC4CCC5(C)C(CCC6(C)C5CC=C5C7CC(C)(C)CC(O)C7(C)CCC56C)C4(C)CO)OC(C(=O)O)C(O)C3O)OC(CO)C(O)C2OC2OCC(O)C(O)C2O)C(O)C(O)C1O	JFAPKKOOIAVSGI-UHFFFAOYSA-N	C53H86O22
external	JFKCVAZSEWPOIX-UHFFFAOYSA-N	CC1CCC(C(C)C)C(OC(=O)OCCO)C1	ok	CC1CCC(C(C)C)C(OC(=O)OCCO)C1	JFKCVAZSEWPOIX-UHFFFAOYSA-N	C13H24O4
external	JFMNRCSZAUKVCF-UHFFFAOYSA-J	CC(O)(CCO)CC(=O)SCCN=C([O-])CCN=C([O-])C(O)C(C)(C)COP(=O)(O)OP(=O)(O)OCC1OC(n2cnc3c(N)ncnc32)C(O)C1OP(=O)([O-])[O-]	ok	CC(O)(CCO)CC(=O)SCCNC(=O)CCNC(=O)C(O)C(C)(C)COP(=O)(O)OP(=O)(O)OCC1OC(n2cnc3c(N)ncnc32)C(O)C1OP(=O)(O)O	JFMNRCSZAUKVCF-UHFFFAOYSA-N	C27H46N7O19P3S
external	JFTBERIHMIFXML-UHFFFAOYSA-N	CC(C)(C=CCC(C)(OC1OC(CO)C(O)C(O)C1O)C1CCC2(C)C1C(O)CC1C3(C)CCC(O)C(C)(C)C3C(O)CC12C)OO	ok	CC(C)(C=CCC(C)(OC1OC(CO)C(O)C(O)C1O)C1CCC2(C)C1C(O)CC1C3(C)CCC(O)C(C)(C)C3C(O)CC12C)OO	JFTBERIHMIFXML-UHFFFAOYSA-N	C36H62O11
external	JGCMEBMXRHSZKX-UHFFFAOYSA-N	CCCNS(=O)(=O)N=c1nc[nH]c(OCCOc2ncc(Br)cn2)c1-c1ccc(Br)cc1	ok	CCCNS(=O)(=O)Nc1ncnc(OCCOc2ncc(Br)cn2)c1-c1ccc(Br)cc1	JGCMEBMXRHSZKX-UHFFFAOYSA-N	C19H20Br2N6O4S
external	JGEGJYXHCFUMJF-UHFFFAOYSA-N	CC(C)CCC=O	ok	CC(C)CCC=O	JGEGJYXHCFUMJF-UHFFFAOYSA-N	C6H12O
external	JGFONUZHXXBGTF-UHFFFAOYSA-N	COc1ccc(OC(F)(F)F)cc1CN	ok	COc1ccc(OC(F)(F)F)cc1CN	JGFONUZHXXBGTF-UHFFFAOYSA-N	C9H10F3NO2
external	JGMOKGBVKVMRFX-UHFFFAOYSA-N	CC(=O)C1CCC2C3C=CC4=CC(=O)CCC4(C)C3CCC12C	ok	CC(=O)C1CCC2C3=CC=C4CC(=O)CCC4(C)C3CCC12C	CCTOEXCQYMSSED-UHFFFAOYSA-N	C21H28O2
external	JGPMMRGNQUBGND-UHFFFAOYSA-N	COC1=C(OC)C(=O)C(CCCCCCCCCCO)=C(C)C1=O	ok	COc1c(O)c(C)c(C=CCCCCCCCCO)c(O)c1OC	DAIXANOXBPTONE-UHFFFAOYSA-N	C19H30O5
external	JGWRKYUXBBNENE-UHFFFAOYSA-N	FC(F)(F)c1ccc(CNc2ccc(Cc3c[nH]c4ncc(Cl)cc34)cn2)cn1	ok	FC(F)(F)c1ccc(CNc2ccc(Cc3c[nH]c4ncc(Cl)cc34)cn2)cn1	JGWRKYUXBBNENE-UHFFFAOYSA-N	C20H15ClF3N5
external	JGWUTUVYGXAJGV-UHFFFAOYSA-N	CC(O)=NC1C(O)CC(OC2C(O)C(CO)OC(OC3C(O)C(CO)OC(OC4C(O)C(CO)OC(OC(C(=O)C(O)CO)C(O)CO)C4O)C3N=C(C)O)C2O)(C(=O)O)OC1C(O)C(O)CO	ok	CC(=O)NC1C(O)CC(OC2C(O)C(CO)OC(OC3C(O)C(CO)OC(OC4C(O)C(CO)OC(OC(C(=O)C(O)CO)C(O)CO)C4O)C3NC(C)=O)C2O)(C(=O)O)OC1C(O)C(O)CO	JGWUTUVYGXAJGV-UHFFFAOYSA-N	C37H62N2O29
external	JHKXZYLNVJRAAJ-UHFFFAOYSA-N	CSCCC(N)C(O)=NC(C)C(=O)O	ok	CSCCC(N)C(=O)NC(C)C(=O)O	JHKXZYLNVJRAAJ-UHFFFAOYSA-N	C8H16N2O3S
external	JHYXBPPMXZIHKG-UHFFFAOYSA-N	O=C1c2ccc(O)cc2OCC1c1ccc(O)cc1	ok	O=C1c2ccc(O)cc2OCC1c1ccc(O)cc1	JHYXBPPMXZIHKG-UHFFFAOYSA-N	C15H12O4
external	JICJBGPOMZQUBB-UHFFFAOYSA-N	CN1c2ccccc2C(NCCCCCCC(=O)O)c2ccc(Cl)cc2S1(=O)=O	ok	CN1c2ccccc2C(NCCCCCCC(=O)O)c2ccc(Cl)cc2S1(=O)=O	JICJBGPOMZQUBB-UHFFFAOYSA-N	C21H25ClN2O4S
external	JIFNDZCDNLFAKC-UHFFFAOYSA-N	CC(C)CCCC(C)C1CCC2C3C(O)CC4(C(=O)O)CC(O)CCC4(C)C3CC(O)C12C	ok	CC(C)CCCC(C)C1CCC2C3C(O)CC4(C(=O)O)CC(O)CCC4(C)C3CC(O)C12C	JIFNDZCDNLFAKC-UHFFFAOYSA-N	C28H48O5
external	JIVPVXMEBJLZRO-UHFFFAOYSA-N	NS(=O)(=O)c1cc(C2(O)N=C(O)c3ccccc32)ccc1Cl	ok	NS(=O)(=O)c1cc(C2(O)NC(=O)c3ccccc32)ccc1Cl	JIVPVXMEBJLZRO-UHFFFAOYSA-N	C14H11ClN2O4S
external	JJGYGPZNTOPXGV-UHFFFAOYSA-N	CC(=O)OC1C=CC2C3Cc4ccc(O)c5c4C2(CCN3C)C1O5	ok	CC(=O)OC1C=CC2C3Cc4ccc(O)c5c4C2(CCN3C)C1O5	JJGYGPZNTOPXGV-UHFFFAOYSA-N	C19H21NO4
external	JJKOQZHWYLMASZ-UHFFFAOYSA-N	C#CC1(O)CCC2C3C(O)C=C4CC(O)CCC4(C)C3CCC21C	ok	C#CC1(O)CCC2C3C(O)C=C4CC(O)CCC4(C)C3CCC21C	JJKOQZHWYLMASZ-UHFFFAOYSA-N	C21H30O3
external	JKKFKPJIXZFSSB-UHFFFAOYSA-N	CC12CCC3c4ccc(OS(=O)(=O)O)cc4CCC3C1CCC2=O	ok	CC12CCC3c4ccc(OS(=O)(=O)O)cc4CCC3C1CCC2=O	JKKFKPJIXZFSSB-UHFFFAOYSA-N	C18H22O5S
external	JKKGTSUICJWEKB-UHFFFAOYSA-N	CCC=CCCOC(=O)C(C)CC	ok	CCC=CCCOC(=O)C(C)CC	JKKGTSUICJWEKB-UHFFFAOYSA-N	C11H20O2
external	JKPDEYAOCSQBSZ-UHFFFAOYSA-N	C#CCC12CCC(=O)C=C1CCC1C3CCC(=O)C3(C)CCC12	ok	C#CCC12CCC(=O)C=C1CCC1C3CCC(=O)C3(C)CCC12	JKPDEYAOCSQBSZ-UHFFFAOYSA-N	C21H26O2
external	JKQXZKUSFCKOGQ-UHFFFAOYSA-N	CC(C=CC=C(C)C=CC1=C(C)CC(O)CC1(C)C)=CC=CC=C(C)C=CC=C(C)C=CC1=C(C)CC(O)CC1(C)C	ok	CC(C=CC=C(C)C=CC1=C(C)CC(O)CC1(C)C)=CC=CC=C(C)C=CC=C(C)C=CC1=C(C)CC(O)CC1(C)C	JKQXZKUSFCKOGQ-UHFFFAOYSA-N	C40H56O2
external	JLDWWSSQBYGULG-UHFFFAOYSA-N	CC(C)(OC1OC(CO)C(O)C(O)C1O)C1CC=C(CO)CC1	ok	CC(C)(OC1OC(CO)C(O)C(O)C1O)C1CC=C(CO)CC1	JLDWWSSQBYGULG-UHFFFAOYSA-N	C16H28O7
external	JLFOTJPFBATTLK-UHFFFAOYSA-N	CC(C=CC=C(C)C1C=C2C(C)(C)CCCC2(C)O1)=CC=CC=C(C)C=CC=C(C)C1C=C2C(C)(C)CCCC2(C)O1	ok	CC(C=CC=C(C)C1C=C2C(C)(C)CCCC2(C)O1)=CC=CC=C(C)C=CC=C(C)C1C=C2C(C)(C)CCCC2(C)O1	JLFOTJPFBATTLK-UHFFFAOYSA-N	C40H56O2
external	JLKIGFTWXXRPMT-UHFFFAOYSA-N	Cc1cc(NS(=O)(=O)c2ccc(N)cc2)no1	ok	Cc1cc(NS(=O)(=O)c2ccc(N)cc2)no1	JLKIGFTWXXRPMT-UHFFFAOYSA-N	C10H11N3O3S
external	JLRGJRBPOGGCBT-UHFFFAOYSA-N	CCCCN=C(O)NS(=O)(=O)c1ccc(C)cc1	ok	CCCCNC(=O)NS(=O)(=O)c1ccc(C)cc1	JLRGJRBPOGGCBT-UHFFFAOYSA-N	C12H18N2O3S
external	JLWXUZXYUMVXPU-UHFFFAOYSA-N	C=C1CCC2(CO)C(O)CC3(C)C(CCC4C5(C)CCC(O)C(C)(C)C5CCC43C)C2C1C	ok	C=C1CCC2(CO)C(O)CC3(C)C(CCC4C5(C)CCC(O)C(C)(C)C5CCC43C)C2C1C	JLWXUZXYUMVXPU-UHFFFAOYSA-N	C30H50O3
external	JMFNGSBVJBPGQR-UHFFFAOYSA-N	COC(=O)C=CC(C)=CC=CC(C)=CC=CC=C(C)C=CC=C(C)C=O	ok	COC(=O)C=CC(C)=CC=CC(C)=CC=CC=C(C)C=CC=C(C)C=O	JMFNGSBVJBPGQR-UHFFFAOYSA-N	C23H28O3
external	JMHLBSSARRMERO-UHFFFAOYSA-N	CC1OC(OC2CCC3(C)C(CCC4C3CCC3(C)C(c5coc(O)c5)CCC43O)C2)CC(O)C1OC1OC(COC2OC(CO)C(O)C(O)C2O)C(O)C(O)C1O	ok	CC1OC(OC2CCC3(C)C(CCC4C3CCC3(C)C(c5coc(O)c5)CCC43O)C2)CC(O)C1OC1OC(COC2OC(CO)C(O)C(O)C2O)C(O)C(O)C1O	JMHLBSSARRMERO-UHFFFAOYSA-N	C41H64O17
external	JMWCPXJWKKIWQK-UHFFFAOYSA-N	CC1=CC(c2c(O)ccc(C(=O)C=Cc3ccc(O)cc3O)c2O)C(C(=O)c2ccc(O)c(C=CC(C)C)c2O)C(c2ccc(O)cc2O)C1	tautomer_MaxTautomersReached			C40H38O10
external	JMZOMFYRADAWOG-UHFFFAOYSA-N	COC(=O)c1cc(OC)c2c(c1-c1c(C(=O)OC)cc(OC)c3c1OCO3)OCO2	ok	COC(=O)c1cc(OC)c2c(c1-c1c(C(=O)OC)cc(OC)c3c1OCO3)OCO2	JMZOMFYRADAWOG-UHFFFAOYSA-N	C20H18O10
external	JNCSIWAONQTVCF-UHFFFAOYSA-N	c1ccc2c(c1)ccc1nc3c(ccc4ccccc43)cc12	ok	c1ccc2c(c1)ccc1nc3c(ccc4ccccc43)cc12	JNCSIWAONQTVCF-UHFFFAOYSA-N	C21H13N
external	JNGQUJZDVFZPEN-UHFFFAOYSA-N	Cc1cc(NC(=O)N=C(O)c2ccccc2N(C)C)ccc1Oc1ncc(Br)cn1	ok	Cc1cc(NC(=O)NC(=O)c2ccccc2N(C)C)ccc1Oc1ncc(Br)cn1	JNGQUJZDVFZPEN-UHFFFAOYSA-N	C21H20BrN5O3
external	JNNOSTQEZICQQP-UHFFFAOYSA-N	Clc1ccc2c(c1)N=C(N1CCNCC1)c1ccccc1N2	ok	Clc1ccc2c(c1)N=C(N1CCNCC1)c1ccccc1N2	JNNOSTQEZICQQP-UHFFFAOYSA-N	C17H17ClN4
external	JNTHRSHGARDABO-UHFFFAOYSA-N	c1ccc2c(c1)cc1ccc3cccc4c5ccccc5c2c1c34	ok	c1ccc2c(c1)cc1ccc3cccc4c5ccccc5c2c1c34	JNTHRSHGARDABO-UHFFFAOYSA-N	C24H14
external	JNTOCHDNEULJHD-UHFFFAOYSA-N	N=c1nc(O)c2ncn(CCC(CO)CO)c2[nH]1	ok	Nc1nc(=O)c2ncn(CCC(CO)CO)c2[nH]1	JNTOCHDNEULJHD-UHFFFAOYSA-N	C10H15N5O3
external	JNUGGJHCMRWUDV-UHFFFAOYSA-N	NC(CCS(=O)CC(N)C(=O)O)C(=O)O	ok	NC(CC[S+]([O-])CC(N)C(=O)O)C(=O)O	JNUGGJHCMRWUDV-UHFFFAOYSA-N	C7H14N2O5S
external	JOAHPSVPXZTVEP-UHFFFAOYSA-N	CCN(CC)C(O)=NC1CC2c3cccc4[nH]cc(c34)CC2N(C)C1	ok	CCN(CC)C(=O)NC1CC2c3cccc4[nH]cc(c34)CC2N(C)C1	JOAHPSVPXZTVEP-UHFFFAOYSA-N	C20H28N4O
external	JOATXPAWOHTVSZ-UHFFFAOYSA-N	CCN(CC)C(O)=Nc1ccc(OCC(O)CNC(C)(C)C)c(C(C)=O)c1	ok	CCN(CC)C(=O)Nc1ccc(OCC(O)CNC(C)(C)C)c(C(C)=O)c1	JOATXPAWOHTVSZ-UHFFFAOYSA-N	C20H33N3O4
external	JOFWLTCLBGQGBO-UHFFFAOYSA-N	Cc1nnc2n1-c1ccc(Cl)cc1C(c1ccccc1Cl)=NC2	ok	Cc1nnc2n1-c1ccc(Cl)cc1C(c1ccccc1Cl)=NC2	JOFWLTCLBGQGBO-UHFFFAOYSA-N	C17H12Cl2N4
external	JOHZPMXAZQZXHR-UHFFFAOYSA-N	CCn1cc(C(=O)O)c(=O)c2cnc(N3CCNCC3)nc21	ok	CCn1cc(C(=O)O)c(=O)c2cnc(N3CCNCC3)nc21	JOHZPMXAZQZXHR-UHFFFAOYSA-N	C14H17N5O3
external	JOMHSQGEWSNUKU-UHFFFAOYSA-N	CN(C)S(=O)(=O)c1ccc2c(c1)N(CCCN1CCC(CCO)CC1)c1ccccc1S2	ok	CN(C)S(=O)(=O)c1ccc2c(c1)N(CCCN1CCC(CCO)CC1)c1ccccc1S2	JOMHSQGEWSNUKU-UHFFFAOYSA-N	C24H33N3O3S2
external	JONJCOZHGBDTBN-UHFFFAOYSA-N	CC(C#Cc1ccc(Cc2ccccc2)s1)N(O)C(=N)O	ok	CC(C#Cc1ccc(Cc2ccccc2)s1)N(O)C(N)=O	JONJCOZHGBDTBN-UHFFFAOYSA-N	C16H16N2O2S
external	JOOXLOJCABQBSG-UHFFFAOYSA-N	Cc1cnc(Nc2ccc(OCCN3CCCC3)cc2)[nH]c1=Nc1cccc(S(=O)(=O)NC(C)(C)C)c1	ok	Cc1cnc(Nc2ccc(OCCN3CCCC3)cc2)nc1Nc1cccc(S(=O)(=O)NC(C)(C)C)c1	JOOXLOJCABQBSG-UHFFFAOYSA-N	C27H36N6O3S
external	JOYRKODLDBILNP-UHFFFAOYSA-N	CCOC(=N)O	ok	CCOC(N)=O	JOYRKODLDBILNP-UHFFFAOYSA-N	C3H7NO2
external	JOZKFWLRHCDGJA-UHFFFAOYSA-N	CC(=O)OCCC(C)CCC=C(C)C	ok	CC(=O)OCCC(C)CCC=C(C)C	JOZKFWLRHCDGJA-UHFFFAOYSA-N	C12H22O2
external	JPGQOUSTVILISH-UHFFFAOYSA-N	FC(F)OC(F)(F)C(F)Cl	ok	FC(F)OC(F)(F)C(F)Cl	JPGQOUSTVILISH-UHFFFAOYSA-N	C3H2ClF5O
external	JPQIKXKRKWQQOU-UHFFFAOYSA-N	CC1CCC2(OC1)OC1CC3C4CC(O)C5CC(OC6OC(CO)C(OC7OC(CO)C(O)C(OC8OCC(O)C(O)C8O)C7OC7OC(CO)C(O)C(OC8OC(CO)C(O)C(O)C8O)C7O)C(O)C6O)C(=O)CC5(C)C4CCC3(C)C1C2C	ok	CC1CCC2(OC1)OC1CC3C4CC(O)C5CC(OC6OC(CO)C(OC7OC(CO)C(O)C(OC8OCC(O)C(O)C8O)C7OC7OC(CO)C(O)C(OC8OC(CO)C(O)C(O)C8O)C7O)C(O)C6O)C(=O)CC5(C)C4CCC3(C)C1C2C	JPQIKXKRKWQQOU-UHFFFAOYSA-N	C56H90O29
external	JPXPPUOCSLMCHK-UHFFFAOYSA-N	COC(=O)C1=C(C)NC(C)=C(C(=O)O)C1c1cccc([N+](=O)[O-])c1	ok	COC(=O)C1=C(C)N=C(C)C(C(=O)O)C1c1cccc([N+](=O)[O-])c1	HZKLXXZXIMSELS-UHFFFAOYSA-N	C16H16N2O6
external	JQKGPQXPJJUHKY-UHFFFAOYSA-N	COC1=CCC2C(CN)=CC(=O)OC2=C1	ok	COC1=CCC2C(CN)=CC(=O)OC2=C1	JQKGPQXPJJUHKY-UHFFFAOYSA-N	C11H13NO3
external	JQSAYKKFZOSZGJ-UHFFFAOYSA-N	COc1ccc(CN2CCN(C(c3ccc(F)cc3)c3ccc(F)cc3)CC2)c(OC)c1OC	ok	COc1ccc(CN2CCN(C(c3ccc(F)cc3)c3ccc(F)cc3)CC2)c(OC)c1OC	JQSAYKKFZOSZGJ-UHFFFAOYSA-N	C27H30F2N2O3
external	JQSHBVHOMNKWFT-UHFFFAOYSA-N	c1cnc2cc3c(cc2n1)C1CNCC3C1	ok	c1cnc2cc3c(cc2n1)C1CNCC3C1	JQSHBVHOMNKWFT-UHFFFAOYSA-N	C13H13N3
external	JQWKHGNSUWEYOR-UHFFFAOYSA-N	O=C1OCC2OC(=O)c3cc(O)c(O)c(O)c3-c3c(O)c(O)c(O)c4c3C(=O)OC(C2OC(=O)c2cc(O)c(O)c(O)c2-c2c1cc(O)c(O)c2O)C1OC(=O)C2C4C(=O)C(=O)C23Oc2c(O)c4oc(=O)c5cc(O)c(O)c6oc(=O)c(c2C13)c4c65	tautomer_MaxTautomersReached			C54H28O32
external	JQXXHWHPUNPDRT-UHFFFAOYSA-N	COC1C=COC2(C)Oc3c(C)c(O)c4c(O)c(c(C=NN5CCN(C)CC5)c(O)c4c3C2=O)N=C(O)C(C)=CC=CC(C)C(O)C(C)C(O)C(C)C(OC(C)=O)C1C	tautomer_MaxTransformsReached			C43H58N4O12
external	JRTIDHTUMYMPRU-UHFFFAOYSA-N	CCCN(CCC)C(=O)Cc1c(-c2ccc(Cl)cc2)nc2ccc(Cl)cn12	ok	CCCN(CCC)C(=O)Cc1c(-c2ccc(Cl)cc2)nc2ccc(Cl)cn12	JRTIDHTUMYMPRU-UHFFFAOYSA-N	C21H23Cl2N3O
external	JRURYQJSLYLRLN-UHFFFAOYSA-N	CCN(CC)C(=O)C(C#N)=Cc1cc(O)c(O)c([N+](=O)[O-])c1	ok	CCN(CC)C(=O)C(C#N)=Cc1cc(O)c(O)c([N+](=O)[O-])c1	JRURYQJSLYLRLN-UHFFFAOYSA-N	C14H15N3O5
external	JRXHHEVIGCDJBO-UHFFFAOYSA-N	C=C(C)C(C)CCC(C)C1CCC2(C)C3CCC4C(C)(C)C(OC(=O)CCCCCCCCCCCCCCC)CCC45CC35CCC12C	ok	C=C(C)C(C)CCC(C)C1CCC2(C)C3CCC4C(C)(C)C(OC(=O)CCCCCCCCCCCCCCC)CCC45CC35CCC12C	JRXHHEVIGCDJBO-UHFFFAOYSA-N	C47H82O2
external	JSJMNXVHBCPZCJ-UHFFFAOYSA-N	CC(C=O)C1CCC2(C)C3CC=C4C(CCC(OC5OC(COC6OC(CO)C(O)C(O)C6O)C(O)C(O)C5O)C4(C)C)C3(C)CCC12C	ok	CC(C=O)C1CCC2(C)C3CC=C4C(CCC(OC5OC(COC6OC(CO)C(O)C(O)C6O)C(O)C(O)C5O)C4(C)C)C3(C)CCC12C	JSJMNXVHBCPZCJ-UHFFFAOYSA-N	C37H60O12
external	JSNVJPLVHIOLEM-UHFFFAOYSA-N	C=C1CCC2C(C)(C)CCCC2(C)C1CC=C(C)CC(=O)O	ok	C=C1CCC2C(C)(C)CCCC2(C)C1CC=C(C)CC(=O)O	JSNVJPLVHIOLEM-UHFFFAOYSA-N	C20H32O2
external	JSWZEAMFRNKZNL-UHFFFAOYSA-N	Cc1nc[nH]c1CN1CCc2c(c3ccccc3n2C)C1=O	ok	Cc1[nH]cnc1CN1CCc2c(c3ccccc3n2C)C1=O	JSWZEAMFRNKZNL-UHFFFAOYSA-N	C17H18N4O
external	JTAGHJPZEDNHHA-UHFFFAOYSA-N	CN=C(O)c1cccc(NCC(O)=NCCc2ccc(OC)c(OC)c2)c1	ok	CNC(=O)c1cccc(NCC(=O)NCCc2ccc(OC)c(OC)c2)c1	JTAGHJPZEDNHHA-UHFFFAOYSA-N	C20H25N3O4
external	JTEJPPKMYBDEMY-UHFFFAOYSA-N	COc1ccc2[nH]cc(CCN)c2c1	ok	COc1ccc2[nH]cc(CCN)c2c1	JTEJPPKMYBDEMY-UHFFFAOYSA-N	C11H14N2O
external	JTJMJGYZQZDUJJ-UHFFFAOYSA-N	c1ccc(C2(N3CCCCC3)CCCCC2)cc1	ok	c1ccc(C2(N3CCCCC3)CCCCC2)cc1	JTJMJGYZQZDUJJ-UHFFFAOYSA-N	C17H25N
external	JTWMBPZRYBLNNG-UHFFFAOYSA-N	COc1ccc2c(CN)cc(=O)oc2c1	ok	COc1ccc2c(CN)cc(=O)oc2c1	JTWMBPZRYBLNNG-UHFFFAOYSA-N	C11H11NO3
external	JTZZSQYMACOLNN-UHFFFAOYSA-N	COc1ccc2c(OC3CC4C(=O)N(C)CCCCC=CC5CC5(C(O)=NS(=O)(=O)C5CC5)N=C(O)C4C3)cc(-c3nc(C(C)C)cs3)nc2c1C	ok	COc1ccc2c(OC3CC4C(=O)NC5(C(=O)NS(=O)(=O)C6CC6)CC5C=CCCCCN(C)C(=O)C4C3)cc(-c3nc(C(C)C)cs3)nc2c1C	JTZZSQYMACOLNN-UHFFFAOYSA-N	C38H47N5O7S2
external	JUJWROOIHBZHMG-UHFFFAOYSA-N	c1ccncc1	ok	c1ccncc1	JUJWROOIHBZHMG-UHFFFAOYSA-N	C5H5N
external	JUJWROOIHBZHMG-UHFFFAOYSA-O	c1cc[nH+]cc1	ok	c1ccncc1	JUJWROOIHBZHMG-UHFFFAOYSA-N	C5H5N
external	JUKPWJGBANNWMW-UHFFFAOYSA-N	COC(=O)C1CC2=CC(=O)CCC2(C)C23OC2CC2(C)C(CCC24CCC(=O)O4)C13	ok	COC(=O)C1C=C2CC(=O)CCC2(C)C23OC2CC2(C)C(CCC24CCC(=O)O4)C13	FGDFBDMCHJUKLV-UHFFFAOYSA-N	C24H30O6
external	JURKNVYFZMSNLP-UHFFFAOYSA-N	CN(C)CCC=C1c2ccccc2C=Cc2ccccc21	ok	CN(C)CCC=C1c2ccccc2C=Cc2ccccc21	JURKNVYFZMSNLP-UHFFFAOYSA-N	C20H21N
external	JUVIOZPCNVVQFO-UHFFFAOYSA-N	C=C(C)C1Cc2c(ccc3c2OC2COc4cc(OC)c(OC)cc4C2C3=O)O1	ok	C=C(C)C1Cc2c(ccc3c2OC2COc4cc(OC)c(OC)cc4C2C3=O)O1	JUVIOZPCNVVQFO-UHFFFAOYSA-N	C23H22O6
external	JUZYLCPPVHEVSV-UHFFFAOYSA-N	COc1cc2c(cc1Cc1cccc(Cl)c1F)c(=O)c(C(=O)O)cn2C(CO)C(C)C	ok	COc1cc2c(cc1Cc1cccc(Cl)c1F)c(=O)c(C(=O)O)cn2C(CO)C(C)C	JUZYLCPPVHEVSV-UHFFFAOYSA-N	C23H23ClFNO5
external	JVHXJTBJCFBINQ-UHFFFAOYSA-N	CCOc1ccc(Cc2cc(C3OC(CO)C(O)C(O)C3O)ccc2Cl)cc1	ok	CCOc1ccc(Cc2cc(C3OC(CO)C(O)C(O)C3O)ccc2Cl)cc1	JVHXJTBJCFBINQ-UHFFFAOYSA-N	C21H25ClO6
external	JVJFIQYAHPMBBX-UHFFFAOYSA-N	CCCCCC(O)C=CC=O	ok	CCCCCC(O)C=CC=O	JVJFIQYAHPMBBX-UHFFFAOYSA-N	C9H16O2
external	JWAHBTQSSMYISL-UHFFFAOYSA-N	CC(=O)C1(C)CCC2C3CCC4=CC(=O)CCC4=C3CCC21C	ok	CC(=O)C1(C)CCC2C3=C(CCC21C)C1=C(CC3)CC(=O)CC1	IGWZRGZNRWQDCQ-UHFFFAOYSA-N	C21H28O2
external	JWHAUXFOSRPERK-UHFFFAOYSA-N	CCCNCC(O)COc1ccccc1C(=O)CCc1ccccc1	ok	CCCNCC(O)COc1ccccc1C(=O)CCc1ccccc1	JWHAUXFOSRPERK-UHFFFAOYSA-N	C21H27NO3
external	JWJOTENAMICLJG-UHFFFAOYSA-N	CC12C=CC(O)=NC1CCC1C2CCC2(C)C(C(O)=Nc3cc(C(F)(F)F)ccc3C(F)(F)F)CCC12	ok	CC12C=CC(=O)NC1CCC1C2CCC2(C)C(C(=O)Nc3cc(C(F)(F)F)ccc3C(F)(F)F)CCC12	JWJOTENAMICLJG-UHFFFAOYSA-N	C27H30F6N2O2
external	JWMFYGXQPXQEEM-UHFFFAOYSA-N	CCC1CCC2C3CCC4CCCCC4(C)C3CCC12C	ok	CCC1CCC2C3CCC4CCCCC4(C)C3CCC12C	JWMFYGXQPXQEEM-UHFFFAOYSA-N	C21H36
external	JWNPDZNEKVCWMY-UHFFFAOYSA-N	CCOc1cc2[nH]cc(C#N)c(=Nc3ccc(OCc4ccccn4)c(Cl)c3)c2cc1N=C(O)C=CCN(C)C	ok	CCOc1cc2ncc(C#N)c(Nc3ccc(OCc4ccccn4)c(Cl)c3)c2cc1NC(=O)C=CCN(C)C	JWNPDZNEKVCWMY-UHFFFAOYSA-N	C30H29ClN6O3
external	JWPGJSVJDAJRLW-UHFFFAOYSA-N	N=C(N)N1CCc2ccccc2C1	ok	N=C(N)N1CCc2ccccc2C1	JWPGJSVJDAJRLW-UHFFFAOYSA-N	C10H13N3
external	JXHJNEJVUNHLKO-UHFFFAOYSA-N	CCCSP(=S)(OCC)Oc1ccc(SC)cc1	ok	CCCSP(=S)(OCC)Oc1ccc(SC)cc1	JXHJNEJVUNHLKO-UHFFFAOYSA-N	C12H19O2PS3
external	JXLYSJRDGCGARV-UHFFFAOYSA-N	CCC1(O)CC2CN(CCc3c([nH]c4ccccc34)C(C(=O)OC)(c3cc4c(cc3OC)N(C)C3C(O)(C(=O)OC)C(OC(C)=O)C5(CC)C=CCN6CCC43C65)C2)C1	ok	CCC1(O)CC2CN(CCc3c([nH]c4ccccc34)C(C(=O)OC)(c3cc4c(cc3OC)N(C)C3C(O)(C(=O)OC)C(OC(C)=O)C5(CC)C=CCN6CCC43C65)C2)C1	JXLYSJRDGCGARV-UHFFFAOYSA-N	C46H58N4O9
external	JXSJBGJIGXNWCI-UHFFFAOYSA-N	CCOC(=O)CC(SP(=S)(OC)OC)C(=O)OCC	ok	CCOC(=O)CC(SP(=S)(OC)OC)C(=O)OCC	JXSJBGJIGXNWCI-UHFFFAOYSA-N	C10H19O6PS2
external	JXZZEXZZKAWDSP-UHFFFAOYSA-N	OC(=NC1CCN(CCc2c[nH]c3ccccc23)CC1)c1ccccc1	ok	O=C(NC1CCN(CCc2c[nH]c3ccccc23)CC1)c1ccccc1	JXZZEXZZKAWDSP-UHFFFAOYSA-N	C22H25N3O
external	JYGLAHSAISAEAL-UHFFFAOYSA-N	O=C1c2ccccc2C(=O)C1C(=O)C(c1ccccc1)c1ccccc1	ok	O=C1c2ccccc2C(=O)C1C(=O)C(c1ccccc1)c1ccccc1	JYGLAHSAISAEAL-UHFFFAOYSA-N	C23H16O3
external	JYGXADMDTFJGBT-UHFFFAOYSA-N	CC12CCC(=O)C=C1CCC1C2C(O)CC2(C)C1CCC2(O)C(=O)CO	ok	CC12CCC(=O)C=C1CCC1C2C(O)CC2(C)C1CCC2(O)C(=O)CO	JYGXADMDTFJGBT-UHFFFAOYSA-N	C21H30O5
external	JYILPERKVHXLNF-UHFFFAOYSA-N	C#CC1(O)CCC2C3CCC4=CC(O)CCC4C3CCC21C	ok	C#CC1(O)CCC2C3CCC4=CC(O)CCC4C3CCC21C	JYILPERKVHXLNF-UHFFFAOYSA-N	C20H28O2
external	JYKQEJLWLRMCRC-UHFFFAOYSA-N	COC1OC23C=CC4C1(CCC1(C)C(C(C)CC=CC(C)(C)OC)CCC41C)C2CCC(OC1OC(CO)C(O)C(O)C1O)C3(C)C	ok	COC1OC23C=CC4C1(CCC1(C)C(C(C)CC=CC(C)(C)OC)CCC41C)C2CCC(OC1OC(CO)C(O)C(O)C1O)C3(C)C	JYKQEJLWLRMCRC-UHFFFAOYSA-N	C38H62O9
external	JYRSMGIIEWZYRJ-UHFFFAOYSA-N	CC1(C)CCC2(C(=O)OC3OC(CO)C(O)C(O)C3O)CCC3(C)C(=CCC4C5(C)CCC(OC6OC(C(=O)O)C7OC(O)(C(=O)O)C(OCC(=O)O)OC7C6O)C(C)(CO)C5CCC43C)C2C1	ok	CC1(C)CCC2(C(=O)OC3OC(CO)C(O)C(O)C3O)CCC3(C)C(=CCC4C5(C)CCC(OC6OC(C(=O)O)C7OC(O)(C(=O)O)C(OCC(=O)O)OC7C6O)C(C)(CO)C5CCC43C)C2C1	JYRSMGIIEWZYRJ-UHFFFAOYSA-N	C47H70O21
external	JYRXPFCUABYLPD-UHFFFAOYSA-N	CCN(CC)C(=S)SC	ok	CCN(CC)C(=S)SC	JYRXPFCUABYLPD-UHFFFAOYSA-N	C6H13NS2
external	JYTNQNCOQXFQPK-UHFFFAOYSA-N	Cc1ccc(-n2nccn2)c(C(=O)N2CCN(c3nc4cc(Cl)ccc4o3)CCC2C)c1	ok	Cc1ccc(-n2nccn2)c(C(=O)N2CCN(c3nc4cc(Cl)ccc4o3)CCC2C)c1	JYTNQNCOQXFQPK-UHFFFAOYSA-N	C23H23ClN6O2
external	JZCPYUJPEARBJL-UHFFFAOYSA-N	Cc1c(C(O)=NN2CCCCC2)nn(-c2ccc(Cl)cc2Cl)c1-c1ccc(Cl)cc1	ok	Cc1c(C(=O)NN2CCCCC2)nn(-c2ccc(Cl)cc2Cl)c1-c1ccc(Cl)cc1	JZCPYUJPEARBJL-UHFFFAOYSA-N	C22H21Cl3N4O
external	JZNZSKXIEDHOBD-UHFFFAOYSA-N	O=C(O)CN1CCN(CC(=O)O)CCN(C(CO)C(O)CO)CCN(CC(=O)O)CC1	ok	O=C(O)CN1CCN(CC(=O)O)CCN(C(CO)C(O)CO)CCN(CC(=O)O)CC1	JZNZSKXIEDHOBD-UHFFFAOYSA-N	C18H34N4O9
external	JZOYFBPIEHCDFV-UHFFFAOYSA-N	N=C(O)CCC(N)C(O)=NC(Cc1cnc[nH]1)C(=O)O	ok	NC(=O)CCC(N)C(=O)NC(Cc1c[nH]cn1)C(=O)O	JZOYFBPIEHCDFV-UHFFFAOYSA-N	C11H17N5O4
external	JZQHTTYHPIAPCZ-UHFFFAOYSA-N	C=C(C)C1CO1	ok	C=C(C)C1CO1	JZQHTTYHPIAPCZ-UHFFFAOYSA-N	C5H8O
external	JZQKKSLKJUAGIC-UHFFFAOYSA-N	CC(C)NCC(O)COc1cccc2[nH]ccc12	ok	CC(C)NCC(O)COc1cccc2[nH]ccc12	JZQKKSLKJUAGIC-UHFFFAOYSA-N	C14H20N2O2
external	JZUFKLXOESDKRF-UHFFFAOYSA-N	NS(=O)(=O)c1cc2c(cc1Cl)NCNS2(=O)=O	ok	NS(=O)(=O)c1cc2c(cc1Cl)NCNS2(=O)=O	JZUFKLXOESDKRF-UHFFFAOYSA-N	C7H8ClN3O4S2
external	JZUTXVTYJDCMDU-UHFFFAOYSA-N	COc1ccc2c(c1OC)C(=O)OC2C1c2cc3c(cc2CCN1C)OCO3	ok	COc1ccc2c(c1OC)C(=O)OC2C1c2cc3c(cc2CCN1C)OCO3	JZUTXVTYJDCMDU-UHFFFAOYSA-N	C21H21NO6
external	JZVFJDZBLUFKCA-UHFFFAOYSA-N	CCC(C=CC(C)C1CCC2C3=CCC4CC(O)CCC4(C)C3CCC21C)C(C)C	ok	CCC(C=CC(C)C1CCC2C3=CCC4CC(O)CCC4(C)C3CCC21C)C(C)C	JZVFJDZBLUFKCA-UHFFFAOYSA-N	C29H48O
external	KAATUXNTWXVJKI-UHFFFAOYSA-N	CC1(C)C(C=C(Cl)Cl)C1C(=O)OC(C#N)c1cccc(Oc2ccccc2)c1	ok	CC1(C)C(C=C(Cl)Cl)C1C(=O)OC(C#N)c1cccc(Oc2ccccc2)c1	KAATUXNTWXVJKI-UHFFFAOYSA-N	C22H19Cl2NO3
external	KAKZBPTYRLMSJV-UHFFFAOYSA-N	C=CC=C	ok	C=CC=C	KAKZBPTYRLMSJV-UHFFFAOYSA-N	C4H6
external	KANJSNBRCNMZMV-UHFFFAOYSA-N	COC1OC(COS(=O)(=O)O)C(OC2OC(C(=O)O)C(OC3OC(COS(=O)(=O)O)C(OC4OC(C(=O)O)C(OC5OC(COS(=O)(=O)O)C(O)C(O)C5NS(=O)(=O)O)C(O)C4O)C(OS(=O)(=O)O)C3NS(=O)(=O)O)C(O)C2OS(=O)(=O)O)C(O)C1NS(=O)(=O)O	ok	COC1OC(COS(=O)(=O)O)C(OC2OC(C(=O)O)C(OC3OC(COS(=O)(=O)O)C(OC4OC(C(=O)O)C(OC5OC(COS(=O)(=O)O)C(O)C(O)C5NS(=O)(=O)O)C(O)C4O)C(OS(=O)(=O)O)C3NS(=O)(=O)O)C(O)C2OS(=O)(=O)O)C(O)C1NS(=O)(=O)O	KANJSNBRCNMZMV-UHFFFAOYSA-N	C31H53N3O49S8
external	KAOLEMQCYWHOJQ-UHFFFAOYSA-N	CC(CCCC(CO)COS(=O)(=O)O)C1CCC2C3C(O)CC4CC(O)CCC4(C)C3CC(O)C12C	ok	CC(CCCC(CO)COS(=O)(=O)O)C1CCC2C3C(O)CC4CC(O)CCC4(C)C3CC(O)C12C	KAOLEMQCYWHOJQ-UHFFFAOYSA-N	C27H48O8S
external	KAQKFAOMNZTLHT-UHFFFAOYSA-N	CCCCCC(O)C=CC1C(O)CC2OC(=CCCCC(=O)O)CC21	ok	CCCCCC(O)C=CC1C(O)CC2OC(=CCCCC(=O)O)CC21	KAQKFAOMNZTLHT-UHFFFAOYSA-N	C20H32O5
external	KASDHRXLYQOAKZ-UHFFFAOYSA-N	CCC1C=C(C)CC(C)CC(OC)C2OC(O)(C(=O)C(=O)N3CCCCC3C(=O)OC(C(C)=CC3CCC(Cl)C(OC)C3)C(C)C(O)CC1=O)C(C)CC2OC	ok	CCC1=CC(C)CC(C)CC(OC)C2OC(O)(C(=O)C(=O)N3CCCCC3C(=O)OC(C(C)=CC3CCC(Cl)C(OC)C3)C(C)C(O)CC1=O)C(C)CC2OC	QQXZSKLNJZQNSA-UHFFFAOYSA-N	C43H68ClNO11
external	KATOYYZUTNAWSA-UHFFFAOYSA-N	CCCCCC=CCC=CCC(O)C=CC=CCCCC(=O)O	ok	CCCCCC=CCC=CCC(O)C=CC=CCCCC(=O)O	KATOYYZUTNAWSA-UHFFFAOYSA-N	C20H32O3
external	KBAWROUEVCJHAG-UHFFFAOYSA-N	C=CCC1=CC(C)CC(C)CC(OC)C(O)C2CC(C)C(O)(O2)C(=O)C(=O)N2CCCCC2C(=O)OC(C(C)=CC2CCC(O)C(OC)C2)C(C)C(O)CC1=O	ok	C=CCC1=CC(C)CC(C)CC(OC)C(O)C2CC(C)C(O)(O2)C(=O)C(=O)N2CCCCC2C(=O)OC(C(C)=CC2CCC(O)C(OC)C2)C(C)C(O)CC1=O	KBAWROUEVCJHAG-UHFFFAOYSA-N	C43H67NO12
external	KBDSLGBFQAGHBE-UHFFFAOYSA-N	CC1(C)OC2CC(=O)OCC23C1CC(=O)C1(C)C3CCC2(C)C(c3ccoc3)OC(=O)C3OC321	ok	CC1(C)OC2CC(=O)OCC23C1CC(=O)C1(C)C3CCC2(C)C(c3ccoc3)OC(=O)C3OC321	KBDSLGBFQAGHBE-UHFFFAOYSA-N	C26H30O8
external	KBEZZLAAKIIPFK-UHFFFAOYSA-N	Cc1ccc2c(c1)C13CCCCC1C(C2)N(C)CC3	ok	Cc1ccc2c(c1)C13CCCCC1C(C2)N(C)CC3	KBEZZLAAKIIPFK-UHFFFAOYSA-N	C18H25N
external	KBSPJIWZDWBDGM-UHFFFAOYSA-N	Cc1ccc2ccc3cccc4ccc1c2c34	ok	Cc1ccc2ccc3cccc4ccc1c2c34	KBSPJIWZDWBDGM-UHFFFAOYSA-N	C17H12
external	KBUZBQVCBVDWKX-UHFFFAOYSA-N	CCOCCn1c(N2CCCN(C)CC2)nc2ccccc21	ok	CCOCCn1c(N2CCCN(C)CC2)nc2ccccc21	KBUZBQVCBVDWKX-UHFFFAOYSA-N	C17H26N4O
external	KCFYEAOKVJSACF-UHFFFAOYSA-N	CCOC(=O)c1c(CSc2ccccc2)n(C)c2cc(Br)c(O)c(CN(C)C)c12	ok	CCOC(=O)c1c(CSc2ccccc2)n(C)c2cc(Br)c(O)c(CN(C)C)c12	KCFYEAOKVJSACF-UHFFFAOYSA-N	C22H25BrN2O3S
external	KCTDZLVBGWXNSQ-UHFFFAOYSA-N	CCCCCCC(=O)CCO	ok	CCCCCCC(=O)CCO	KCTDZLVBGWXNSQ-UHFFFAOYSA-N	C9H18O2
external	KCXVZYZYPLLWCC-UHFFFAOYSA-N	O=C(O)CN(CCN(CC(=O)O)CC(=O)O)CC(=O)O	ok	O=C(O)CN(CCN(CC(=O)O)CC(=O)O)CC(=O)O	KCXVZYZYPLLWCC-UHFFFAOYSA-N	C10H16N2O8
external	KDBWUCIHUALFON-UHFFFAOYSA-N	COC1=CC(=O)c2cc(C)cc(O)c2C1=O	ok	COC1=CC(=O)c2cc(C)cc(O)c2C1=O	KDBWUCIHUALFON-UHFFFAOYSA-N	C12H10O4
external	KDCGOANMDULRCW-UHFFFAOYSA-N	c1ncc2nc[nH]c2n1	ok	c1ncc2[nH]cnc2n1	KDCGOANMDULRCW-UHFFFAOYSA-N	C5H4N4
external	KDGFLJKFZUIJMX-UHFFFAOYSA-N	CCc1cc2c(cc1N1CCC(N3CCOCC3)CC1)C(C)(C)c1[nH]c3cc(C#N)ccc3c1C2=O	ok	CCc1cc2c(cc1N1CCC(N3CCOCC3)CC1)C(C)(C)c1[nH]c3cc(C#N)ccc3c1C2=O	KDGFLJKFZUIJMX-UHFFFAOYSA-N	C30H34N4O2
external	KDLRVYVGXIQJDK-UHFFFAOYSA-N	CCCC1CC(C(O)=NC(C(C)Cl)C2OC(SC)C(O)C(O)C2O)N(C)C1	ok	CCCC1CC(C(=O)NC(C(C)Cl)C2OC(SC)C(O)C(O)C2O)N(C)C1	KDLRVYVGXIQJDK-UHFFFAOYSA-N	C18H33ClN2O5S
external	KDRHBRBDBYKMFS-UHFFFAOYSA-N	CC1CCC2(OC1)OC1CC3C4CC=C5CC(OC6OC(CO)C(OC7OC(C)C(O)C(O)C7O)C(O)C6OC6OC(C)C(O)C(O)C6O)C(O)CC5(C)C4CCC3(C)C1C2C	ok	CC1CCC2(OC1)OC1CC3C4CC=C5CC(OC6OC(CO)C(OC7OC(C)C(O)C(O)C7O)C(O)C6OC6OC(C)C(O)C(O)C6O)C(O)CC5(C)C4CCC3(C)C1C2C	KDRHBRBDBYKMFS-UHFFFAOYSA-N	C45H72O17
external	KDVOULUCGQGVQH-UHFFFAOYSA-N	CC=CC=CC#CC=CCCCCCCCCC(=O)O	ok	CC=CC=CC#CC=CCCCCCCCCC(=O)O	KDVOULUCGQGVQH-UHFFFAOYSA-N	C18H26O2
external	KDXNYSZNOWTPLE-UHFFFAOYSA-N	COc1ccc2c(c1)Oc1cc(O)ccc1C21OC(=O)c2ccccc21	ok	COc1ccc2c(c1)Oc1cc(O)ccc1C21OC(=O)c2ccccc21	KDXNYSZNOWTPLE-UHFFFAOYSA-N	C21H14O5
external	KELNNWMENBUHNS-UHFFFAOYSA-N	CCC1C(O)=Nc2ccc(F)cc2N1C(=O)OC(C)C	ok	CCC1C(=O)Nc2ccc(F)cc2N1C(=O)OC(C)C	KELNNWMENBUHNS-UHFFFAOYSA-N	C14H17FN2O3
external	KESLVCKDQOQELG-UHFFFAOYSA-N	CCCCCCCCCCCCCCCCCCCCCC(=O)OC1CCC2(C)C(=CCC3C2CCC2(C)C(C(C)CCC(CC)C(C)C)CCC32)C1	ok	CCCCCCCCCCCCCCCCCCCCCC(=O)OC1CCC2(C)C(=CCC3C2CCC2(C)C(C(C)CCC(CC)C(C)C)CCC32)C1	KESLVCKDQOQELG-UHFFFAOYSA-N	C51H92O2
external	KEWUFEUQBHLPEX-UHFFFAOYSA-N	CC1=C(COC2OC(CO)C(O)C(O)C2O)C(C)(C)CC(=O)C1	ok	CC1=C(COC2OC(CO)C(O)C(O)C2O)C(C)(C)CC(=O)C1	KEWUFEUQBHLPEX-UHFFFAOYSA-N	C16H26O7
external	KFQYTPMOWPVWEJ-UHFFFAOYSA-N	CCCN(CCc1cccs1)C1CCc2c(O)cccc2C1	ok	CCCN(CCc1cccs1)C1CCc2c(O)cccc2C1	KFQYTPMOWPVWEJ-UHFFFAOYSA-N	C19H25NOS
external	KFSMYZHQQKRKMN-UHFFFAOYSA-N	CC1OC(OC2C(O)CC(OC3C(O)CC(OC4CCC5(C)C(CCC6C5CCC5(C)C(c7coc(O)c7)CCC65O)C4)OC3C)OC2C)CC(O)C1O	ok	CC1OC(OC2C(O)CC(OC3C(O)CC(OC4CCC5(C)C(CCC6C5CCC5(C)C(c7coc(O)c7)CCC65O)C4)OC3C)OC2C)CC(O)C1O	KFSMYZHQQKRKMN-UHFFFAOYSA-N	C41H64O13
external	KGFYHTZWPPHNLQ-UHFFFAOYSA-N	O=C(NCC1CN(c2ccc(N3CCOCC3=O)cc2)C(=O)O1)c1ccc(Cl)s1	ok	O=C(NCC1CN(c2ccc(N3CCOCC3=O)cc2)C(=O)O1)c1ccc(Cl)s1	KGFYHTZWPPHNLQ-UHFFFAOYSA-N	C19H18ClN3O5S
external	KGQZGCIVHYLPBH-UHFFFAOYSA-N	Cc1nc2c(=O)n(C)c(=O)n(Cc3ccco3)c2[nH]1	ok	Cc1nc2c(=O)n(C)c(=O)n(Cc3ccco3)c2[nH]1	KGQZGCIVHYLPBH-UHFFFAOYSA-N	C12H12N4O3
external	KGSXMPPBFPAXLY-UHFFFAOYSA-N	CCOc1nc2cccc(C(=O)O)c2n1Cc1ccc(-c2ccccc2-c2nc(=O)o[nH]2)cc1	ok	CCOc1nc2cccc(C(=O)O)c2n1Cc1ccc(-c2ccccc2-c2nc(=O)o[nH]2)cc1	KGSXMPPBFPAXLY-UHFFFAOYSA-N	C25H20N4O5
external	KGUMXGDKXYTTEY-UHFFFAOYSA-N	CC(C=CC1=C(C)C(O)CCC1(C)C)=CC=CC(C)=CC(=O)O	ok	CC(C=CC1=C(C)C(O)CCC1(C)C)=CC=CC(C)=CC(=O)O	KGUMXGDKXYTTEY-UHFFFAOYSA-N	C20H28O3
external	KHCGLDOOFYZQKU-UHFFFAOYSA-N	C=C(C)CCCC(C)CCOC(=O)C(C)C	ok	C=C(C)CCCC(C)CCOC(=O)C(C)C	KHCGLDOOFYZQKU-UHFFFAOYSA-N	C14H26O2
external	KHPKQFYUPIUARC-UHFFFAOYSA-N	Cc1ccc(Nc2c(F)cccc2Cl)c(CC(=O)O)c1	ok	Cc1ccc(Nc2c(F)cccc2Cl)c(CC(=O)O)c1	KHPKQFYUPIUARC-UHFFFAOYSA-N	C15H13ClFNO2
external	KIHYPELVXPAIDH-UHFFFAOYSA-N	CCc1cc(C(C)=NOCc2ccc(C3CCCCC3)c(C(F)(F)F)c2)ccc1CN1CC(C(=O)O)C1	ok	CCc1cc(C(C)=NOCc2ccc(C3CCCCC3)c(C(F)(F)F)c2)ccc1CN1CC(C(=O)O)C1	KIHYPELVXPAIDH-UHFFFAOYSA-N	C29H35F3N2O3
external	KIQQMECNKUGGKA-UHFFFAOYSA-N	C#CC1(OC(C)=O)CCC2C3CCC4=CC(=NO)CCC4C3CCC21CC	ok	C#CC1(OC(C)=O)CCC2C3CCC4=CC(=NO)CCC4C3CCC21CC	KIQQMECNKUGGKA-UHFFFAOYSA-N	C23H31NO3
external	KIVUHCNVDWYUNP-UHFFFAOYSA-N	Nc1cc2c3ccccc3ccc2c2ccccc12	ok	Nc1cc2c3ccccc3ccc2c2ccccc12	KIVUHCNVDWYUNP-UHFFFAOYSA-N	C18H13N
external	KIVUUVOREYMMFE-UHFFFAOYSA-N	c1ccc2c(c1)-c1nccc3ccnc-2c13	ok	c1ccc2c(c1)-c1nccc3ccnc-2c13	KIVUUVOREYMMFE-UHFFFAOYSA-N	C14H8N2
external	KIWQWJKWBHZMDT-UHFFFAOYSA-N	NC1CCSC1=O	ok	NC1CCSC1=O	KIWQWJKWBHZMDT-UHFFFAOYSA-N	C4H7NOS
external	KJADKKWYZYXHBB-UHFFFAOYSA-N	CC1(C)OC2COC3(COS(N)(=O)=O)OC(C)(C)OC3C2O1	ok	CC1(C)OC2COC3(COS(N)(=O)=O)OC(C)(C)OC3C2O1	KJADKKWYZYXHBB-UHFFFAOYSA-N	C12H21NO8S
external	KJDGFQJCHFJTRH-UHFFFAOYSA-N	CC12CCC3c4ccc(O)cc4CCC3C1CC(=O)C2O	ok	CC12CCC3c4ccc(O)cc4CCC3C1CC(=O)C2O	KJDGFQJCHFJTRH-UHFFFAOYSA-N	C18H22O3
external	KJEBULYHNRNJTE-UHFFFAOYSA-N	COCCOC(=O)C1=C(C)NC(C)=C(C(=O)OCC=Cc2ccccc2)C1c1cccc([N+](=O)[O-])c1	ok	COCCOC(=O)C1=C(C)N=C(C)C(C(=O)OCC=Cc2ccccc2)C1c1cccc([N+](=O)[O-])c1	BYAAPSQQRDMOAQ-UHFFFAOYSA-N	C27H28N2O7
external	KJFBVJALEQWJBS-UHFFFAOYSA-N	CC(C)N=c1[nH]c2cc(Cl)c(Cl)cc2n1C1OC(CO)C(O)C1O	ok	CC(C)Nc1nc2cc(Cl)c(Cl)cc2n1C1OC(CO)C(O)C1O	KJFBVJALEQWJBS-UHFFFAOYSA-N	C15H19Cl2N3O4
external	KJHKTHWMRKYKJE-UHFFFAOYSA-N	Cc1cccc(C)c1OCC(O)=NC(Cc1ccccc1)C(O)CC(Cc1ccccc1)N=C(O)C(C(C)C)N1CCCN=C1O	ok	Cc1cccc(C)c1OCC(=O)NC(Cc1ccccc1)C(O)CC(Cc1ccccc1)NC(=O)C(C(C)C)N1CCCNC1=O	KJHKTHWMRKYKJE-UHFFFAOYSA-N	C37H48N4O5
external	KJMLJDPUBIPIQM-UHFFFAOYSA-N	CCCCCn1c(=O)c2c(ncn2C)n(C)c1=O	ok	CCCCCn1c(=O)c2c(ncn2C)n(C)c1=O	KJMLJDPUBIPIQM-UHFFFAOYSA-N	C12H18N4O2
external	KJONHKAYOJNZEC-UHFFFAOYSA-N	O=[N+]([O-])c1ccc2c(c1)C(c1ccccc1)=NCC(O)=N2	ok	O=C1CN=C(c2ccccc2)c2cc([N+](=O)[O-])ccc2N1	KJONHKAYOJNZEC-UHFFFAOYSA-N	C15H11N3O3
external	KJTLQQUUPVSXIM-UHFFFAOYSA-M	CC(O)(CCO)CC(=O)[O-]	ok	CC(O)(CCO)CC(=O)O	KJTLQQUUPVSXIM-UHFFFAOYSA-N	C6H12O4
external	KJTUBZKMFRILQD-UHFFFAOYSA-N	CN1C(=O)C(O)N=C(c2ccccc2F)c2cc([N+](=O)[O-])ccc21	ok	CN1C(=O)C(O)N=C(c2ccccc2F)c2cc([N+](=O)[O-])ccc21	KJTUBZKMFRILQD-UHFFFAOYSA-N	C16H12FN3O4
external	KKGQTZUTZRNORY-UHFFFAOYSA-N	CCCCCCCCc1ccc(CCC(N)(CO)CO)cc1	ok	CCCCCCCCc1ccc(CCC(N)(CO)CO)cc1	KKGQTZUTZRNORY-UHFFFAOYSA-N	C19H33NO2
external	KKIMDKMETPPURN-UHFFFAOYSA-N	FC(F)(F)c1cccc(N2CCNCC2)c1	ok	FC(F)(F)c1cccc(N2CCNCC2)c1	KKIMDKMETPPURN-UHFFFAOYSA-N	C11H13F3N2
external	KKZJGLLVHKMTCM-UHFFFAOYSA-N	O=C1c2c(O)ccc(O)c2C(=O)c2c(NCCNCCO)ccc(NCCNCCO)c21	ok	O=C1C=CC(=O)c2c1c(O)c1c(NCCNCCO)ccc(NCCNCCO)c1c2O	BWGNRRGTNFKGQK-UHFFFAOYSA-N	C22H28N4O6
external	KLAONOISLHWJEE-UHFFFAOYSA-N	N=C(O)CCC(N=C(O)C(N)Cc1ccccc1)C(=O)O	ok	NC(=O)CCC(NC(=O)C(N)Cc1ccccc1)C(=O)O	KLAONOISLHWJEE-UHFFFAOYSA-N	C14H19N3O4
external	KLBQZWRITKRQQV-UHFFFAOYSA-N	CSc1ccc2c(c1)N(CCC1CCCCN1C)c1ccccc1S2	ok	CSc1ccc2c(c1)N(CCC1CCCCN1C)c1ccccc1S2	KLBQZWRITKRQQV-UHFFFAOYSA-N	C21H26N2S2
external	KLLGGGQNRTVBSU-UHFFFAOYSA-N	CCC=CCC(O)C=CC=CCCCCCCCC(=O)O	ok	CCC=CCC(O)C=CC=CCCCCCCCC(=O)O	KLLGGGQNRTVBSU-UHFFFAOYSA-N	C18H30O3
external	KLPQJJKXRIDASJ-UHFFFAOYSA-N	CCN=c1ncn(Cc2ccc(OC)c(OC3CCCC3)c2)c2[nH]c(C(C)C)nc12	ok	CCN=c1ncn(Cc2ccc(OC)c(OC3CCCC3)c2)c2[nH]c(C(C)C)nc12	KLPQJJKXRIDASJ-UHFFFAOYSA-N	C23H31N5O2
external	KLPWJLBORRMFGK-UHFFFAOYSA-N	CCc1c(C)[nH]c2c1C(=O)C(CN1CCOCC1)CC2	ok	CCc1c(C)[nH]c2c1C(=O)C(CN1CCOCC1)CC2	KLPWJLBORRMFGK-UHFFFAOYSA-N	C16H24N2O2
external	KMNHUMOKTYWYNP-UHFFFAOYSA-N	CC1=C(CCC(C)OC2OC(CO)C(O)C(O)C2O)C(C)(C)CC(=O)C1	ok	CC1=C(CCC(C)OC2OC(CO)C(O)C(O)C2O)C(C)(C)CC(=O)C1	KMNHUMOKTYWYNP-UHFFFAOYSA-N	C19H32O7
external	KMQGFEBCBYXSPZ-UHFFFAOYSA-N	CCCCCC(=O)C=CC=CC=CC=CC(O)C(O)CCCC(=O)O	ok	CCCCCC(=O)C=CC=CC=CC=CC(O)C(O)CCCC(=O)O	KMQGFEBCBYXSPZ-UHFFFAOYSA-N	C20H30O5
external	KNAHARQHSZJURB-UHFFFAOYSA-N	CCCc1cc(O)nc(S)n1	ok	CCCc1cc(=O)[nH]c(=S)[nH]1	KNAHARQHSZJURB-UHFFFAOYSA-N	C7H10N2OS
external	KNCZYJAUVPNGON-UHFFFAOYSA-N	CCC1C2CCN3CCC4(c5cccc(OC)c5N(C(C)=O)C4C2)C13	ok	CCC1C2CCN3CCC4(c5cccc(OC)c5N(C(C)=O)C4C2)C13	KNCZYJAUVPNGON-UHFFFAOYSA-N	C21H28N2O2
external	KNGIGRDYBQPXKQ-UHFFFAOYSA-N	O=[N+]([O-])c1ccc2c(c1)C(c1ccccc1F)=NCC(O)=N2	ok	O=C1CN=C(c2ccccc2F)c2cc([N+](=O)[O-])ccc2N1	KNGIGRDYBQPXKQ-UHFFFAOYSA-N	C15H10FN3O3
external	KNGXENHWYNLKBU-UHFFFAOYSA-N	N=C(O)c1c(Cl)c(-c2cccnc2)n2c1CCCC2	ok	NC(=O)c1c(Cl)c(-c2cccnc2)n2c1CCCC2	KNGXENHWYNLKBU-UHFFFAOYSA-N	C14H14ClN3O
external	KNHGELGZIJONEB-UHFFFAOYSA-N	CN1CCC23C4=CCC(=O)C2Oc2c(O)ccc(c23)CC41	ok	CN1CCC23C4=CCC(=O)C2Oc2c(O)ccc(c23)CC41	KNHGELGZIJONEB-UHFFFAOYSA-N	C17H17NO3
external	KNHUKKLJHYUCFP-UHFFFAOYSA-N	CCOC(=O)C(C)(C)Oc1ccc(Cl)cc1	ok	CCOC(=O)C(C)(C)Oc1ccc(Cl)cc1	KNHUKKLJHYUCFP-UHFFFAOYSA-N	C12H15ClO3
external	KNKRKFALVUDBJE-UHFFFAOYSA-N	CC(Cl)CCl	ok	CC(Cl)CCl	KNKRKFALVUDBJE-UHFFFAOYSA-N	C3H6Cl2
external	KNVADAPHVNKTEP-UHFFFAOYSA-N	CC(CCC(=O)O)C1CCC2C3C(O)CC4CC(=O)CCC4(C)C3CCC12C	ok	CC(CCC(=O)O)C1CCC2C3C(O)CC4CC(=O)CCC4(C)C3CCC12C	KNVADAPHVNKTEP-UHFFFAOYSA-N	C24H38O4
external	KNYYMGDYROYBRE-UHFFFAOYSA-N	COc1ccc2nc3ccc(=O)cc-3oc2c1	ok	COc1ccc2nc3ccc(=O)cc-3oc2c1	KNYYMGDYROYBRE-UHFFFAOYSA-N	C13H9NO3
external	KOCFTADHOAAXFC-UHFFFAOYSA-N	CN(C=O)CO	ok	CN(C=O)CO	KOCFTADHOAAXFC-UHFFFAOYSA-N	C3H7NO2
external	KOHIRBRYDXPAMZ-UHFFFAOYSA-N	OC(CNCC(O)C1CCc2cc(F)ccc2O1)C1CCc2cc(F)ccc2O1	ok	OC(CNCC(O)C1CCc2cc(F)ccc2O1)C1CCc2cc(F)ccc2O1	KOHIRBRYDXPAMZ-UHFFFAOYSA-N	C22H25F2NO4
external	KOQURIVQVVRBPL-UHFFFAOYSA-N	CCC(=O)OC1CC(=O)OC(C)CC=CC=CC(O)C(C)CC(CC=O)C(OC2OC(C)C(OC3CC(C)(O)C(OC(C)=O)C(C)O3)C(N(C)C)C2O)C1OC	ok	CCC(=O)OC1CC(=O)OC(C)CC=CC=CC(O)C(C)CC(CC=O)C(OC2OC(C)C(OC3CC(C)(O)C(OC(C)=O)C(C)O3)C(N(C)C)C2O)C1OC	KOQURIVQVVRBPL-UHFFFAOYSA-N	C40H65NO15
external	KORNTPPJEAJQIU-UHFFFAOYSA-N	C=CCN1CC(C(=O)N(CCCN(C)C)C(O)=NCC)CC2c3cccc4[nH]cc(c34)CC21	ok	C=CCN1CC(C(=O)N(CCCN(C)C)C(=O)NCC)CC2c3cccc4[nH]cc(c34)CC21	KORNTPPJEAJQIU-UHFFFAOYSA-N	C26H37N5O2
external	KPBZROQVTHLCDU-UHFFFAOYSA-N	CCCC(=O)OCOC(=O)C1=C(C)NC(C)=C(C(=O)OC)C1c1cccc(Cl)c1Cl	ok	CCCC(=O)OCOC(=O)C1=C(C)N=C(C)C(C(=O)OC)C1c1cccc(Cl)c1Cl	PLWGSEYKEKXMIX-UHFFFAOYSA-N	C21H23Cl2NO6
external	KPJZHOPZRAFDTN-UHFFFAOYSA-N	CCC(CO)N=C(O)C1C=C2c3cccc4c3c(cn4C)CC2N(C)C1	ok	CCC(CO)NC(=O)C1C=C2c3cccc4c3c(cn4C)CC2N(C)C1	KPJZHOPZRAFDTN-UHFFFAOYSA-N	C21H27N3O2
external	KPRTURMJVWXURQ-UHFFFAOYSA-N	CCOP(=O)(Cc1ccc(C(O)=Nc2ccc(Br)cc2C#N)cc1)OCC	ok	CCOP(=O)(Cc1ccc(C(=O)Nc2ccc(Br)cc2C#N)cc1)OCC	KPRTURMJVWXURQ-UHFFFAOYSA-N	C19H20BrN2O4P
external	KPSRODZRAIWAKH-UHFFFAOYSA-N	CC(C)(Oc1ccc(C2CC2(Cl)Cl)cc1)C(=O)O	ok	CC(C)(Oc1ccc(C2CC2(Cl)Cl)cc1)C(=O)O	KPSRODZRAIWAKH-UHFFFAOYSA-N	C13H14Cl2O3
external	KPVIXBKIJXZQJX-UHFFFAOYSA-N	C=CC1(C)CC(OC(=O)CSC2CCC(N)CC2O)C2(C)C(C)CCC3(CCC(=O)C32)C(C)C1O	ok	C=CC1(C)CC(OC(=O)CSC2CCC(N)CC2O)C2(C)C(C)CCC3(CCC(=O)C32)C(C)C1O	KPVIXBKIJXZQJX-UHFFFAOYSA-N	C28H45NO5S
external	KPWSJANDNDDRMB-UHFFFAOYSA-N	CN(C)C(O)=NC1CCC(CCN2CCN(c3cccc(Cl)c3Cl)CC2)CC1	ok	CN(C)C(=O)NC1CCC(CCN2CCN(c3cccc(Cl)c3Cl)CC2)CC1	KPWSJANDNDDRMB-UHFFFAOYSA-N	C21H32Cl2N4O
external	KPWVHHMGDZAYJJ-UHFFFAOYSA-N	CCCCCCCCCCCCCCCCCCCCCC(O)=NC(COC1OC(CO)C(OC2OC(CO)C(OC3OC(CO)C(O)C(O)C3CC(C)=O)C(OC3(C(=O)O)CC(O)C(N=C(C)O)C(C(O)C(CO)OC4(C(=O)O)CC(O)C(N=C(C)O)C(C(O)C(CO)OC5(C(=O)O)CC(O)C(N=C(C)O)C(C(O)C(O)CO)O5)O4)O3)C2O)C(O)C1O)C(O)CCCCCCCCCCCCCCC	ok	CCCCCCCCCCCCCCCCCCCCCC(=O)NC(COC1OC(CO)C(OC2OC(CO)C(OC3OC(CO)C(O)C(O)C3CC(C)=O)C(OC3(C(=O)O)CC(O)C(NC(C)=O)C(C(O)C(CO)OC4(C(=O)O)CC(O)C(NC(C)=O)C(C(O)C(CO)OC5(C(=O)O)CC(O)C(NC(C)=O)C(C(O)C(O)CO)O5)O4)O3)C2O)C(O)C1O)C(O)CCCCCCCCCCCCCCC	KPWVHHMGDZAYJJ-UHFFFAOYSA-N	C94H166N4O42
external	KQPKPCNLIDLUMF-UHFFFAOYSA-N	C=CCC1(C(C)CCC)C(O)=NC(=O)N=C1O	ok	C=CCC1(C(C)CCC)C(=O)NC(=O)NC1=O	KQPKPCNLIDLUMF-UHFFFAOYSA-N	C12H18N2O3
external	KQPYUDDGWXQXHS-UHFFFAOYSA-N	O=C1C=CC(=O)c2c(O)cccc21	ok	O=C1C=CC(=O)c2c(O)cccc21	KQPYUDDGWXQXHS-UHFFFAOYSA-N	C10H6O3
external	KQXKVJAGOJTNJS-UHFFFAOYSA-N	CC(C)(C)NCC(O)COc1ccccc1C1CCCC1	ok	CC(C)(C)NCC(O)COc1ccccc1C1CCCC1	KQXKVJAGOJTNJS-UHFFFAOYSA-N	C18H29NO2
external	KRHPBWNETCEFGS-UHFFFAOYSA-N	Cc1ccc(S(=O)(=O)N(C)c2ccnn2-c2ccccc2)cc1	ok	Cc1ccc(S(=O)(=O)N(C)c2ccnn2-c2ccccc2)cc1	KRHPBWNETCEFGS-UHFFFAOYSA-N	C17H17N3O2S
external	KRMDCWKBEZIMAB-UHFFFAOYSA-N	CN(C)CCC=C1c2ccccc2CCc2ccccc21	ok	CN(C)CCC=C1c2ccccc2CCc2ccccc21	KRMDCWKBEZIMAB-UHFFFAOYSA-N	C20H23N
external	KRNAOFGYEFKHPB-UHFFFAOYSA-N	NC1c2cccnc2C(OC(=O)N2CCC(n3c(O)nc4ncccc43)CC2)CCC1c1cccc(F)c1F	ok	NC1c2cccnc2C(OC(=O)N2CCC(n3c(=O)[nH]c4ncccc43)CC2)CCC1c1cccc(F)c1F	KRNAOFGYEFKHPB-UHFFFAOYSA-N	C28H28F2N6O3
external	KRPZTCZJBVPGEM-UHFFFAOYSA-N	C=C1C=CC(C(C)CC(O)C=C(C)C)CC1	ok	C=C1C=CC(C(C)CC(O)C=C(C)C)CC1	KRPZTCZJBVPGEM-UHFFFAOYSA-N	C15H24O
external	KRWMERLEINMZFT-UHFFFAOYSA-N	N=c1nc(OCc2ccccc2)c2nc[nH]c2[nH]1	ok	Nc1nc(OCc2ccccc2)c2[nH]cnc2n1	KRWMERLEINMZFT-UHFFFAOYSA-N	C12H11N5O
external	KSFCDINBDBFFSI-UHFFFAOYSA-N	CCCCCN(C)N=O	ok	CCCCCN(C)N=O	KSFCDINBDBFFSI-UHFFFAOYSA-N	C6H14N2O
external	KSLXEOVMWLSIDW-UHFFFAOYSA-N	O=C(OCC1OC(c2c(O)cc(O)c(C(=O)c3ccc(O)cc3)c2O)C(OC(=O)c2cc(O)c(O)c(O)c2)C(O)C1O)c1cc(O)c(O)c(O)c1	tautomer_MaxTransformsReached			C33H28O18
external	KSMAGQUYOIHWFS-UHFFFAOYSA-N	CC(Oc1c(Cl)cccc1Cl)C1=NCCN1	ok	CC(Oc1c(Cl)cccc1Cl)C1=NCCN1	KSMAGQUYOIHWFS-UHFFFAOYSA-N	C11H12Cl2N2O
external	KSWPGVNFLOBEBO-UHFFFAOYSA-N	COc1cc2c(CCN3CCN(c4cccc(Cl)c4C)CC3)nn(Cc3cnc[nH]3)c2cc1OC	ok	COc1cc2c(CCN3CCN(c4cccc(Cl)c4C)CC3)nn(Cc3c[nH]cn3)c2cc1OC	KSWPGVNFLOBEBO-UHFFFAOYSA-N	C26H31ClN6O2
external	KTEIFNKAUNYNJU-UHFFFAOYSA-N	CC(Oc1cc(-c2cnn(C3CCNCC3)c2)cnc1N)c1c(Cl)ccc(F)c1Cl	ok	CC(Oc1cc(-c2cnn(C3CCNCC3)c2)cnc1N)c1c(Cl)ccc(F)c1Cl	KTEIFNKAUNYNJU-UHFFFAOYSA-N	C21H22Cl2FN5O
external	KTGFOCFYOZQVRJ-UHFFFAOYSA-N	CCC(C)C(N)C(O)=NC(CCC(=O)O)C(=O)O	ok	CCC(C)C(N)C(=O)NC(CCC(=O)O)C(=O)O	KTGFOCFYOZQVRJ-UHFFFAOYSA-N	C11H20N2O5
external	KTUFNOKKBVMGRW-UHFFFAOYSA-N	Cc1ccc(NC(=O)c2ccc(CN3CCN(C)CC3)cc2)cc1Nc1nccc(-c2cccnc2)n1	ok	Cc1ccc(NC(=O)c2ccc(CN3CCN(C)CC3)cc2)cc1Nc1nccc(-c2cccnc2)n1	KTUFNOKKBVMGRW-UHFFFAOYSA-N	C29H31N7O
external	KUAZQDVKQLNFPE-UHFFFAOYSA-N	CN(C)C(=S)SSC(=S)N(C)C	ok	CN(C)C(=S)SSC(=S)N(C)C	KUAZQDVKQLNFPE-UHFFFAOYSA-N	C6H12N2S4
external	KUMXLFIBWFCMOJ-UHFFFAOYSA-N	CCCC(C)(C)CC	ok	CCCC(C)(C)CC	KUMXLFIBWFCMOJ-UHFFFAOYSA-N	C8H18
external	KUTVNHOAKHJJFL-UHFFFAOYSA-N	Oc1ccc(C2Oc3cc(O)cc4c3C2c2cc(O)cc3c2C(c2cc(O)cc5c2C4C(c2ccc(O)cc2)O5)C(c2ccc(O)cc2)O3)cc1	tautomer_MaxTransformsReached			C42H30O9
external	KUVIULQEHSCUHY-UHFFFAOYSA-N	CCC(=O)OCC(=O)C1(OC(=O)CC)C(C)CC2C3CCC4=CC(=O)C=CC4(C)C3(Cl)C(O)CC21C	ok	CCC(=O)OCC(=O)C1(OC(=O)CC)C(C)CC2C3CC=C4CC(=O)C=CC4(C)C3(Cl)C(O)CC21C	IBIIDGIPJPTFBZ-UHFFFAOYSA-N	C28H37ClO7
external	KUXGUCNZFCVULO-UHFFFAOYSA-N	CCCCCCCCCc1ccc(OCCO)cc1	ok	CCCCCCCCCc1ccc(OCCO)cc1	KUXGUCNZFCVULO-UHFFFAOYSA-N	C17H28O2
external	KUYNOZVWCFXSNE-UHFFFAOYSA-N	O=C(O)C1OC(Oc2c[nH]c3ccccc23)C(O)C(O)C1O	ok	O=C(O)C1OC(Oc2c[nH]c3ccccc23)C(O)C(O)C1O	KUYNOZVWCFXSNE-UHFFFAOYSA-N	C14H15NO7
external	KVJXBPDAXMEYOA-UHFFFAOYSA-N	CC12CCC3C(CCC45OC4C(O)=C(C#N)CC35C)C1CCC2O	ok	CC12CCC3C(CCC45OC4C(=O)C(C#N)CC35C)C1CCC2O	RLQVKDVIBJCQGE-UHFFFAOYSA-N	C20H27NO3
external	KVWDHTXUZHCGIO-UHFFFAOYSA-N	Cc1cc2c(s1)Nc1ccccc1N=C2N1CCN(C)CC1	ok	Cc1cc2c(s1)Nc1ccccc1N=C2N1CCN(C)CC1	KVWDHTXUZHCGIO-UHFFFAOYSA-N	C17H20N4S
external	KVXIRQZWCOAYRD-UHFFFAOYSA-N	CCCCCCCCCCC=CCCCC(=O)O	ok	CCCCCCCCCCC=CCCCC(=O)O	KVXIRQZWCOAYRD-UHFFFAOYSA-N	C16H30O2
external	KWDSFGYQALRPMG-UHFFFAOYSA-N	N=C(N)N(O)CCCC(N)C(=O)O	ok	N=C(N)N(O)CCCC(N)C(=O)O	KWDSFGYQALRPMG-UHFFFAOYSA-N	C6H14N4O3
external	KWEMUXODTDSRRP-UHFFFAOYSA-N	COc1ccccc1N=C(O)C(=NNc1ccc([N+](=O)[O-])cc1OC)C(C)=O	ok	COc1cc([N+](=O)[O-])ccc1NN=C(C(C)=O)C(=O)Nc1ccccc1OC	KWEMUXODTDSRRP-UHFFFAOYSA-N	C18H18N4O6
external	KWGRBVOPPLSCSI-UHFFFAOYSA-N	CNC(C)C(O)c1ccccc1	ok	CNC(C)C(O)c1ccccc1	KWGRBVOPPLSCSI-UHFFFAOYSA-N	C10H15NO
external	KWTSXDURSIMDCE-UHFFFAOYSA-N	CC(N)Cc1ccccc1	ok	CC(N)Cc1ccccc1	KWTSXDURSIMDCE-UHFFFAOYSA-N	C9H13N
external	KWTWDQCKEHXFFR-UHFFFAOYSA-N	CCC(c1cccc(O)c1)C(C)CN(C)C	ok	CCC(c1cccc(O)c1)C(C)CN(C)C	KWTWDQCKEHXFFR-UHFFFAOYSA-N	C14H23NO
external	KXDAEFPNCMNJSK-UHFFFAOYSA-N	N=C(O)c1ccccc1	ok	NC(=O)c1ccccc1	KXDAEFPNCMNJSK-UHFFFAOYSA-N	C7H7NO
external	KXGVEGMKQFWNSR-UHFFFAOYSA-N	CC(CCC(=O)O)C1CCC2C3CCC4CC(O)CCC4(C)C3CC(O)C12C	ok	CC(CCC(=O)O)C1CCC2C3CCC4CC(O)CCC4(C)C3CC(O)C12C	KXGVEGMKQFWNSR-UHFFFAOYSA-N	C24H40O4
external	KXNPVXPOPUZYGB-UHFFFAOYSA-N	CC1CNc2c(cccc2S(=O)(=O)NC(CCCNC(=N)N)C(=O)N2CCC(C)CC2C(=O)O)C1	ok	CC1CNc2c(cccc2S(=O)(=O)NC(CCCN=C(N)N)C(=O)N2CCC(C)CC2C(=O)O)C1	KXNPVXPOPUZYGB-UHFFFAOYSA-N	C23H36N6O5S
external	KYHQZNGJUGFTGR-UHFFFAOYSA-N	CC(O)Cn1cnc2c1c(=O)n(C)c(=O)n2C	ok	CC(O)Cn1cnc2c1c(=O)n(C)c(=O)n2C	KYHQZNGJUGFTGR-UHFFFAOYSA-N	C10H14N4O3
external	KYYIDSXMWOZKMP-UHFFFAOYSA-N	CN(C)CC(c1ccc(O)cc1)C1(O)CCCCC1	ok	CN(C)CC(c1ccc(O)cc1)C1(O)CCCCC1	KYYIDSXMWOZKMP-UHFFFAOYSA-N	C16H25NO2
external	KZJWDPNRJALLNS-UHFFFAOYSA-N	CCC(CCC(C)C1CCC2C3CC=C4CC(O)CCC4(C)C3CCC12C)C(C)C	ok	CCC(CCC(C)C1CCC2C3CC=C4CC(O)CCC4(C)C3CCC12C)C(C)C	KZJWDPNRJALLNS-UHFFFAOYSA-N	C29H50O
external	KZLCJWAPSHZJTK-UHFFFAOYSA-N	CCC(C)C(N)C(O)=NC(C=O)C(O)O	ok	CCC(C)C(N)C(=O)NC(C=O)C(O)O	KZLCJWAPSHZJTK-UHFFFAOYSA-N	C9H18N2O4
external	KZNIFHPLKGYRTM-UHFFFAOYSA-N	O=c1cc(-c2ccc(O)cc2)oc2cc(O)cc(O)c12	ok	O=c1cc(-c2ccc(O)cc2)oc2cc(O)cc(O)c12	KZNIFHPLKGYRTM-UHFFFAOYSA-N	C15H10O5
external	KZUIYQJTUIACIG-UHFFFAOYSA-N	CC(=O)C1(O)CCC2C3C=C(C)C4=CC(=O)CCC4C3CCC21C	ok	CC(=O)C1(O)CCC2C3=CC(C)=C4CC(=O)CCC4C3CCC21C	JSDBBTQSVAXTRN-UHFFFAOYSA-N	C21H28O3
external	LAHWLEDBADHJGA-UHFFFAOYSA-N	Clc1ccc(Cl)c(-c2cc(Cl)c(Cl)cc2Cl)c1	ok	Clc1ccc(Cl)c(-c2cc(Cl)c(Cl)cc2Cl)c1	LAHWLEDBADHJGA-UHFFFAOYSA-N	C12H5Cl5
external	LAJZFNUUUUJYJR-UHFFFAOYSA-N	CC1C2C(CC3C4CC=C5CC(O)CCC5(C)C4CCC32C)OC12CCC(O)(CO)CO2	ok	CC1C2C(CC3C4CC=C5CC(O)CCC5(C)C4CCC32C)OC12CCC(O)(CO)CO2	LAJZFNUUUUJYJR-UHFFFAOYSA-N	C27H42O5
external	LAYHAIBAHFCCKU-UHFFFAOYSA-N	Cc1occ(O)c1O	ok	Cc1occ(O)c1O	LAYHAIBAHFCCKU-UHFFFAOYSA-N	C5H6O3
external	LAZLDWXSSDNWRZ-UHFFFAOYSA-N	COC1C=COC2(C)Oc3c(C)c(=O)c4c(O)c(c5oc6cc(N7CCN(CC(C)C)CC7)cc(O)c6nc5c4c3C2=O)N=C(O)C(C)=CC=CC(C)C(O)C(C)C(O)C(C)C(OC(C)=O)C1C	tautomer_MaxTransformsReached			C51H64N4O13
external	LBHLFPGPEGDCJG-UHFFFAOYSA-N	COc1cc(C)c2c(Oc3cccc(C(F)(F)F)c3)c(OC)cc(NC(C)CCCN)c2n1	ok	COc1cc(C)c2c(Oc3cccc(C(F)(F)F)c3)c(OC)cc(NC(C)CCCN)c2n1	LBHLFPGPEGDCJG-UHFFFAOYSA-N	C24H28F3N3O3
external	LBQIJVLKGVZRIW-UHFFFAOYSA-N	CC1(C)C=Cc2c(ccc3c2OCC(c2ccc(O)cc2O)C3)O1	ok	CC1(C)C=Cc2c(ccc3c2OCC(c2ccc(O)cc2O)C3)O1	LBQIJVLKGVZRIW-UHFFFAOYSA-N	C20H20O4
external	LCCNCVORNKJIRZ-UHFFFAOYSA-N	CCOP(=S)(OCC)Oc1ccc([N+](=O)[O-])cc1	ok	CCOP(=S)(OCC)Oc1ccc([N+](=O)[O-])cc1	LCCNCVORNKJIRZ-UHFFFAOYSA-N	C10H14NO5PS
external	LCHFAYIGHOVWSA-UHFFFAOYSA-N	O=C(O)C1Cc2c([nH]c3ccccc23)C(C(O)C(O)C(O)C(O)CO)N1	ok	O=C(O)C1Cc2c([nH]c3ccccc23)C(C(O)C(O)C(O)C(O)CO)N1	LCHFAYIGHOVWSA-UHFFFAOYSA-N	C17H22N2O7
external	LCJHAHVVYAVVPA-UHFFFAOYSA-N	COc1cc(-c2cc3c(c(=O)o2)CC2(O)C(C)(CCC4(O)C(C)(C)C=CC(=O)C42C)O3)cc2c1OCO2	ok	COc1cc(-c2cc3c(c(=O)o2)CC2(O)C(C)(CCC4(O)C(C)(C)C=CC(=O)C42C)O3)cc2c1OCO2	LCJHAHVVYAVVPA-UHFFFAOYSA-N	C28H30O9
external	LCQLHJZYVOQKHU-UHFFFAOYSA-N	N=C(O)NC(CCC(=O)O)C(=O)O	ok	NC(=O)NC(CCC(=O)O)C(=O)O	LCQLHJZYVOQKHU-UHFFFAOYSA-N	C6H10N2O5
external	LCTONWCANYUPML-UHFFFAOYSA-N	CC(=O)C(=O)O	ok	CC(=O)C(=O)O	LCTONWCANYUPML-UHFFFAOYSA-N	C3H4O3
external	LCYXQUJDODZYIJ-UHFFFAOYSA-N	C=C1C(O)CC2CC1C2(C)C	ok	C=C1C(O)CC2CC1C2(C)C	LCYXQUJDODZYIJ-UHFFFAOYSA-N	C10H16O
external	LDEKQSIMHVQZJK-UHFFFAOYSA-N	CC(C)OC(=O)C(C)NP(=O)(COC(C)Cn1cnc2c(N)ncnc21)Oc1ccccc1	ok	CC(C)OC(=O)C(C)NP(=O)(COC(C)Cn1cnc2c(N)ncnc21)Oc1ccccc1	LDEKQSIMHVQZJK-UHFFFAOYSA-N	C21H29N6O5P
external	LDHABSUGQVJQQW-UHFFFAOYSA-N	CC1=C(CC(N=C(O)CCC(N)C(=O)O)C(=O)O)C1	ok	CC1=C(CC(NC(=O)CCC(N)C(=O)O)C(=O)O)C1	LDHABSUGQVJQQW-UHFFFAOYSA-N	C12H18N2O5
external	LDMWSLGGVTVJPG-UHFFFAOYSA-N	Cc1cc(-c2ccccc2)n[nH]c1=NCCN1CCOCC1	ok	Cc1cc(-c2ccccc2)nnc1NCCN1CCOCC1	LDMWSLGGVTVJPG-UHFFFAOYSA-N	C17H22N4O
external	LDYVDKCSGKMMHS-UHFFFAOYSA-N	CC(Nc1cc(-c2[nH]c(S(C)=O)nc2-c2ccc(F)cc2)ccn1)c1ccccc1	ok	CC(Nc1cc(-c2[nH]c([S+](C)[O-])nc2-c2ccc(F)cc2)ccn1)c1ccccc1	LDYVDKCSGKMMHS-UHFFFAOYSA-N	C23H21FN4OS
external	LEBVLXFERQHONN-UHFFFAOYSA-N	CCCCN1CCCCC1C(O)=Nc1c(C)cccc1C	ok	CCCCN1CCCCC1C(=O)Nc1c(C)cccc1C	LEBVLXFERQHONN-UHFFFAOYSA-N	C18H28N2O
external	LEGGANXCVQPIAI-UHFFFAOYSA-N	CCCCC(C)CCC(=O)O	ok	CCCCC(C)CCC(=O)O	LEGGANXCVQPIAI-UHFFFAOYSA-N	C9H18O2
external	LEHOTFFKMJEONL-UHFFFAOYSA-N	Oc1nc(O)c2nc(O)[nH]c2n1	ok	O=c1[nH]c(=O)c2[nH]c(=O)[nH]c2[nH]1	LEHOTFFKMJEONL-UHFFFAOYSA-N	C5H4N4O3
external	LERNTVKEWCAPOY-UHFFFAOYSA-N	C[N+]1(C)C2CC(OC(=O)C(O)(c3cccs3)c3cccs3)CC1C1OC12	ok	C[N+]1(C)C2CC(OC(=O)C(O)(c3cccs3)c3cccs3)CC1C1OC12	LERNTVKEWCAPOY-UHFFFAOYSA-N	C19H22NO4S2+
external	LESXFEZIFXFIQR-UHFFFAOYSA-N	CC(C)CC(N)C(O)=NCC(=O)O	ok	CC(C)CC(N)C(=O)NCC(=O)O	LESXFEZIFXFIQR-UHFFFAOYSA-N	C8H16N2O3
external	LEZWWPYKPKIXLL-UHFFFAOYSA-N	Clc1ccc(COC(Cn2ccnc2)c2ccc(Cl)cc2Cl)cc1	ok	Clc1ccc(COC(Cn2ccnc2)c2ccc(Cl)cc2Cl)cc1	LEZWWPYKPKIXLL-UHFFFAOYSA-N	C18H15Cl3N2O
external	LFGDHICYJIULAO-UHFFFAOYSA-N	c1ccc2c(c1)-c1cccc3c1c-2cc1c2ccccc2ccc31	ok	c1ccc2c(c1)-c1cccc3c1c-2cc1c2ccccc2ccc31	LFGDHICYJIULAO-UHFFFAOYSA-N	C24H14
external	LFLJTCVAAOWHTD-UHFFFAOYSA-N	COC(=O)C1(C)C(OC(C)=O)CCC2(C)C1CCC1(C)C2C(=O)C=C2C3C(C)C(C)CCC3(C)CCC21C	ok	COC(=O)C1(C)C(OC(C)=O)CCC2(C)C1CCC1(C)C2C(=O)C=C2C3C(C)C(C)CCC3(C)CCC21C	LFLJTCVAAOWHTD-UHFFFAOYSA-N	C33H50O5
external	LFQSCWFLJHTTHZ-UHFFFAOYSA-N	CCO	ok	CCO	LFQSCWFLJHTTHZ-UHFFFAOYSA-N	C2H6O
external	LFYXNXGVLGKVCJ-UHFFFAOYSA-N	CC1(O)CC2CCC1(C)C2(C)C	ok	CC1(O)CC2CCC1(C)C2(C)C	LFYXNXGVLGKVCJ-UHFFFAOYSA-N	C11H20O
external	LGEQQWMQCRIYKG-UHFFFAOYSA-N	CCCCCC=CCC=CCC=CCC=CCCCC(O)=NCCO	ok	CCCCCC=CCC=CCC=CCC=CCCCC(=O)NCCO	LGEQQWMQCRIYKG-UHFFFAOYSA-N	C22H37NO2
external	LGXVIGDEPROXKC-UHFFFAOYSA-N	C=C(Cl)Cl	ok	C=C(Cl)Cl	LGXVIGDEPROXKC-UHFFFAOYSA-N	C2H2Cl2
external	LGYCOYCCCKHXGC-UHFFFAOYSA-N	Cc1ccnc2c1CCCC2	ok	Cc1ccnc2c1CCCC2	LGYCOYCCCKHXGC-UHFFFAOYSA-N	C10H13N
external	LHGVFZTZFXWLCP-UHFFFAOYSA-N	COc1ccccc1O	ok	COc1ccccc1O	LHGVFZTZFXWLCP-UHFFFAOYSA-N	C7H8O2
external	LHHCSNFAOIFYRV-UHFFFAOYSA-N	CC(C)(C)NC(O)=NC(C(=O)N1CC2C(C1C(O)=NC(CC1CCC1)C(=O)C(N)=O)C2(C)C)C(C)(C)C	ok	CC(C)(C)NC(=O)NC(C(=O)N1CC2C(C1C(=O)NC(CC1CCC1)C(=O)C(N)=O)C2(C)C)C(C)(C)C	LHHCSNFAOIFYRV-UHFFFAOYSA-N	C27H45N5O5
external	LHRCREOYAASXPZ-UHFFFAOYSA-N	c1ccc2c(c1)ccc1cc3c(ccc4ccccc43)cc12	ok	c1ccc2c(c1)ccc1cc3c(ccc4ccccc43)cc12	LHRCREOYAASXPZ-UHFFFAOYSA-N	C22H14
external	LHXDLQBQYFFVNW-UHFFFAOYSA-N	CC12CCC(C1)C(C)(C)C2=O	ok	CC12CCC(C1)C(C)(C)C2=O	LHXDLQBQYFFVNW-UHFFFAOYSA-N	C10H16O
external	LIFAQMGORKPVDH-UHFFFAOYSA-N	CCOc1ccc2ccc(=O)oc2c1	ok	CCOc1ccc2ccc(=O)oc2c1	LIFAQMGORKPVDH-UHFFFAOYSA-N	C11H10O3
external	LIIALPBMIOVAHH-UHFFFAOYSA-N	COc1ccc2ccc(=O)oc2c1	ok	COc1ccc2ccc(=O)oc2c1	LIIALPBMIOVAHH-UHFFFAOYSA-N	C10H8O3
external	LIMQQADUEULBSO-UHFFFAOYSA-N	CCCCN=C=S	ok	CCCCN=C=S	LIMQQADUEULBSO-UHFFFAOYSA-N	C5H9NS
external	LIOLIMKSCNQPLV-UHFFFAOYSA-N	CN=C(O)c1ccc(-c2cnc3ncc(Cc4ccc5ncccc5c4)n3n2)cc1F	ok	CNC(=O)c1ccc(-c2cnc3ncc(Cc4ccc5ncccc5c4)n3n2)cc1F	LIOLIMKSCNQPLV-UHFFFAOYSA-N	C23H17FN6O
external	LIWAQLJGPBVORC-UHFFFAOYSA-N	CCNC	ok	CCNC	LIWAQLJGPBVORC-UHFFFAOYSA-N	C3H9N
external	LJOQGZACKSYWCH-UHFFFAOYSA-N	CCC1CN2CCC1CC2C(O)c1ccnc2ccc(OC)cc12	ok	CCC1CN2CCC1CC2C(O)c1ccnc2ccc(OC)cc12	LJOQGZACKSYWCH-UHFFFAOYSA-N	C20H26N2O2
external	LJUQGASMPRMWIW-UHFFFAOYSA-N	Cc1cc2nc[nH]c2cc1C	ok	Cc1cc2nc[nH]c2cc1C	LJUQGASMPRMWIW-UHFFFAOYSA-N	C9H10N2
external	LJVAJPDWBABPEJ-UHFFFAOYSA-N	CCC1OC(=O)C(C)C(=O)C(C)C(OC2OC(C)CC(N(C)C)C2O)C(C)(OC)CC(C)C(=O)C(C)C2N(CCCCn3cnc(-c4cccnc4)c3)C(=O)OC12C	ok	CCC1OC(=O)C(C)C(=O)C(C)C(OC2OC(C)CC(N(C)C)C2O)C(C)(OC)CC(C)C(=O)C(C)C2N(CCCCn3cnc(-c4cccnc4)c3)C(=O)OC12C	LJVAJPDWBABPEJ-UHFFFAOYSA-N	C43H65N5O10
external	LJVWRHJDEMCHNS-UHFFFAOYSA-N	NC(CCC(O)=NC(CCC(O)=NC(CCC(O)=NC(CCC=O)C(=O)O)C(=O)O)C(=O)O)C(=O)O	tautomer_MaxTransformsReached			C20H30N4O12
external	LKEZYVLTHMLNIH-UHFFFAOYSA-N	CC12COC(C)(O1)C13CC2CCC1(C)CCC3O	ok	CC12COC(C)(O1)C13CC2CCC1(C)CCC3O	LKEZYVLTHMLNIH-UHFFFAOYSA-N	C15H24O3
external	LKJKIAGKHNUEGA-UHFFFAOYSA-N	CC(NCC(O)COc1cccc2ccccc12)C(F)F	ok	CC(NCC(O)COc1cccc2ccccc12)C(F)F	LKJKIAGKHNUEGA-UHFFFAOYSA-N	C16H19F2NO2
external	LKJPYSCBVHEWIU-UHFFFAOYSA-N	CC(O)(CS(=O)(=O)c1ccc(F)cc1)C(O)=Nc1ccc(C#N)c(C(F)(F)F)c1	ok	CC(O)(CS(=O)(=O)c1ccc(F)cc1)C(=O)Nc1ccc(C#N)c(C(F)(F)F)c1	LKJPYSCBVHEWIU-UHFFFAOYSA-N	C18H14F4N2O4S
external	LKKMLIBUAXYLOY-UHFFFAOYSA-N	Cc1[nH]c(=N)cc2[nH]c3ccccc3c12	ok	Cc1nc(N)cc2[nH]c3ccccc3c12	LKKMLIBUAXYLOY-UHFFFAOYSA-N	C12H11N3
external	LLEMOWNGBBNAJR-UHFFFAOYSA-N	Oc1ccccc1-c1ccccc1	ok	Oc1ccccc1-c1ccccc1	LLEMOWNGBBNAJR-UHFFFAOYSA-N	C12H10O
external	LLJFMFZYVVLQKT-UHFFFAOYSA-N	COc1ccc2c(c1)C(=O)N(CCc1ccc(S(=O)(=O)NC(O)=NC3CCCCC3)cc1)C(=O)C2(C)C	ok	COc1ccc2c(c1)C(=O)N(CCc1ccc(S(=O)(=O)NC(=O)NC3CCCCC3)cc1)C(=O)C2(C)C	LLJFMFZYVVLQKT-UHFFFAOYSA-N	C27H33N3O6S
external	LLPOLZWFYMWNKH-UHFFFAOYSA-N	COc1ccc2c3c1OC1C(=O)CCC4C(C2)N(C)CCC314	ok	COc1ccc2c3c1OC1C(=O)CCC4C(C2)N(C)CCC314	LLPOLZWFYMWNKH-UHFFFAOYSA-N	C18H21NO3
external	LMBWSYZSUOEYSN-UHFFFAOYSA-M	CCN(CC)C(=S)[S-]	ok	CCN(CC)C(=S)S	LMBWSYZSUOEYSN-UHFFFAOYSA-N	C5H11NS2
external	LMEKQMALGUDUQG-UHFFFAOYSA-N	Cn1cnc([N+](=O)[O-])c1Sc1ncnc2[nH]cnc12	ok	Cn1cnc([N+](=O)[O-])c1Sc1ncnc2[nH]cnc12	LMEKQMALGUDUQG-UHFFFAOYSA-N	C9H7N7O2S
external	LMGSYXYZUPRSAP-UHFFFAOYSA-N	COc1ccc2c(C[n+]3ccccc3)cc(=O)oc2c1	ok	COc1ccc2c(C[n+]3ccccc3)cc(=O)oc2c1	LMGSYXYZUPRSAP-UHFFFAOYSA-N	C16H14NO3+
external	LNCFUHAPNTYMJB-UHFFFAOYSA-N	NC(Cc1cnc[nH]1)C(=O)N1CCCC1C(=O)O	ok	NC(Cc1c[nH]cn1)C(=O)N1CCCC1C(=O)O	LNCFUHAPNTYMJB-UHFFFAOYSA-N	C11H16N4O3
external	LNDVPUQDSUNCKF-UHFFFAOYSA-N	CCc1c(O)[nH]c(C=c2[nH]c(=Cc3[nH]c(Cc4[nH]c(O)c(C)c4CC)c(C)c3CCC(=O)O)c(CCC(=O)O)c2C)c1C	ok	CCc1c(O)[nH]c(C=c2[nH]c(=Cc3[nH]c(Cc4[nH]c(O)c(C)c4CC)c(C)c3CCC(=O)O)c(CCC(=O)O)c2C)c1C	LNDVPUQDSUNCKF-UHFFFAOYSA-N	C33H42N4O6
external	LNEPOXFFQSENCJ-UHFFFAOYSA-N	O=C(CCCN1CCC(O)(c2ccc(Cl)cc2)CC1)c1ccc(F)cc1	ok	O=C(CCCN1CCC(O)(c2ccc(Cl)cc2)CC1)c1ccc(F)cc1	LNEPOXFFQSENCJ-UHFFFAOYSA-N	C21H23ClFNO2
external	LNPDTQAFDNKSHK-UHFFFAOYSA-N	Cc1onc(-c2ccccc2)c1-c1ccc(S(N)(=O)=O)cc1	ok	Cc1onc(-c2ccccc2)c1-c1ccc(S(N)(=O)=O)cc1	LNPDTQAFDNKSHK-UHFFFAOYSA-N	C16H14N2O3S
external	LOJYQMFIIJVETK-UHFFFAOYSA-N	N=C(O)CCC(N)C(O)=NC(CCC(=N)O)C(=O)O	ok	NC(=O)CCC(N)C(=O)NC(CCC(N)=O)C(=O)O	LOJYQMFIIJVETK-UHFFFAOYSA-N	C10H18N4O5
external	LORDFXWUHHSAQU-UHFFFAOYSA-N	CCC(COC(=O)c1cc(OC)c(OC)c(OC)c1)(c1ccccc1)N(C)C	ok	CCC(COC(=O)c1cc(OC)c(OC)c(OC)c1)(c1ccccc1)N(C)C	LORDFXWUHHSAQU-UHFFFAOYSA-N	C22H29NO5
external	LOUPRKONTZGTKE-UHFFFAOYSA-N	C=CC1CN2CCC1CC2C(O)c1ccnc2ccc(OC)cc12	ok	C=CC1CN2CCC1CC2C(O)c1ccnc2ccc(OC)cc12	LOUPRKONTZGTKE-UHFFFAOYSA-N	C20H24N2O2
external	LOVPBJMHVBJKQS-UHFFFAOYSA-N	CCCCCCOC1OC(COC2OC(CO)C(O)C2O)C(O)C(O)C1O	ok	CCCCCCOC1OC(COC2OC(CO)C(O)C2O)C(O)C(O)C1O	LOVPBJMHVBJKQS-UHFFFAOYSA-N	C17H32O10
external	LPAGFVYQRIESJQ-UHFFFAOYSA-N	c1ccc2c(c1)CCN2	ok	c1ccc2c(c1)CCN2	LPAGFVYQRIESJQ-UHFFFAOYSA-N	C8H9N
external	LPEPZBJOKDYZAD-UHFFFAOYSA-N	O=C(O)c1ccccc1Nc1cccc(C(F)(F)F)c1	ok	O=C(O)c1ccccc1Nc1cccc(C(F)(F)F)c1	LPEPZBJOKDYZAD-UHFFFAOYSA-N	C14H10F3NO2
external	LPLVUJXQOOQHMX-UHFFFAOYSA-N	CC1(C(=O)O)CCC2(C)CCC3(C)C(=CC(=O)C4C5(C)CCC(OC6OC(C(=O)O)C(O)C(O)C6OC6OC(C(=O)O)C(O)C(O)C6O)C(C)(C)C5CCC43C)C2C1	ok	CC1(C(=O)O)CCC2(C)CCC3(C)C(=C2C1)CC(=O)C1C2(C)CCC(OC4OC(C(=O)O)C(O)C(O)C4OC4OC(C(=O)O)C(O)C(O)C4O)C(C)(C)C2CCC13C	QCQGNTXXPCJRFZ-UHFFFAOYSA-N	C42H62O16
external	LPXATOPNSYYPSL-UHFFFAOYSA-N	CC(C)=C1CC(=O)C2(C)CC3(O)OC4(C(=O)C13C)C(O)C(C)CCC24O	ok	CC(C)=C1CC(=O)C2(C)CC3(O)OC4(C(=O)C13C)C(O)C(C)CCC24O	LPXATOPNSYYPSL-UHFFFAOYSA-N	C20H28O6
external	LPXQRXLUHJKZIE-UHFFFAOYSA-N	N=c1nc(O)c2nn[nH]c2[nH]1	ok	Nc1nc(=O)c2[nH]nnc2[nH]1	LPXQRXLUHJKZIE-UHFFFAOYSA-N	C4H4N6O
external	LQBVNQSMGBZMKD-UHFFFAOYSA-N	CC1(C)CCC(CN2CCN(c3ccc(C(O)=NS(=O)(=O)c4ccc(NCC5CCOCC5)c([N+](=O)[O-])c4)c(Oc4c[nH]c5nccc-5c4)c3)CC2)=C(c2ccc(Cl)cc2)C1	ok	CC1(C)CCC(CN2CCN(c3ccc(C(=O)NS(=O)(=O)c4ccc(NCC5CCOCC5)c([N+](=O)[O-])c4)c(Oc4cnc5[nH]ccc5c4)c3)CC2)=C(c2ccc(Cl)cc2)C1	LQBVNQSMGBZMKD-UHFFFAOYSA-N	C45H50ClN7O7S
external	LQCLVBQBTUVCEQ-UHFFFAOYSA-N	COC1CC(OC2C(C)C(=O)OC(C)C(C)C(OC(C)=O)C(C)C(=O)C3(CO3)CC(C)C(OC3OC(C)CC(N(C)C)C3OC(C)=O)C2C)OC(C)C1OC(C)=O	ok	COC1CC(OC2C(C)C(=O)OC(C)C(C)C(OC(C)=O)C(C)C(=O)C3(CO3)CC(C)C(OC3OC(C)CC(N(C)C)C3OC(C)=O)C2C)OC(C)C1OC(C)=O	LQCLVBQBTUVCEQ-UHFFFAOYSA-N	C41H67NO15
external	LRFVTYWOQMYALW-UHFFFAOYSA-N	Oc1nc(O)c2nc[nH]c2n1	ok	O=c1[nH]c(=O)c2[nH]cnc2[nH]1	LRFVTYWOQMYALW-UHFFFAOYSA-N	C5H4N4O2
external	LRJOMUJRLNCICJ-UHFFFAOYSA-N	CC(=O)OCC(=O)C1(O)CCC2C3CCC4=CC(=O)C=CC4(C)C3C(O)CC21C	ok	CC(=O)OCC(=O)C1(O)CCC2C3CC=C4CC(=O)C=CC4(C)C3C(O)CC21C	DKHHQUXEXCKMMT-UHFFFAOYSA-N	C23H30O6
external	LRMJAFKKJLRDLE-UHFFFAOYSA-N	c1ccc(C(c2ccccc2)N2CCN(CCCC3(c4ccccc4)OCCO3)CC2)cc1	ok	c1ccc(C(c2ccccc2)N2CCN(CCCC3(c4ccccc4)OCCO3)CC2)cc1	LRMJAFKKJLRDLE-UHFFFAOYSA-N	C29H34N2O2
external	LSQZJLSUYDQPKJ-UHFFFAOYSA-N	CC1(C)SC2C(N=C(O)C(N)c3ccc(O)cc3)C(=O)N2C1C(=O)O	ok	CC1(C)SC2C(NC(=O)C(N)c3ccc(O)cc3)C(=O)N2C1C(=O)O	LSQZJLSUYDQPKJ-UHFFFAOYSA-N	C16H19N3O5S
external	LSUVGSGHYCLVPU-UHFFFAOYSA-N	O=[Cl+]([O-])O	ok	O=[Cl+]([O-])O	OUPAGVMVVMVEHY-UHFFFAOYSA-N	HClO3
external	LTBQFJVKVMGOEG-UHFFFAOYSA-N	COc1c(CC=C(C)CCC(=O)O)c(O)c2c(O)occ2c1C	ok	COc1c(CC=C(C)CCC(=O)O)c(O)c2c(O)occ2c1C	LTBQFJVKVMGOEG-UHFFFAOYSA-N	C17H20O6
external	LTMHDMANZUZIPE-UHFFFAOYSA-N	CC1OC(OC2C(O)CC(OC3C(O)CC(OC4CCC5(C)C(CCC6C5CC(O)C5(C)C(C7=CC(=O)OC7)CCC65O)C4)OC3C)OC2C)CC(O)C1O	ok	CC1OC(OC2C(O)CC(OC3C(O)CC(OC4CCC5(C)C(CCC6C5CC(O)C5(C)C(C7=CC(=O)OC7)CCC65O)C4)OC3C)OC2C)CC(O)C1O	LTMHDMANZUZIPE-UHFFFAOYSA-N	C41H64O14
external	LTPVSOCPYWDIFU-UHFFFAOYSA-N	COc1ccc(CCN)cc1	ok	COc1ccc(CCN)cc1	LTPVSOCPYWDIFU-UHFFFAOYSA-N	C9H13NO
external	LTXREWYXXSTFRX-UHFFFAOYSA-N	CC#CCn1c(N2CCCC(N)C2)nc2c1c(=O)n(Cc1nc(C)c3ccccc3n1)c(=O)n2C	ok	CC#CCn1c(N2CCCC(N)C2)nc2c1c(=O)n(Cc1nc(C)c3ccccc3n1)c(=O)n2C	LTXREWYXXSTFRX-UHFFFAOYSA-N	C25H28N8O2
external	LUBHDINQXIHVLS-UHFFFAOYSA-N	COc1ccc2c(C(=S)N(C)CC(=O)O)cccc2c1C(F)(F)F	ok	COc1ccc2c(C(=S)N(C)CC(=O)O)cccc2c1C(F)(F)F	LUBHDINQXIHVLS-UHFFFAOYSA-N	C16H14F3NO3S
external	LUKBXSAWLPMMSZ-UHFFFAOYSA-N	Oc1ccc(C=Cc2cc(O)cc(O)c2)cc1	ok	Oc1ccc(C=Cc2cc(O)cc(O)c2)cc1	LUKBXSAWLPMMSZ-UHFFFAOYSA-N	C14H12O3
external	LUKZNWIVRBCLON-UHFFFAOYSA-N	CC(C)C(=O)OCC(=O)C12OC(C3CCCCC3)OC1CC1C3CCC4=CC(=O)C=CC4(C)C3C(O)CC12C	ok	CC(C)C(=O)OCC(=O)C12OC(C3CCCCC3)OC1CC1C3CC=C4CC(=O)C=CC4(C)C3C(O)CC12C	UGGUCACMQFGWAH-UHFFFAOYSA-N	C32H44O7
external	LUMKNAVTFCDUIE-UHFFFAOYSA-N	OCCOc1ccc(C(=C(CCCl)c2ccccc2)c2ccccc2)cc1	ok	OCCOc1ccc(C(=C(CCCl)c2ccccc2)c2ccccc2)cc1	LUMKNAVTFCDUIE-UHFFFAOYSA-N	C24H23ClO2
external	LUZRJRNZXALNLM-UHFFFAOYSA-N	CN1CC(C(O)=NC2(C)OC3(O)C4CCCN4C(=O)C(Cc4ccccc4)N3C2=O)CC2c3cccc4[nH]cc(c34)CC21	ok	CN1CC(C(=O)NC2(C)OC3(O)C4CCCN4C(=O)C(Cc4ccccc4)N3C2=O)CC2c3cccc4[nH]cc(c34)CC21	LUZRJRNZXALNLM-UHFFFAOYSA-N	C33H37N5O5
external	LVLANIHJQRZTPY-UHFFFAOYSA-N	C=COC(=N)O	ok	C=COC(N)=O	LVLANIHJQRZTPY-UHFFFAOYSA-N	C3H5NO2
external	LVRLSYPNFFBYCZ-UHFFFAOYSA-N	O=C(O)C1CCCC2SCCC(N=C(O)C(S)Cc3ccccc3)C(=O)N21	ok	O=C(NC1CCSC2CCCC(C(=O)O)N2C1=O)C(S)Cc1ccccc1	LVRLSYPNFFBYCZ-UHFFFAOYSA-N	C19H24N2O4S2
external	LVROXDRMMJVBGH-UHFFFAOYSA-N	CCCCCCCCC=CCCCCCCCCCCCCCCCC(O)=NC(COC1OC(CO)C(O)C(O)C1O)C(O)C=CCCCCCCCCCCCCC	ok	CCCCCCCCC=CCCCCCCCCCCCCCCCC(=O)NC(COC1OC(CO)C(O)C(O)C1O)C(O)C=CCCCCCCCCCCCCC	LVROXDRMMJVBGH-UHFFFAOYSA-N	C50H95NO8
external	LVXJQMNHJWSHET-UHFFFAOYSA-N	COc1cc2ncnc(Nc3ccc(F)c(Cl)c3)c2cc1N=C(O)C=CCN1CCCCC1	ok	COc1cc2ncnc(Nc3ccc(F)c(Cl)c3)c2cc1NC(=O)C=CCN1CCCCC1	LVXJQMNHJWSHET-UHFFFAOYSA-N	C24H25ClFN5O2
external	LVXVIPZBNJSUKL-UHFFFAOYSA-N	COC12CC(CO)CN(C)C1Cc1cn(C)c3cccc2c13	ok	COC12CC(CO)CN(C)C1Cc1cn(C)c3cccc2c13	LVXVIPZBNJSUKL-UHFFFAOYSA-N	C18H24N2O2
external	LWAFSWPYPHEXKX-UHFFFAOYSA-N	CC(C)(C)NCC(O)COc1cccc2c1CCC(O)=N2	ok	CC(C)(C)NCC(O)COc1cccc2c1CCC(=O)N2	LWAFSWPYPHEXKX-UHFFFAOYSA-N	C16H24N2O3
external	LWHLMCCRIWZBQO-UHFFFAOYSA-N	C=C1COC(=O)C12CC1(C)C(C)CCC(OC(=O)C=CSC)C1C2OC(C)=O	ok	C=C1COC(=O)C12CC1(C)C(C)CCC(OC(=O)C=CSC)C1C2OC(C)=O	LWHLMCCRIWZBQO-UHFFFAOYSA-N	C21H28O6S
external	LWXZBNGSFONONO-UHFFFAOYSA-N	CC(CCC1(O)OC2CC3C4CCC5=CC(OC6OC(CO)C(O)C(O)C6OC6OC(C)C(O)C(O)C6O)CCC5(C)C4CCC3(C)C2C1C)COC1OC(CO)C(O)C(O)C1O	ok	CC(CCC1(O)OC2CC3C4CCC5=CC(OC6OC(CO)C(O)C(O)C6OC6OC(C)C(O)C(O)C6O)CCC5(C)C4CCC3(C)C2C1C)COC1OC(CO)C(O)C(O)C1O	LWXZBNGSFONONO-UHFFFAOYSA-N	C45H74O18
external	LWYAMIUSVGPFKS-UHFFFAOYSA-N	COc1ccc(CC2COC(=O)C2(O)Cc2ccc(OC3OC(CO)C(O)C(O)C3O)c(OC)c2)cc1OC	ok	COc1ccc(CC2COC(=O)C2(O)Cc2ccc(OC3OC(CO)C(O)C(O)C3O)c(OC)c2)cc1OC	LWYAMIUSVGPFKS-UHFFFAOYSA-N	C27H34O12
external	LXMHUJTYIQLCAN-UHFFFAOYSA-N	COc1ccc2c(CN(C)C)cc(=O)oc2c1	ok	COc1ccc2c(CN(C)C)cc(=O)oc2c1	LXMHUJTYIQLCAN-UHFFFAOYSA-N	C13H15NO3
external	LXMSZDCAJNLERA-UHFFFAOYSA-N	CC(=O)SC1CC2=CC(=O)CCC2(C)C2CCC3(C)C(CCC34CCC(=O)O4)C12	ok	CC(=O)SC1C=C2CC(=O)CCC2(C)C2CCC3(C)C(CCC34CCC(=O)O4)C12	RRQQBPFUONLKTL-UHFFFAOYSA-N	C24H32O4S
external	LXMYLZNSNKNNEJ-UHFFFAOYSA-N	CC(C)NC(=N)NC(=N)NOCCCOc1cc(Cl)c(Cl)cc1Cl	ok	CC(C)N=C(N)N=C(N)NOCCCOc1cc(Cl)c(Cl)cc1Cl	LXMYLZNSNKNNEJ-UHFFFAOYSA-N	C14H20Cl3N5O2
external	LXZQPMXUOONUMX-UHFFFAOYSA-N	O=C(Cc1ccccc1)C(O)O	ok	O=C(O)C(O)Cc1ccccc1	VOXXWSYKYCBWHO-UHFFFAOYSA-N	C9H10O3
external	LYCVKHSJGDMDLM-UHFFFAOYSA-N	NC(Cc1cnc[nH]1)C(O)=NCC(=O)O	ok	NC(Cc1c[nH]cn1)C(=O)NCC(=O)O	LYCVKHSJGDMDLM-UHFFFAOYSA-N	C8H12N4O3
external	LYJWLIYDNZREPC-UHFFFAOYSA-N	CCCc1cc(=O)oc2c(C(=O)CC(C)C)c(O)c(CC=C(C)C)c(O)c12	ok	CCCc1cc(=O)oc2c(C(=O)CC(C)C)c(O)c(CC=C(C)C)c(O)c12	LYJWLIYDNZREPC-UHFFFAOYSA-N	C22H28O5
external	LYMDVLLKQMRQES-UHFFFAOYSA-N	CCCCCC=CCCCCCC=CC=CCC(=O)N1CCCCC1	ok	CCCCCC=CCCCCCC=CC=CCC(=O)N1CCCCC1	LYMDVLLKQMRQES-UHFFFAOYSA-N	C23H39NO
external	LYTCVQQGCSNFJU-UHFFFAOYSA-N	C=C(C=O)CC1CC(O)C2(C)OC3CC4OC5CC6(C)OC7(C)CCC8OC9CC%10(C)OC%11C(C)=CC(=O)OC%11CC%10OC9CC(C)C8OC7CC6OC5(C)CC=CC4OC3CC2O1	ok	C=C(C=O)CC1CC(O)C2(C)OC3CC4OC5CC6(C)OC7(C)CCC8OC9CC%10(C)OC%11C(C)=CC(=O)OC%11CC%10OC9CC(C)C8OC7CC6OC5(C)CC=CC4OC3CC2O1	LYTCVQQGCSNFJU-UHFFFAOYSA-N	C50H70O14
external	LYWNSPDXNHMURG-UHFFFAOYSA-N	O=C1OC2(c3ccc(OCc4ccccc4)cc3Oc3cc(OCc4ccccc4)ccc32)c2ccccc21	ok	O=C1OC2(c3ccc(OCc4ccccc4)cc3Oc3cc(OCc4ccccc4)ccc32)c2ccccc21	LYWNSPDXNHMURG-UHFFFAOYSA-N	C34H24O5
external	LZFRXTYVXJWZHG-UHFFFAOYSA-N	O=[N+]([O-])c1cc2c3c(ccc2c2ccccc12)C(O)C(O)C=C3	ok	O=[N+]([O-])c1cc2c3c(ccc2c2ccccc12)C(O)C(O)C=C3	LZFRXTYVXJWZHG-UHFFFAOYSA-N	C18H13NO4
external	LZNWYQJJBLGYLT-UHFFFAOYSA-N	CN1C(C(O)=Nc2ccccn2)=C(O)c2sccc2S1(=O)=O	ok	CN1C(C(=O)Nc2ccccn2)C(=O)c2sccc2S1(=O)=O	OTGJPAOGHQFBMI-UHFFFAOYSA-N	C13H11N3O4S2
external	LZQSLXDZJBXHRS-UHFFFAOYSA-N	CN(C)c1ccc(NC(=O)N(Cc2cccc(CN(C(=O)Nc3ccc(N(C)C)cc3)C3CCCCCC3)c2)C2CCCCCC2)cc1	ok	CN(C)c1ccc(NC(=O)N(Cc2cccc(CN(C(=O)Nc3ccc(N(C)C)cc3)C3CCCCCC3)c2)C2CCCCCC2)cc1	LZQSLXDZJBXHRS-UHFFFAOYSA-N	C40H56N6O2
external	LZRTZRBKFZHHQT-UHFFFAOYSA-N	C=CCCCCn1c(=O)c2c(ncn2C)n(C)c1=O	ok	C=CCCCCn1c(=O)c2c(ncn2C)n(C)c1=O	LZRTZRBKFZHHQT-UHFFFAOYSA-N	C13H18N4O2
external	LZTFINHZHIJZME-UHFFFAOYSA-N	O=c1c(CCSc2ccccc2)c(O)n(-c2ccccc2)n1-c1ccccc1	ok	O=c1c(CCSc2ccccc2)c(O)n(-c2ccccc2)n1-c1ccccc1	LZTFINHZHIJZME-UHFFFAOYSA-N	C23H20N2O2S
external	LZUFUDJVBHLHFC-UHFFFAOYSA-N	Cc1c2ccccc2nc2c1ccc1ccccc12	ok	Cc1c2ccccc2nc2c1ccc1ccccc12	LZUFUDJVBHLHFC-UHFFFAOYSA-N	C18H13N
external	MAVZHIDFSWDHNP-UHFFFAOYSA-N	CC(=O)OC1CCC2(C)C(CCC3(C)C2CC=C2C4C(C)(CCC(C)C4(C)O)CCC23C)C1(C)C	ok	CC(=O)OC1CCC2(C)C(CCC3(C)C2CC=C2C4C(C)(CCC(C)C4(C)O)CCC23C)C1(C)C	MAVZHIDFSWDHNP-UHFFFAOYSA-N	C32H52O3
external	MAXCWSIJKVASQC-UHFFFAOYSA-N	CN(N=O)c1ccccc1	ok	CN(N=O)c1ccccc1	MAXCWSIJKVASQC-UHFFFAOYSA-N	C7H8N2O
external	MAZCGYFIOOIVHE-UHFFFAOYSA-N	O=[N+]([O-])c1cc2ccc3cccc4ccc(c1)c2c34	ok	O=[N+]([O-])c1cc2ccc3cccc4ccc(c1)c2c34	MAZCGYFIOOIVHE-UHFFFAOYSA-N	C16H9NO2
external	MBAPWSGQAAWASN-UHFFFAOYSA-N	C=CCNC1CCc2ccc(O)cc21	ok	C=CCNC1CCc2ccc(O)cc21	MBAPWSGQAAWASN-UHFFFAOYSA-N	C12H15NO
external	MBBCVAKAJPKAKM-UHFFFAOYSA-N	OC(=NC1CCN(CCCCC2(C(O)=NCC(F)(F)F)c3ccccc3-c3ccccc32)CC1)c1ccccc1-c1ccc(C(F)(F)F)cc1	ok	O=C(NC1CCN(CCCCC2(C(=O)NCC(F)(F)F)c3ccccc3-c3ccccc32)CC1)c1ccccc1-c1ccc(C(F)(F)F)cc1	MBBCVAKAJPKAKM-UHFFFAOYSA-N	C39H37F6N3O2
external	MBGGBVCUIVRRBF-UHFFFAOYSA-N	O=C1C(CCS(=O)c2ccccc2)C(=O)N(c2ccccc2)N1c1ccccc1	ok	O=c1c(CC[S+]([O-])c2ccccc2)c(O)n(-c2ccccc2)n1-c1ccccc1	AUMHDRMJJNZTPB-UHFFFAOYSA-N	C23H20N2O3S
external	MBMBGCFOFBJSGT-UHFFFAOYSA-N	CCC=CCC=CCC=CCC=CCC=CCC=CCCC(=O)O	ok	CCC=CCC=CCC=CCC=CCC=CCC=CCCC(=O)O	MBMBGCFOFBJSGT-UHFFFAOYSA-N	C22H32O2
external	MBRLOUHOWLUMFF-UHFFFAOYSA-N	COc1ccc2ccc(=O)oc2c1CC=C(C)C	ok	COc1ccc2ccc(=O)oc2c1CC=C(C)C	MBRLOUHOWLUMFF-UHFFFAOYSA-N	C15H16O3
external	MBUVEWMHONZEQD-UHFFFAOYSA-N	CN1CCCC(n2nc(Cc3ccc(Cl)cc3)c3ccccc3c2=O)CC1	ok	CN1CCCC(n2nc(Cc3ccc(Cl)cc3)c3ccccc3c2=O)CC1	MBUVEWMHONZEQD-UHFFFAOYSA-N	C22H24ClN3O
external	MCCVCDVTCCDPLO-UHFFFAOYSA-N	CC(=CCO)C1CCC(C)(C)O1	ok	CC(=CCO)C1CCC(C)(C)O1	MCCVCDVTCCDPLO-UHFFFAOYSA-N	C10H18O2
external	MCGSCOLBFJQGHM-UHFFFAOYSA-N	N=c1nc2c(ncn2C2C=CC(CO)C2)c(NC2CC2)[nH]1	ok	Nc1nc(NC2CC2)c2ncn(C3C=CC(CO)C3)c2n1	MCGSCOLBFJQGHM-UHFFFAOYSA-N	C14H18N6O
external	MCKJZUFMGOTAKT-UHFFFAOYSA-N	COn1c2ccccc2c2cnsc21	ok	COn1c2ccccc2c2cnsc21	MCKJZUFMGOTAKT-UHFFFAOYSA-N	C10H8N2OS
external	MCKLJFJEQRYRQT-UHFFFAOYSA-N	CC(C)CCCC(C)(O)C1CCC2C3CC=C4CC(O)CCC4(C)C3CCC21C	ok	CC(C)CCCC(C)(O)C1CCC2C3CC=C4CC(O)CCC4(C)C3CCC21C	MCKLJFJEQRYRQT-UHFFFAOYSA-N	C27H46O2
external	MCPROACZLSAAPY-UHFFFAOYSA-N	CCCn1c(=O)n(C)c(=O)c2nc[nH]c21	ok	CCCn1c(=O)n(C)c(=O)c2[nH]cnc21	MCPROACZLSAAPY-UHFFFAOYSA-N	C9H12N4O2
external	MCSYMYUHCZRDGM-UHFFFAOYSA-N	CCC(=O)OC1(C(=O)SCF)C(C)CC2C3CC(F)=C4CC(=O)C=CC4(C)C3(F)C(O)CC21C	ok	CCC(=O)OC1(C(=O)SCF)C(C)CC2C3CC(F)=C4CC(=O)C=CC4(C)C3(F)C(O)CC21C	MCSYMYUHCZRDGM-UHFFFAOYSA-N	C25H31F3O5S
external	MCWXGJITAZMZEV-UHFFFAOYSA-N	CN=C(O)CSP(=S)(OC)OC	ok	CNC(=O)CSP(=S)(OC)OC	MCWXGJITAZMZEV-UHFFFAOYSA-N	C5H12NO3PS2
external	MDJFHRLTPRPZLY-UHFFFAOYSA-N	O=[N+]([O-])c1cncn1CCN1CCOCC1	ok	O=[N+]([O-])c1cncn1CCN1CCOCC1	MDJFHRLTPRPZLY-UHFFFAOYSA-N	C9H14N4O3
external	MDKGKXOCJGEUJW-UHFFFAOYSA-N	CC(C(=O)O)c1ccc(C(=O)c2cccs2)cc1	ok	CC(C(=O)O)c1ccc(C(=O)c2cccs2)cc1	MDKGKXOCJGEUJW-UHFFFAOYSA-N	C14H12O3S
external	MDLAAYDRRZXJIF-UHFFFAOYSA-N	OC1(c2ccc(Cl)c(C(F)(F)F)c2)CCN(CCCC(c2ccc(F)cc2)c2ccc(F)cc2)CC1	ok	OC1(c2ccc(Cl)c(C(F)(F)F)c2)CCN(CCCC(c2ccc(F)cc2)c2ccc(F)cc2)CC1	MDLAAYDRRZXJIF-UHFFFAOYSA-N	C28H27ClF5NO
external	MEAZTWJVOWHKJM-UHFFFAOYSA-N	CCCCCCCCCCCCCC=CC(O)C(COC1OC(CO)C(O)C(OS(=O)(=O)O)C1O)N=C(O)CCCCCCCCCCCCCCCCCCCCCCC	ok	CCCCCCCCCCCCCC=CC(O)C(COC1OC(CO)C(O)C(OS(=O)(=O)O)C1O)NC(=O)CCCCCCCCCCCCCCCCCCCCCCC	MEAZTWJVOWHKJM-UHFFFAOYSA-N	C48H93NO11S
external	MECHNRXZTMCUDQ-UHFFFAOYSA-N	C=C1CCC(O)CC1=CC=C1CCCC2(C)C1CCC2C(C)C=CC(C)C(C)C	ok	C=C1CCC(O)CC1=CC=C1CCCC2(C)C1CCC2C(C)C=CC(C)C(C)C	MECHNRXZTMCUDQ-UHFFFAOYSA-N	C28H44O
external	MEFKEPWMEQBLKI-UHFFFAOYSA-N	C[S+](CCC(N)C(=O)[O-])CC1OC(n2cnc3c(N)ncnc32)C(O)C1O	ok	C[S+](CCC(N)C(=O)[O-])CC1OC(n2cnc3c(N)ncnc32)C(O)C1O	MEFKEPWMEQBLKI-UHFFFAOYSA-N	C15H22N6O5S
external	METKIMKYRPQLGS-UHFFFAOYSA-N	CC(C)NCC(O)COc1ccc(CC(=N)O)cc1	ok	CC(C)NCC(O)COc1ccc(CC(N)=O)cc1	METKIMKYRPQLGS-UHFFFAOYSA-N	C14H22N2O3
external	METQSPRSQINEEU-UHFFFAOYSA-N	CC12CCC(=O)C=C1C1CC1C1C2CCC2(C)C1C1CC1C21CCC(=O)O1	ok	CC12CCC(=O)C=C1C1CC1C1C2CCC2(C)C1C1CC1C21CCC(=O)O1	METQSPRSQINEEU-UHFFFAOYSA-N	C24H30O3
external	MEZLKOACVSPNER-UHFFFAOYSA-N	C#CCN(C)C(C)Cc1ccccc1	ok	C#CCN(C)C(C)Cc1ccccc1	MEZLKOACVSPNER-UHFFFAOYSA-N	C13H17N
external	MFBCDACCJCDGBA-UHFFFAOYSA-N	CC(C)(C)c1cc(-c2cc(-c3ccc(C(=O)O)cc3)ccc2OCCO)ccc1N1CCCC1	ok	CC(C)(C)c1cc(-c2cc(-c3ccc(C(=O)O)cc3)ccc2OCCO)ccc1N1CCCC1	MFBCDACCJCDGBA-UHFFFAOYSA-N	C29H33NO4
external	MFBMYAOAMQLLPK-UHFFFAOYSA-N	CCC(=O)OC1(C(=O)COC(C)=O)CCC2C3CCC4=CC(=O)CCC4(C)C3C(O)CC21C	ok	CCC(=O)OC1(C(=O)COC(C)=O)CCC2C3CC=C4CC(=O)CCC4(C)C3C(O)CC21C	SDRXBAWAJUOBEL-UHFFFAOYSA-N	C26H36O7
external	MFDHFDRGFNWNAG-UHFFFAOYSA-N	CC(C)C(C)CCC(C)C1CCC2(C)C3CCC4C(C)C(=O)CCC45CC35CCC12C	ok	CC(C)C(C)CCC(C)C1CCC2(C)C3CCC4C(C)C(=O)CCC45CC35CCC12C	MFDHFDRGFNWNAG-UHFFFAOYSA-N	C30H50O
external	MFFCZSWTQMCKFP-UHFFFAOYSA-N	O=C(O)C=Cc1cc(O)cc(O)c1	ok	O=C(O)C=Cc1cc(O)cc(O)c1	MFFCZSWTQMCKFP-UHFFFAOYSA-N	C9H8O4
external	MFFMDFFZMYYVKS-UHFFFAOYSA-N	NC(CC(=O)N1CCn2c(nnc2C(F)(F)F)C1)Cc1cc(F)c(F)cc1F	ok	NC(CC(=O)N1CCn2c(nnc2C(F)(F)F)C1)Cc1cc(F)c(F)cc1F	MFFMDFFZMYYVKS-UHFFFAOYSA-N	C16H15F6N5O
external	MFLWBVVCOWPUBA-UHFFFAOYSA-N	C=CCCCCCCCCCCCC(CC(O)CO)OC(C)=O	ok	C=CCCCCCCCCCCCC(CC(O)CO)OC(C)=O	MFLWBVVCOWPUBA-UHFFFAOYSA-N	C19H36O4
external	MFUJYZCMHDCXGQ-UHFFFAOYSA-N	CC(C)(CO)N=C(O)C1CCC2C3CCC4N=C(O)C=CC4(C)C3CCC12C	ok	CC(C)(CO)NC(=O)C1CCC2C3CCC4NC(=O)C=CC4(C)C3CCC12C	MFUJYZCMHDCXGQ-UHFFFAOYSA-N	C23H36N2O3
external	MFWNKCLOYSRHCJ-UHFFFAOYSA-N	CN1C2CCCC1CC(NC(=O)c1nn(C)c3ccccc13)C2	ok	CN1C2CCCC1CC(NC(=O)c1nn(C)c3ccccc13)C2	MFWNKCLOYSRHCJ-UHFFFAOYSA-N	C18H24N4O
external	MFYSYFVPBJMHGN-UHFFFAOYSA-N	CC12CCC(=O)C=C1CCC1C2C(=O)CC2(C)C1CCC2(O)C(=O)CO	ok	CC12CCC(=O)C=C1CCC1C2C(=O)CC2(C)C1CCC2(O)C(=O)CO	MFYSYFVPBJMHGN-UHFFFAOYSA-N	C21H28O5
external	MGBMXLMPUFBMPC-UHFFFAOYSA-N	CC(CO)Oc1ccc2c(=O)c(-c3ccccc3)coc2c1	ok	CC(CO)Oc1ccc2c(=O)c(-c3ccccc3)coc2c1	MGBMXLMPUFBMPC-UHFFFAOYSA-N	C18H16O4
external	MGNABOKOTWYILU-UHFFFAOYSA-N	C=CCCCCCCCCCC=Cc1ccco1	ok	C=CCCCCCCCCCC=Cc1ccco1	MGNABOKOTWYILU-UHFFFAOYSA-N	C17H26O
external	MGNNYOODZCAHBA-UHFFFAOYSA-N	CC1CC2C3CC(F)C4=CC(=O)C=CC4(C)C3(F)C(O)CC2(C)C1(O)C(=O)SCF	ok	CC1CC2C3CC(F)C4=CC(=O)C=CC4(C)C3(F)C(O)CC2(C)C1(O)C(=O)SCF	MGNNYOODZCAHBA-UHFFFAOYSA-N	C22H27F3O4S
external	MGOOTGNGBOPVIV-UHFFFAOYSA-N	CCCCCCCCCCCCCC=CC(O)C(COC1OC(CO)C(OC2OC(CO)C(OC3OC(CO)C(O)C(O)C3O)C(O)C2O)C(O)C1O)N=C(O)CCCCCCCCCCCCCCC	ok	CCCCCCCCCCCCCC=CC(O)C(COC1OC(CO)C(OC2OC(CO)C(OC3OC(CO)C(O)C(O)C3O)C(O)C2O)C(O)C1O)NC(=O)CCCCCCCCCCCCCCC	MGOOTGNGBOPVIV-UHFFFAOYSA-N	C52H97NO18
external	MHAJPDPJQMAIIY-UHFFFAOYSA-N	OO	ok	OO	MHAJPDPJQMAIIY-UHFFFAOYSA-N	H2O2
external	MHDVGSVTJDSBDK-UHFFFAOYSA-N	c1ccc(COCc2ccccc2)cc1	ok	c1ccc(COCc2ccccc2)cc1	MHDVGSVTJDSBDK-UHFFFAOYSA-N	C14H14O
external	MHJBZVSGOZTKRH-UHFFFAOYSA-N	CCC(=C(c1ccc(O)cc1)c1ccc(OCCNC)cc1)c1ccccc1	ok	CCC(=C(c1ccc(O)cc1)c1ccc(OCCNC)cc1)c1ccccc1	MHJBZVSGOZTKRH-UHFFFAOYSA-N	C25H27NO2
external	MHWLWQUZZRMNGJ-UHFFFAOYSA-N	CCn1cc(C(=O)O)c(=O)c2ccc(C)nc21	ok	CCn1cc(C(=O)O)c(=O)c2ccc(C)nc21	MHWLWQUZZRMNGJ-UHFFFAOYSA-N	C12H12N2O3
external	MIFXNBQWOUHUKI-UHFFFAOYSA-N	CN(C)c1ccc(C=CC(=O)c2ccc(N3C=NCC3)cc2)cc1	ok	CN(C)c1ccc(C=CC(=O)c2ccc(N3C=NCC3)cc2)cc1	MIFXNBQWOUHUKI-UHFFFAOYSA-N	C20H21N3O
external	MIJFNYMSCFYZNY-UHFFFAOYSA-N	CCCOc1ccc(S(=O)(=O)N2CCN(CCO)CC2)cc1-c1nc(O)c2c(n1)c(CCC)cn2CC	ok	CCCOc1ccc(S(=O)(=O)N2CCN(CCO)CC2)cc1-c1nc(=O)c2c([nH]1)c(CCC)cn2CC	MIJFNYMSCFYZNY-UHFFFAOYSA-N	C26H37N5O5S
external	MIOYXQUDLLYMSX-UHFFFAOYSA-N	CCCCCCCCCCCCCCCCCCCC(O)=NC(COC1OC(CO)C(OC2OC(CO)C(OC3OC(CO)C(O)C(O)C3CC(C)=O)C(OC3(C(=O)O)CC(O)C(N=C(C)O)C(C(O)C(CO)OC4(C(=O)O)CC(O)C(N=C(C)O)C(C(O)C(CO)OC5(C(=O)O)CC(O)C(N=C(C)O)C(C(O)C(O)CO)O5)O4)O3)C2O)C(O)C1O)C(O)CCCCCCCCCCCCCCC	ok	CCCCCCCCCCCCCCCCCCCC(=O)NC(COC1OC(CO)C(OC2OC(CO)C(OC3OC(CO)C(O)C(O)C3CC(C)=O)C(OC3(C(=O)O)CC(O)C(NC(C)=O)C(C(O)C(CO)OC4(C(=O)O)CC(O)C(NC(C)=O)C(C(O)C(CO)OC5(C(=O)O)CC(O)C(NC(C)=O)C(C(O)C(O)CO)O5)O4)O3)C2O)C(O)C1O)C(O)CCCCCCCCCCCCCCC	MIOYXQUDLLYMSX-UHFFFAOYSA-N	C92H162N4O42
external	MIQPIUSUKVNLNT-UHFFFAOYSA-N	Cc1ccc(C(=O)c2cc(O)c(O)c([N+](=O)[O-])c2)cc1	ok	Cc1ccc(C(=O)c2cc(O)c(O)c([N+](=O)[O-])c2)cc1	MIQPIUSUKVNLNT-UHFFFAOYSA-N	C14H11NO5
external	MJBWDEQAUQTVKK-UHFFFAOYSA-N	COc1cc2c(c3oc(=O)c4c(c13)CCC4=O)C1(O)C=COC1O2	ok	COc1cc2c(c3oc(=O)c4c(c13)CCC4=O)C1(O)C=COC1O2	MJBWDEQAUQTVKK-UHFFFAOYSA-N	C17H12O7
external	MJIHNNLFOKEZEW-UHFFFAOYSA-N	Cc1c(OCC(F)(F)F)ccnc1CS(=O)c1nc2ccccc2[nH]1	ok	Cc1c(OCC(F)(F)F)ccnc1C[S+]([O-])c1nc2ccccc2[nH]1	MJIHNNLFOKEZEW-UHFFFAOYSA-N	C16H14F3N3O2S
external	MJJALKDDGIKVBE-UHFFFAOYSA-N	CC(C)(C)c1ccc(C(=O)CCCN2CCC(OC(c3ccccc3)c3ccccc3)CC2)cc1	ok	CC(C)(C)c1ccc(C(=O)CCCN2CCC(OC(c3ccccc3)c3ccccc3)CC2)cc1	MJJALKDDGIKVBE-UHFFFAOYSA-N	C32H39NO2
external	MJJDYOLPMGIWND-UHFFFAOYSA-N	c1ccc2cc(COC3CCNCC3)ccc2c1	ok	c1ccc2cc(COC3CCNCC3)ccc2c1	MJJDYOLPMGIWND-UHFFFAOYSA-N	C16H19NO
external	MJKVTPMWOKAVMS-UHFFFAOYSA-N	O=c1oc2ccccc2cc1O	ok	O=c1oc2ccccc2cc1O	MJKVTPMWOKAVMS-UHFFFAOYSA-N	C9H6O3
external	MJUVRTYWUMPBTR-UHFFFAOYSA-N	CC(C)(CO)c1cc2cc(NC(=O)C3(c4ccc5c(c4)OC(F)(F)O5)CC3)c(F)cc2n1CC(O)CO	ok	CC(C)(CO)c1cc2cc(NC(=O)C3(c4ccc5c(c4)OC(F)(F)O5)CC3)c(F)cc2n1CC(O)CO	MJUVRTYWUMPBTR-UHFFFAOYSA-N	C26H27F3N2O6
external	MJVAVZPDRWSRRC-UHFFFAOYSA-N	CC1=CC(=O)c2ccccc2C1=O	ok	CC1=CC(=O)c2ccccc2C1=O	MJVAVZPDRWSRRC-UHFFFAOYSA-N	C11H8O2
external	MKJIEFSOBYUXJB-UHFFFAOYSA-N	COc1cc2c(cc1OC)C1CC(=O)C(CC(C)C)CN1CC2	ok	COc1cc2c(cc1OC)C1CC(=O)C(CC(C)C)CN1CC2	MKJIEFSOBYUXJB-UHFFFAOYSA-N	C19H27NO3
external	MKMVHHLLCJLWEG-UHFFFAOYSA-N	CCOC(=O)C1=CC(c2ccc(OC)cc2)N2NC=NC2=N1	ok	CCOC(=O)C1=Nc2ncnn2C(c2ccc(OC)cc2)C1	DYMSGIZAPUZIFC-UHFFFAOYSA-N	C15H16N4O3
external	MKOKWBRPIBQYJJ-UHFFFAOYSA-N	CCCCCCCCC=CCCCCCCCCCCCCCC(O)=NC(COC1OC(CO)C(OC2OC(CO)C(O)C(O)C2O)C(O)C1O)C(O)C=CCCCCCCCCCCCCC	ok	CCCCCCCCC=CCCCCCCCCCCCCCC(=O)NC(COC1OC(CO)C(OC2OC(CO)C(O)C(O)C2O)C(O)C1O)C(O)C=CCCCCCCCCCCCCC	MKOKWBRPIBQYJJ-UHFFFAOYSA-N	C54H101NO13
external	MKPDWECBUAZOHP-UHFFFAOYSA-N	CC1CC2C3CC(F)C4=CC(=O)C=CC4(C)C3C(O)CC2(C)C1(O)C(=O)CO	ok	CC1CC2C3CC(F)C4=CC(=O)C=CC4(C)C3C(O)CC2(C)C1(O)C(=O)CO	MKPDWECBUAZOHP-UHFFFAOYSA-N	C22H29FO5
external	MKXKFYHWDHIYRV-UHFFFAOYSA-N	CC(C)C(O)=Nc1ccc([N+](=O)[O-])c(C(F)(F)F)c1	ok	CC(C)C(=O)Nc1ccc([N+](=O)[O-])c(C(F)(F)F)c1	MKXKFYHWDHIYRV-UHFFFAOYSA-N	C11H11F3N2O3
external	MKXZASYAUGDDCJ-UHFFFAOYSA-N	COc1ccc2c(c1)C13CCCCC1C(C2)N(C)CC3	ok	COc1ccc2c(c1)C13CCCCC1C(C2)N(C)CC3	MKXZASYAUGDDCJ-UHFFFAOYSA-N	C18H25NO
external	MLBHFBKZUPLWBD-UHFFFAOYSA-N	CC(N)Cc1cccc(C(F)(F)F)c1	ok	CC(N)Cc1cccc(C(F)(F)F)c1	MLBHFBKZUPLWBD-UHFFFAOYSA-N	C10H12F3N
external	MLBVMOWEQCZNCC-UHFFFAOYSA-N	CC(C)CN(CC(OP(=O)(O)O)C(Cc1ccccc1)N=C(O)OC1CCOC1)S(=O)(=O)c1ccc(N)cc1	ok	CC(C)CN(CC(OP(=O)(O)O)C(Cc1ccccc1)NC(=O)OC1CCOC1)S(=O)(=O)c1ccc(N)cc1	MLBVMOWEQCZNCC-UHFFFAOYSA-N	C25H36N3O9PS
external	MLDQJTXFUGDVEO-UHFFFAOYSA-N	CNC(=O)c1cc(Oc2ccc(NC(O)=Nc3ccc(Cl)c(C(F)(F)F)c3)cc2)ccn1	ok	CNC(=O)c1cc(Oc2ccc(NC(=O)Nc3ccc(Cl)c(C(F)(F)F)c3)cc2)ccn1	MLDQJTXFUGDVEO-UHFFFAOYSA-N	C21H16ClF3N4O3
external	MLILORUFDVLTSP-UHFFFAOYSA-N	CCOCn1c(Cc2ccccc2)c(C(C)C)c(O)nc1=O	ok	CCOCn1c(Cc2ccccc2)c(C(C)C)c(=O)[nH]c1=O	MLILORUFDVLTSP-UHFFFAOYSA-N	C17H22N2O3
external	MLKXDPUZXIRXEP-UHFFFAOYSA-N	CC1=C(CC(=O)O)c2cc(F)ccc2C1=Cc1ccc(S(C)=O)cc1	ok	CC1=C(CC(=O)O)c2cc(F)ccc2C1=Cc1ccc([S+](C)[O-])cc1	MLKXDPUZXIRXEP-UHFFFAOYSA-N	C20H17FO3S
external	MLSQGNCUYAMAHD-UHFFFAOYSA-N	CC(C)(C)C1N=C(O)OC2CCCC2OCC=CC(F)(F)c2nc3ccccc3nc2OC2CC(C(O)=NC3(C(O)=NS(=O)(=O)C4(C)CC4)CC3C(F)F)N(C2)C1=O	ok	CC(C)(C)C1NC(=O)OC2CCCC2OCC=CC(F)(F)c2nc3ccccc3nc2OC2CC(C(=O)NC3(C(=O)NS(=O)(=O)C4(C)CC4)CC3C(F)F)N(C2)C1=O	MLSQGNCUYAMAHD-UHFFFAOYSA-N	C38H46F4N6O9S
external	MLWGAEVSWJXOQJ-UHFFFAOYSA-N	O=C(OC1CC2CC3CC(C1)N2CC3O)c1c[nH]c2ccccc12	ok	O=C(OC1CC2CC3CC(C1)N2CC3O)c1c[nH]c2ccccc12	MLWGAEVSWJXOQJ-UHFFFAOYSA-N	C19H22N2O3
external	MMEHWMNDRAXORE-UHFFFAOYSA-N	CC#CC#CC#CC#CCCCC	ok	CC#CC#CC#CC#CCCCC	MMEHWMNDRAXORE-UHFFFAOYSA-N	C13H12
external	MMMKIZLPSIPFTM-UHFFFAOYSA-N	CCCCCCCCCCCCCC=CC(O)C(COC1OC(CO)C(OC2OC(CO)C(O)C(OC3(C(=O)O)CC(O)C(N=C(C)O)C(C(O)C(CO)OC4(C(=O)O)CC(O)C(N=C(C)O)C(C(O)C(CO)OC5(C(=O)O)CC(O)C(N=C(C)O)C(C(O)C(O)CO)O5)O4)O3)C2O)C(O)C1O)N=C(O)CCCCCCCCCCCCCCCCCCCCCCCC	ok	CCCCCCCCCCCCCC=CC(O)C(COC1OC(CO)C(OC2OC(CO)C(O)C(OC3(C(=O)O)CC(O)C(NC(C)=O)C(C(O)C(CO)OC4(C(=O)O)CC(O)C(NC(C)=O)C(C(O)C(CO)OC5(C(=O)O)CC(O)C(NC(C)=O)C(C(O)C(O)CO)O5)O4)O3)C2O)C(O)C1O)NC(=O)CCCCCCCCCCCCCCCCCCCCCCCC	MMMKIZLPSIPFTM-UHFFFAOYSA-N	C88H156N4O37
external	MMOXZBCLCQITDF-UHFFFAOYSA-N	CCN(CC)C(=O)c1cccc(C)c1	ok	CCN(CC)C(=O)c1cccc(C)c1	MMOXZBCLCQITDF-UHFFFAOYSA-N	C12H17NO
external	MMSNEKOTSJRTRI-UHFFFAOYSA-N	CC(C#Cc1ccc(Cc2ccc(F)cc2)s1)N(O)C(=N)O	ok	CC(C#Cc1ccc(Cc2ccc(F)cc2)s1)N(O)C(N)=O	MMSNEKOTSJRTRI-UHFFFAOYSA-N	C16H15FN2O2S
external	MMWRGWQTAMNAFC-UHFFFAOYSA-N	C1=CCNC=C1	ok	C1=CCNC=C1	MMWRGWQTAMNAFC-UHFFFAOYSA-N	C5H7N
external	MNDBXUUTURYVHR-UHFFFAOYSA-N	O=C(N=c1c(Cl)c[nH]cc1Cl)c1ccc(OC(F)F)c(OCC2CC2)c1	ok	O=C(Nc1c(Cl)cncc1Cl)c1ccc(OC(F)F)c(OCC2CC2)c1	MNDBXUUTURYVHR-UHFFFAOYSA-N	C17H14Cl2F2N2O3
external	MNIPYSSQXLZQLJ-UHFFFAOYSA-N	O=C(O)COC(=O)Cc1ccccc1Nc1c(Cl)cccc1Cl	ok	O=C(O)COC(=O)Cc1ccccc1Nc1c(Cl)cccc1Cl	MNIPYSSQXLZQLJ-UHFFFAOYSA-N	C16H13Cl2NO4
external	MNJVRJDLRVPLFE-UHFFFAOYSA-N	Cc1ccc(-c2ncc(Cl)cc2-c2ccc(S(C)(=O)=O)cc2)cn1	ok	Cc1ccc(-c2ncc(Cl)cc2-c2ccc(S(C)(=O)=O)cc2)cn1	MNJVRJDLRVPLFE-UHFFFAOYSA-N	C18H15ClN2O2S
external	MNRHZPCIEGLWGK-UHFFFAOYSA-N	CC(=O)C1CCC2C3CC=C4CC(=O)CCC4(C)C3CCC12C	ok	CC(=O)C1CCC2C3CC=C4CC(=O)CCC4(C)C3CCC12C	MNRHZPCIEGLWGK-UHFFFAOYSA-N	C21H30O2
external	MNRXMTRMMVSSJC-UHFFFAOYSA-N	CC12CC=CC3=C1C(C(=O)OC2c1ccoc1)C1(O)C(O)(C3)C(=O)C(C)(C)C23OC2C(=O)OC13C	ok	CC12CC=CC3=C1C(C(=O)OC2c1ccoc1)C1(O)C(O)(C3)C(=O)C(C)(C)C23OC2C(=O)OC13C	MNRXMTRMMVSSJC-UHFFFAOYSA-N	C26H26O9
external	MNSCVRXKDINXEY-UHFFFAOYSA-N	CN1C(C(O)=Nc2ccccn2)C(=O)c2ccccc2S1(=O)=O	ok	CN1C(C(=O)Nc2ccccn2)C(=O)c2ccccc2S1(=O)=O	MNSCVRXKDINXEY-UHFFFAOYSA-N	C15H13N3O4S
external	MNWFXJYAOYHMED-UHFFFAOYSA-N	CCCCCCC(=O)O	ok	CCCCCCC(=O)O	MNWFXJYAOYHMED-UHFFFAOYSA-N	C7H14O2
external	MOIQRAOBRXUWGN-UHFFFAOYSA-N	CC12CCC(O)CC1=CCC1C2CCC2(C)C(C(=O)CO)CCC12	ok	CC12CCC(O)CC1=CCC1C2CCC2(C)C(C(=O)CO)CCC12	MOIQRAOBRXUWGN-UHFFFAOYSA-N	C21H32O3
external	MOYKHGMNXAOIAT-UHFFFAOYSA-N	O=[N+]([O-])OC1COC2C(O[N+](=O)[O-])COC12	ok	O=[N+]([O-])OC1COC2C(O[N+](=O)[O-])COC12	MOYKHGMNXAOIAT-UHFFFAOYSA-N	C6H8N2O8
external	MPBVHIBUJCELCL-UHFFFAOYSA-N	CCCCCN(C)CCC(O)(P(=O)(O)O)P(=O)(O)O	ok	CCCCCN(C)CCC(O)(P(=O)(O)O)P(=O)(O)O	MPBVHIBUJCELCL-UHFFFAOYSA-N	C9H23NO7P2
external	MPGBPFMOOXKQRX-UHFFFAOYSA-N	CC(C)NCC(O)COc1cccc2c1C=CC2	ok	CC(C)NCC(O)COc1cccc2c1C=CC2	MPGBPFMOOXKQRX-UHFFFAOYSA-N	C15H21NO2
external	MPHPHYZQRGLTBO-UHFFFAOYSA-N	CCCC1C(=O)N2C(N(C)C)=Nc3ccc(C)cc3N2C1=O	ok	CCCc1c(O)n2c(N(C)C)nc3ccc(C)cc3n2c1=O	VECZDVJCSZXAPJ-UHFFFAOYSA-N	C16H20N4O2
external	MPIPASJGOJYODL-UHFFFAOYSA-N	Clc1ccc(C(Cn2ccnc2)OCc2c(Cl)cccc2Cl)c(Cl)c1	ok	Clc1ccc(C(Cn2ccnc2)OCc2c(Cl)cccc2Cl)c(Cl)c1	MPIPASJGOJYODL-UHFFFAOYSA-N	C18H14Cl4N2O
external	MPLQNQUWLWGOET-UHFFFAOYSA-N	O=C(C1CC1)C(c1ccccc1F)N1CCc2sc(O)cc2C1	ok	O=C(C1CC1)C(c1ccccc1F)N1CCc2sc(O)cc2C1	MPLQNQUWLWGOET-UHFFFAOYSA-N	C18H18FNO2S
external	MQHCVIYZFLPTOJ-UHFFFAOYSA-N	COC1(CCC(C)COC2OC(CO)C(O)C(O)C2O)OC2CC3C4CC(OC5OC(C)C(O)C(OC6OCC(O)C(O)C6O)C5O)C5CC(=O)CCC5(C)C4CCC3(C)C2C1C	ok	COC1(CCC(C)COC2OC(CO)C(O)C(O)C2O)OC2CC3C4CC(OC5OC(C)C(O)C(OC6OCC(O)C(O)C6O)C5O)C5CC(=O)CCC5(C)C4CCC3(C)C2C1C	MQHCVIYZFLPTOJ-UHFFFAOYSA-N	C45H74O18
external	MQJKPEGWNLWLTK-UHFFFAOYSA-N	Nc1ccc(S(=O)(=O)c2ccc(N)cc2)cc1	ok	Nc1ccc(S(=O)(=O)c2ccc(N)cc2)cc1	MQJKPEGWNLWLTK-UHFFFAOYSA-N	C12H12N2O2S
external	MQOBSOSZFYZQOK-UHFFFAOYSA-N	CC(C)(Oc1ccc(C(=O)c2ccc(Cl)cc2)cc1)C(=O)O	ok	CC(C)(Oc1ccc(C(=O)c2ccc(Cl)cc2)cc1)C(=O)O	MQOBSOSZFYZQOK-UHFFFAOYSA-N	C17H15ClO4
external	MQPHVIPKLRXGDJ-UHFFFAOYSA-N	CC1C(=O)CC2CC1C2(C)C	ok	CC1C(=O)CC2CC1C2(C)C	MQPHVIPKLRXGDJ-UHFFFAOYSA-N	C10H16O
external	MQTOSJVFKKJCRP-UHFFFAOYSA-N	CCC1OC(=O)C(C)C(OC2CC(C)(OC)C(O)C(C)O2)C(C)C(OC2OC(C)CC(N(C)C)C2O)C(C)(O)CC(C)CN(C)C(C)C(O)C1(C)O	ok	CCC1OC(=O)C(C)C(OC2CC(C)(OC)C(O)C(C)O2)C(C)C(OC2OC(C)CC(N(C)C)C2O)C(C)(O)CC(C)CN(C)C(C)C(O)C1(C)O	MQTOSJVFKKJCRP-UHFFFAOYSA-N	C38H72N2O12
external	MRBFGEHILMYPTF-UHFFFAOYSA-N	c1cnc(N2CCNCC2)nc1	ok	c1cnc(N2CCNCC2)nc1	MRBFGEHILMYPTF-UHFFFAOYSA-N	C8H12N4
external	MRDGZSKYFPGAKP-UHFFFAOYSA-N	COc1ccc(N2CCNCC2)cc1	ok	COc1ccc(N2CCNCC2)cc1	MRDGZSKYFPGAKP-UHFFFAOYSA-N	C11H16N2O
external	MRDXWELVCATAPW-UHFFFAOYSA-N	O=C(CO)c1oc(O)c(O)c1O	ok	O=C(CO)c1oc(O)c(O)c1O	MRDXWELVCATAPW-UHFFFAOYSA-N	C6H6O6
external	MREBEPTUUMTTIA-UHFFFAOYSA-N	CN1CCN(CCCCN2C(=O)CN(N=Cc3ccc(-c4ccc(Cl)cc4)o3)C2=O)CC1	ok	CN1CCN(CCCCn2c(O)cn(N=Cc3ccc(-c4ccc(Cl)cc4)o3)c2=O)CC1	AFGPVGJVUMWQDE-UHFFFAOYSA-N	C23H28ClN5O3
external	MRIAQLRQZPPODS-UHFFFAOYSA-N	COc1ccc(-c2cc(=O)c3c(OC)c(OC)c(OC)c(OC)c3o2)cc1OC	ok	COc1ccc(-c2cc(=O)c3c(OC)c(OC)c(OC)c(OC)c3o2)cc1OC	MRIAQLRQZPPODS-UHFFFAOYSA-N	C21H22O8
external	MRVYVEQPNDSWLH-UHFFFAOYSA-N	CC(C)C(N=C(O)C(N)CCC(=N)O)C(=O)O	ok	CC(C)C(NC(=O)C(N)CCC(N)=O)C(=O)O	MRVYVEQPNDSWLH-UHFFFAOYSA-N	C10H19N3O4
external	MRWQRJMESRRJJB-UHFFFAOYSA-N	CCCCCCn1c(=O)c2c(ncn2C)n(C)c1=O	ok	CCCCCCn1c(=O)c2c(ncn2C)n(C)c1=O	MRWQRJMESRRJJB-UHFFFAOYSA-N	C13H20N4O2
external	MSADRWGPCQTOST-UHFFFAOYSA-N	Cc1ccc(NC(=O)c2ccc(CN3CC[N+](C)([O-])CC3)cc2)cc1Nc1nccc(-c2cccnc2)n1	ok	Cc1ccc(NC(=O)c2ccc(CN3CC[N+](C)([O-])CC3)cc2)cc1Nc1nccc(-c2cccnc2)n1	MSADRWGPCQTOST-UHFFFAOYSA-N	C29H31N7O2
external	MSOAVHHAZCMHDI-UHFFFAOYSA-N	CCOC(=O)C1=C(C)NC(C)=C(C(=O)OC)C1c1cccc2c1OCO2	ok	CCOC(=O)C1=C(C)N=C(C)C(C(=O)OC)C1c1cccc2c1OCO2	KPXMQNVOPUYOKS-UHFFFAOYSA-N	C19H21NO6
external	MSPRUJDUTKRMLM-UHFFFAOYSA-N	CCN(CC)CCn1c(=O)c(Cc2ccc(OC)cc2)nc2ccccc21	ok	CCN(CC)CCn1c(=O)c(Cc2ccc(OC)cc2)nc2ccccc21	MSPRUJDUTKRMLM-UHFFFAOYSA-N	C22H27N3O2
external	MSWZFWKMSRAUBD-UHFFFAOYSA-N	NC1C(O)OC(CO)C(O)C1O	ok	NC1C(O)OC(CO)C(O)C1O	MSWZFWKMSRAUBD-UHFFFAOYSA-N	C6H13NO5
external	MSYKRHVOOPPJKU-UHFFFAOYSA-N	CCCC1CC(=O)N(C(CC)C(=N)O)C1	ok	CCCC1CC(=O)N(C(CC)C(N)=O)C1	MSYKRHVOOPPJKU-UHFFFAOYSA-N	C11H20N2O2
external	MTGFYEHKPMOVNE-UHFFFAOYSA-N	CC(C=CC1=C(C)CCCC1(C)C)=CC=CC(C)=CC(=O)OC1OC(C(=O)O)C(O)C(O)C1O	ok	CC(C=CC1=C(C)CCCC1(C)C)=CC=CC(C)=CC(=O)OC1OC(C(=O)O)C(O)C(O)C1O	MTGFYEHKPMOVNE-UHFFFAOYSA-N	C26H36O8
external	MUBZPKHOEPUJKR-UHFFFAOYSA-L	O=C([O-])C(=O)[O-]	ok	O=C(O)C(=O)O	MUBZPKHOEPUJKR-UHFFFAOYSA-N	C2H2O4
external	MUCMKTPAZLSKTL-UHFFFAOYSA-N	CCCCCCCCCC(O)CC(=O)O	ok	CCCCCCCCCC(O)CC(=O)O	MUCMKTPAZLSKTL-UHFFFAOYSA-N	C12H24O3
external	MUGXRYIUWFITCP-UHFFFAOYSA-N	Cc1ncc(OCC2(c3cccc(F)c3)CC2C(O)=Nc2ccc(F)cn2)c(C)n1	ok	Cc1ncc(OCC2(c3cccc(F)c3)CC2C(=O)Nc2ccc(F)cn2)c(C)n1	MUGXRYIUWFITCP-UHFFFAOYSA-N	C22H20F2N4O2
external	MUJBUUDUXGDXLW-UHFFFAOYSA-N	O=C1c2ccccc2C(Cc2ccnc(F)c2)(Cc2ccnc(F)c2)c2ccccc21	ok	O=C1c2ccccc2C(Cc2ccnc(F)c2)(Cc2ccnc(F)c2)c2ccccc21	MUJBUUDUXGDXLW-UHFFFAOYSA-N	C26H18F2N2O
external	MUMGGOZAMZWBJJ-UHFFFAOYSA-N	CC12CCC(=O)C=C1CCC1C2CCC2(C)C(O)CCC12	ok	CC12CCC(=O)C=C1CCC1C2CCC2(C)C(O)CCC12	MUMGGOZAMZWBJJ-UHFFFAOYSA-N	C19H28O2
external	MUMXFARPYQTTSL-UHFFFAOYSA-N	CSCCC(N)C(O)=NC(CCC(=N)O)C(=O)O	ok	CSCCC(N)C(=O)NC(CCC(N)=O)C(=O)O	MUMXFARPYQTTSL-UHFFFAOYSA-N	C10H19N3O4S
external	MUQNGPZZQDCDFT-UHFFFAOYSA-N	CC1(C)OC2CC3C4CCC5=CC(=O)CCC5(C)C4(F)C(O)CC3(C)C2(C(=O)CCl)O1	ok	CC1(C)OC2CC3C4CC=C5CC(=O)CCC5(C)C4(F)C(O)CC3(C)C2(C(=O)CCl)O1	SRFSUDHTQQJJIN-UHFFFAOYSA-N	C24H32ClFO5
external	MUXFZBHBYYYLTH-UHFFFAOYSA-N	CC(C(=O)O)c1ccc2c(c1)CC(=O)c1ccccc1S2	ok	CC(C(=O)O)c1ccc2c(c1)CC(=O)c1ccccc1S2	MUXFZBHBYYYLTH-UHFFFAOYSA-N	C17H14O3S
external	MVRHVFSOIWFBTE-UHFFFAOYSA-N	Cc1nn(C)cc1S(=O)(=O)N=C(O)c1ccc(-n2ccc(OCC(C)(C)C(F)(F)F)n2)nc1N1CC(C)CC1(C)C	ok	Cc1nn(C)cc1S(=O)(=O)NC(=O)c1ccc(-n2ccc(OCC(C)(C)C(F)(F)F)n2)nc1N1CC(C)CC1(C)C	MVRHVFSOIWFBTE-UHFFFAOYSA-N	C26H34F3N7O4S
external	MVWHGTYKUMDIHL-UHFFFAOYSA-N	Clc1cc(Cl)c(-c2cc(Cl)c(Cl)cc2Cl)cc1Cl	ok	Clc1cc(Cl)c(-c2cc(Cl)c(Cl)cc2Cl)cc1Cl	MVWHGTYKUMDIHL-UHFFFAOYSA-N	C12H4Cl6
external	MVWVFYHBGMAFLY-UHFFFAOYSA-N	OC1=Nc2cc(Cl)c(CCN3CCN(c4nsc5ccccc45)CC3)cc2C1	ok	Oc1cc2cc(CCN3CCN(c4nsc5ccccc45)CC3)c(Cl)cc2[nH]1	CARRCRVKWDEWCD-UHFFFAOYSA-N	C21H21ClN4OS
external	MVZNVBXATDCMMJ-UHFFFAOYSA-N	COc1ccc(-c2cc(C(F)(F)F)nn2-c2ccc(S(N)(=O)=O)c(CO)c2)cc1	ok	COc1ccc(-c2cc(C(F)(F)F)nn2-c2ccc(S(N)(=O)=O)c(CO)c2)cc1	MVZNVBXATDCMMJ-UHFFFAOYSA-N	C18H16F3N3O4S
external	MWLSOWXNZPKENC-UHFFFAOYSA-N	CC(c1cc2ccccc2s1)N(O)C(=N)O	ok	CC(c1cc2ccccc2s1)N(O)C(N)=O	MWLSOWXNZPKENC-UHFFFAOYSA-N	C11H12N2O2S
external	MWPHSSRDUNRAJI-UHFFFAOYSA-N	CCCCCCCCCC(O)CCCCC(O)C1CCC(C(O)CCCCC(=O)CCCCCC(O)Cc2cc(C)oc2O)O1	ok	CCCCCCCCCC(O)CCCCC(O)C1CCC(C(O)CCCCC(=O)CCCCCC(O)Cc2cc(C)oc2O)O1	MWPHSSRDUNRAJI-UHFFFAOYSA-N	C37H66O8
external	MWQCHHACWWAQLJ-UHFFFAOYSA-N	O=C1CN=C(c2ccccc2)c2cc(Cl)ccc2N1CC1CC1	ok	O=C1CN=C(c2ccccc2)c2cc(Cl)ccc2N1CC1CC1	MWQCHHACWWAQLJ-UHFFFAOYSA-N	C19H17ClN2O
external	MWYDSXOGIBMAET-UHFFFAOYSA-N	COc1c(OCCCN2CCOCC2)ccc2c3n(c(=NC(=O)c4cnc(=N)[nH]c4)nc12)CCN3	ok	COc1c(OCCCN2CCOCC2)ccc2c3n(c(=NC(=O)c4cnc(N)nc4)nc12)CCN3	MWYDSXOGIBMAET-UHFFFAOYSA-N	C23H28N8O4
external	MXAYKZJJDUDWDS-UHFFFAOYSA-N	CC(C)CC(N=C(O)CN=C(O)c1cc(Cl)ccc1Cl)B(O)O	ok	CC(C)CC(NC(=O)CNC(=O)c1cc(Cl)ccc1Cl)B(O)O	MXAYKZJJDUDWDS-UHFFFAOYSA-N	C14H19BCl2N2O4
external	MXFWWQICDIZSOA-UHFFFAOYSA-N	CC(C)(C)NCC(O)COc1ccc(NC(O)=NC2CCCCC2)cc1	ok	CC(C)(C)NCC(O)COc1ccc(NC(=O)NC2CCCCC2)cc1	MXFWWQICDIZSOA-UHFFFAOYSA-N	C20H33N3O3
external	MXHRCPNRJAMMIM-UHFFFAOYSA-N	O=c1nc(O)ccn1C1CC(O)C(CO)O1	ok	O=c1ccn(C2CC(O)C(CO)O2)c(=O)[nH]1	MXHRCPNRJAMMIM-UHFFFAOYSA-N	C9H12N2O5
external	MXNRLFUSFKVQSK-UHFFFAOYSA-N	C[N+](C)(C)CCCCC(N)C(=O)[O-]	ok	C[N+](C)(C)CCCCC(N)C(=O)[O-]	MXNRLFUSFKVQSK-UHFFFAOYSA-N	C9H20N2O2
external	MXWJVTOOROXGIU-UHFFFAOYSA-N	CCN=c1nc(Cl)[nH]c(=NC(C)C)[nH]1	ok	CCNc1nc(Cl)nc(NC(C)C)n1	MXWJVTOOROXGIU-UHFFFAOYSA-N	C8H14ClN5
external	MXWOSKYQGCYTDP-UHFFFAOYSA-N	CC(=O)OC12COC1CC(O)C1(C)C(=O)C(OC(=O)N(C)C)C3=C(C)C(OC(=O)C(O)C(C=C(C)C)N=C(O)OC(C)(C)C)CC(O)(C(OC(=O)c4ccccc4)C21)C3(C)C	ok	CC(=O)OC12COC1CC(O)C1(C)C(=O)C(OC(=O)N(C)C)=C3C(C)C(OC(=O)C(=O)C(CC(C)C)NC(=O)OC(C)(C)C)CC(O)(C(OC(=O)c4ccccc4)C21)C3(C)C	UQPOKTIJPFBATH-UHFFFAOYSA-N	C44H60N2O15
external	MXXWOMGUGJBKIW-UHFFFAOYSA-N	O=C(C=CC=Cc1ccc2c(c1)OCO2)N1CCCCC1	ok	O=C(C=CC=Cc1ccc2c(c1)OCO2)N1CCCCC1	MXXWOMGUGJBKIW-UHFFFAOYSA-N	C17H19NO3
external	MXYUKLILVYORSK-UHFFFAOYSA-N	CN1C(CC(=O)c2ccccc2)CCCC1CC(O)c1ccccc1	ok	CN1C(CC(=O)c2ccccc2)CCCC1CC(O)c1ccccc1	MXYUKLILVYORSK-UHFFFAOYSA-N	C22H27NO2
external	MYIOBINSHMEDEY-UHFFFAOYSA-N	CSCSSC	ok	CSCSSC	MYIOBINSHMEDEY-UHFFFAOYSA-N	C3H8S3
external	MYNVMBICAGQOMG-UHFFFAOYSA-N	OCCc1c[nH]c2ccc(OC3OC(CO)C(O)C(O)C3O)cc12	ok	OCCc1c[nH]c2ccc(OC3OC(CO)C(O)C(O)C3O)cc12	MYNVMBICAGQOMG-UHFFFAOYSA-N	C16H21NO7
external	MYPYJXKWCTUITO-UHFFFAOYSA-N	CNC(CC(C)C)C(O)=NC1C(O)=NC(CC(=N)O)C(O)=NC2C(O)=NC3C(O)=NC(C(O)=NC(C(=O)O)c4cc(O)cc(O)c4-c4cc3ccc4O)C(O)c3ccc(c(Cl)c3)Oc3cc2cc(c3OC2OC(CO)C(O)C(O)C2OC2CC(C)(N)C(O)C(C)O2)Oc2ccc(cc2Cl)C1O	tautomer_MaxTransformsReached			C66H75Cl2N9O24
external	MYSWGUAQZAJSOK-UHFFFAOYSA-N	O=C(O)c1cn(C2CC2)c2cc(N3CCNCC3)c(F)cc2c1=O	ok	O=C(O)c1cn(C2CC2)c2cc(N3CCNCC3)c(F)cc2c1=O	MYSWGUAQZAJSOK-UHFFFAOYSA-N	C17H18FN3O3
external	MYTOTTSMVMWVJN-UHFFFAOYSA-N	NCCCCC(N)C(O)=NC(Cc1ccc(O)cc1)C(=O)O	ok	NCCCCC(N)C(=O)NC(Cc1ccc(O)cc1)C(=O)O	MYTOTTSMVMWVJN-UHFFFAOYSA-N	C15H23N3O4
external	MYWUZJCMWCOHBA-UHFFFAOYSA-N	CNC(C)Cc1ccccc1	ok	CNC(C)Cc1ccccc1	MYWUZJCMWCOHBA-UHFFFAOYSA-N	C10H15N
external	MYYIMZRZXIQBGI-UHFFFAOYSA-N	CC12C=CC(=O)C=C1C(F)CC1C2C(O)CC2(C)C1CCC2(O)C(=O)CO	ok	CC12C=CC(=O)C=C1C(F)CC1C2C(O)CC2(C)C1CCC2(O)C(=O)CO	MYYIMZRZXIQBGI-UHFFFAOYSA-N	C21H27FO5
external	MZBLZLWXUBZHSL-UHFFFAOYSA-N	CCC1C2CN(C(=O)C(C(C)(C)C)N=C(O)OC3CC3CCCCC(F)(F)c3nc4ccc(OC)cc4nc3O2)C1C(O)=NC1(C(O)=NS(=O)(=O)C2(C)CC2)CC1C(F)F	ok	CCC1C2CN(C(=O)C(C(C)(C)C)NC(=O)OC3CC3CCCCC(F)(F)c3nc4ccc(OC)cc4nc3O2)C1C(=O)NC1(C(=O)NS(=O)(=O)C2(C)CC2)CC1C(F)F	MZBLZLWXUBZHSL-UHFFFAOYSA-N	C40H52F4N6O9S
external	MZPNVEOVZSHYMZ-UHFFFAOYSA-N	CC(=CCCC(C)C1CCC2(C)C3CCC4C(C)(C)C(=O)CCC45CC35CCC12C)C(=O)O	ok	CC(=CCCC(C)C1CCC2(C)C3CCC4C(C)(C)C(=O)CCC45CC35CCC12C)C(=O)O	MZPNVEOVZSHYMZ-UHFFFAOYSA-N	C30H46O3
external	MZVLSXIHOITVNJ-UHFFFAOYSA-N	CC(NCC(O)COc1cccc2ccccc12)C(F)(F)F	ok	CC(NCC(O)COc1cccc2ccccc12)C(F)(F)F	MZVLSXIHOITVNJ-UHFFFAOYSA-N	C16H18F3NO2
external	NAAJVHHFAXWBOK-UHFFFAOYSA-N	CC(C)=CC(=O)CC(C)c1ccc(C)cc1	ok	CC(C)=CC(=O)CC(C)c1ccc(C)cc1	NAAJVHHFAXWBOK-UHFFFAOYSA-N	C15H20O
external	NASXCEITKQITLD-UHFFFAOYSA-N	O=C1c2ccccc2C(=O)C1c1ccc(F)cc1	ok	O=C1c2ccccc2C(=O)C1c1ccc(F)cc1	NASXCEITKQITLD-UHFFFAOYSA-N	C15H9FO2
external	NAUWTFJOPJWYOT-UHFFFAOYSA-N	Fc1ccc(C(OCCN2CCN(CCCc3ccccc3)CC2)c2ccc(F)cc2)cc1	ok	Fc1ccc(C(OCCN2CCN(CCCc3ccccc3)CC2)c2ccc(F)cc2)cc1	NAUWTFJOPJWYOT-UHFFFAOYSA-N	C28H32F2N2O
external	NAVMQTYZDKMPEU-UHFFFAOYSA-N	C=C(c1ccc(C(=O)O)cc1)c1cc2c(cc1C)C(C)(C)CCC2(C)C	ok	C=C(c1ccc(C(=O)O)cc1)c1cc2c(cc1C)C(C)(C)CCC2(C)C	NAVMQTYZDKMPEU-UHFFFAOYSA-N	C24H28O2
external	NBAKTGXDIBVZOO-UHFFFAOYSA-N	CC1CN=C(O)N=C1O	ok	CC1CNC(=O)NC1=O	NBAKTGXDIBVZOO-UHFFFAOYSA-N	C5H8N2O2
external	NBEADXWAAWCCDG-UHFFFAOYSA-N	CCCCCCCCC=CCCCCCCCC(O)=NC(COP(=O)([O-])OCC[N+](C)(C)C)C(O)C=CCCCCCCCCCCCCC	ok	CCCCCCCCC=CCCCCCCCC(=O)NC(COP(=O)([O-])OCC[N+](C)(C)C)C(O)C=CCCCCCCCCCCCCC	NBEADXWAAWCCDG-UHFFFAOYSA-N	C41H81N2O6P
external	NBLKTRLPZFCMJG-UHFFFAOYSA-N	O=C(O)CCCC(O)=NCC(=O)O	ok	O=C(O)CCCC(=O)NCC(=O)O	NBLKTRLPZFCMJG-UHFFFAOYSA-N	C7H11NO5
external	NBMKJKDGKREAPL-UHFFFAOYSA-N	CC1CC2C3CCC4=CC(=O)C=CC4(C)C3(Cl)C(O)CC2(C)C1(O)C(=O)CO	ok	CC1CC2C3CC=C4CC(=O)C=CC4(C)C3(Cl)C(O)CC2(C)C1(O)C(=O)CO	CVZOZPYAZUVIDT-UHFFFAOYSA-N	C22H29ClO5
external	NBQKINXMPLXUET-UHFFFAOYSA-N	O=C(Nc1cccc2c(=O)cc(-c3nn[nH]n3)oc12)c1ccc(OCCCCc2ccccc2)cc1	ok	O=C(Nc1cccc2c(=O)cc(-c3nn[nH]n3)oc12)c1ccc(OCCCCc2ccccc2)cc1	NBQKINXMPLXUET-UHFFFAOYSA-N	C27H23N5O4
external	NBRBXGKOEOGLOI-UHFFFAOYSA-N	COc1c(-c2ccc3cc(NS(C)(=O)=O)ccc3c2)cc(-n2ccc(O)nc2=O)cc1C(C)(C)C	ok	COc1c(-c2ccc3cc(NS(C)(=O)=O)ccc3c2)cc(-n2ccc(=O)[nH]c2=O)cc1C(C)(C)C	NBRBXGKOEOGLOI-UHFFFAOYSA-N	C26H27N3O5S
external	NBSBUIQBEPROBM-UHFFFAOYSA-N	CC(C)=CCCC(C(=O)O)C1CCC2(C)C3=C(CCC12C)C1(C)CCC(O)C(C)(C)C1CC3	ok	CC(C)=CCCC(C(=O)O)C1CCC2(C)C3=C(CCC12C)C1(C)CCC(O)C(C)(C)C1CC3	NBSBUIQBEPROBM-UHFFFAOYSA-N	C30H48O3
external	NBZBKCUXIYYUSX-UHFFFAOYSA-N	O=C(O)CNCC(=O)O	ok	O=C(O)CNCC(=O)O	NBZBKCUXIYYUSX-UHFFFAOYSA-N	C4H7NO4
external	NCDNCNXCDXHOMX-UHFFFAOYSA-N	CC(C)c1nc(CN(C)C(O)=NC(C(O)=NC(Cc2ccccc2)CC(O)C(Cc2ccccc2)N=C(O)OCc2cncs2)C(C)C)cs1	ok	CC(C)c1nc(CN(C)C(=O)NC(C(=O)NC(Cc2ccccc2)CC(O)C(Cc2ccccc2)NC(=O)OCc2cncs2)C(C)C)cs1	NCDNCNXCDXHOMX-UHFFFAOYSA-N	C37H48N6O5S2
external	NCECUVMWTCHHHY-UHFFFAOYSA-N	CC(=O)OC1C(C)OC(OC(=O)C23CCC(C)(C)CC2C2=CCC4C5(C)CCC(OC6OC(C(=O)O)C(O)C(O)C6OC6OC(CO)C(O)C(O)C6O)C(C)(C=O)C5CCC4(C)C2(C)CC3O)C(OC2OC(C)C(OC3OCC(O)C(O)C3O)C(O)C2O)C1OC1OC(C)C(O)C(O)C1O	ok	CC(=O)OC1C(C)OC(OC(=O)C23CCC(C)(C)CC2C2=CCC4C5(C)CCC(OC6OC(C(=O)O)C(O)C(O)C6OC6OC(CO)C(O)C(O)C6O)C(C)(C=O)C5CCC4(C)C2(C)CC3O)C(OC2OC(C)C(OC3OCC(O)C(O)C3O)C(O)C2O)C1OC1OC(C)C(O)C(O)C1O	NCECUVMWTCHHHY-UHFFFAOYSA-N	C67H104O33
external	NCEXYHBECQHGNR-UHFFFAOYSA-N	O=C(O)c1cc(N=Nc2ccc(S(=O)(=O)Nc3ccccn3)cc2)ccc1O	ok	O=C(O)c1cc(N=Nc2ccc(S(=O)(=O)Nc3ccccn3)cc2)ccc1O	NCEXYHBECQHGNR-UHFFFAOYSA-N	C18H14N4O5S
external	NCFVZZZXSIOSQB-UHFFFAOYSA-N	CC12CCC3(C)CCC4(C)C(=CC(=O)C5C6(C)CCC(O)C(C)(C)C6CCC54C)C3(C1)OC2=O	ok	CC12CCC3(C)CCC4(C)C(=CC(=O)C5C6(C)CCC(O)C(C)(C)C6CCC54C)C3(C1)OC2=O	NCFVZZZXSIOSQB-UHFFFAOYSA-N	C30H44O4
external	NCNRHFGMJRPRSK-UHFFFAOYSA-N	O=S(=O)(Nc1ccccc1)c1cccc(C=CC(O)=NO)c1	ok	O=S(=O)(Nc1ccccc1)c1cccc(C=CC(O)=NO)c1	NCNRHFGMJRPRSK-UHFFFAOYSA-N	C15H14N2O4S
external	NCUCGYYHUFIYNU-UHFFFAOYSA-N	COC(=O)C1=C(C)NC(C)=C(C(=O)OCC(C)=O)C1c1ccccc1[N+](=O)[O-]	ok	COC(=O)C1=C(C)N=C(C)C(C(=O)OCC(C)=O)C1c1ccccc1[N+](=O)[O-]	CKYOZINOTWGEEP-UHFFFAOYSA-N	C19H20N2O7
external	NCYCYZXNIZJOKI-UHFFFAOYSA-N	CC(C=CC=C(C)C=CC1=C(C)CCCC1(C)C)=CC=O	ok	CC(C=CC=C(C)C=CC1=C(C)CCCC1(C)C)=CC=O	NCYCYZXNIZJOKI-UHFFFAOYSA-N	C20H28O
external	NDAUXUAQIAJITI-UHFFFAOYSA-N	CC(C)(C)NCC(O)c1ccc(O)c(CO)c1	ok	CC(C)(C)NCC(O)c1ccc(O)c(CO)c1	NDAUXUAQIAJITI-UHFFFAOYSA-N	C13H21NO3
external	NDCWHEDPSFRTDA-UHFFFAOYSA-N	CC(=O)OC1C(=O)C2(C)C(O)C(O)C3OCC3(OC(C)=O)C2C(OC(=O)c2ccccc2)C2(O)CC(OC(=O)C(O)C(N=C(O)c3ccccc3)c3ccccc3)C(C)=C1C2(C)C	ok	CC(=O)OC1=C2C(C)C(OC(=O)C(O)C(NC(=O)c3ccccc3)c3ccccc3)CC(O)(C(OC(=O)c3ccccc3)C3C4(OC(C)=O)COC4C(O)C(O)C3(C)C1=O)C2(C)C	BPMIYYNVGQGVRV-UHFFFAOYSA-N	C47H51NO15
external	NDDAHWYSQHTHNT-UHFFFAOYSA-N	CC1Cc2ccccc2N1N=C(O)c1ccc(Cl)c(S(N)(=O)=O)c1	ok	CC1Cc2ccccc2N1NC(=O)c1ccc(Cl)c(S(N)(=O)=O)c1	NDDAHWYSQHTHNT-UHFFFAOYSA-N	C16H16ClN3O3S
external	NDJYKXNKFMMXEW-UHFFFAOYSA-N	CC(C)NC(=N)NC(=N)NOCCCOc1ccc(OC(F)(F)F)cc1Cl	ok	CC(C)N=C(N)N=C(N)NOCCCOc1ccc(OC(F)(F)F)cc1Cl	NDJYKXNKFMMXEW-UHFFFAOYSA-N	C15H21ClF3N5O3
external	NDUAXKHGCJIYEQ-UHFFFAOYSA-N	CC(=O)OC1=C2C(C)C(OC(=O)C(O)C(N=C(O)c3ccccc3)c3ccccc3)CC(O)(C(OC(=O)c3ccccc3)C3C4(OC(C)=O)COC4CC(O)C3(C)C1=O)C2(C)C	ok	CC(=O)OC1=C2C(C)C(OC(=O)C(O)C(NC(=O)c3ccccc3)c3ccccc3)CC(O)(C(OC(=O)c3ccccc3)C3C4(OC(C)=O)COC4CC(O)C3(C)C1=O)C2(C)C	NDUAXKHGCJIYEQ-UHFFFAOYSA-N	C47H51NO14
external	NDVASEGYNIMXJL-UHFFFAOYSA-N	C=C1CCC2(C(C)C)CC12	ok	C=C1CCC2(C(C)C)CC12	NDVASEGYNIMXJL-UHFFFAOYSA-N	C10H16
external	NEAHWGSQUXSRNW-UHFFFAOYSA-N	O=Cc1cc2c(cc1O)[nH]c1ccccc12	ok	O=Cc1cc2c(cc1O)[nH]c1ccccc12	NEAHWGSQUXSRNW-UHFFFAOYSA-N	C13H9NO2
external	NEEQFPMRODQIKX-UHFFFAOYSA-N	NC(CNC(=O)C(=O)O)C(=O)O	ok	NC(CNC(=O)C(=O)O)C(=O)O	NEEQFPMRODQIKX-UHFFFAOYSA-N	C5H8N2O5
external	NEGYEDYHPHMHGK-UHFFFAOYSA-N	COc1ccc(CC(C)N)cc1	ok	COc1ccc(CC(C)N)cc1	NEGYEDYHPHMHGK-UHFFFAOYSA-N	C10H15NO
external	NEHMKBQYUWJMIP-UHFFFAOYSA-N	CCl	ok	CCl	NEHMKBQYUWJMIP-UHFFFAOYSA-N	CH3Cl
external	NEIDLJIPMZVISC-UHFFFAOYSA-N	CC(C)CC(O)N=C(O)C(Cc1ccccc1)N=C(O)c1cnccn1	ok	CC(C)CC(O)NC(=O)C(Cc1ccccc1)NC(=O)c1cnccn1	NEIDLJIPMZVISC-UHFFFAOYSA-N	C19H24N4O3
external	NEMGRZFTLSKBAP-UHFFFAOYSA-N	CC(NCc1ccc(OCc2cccc(F)c2)cc1)C(=N)O	ok	CC(NCc1ccc(OCc2cccc(F)c2)cc1)C(N)=O	NEMGRZFTLSKBAP-UHFFFAOYSA-N	C17H19FN2O2
external	NFGLTOBJMQXYCF-UHFFFAOYSA-N	CC1OC(OC(C(=O)CO)C(O)C(O)CO)C(O)C(O)C1O	ok	CC1OC(OC(C(=O)CO)C(O)C(O)CO)C(O)C(O)C1O	NFGLTOBJMQXYCF-UHFFFAOYSA-N	C12H22O10
external	NFIXBCVWIPOYCD-UHFFFAOYSA-N	CCN(CC)CCOc1ccc(Cc2ccccc2)cc1	ok	CCN(CC)CCOc1ccc(Cc2ccccc2)cc1	NFIXBCVWIPOYCD-UHFFFAOYSA-N	C19H25NO
external	NFNVDJGXRFEYTK-UHFFFAOYSA-N	CC(C)CC(N)C(O)=NC(CCC(=O)O)C(=O)O	ok	CC(C)CC(N)C(=O)NC(CCC(=O)O)C(=O)O	NFNVDJGXRFEYTK-UHFFFAOYSA-N	C11H20N2O5
external	NFWJEEBVQAMWHK-UHFFFAOYSA-N	OCCc1ccccc1Nc1c(Cl)cccc1Cl	ok	OCCc1ccccc1Nc1c(Cl)cccc1Cl	NFWJEEBVQAMWHK-UHFFFAOYSA-N	C14H13Cl2NO
external	NGBBVGZWCFBOGO-UHFFFAOYSA-N	CC(N)Cc1ccc2c(c1)OCO2	ok	CC(N)Cc1ccc2c(c1)OCO2	NGBBVGZWCFBOGO-UHFFFAOYSA-N	C10H13NO2
external	NGBFQHCMQULJNZ-UHFFFAOYSA-N	Cc1cccc(N=c2cc[nH]cc2S(=O)(=O)NC(O)=NC(C)C)c1	ok	Cc1cccc(Nc2ccncc2S(=O)(=O)NC(=O)NC(C)C)c1	NGBFQHCMQULJNZ-UHFFFAOYSA-N	C16H20N4O3S
external	NGDNVOAEIVQRFH-UHFFFAOYSA-N	CCCCCCCC(C)O	ok	CCCCCCCC(C)O	NGDNVOAEIVQRFH-UHFFFAOYSA-N	C9H20O
external	NGHTXZCKLWZPGK-UHFFFAOYSA-N	Cc1cccc(C)c1N=C(O)CN1CCCC1=O	ok	Cc1cccc(C)c1NC(=O)CN1CCCC1=O	NGHTXZCKLWZPGK-UHFFFAOYSA-N	C14H18N2O2
external	NGPJYMSGYPTHBB-UHFFFAOYSA-N	COC(=O)C1=CC2CC(=O)CCC2(C)C23OC2CC2(C)C(CCC24CCC(=O)O4)C13	ok	COC(=O)C1=CC2CC(=O)CCC2(C)C23OC2CC2(C)C(CCC24CCC(=O)O4)C13	NGPJYMSGYPTHBB-UHFFFAOYSA-N	C24H30O6
external	NGXUJKBJBFLCAR-UHFFFAOYSA-N	CN(Cc1ccccc1)N=O	ok	CN(Cc1ccccc1)N=O	NGXUJKBJBFLCAR-UHFFFAOYSA-N	C8H10N2O
external	NHUHCSRWZMLRLA-UHFFFAOYSA-N	Cc1noc(NS(=O)(=O)c2ccc(N)cc2)c1C	ok	Cc1noc(NS(=O)(=O)c2ccc(N)cc2)c1C	NHUHCSRWZMLRLA-UHFFFAOYSA-N	C11H13N3O3S
external	NHZLNPMOSADWGC-UHFFFAOYSA-N	Nc1ccc(S(=O)(=O)N=c2cnc3ccccc3[nH]2)cc1	ok	Nc1ccc(S(=O)(=O)Nc2cnc3ccccc3n2)cc1	NHZLNPMOSADWGC-UHFFFAOYSA-N	C14H12N4O2S
external	NIBCDDKWFDEBEP-UHFFFAOYSA-N	CCCOc1ccc(S(=O)(=O)N2CCN(CC)CC2)cc1-c1nc2c(CC)n(Cc3ccccn3)nc2c(=O)[nH]1	ok	CCCOc1ccc(S(=O)(=O)N2CCN(CC)CC2)cc1-c1nc(=O)c2nn(Cc3ccccn3)c(CC)c2[nH]1	NIBCDDKWFDEBEP-UHFFFAOYSA-N	C28H35N7O4S
external	NIDRYBLTWYFCFV-UHFFFAOYSA-N	CCCc1cc(=O)oc2c3c(c4c(c12)OC(C)(C)C=C4)OC(C)C(C)C3O	ok	CCCc1cc(=O)oc2c3c(c4c(c12)OC(C)(C)C=C4)OC(C)C(C)C3O	NIDRYBLTWYFCFV-UHFFFAOYSA-N	C22H26O5
external	NIJJYAXOARWZEE-UHFFFAOYSA-N	CCCC(CCC)C(=O)O	ok	CCCC(CCC)C(=O)O	NIJJYAXOARWZEE-UHFFFAOYSA-N	C8H16O2
external	NILJBDWPGRSTPN-UHFFFAOYSA-N	Oc1c[nH]c(C(O)O)c1	ok	Oc1c[nH]c(C(O)O)c1	NILJBDWPGRSTPN-UHFFFAOYSA-N	C5H7NO3
external	NISOCYUAQBTSBZ-UHFFFAOYSA-N	C#CCN(C)CCc1ccccc1	ok	C#CCN(C)CCc1ccccc1	NISOCYUAQBTSBZ-UHFFFAOYSA-N	C12H15N
external	NIYQOTCYXGXMPI-UHFFFAOYSA-N	CC(C(=O)c1ccc2c(c1)OCO2)N1CCCC1	ok	CC(C(=O)c1ccc2c(c1)OCO2)N1CCCC1	NIYQOTCYXGXMPI-UHFFFAOYSA-N	C14H17NO3
external	NJDUWAXIURWWLN-UHFFFAOYSA-N	O=C1c2ccccc2C(=O)C1c1ccc(Cl)cc1	ok	O=C1c2ccccc2C(=O)C1c1ccc(Cl)cc1	NJDUWAXIURWWLN-UHFFFAOYSA-N	C15H9ClO2
external	NJIPOSKZXKMYEM-UHFFFAOYSA-N	O=C(OCC1OC(c2c(O)cc(O)c(C(=O)c3ccc(O)c(O)c3)c2O)C(O)C(O)C1O)c1ccc(O)cc1	tautomer_MaxTransformsReached			C26H24O13
external	NJRKFGIEJVKUHP-UHFFFAOYSA-N	CCCN(C)C(C)Cc1ccccc1	ok	CCCN(C)C(C)Cc1ccccc1	NJRKFGIEJVKUHP-UHFFFAOYSA-N	C13H21N
external	NKANXQFJJICGDU-UHFFFAOYSA-N	CCC(=C(c1ccccc1)c1ccc(OCCN(C)C)cc1)c1ccccc1	ok	CCC(=C(c1ccccc1)c1ccc(OCCN(C)C)cc1)c1ccccc1	NKANXQFJJICGDU-UHFFFAOYSA-N	C26H29NO
external	NKKMVIVFRUYPLQ-UHFFFAOYSA-N	CC=CC#N	ok	CC=CC#N	NKKMVIVFRUYPLQ-UHFFFAOYSA-N	C4H5N
external	NKSXJAYACJZMBM-UHFFFAOYSA-N	CN1C(=O)CC(=O)N(c2ccc(O)cc2)c2cc(Cl)ccc21	ok	CN1C(=O)CC(=O)N(c2ccc(O)cc2)c2cc(Cl)ccc21	NKSXJAYACJZMBM-UHFFFAOYSA-N	C16H13ClN2O3
external	NLEIYGPJJHTFFQ-UHFFFAOYSA-N	C=C1C(C)=Nc2c(O)nc(O)nc2N1CC(O)C(O)C(O)CO	ok	C=C1C(C)=Nc2c([nH]c(=O)[nH]c2=O)N1CC(O)C(O)C(O)CO	NLEIYGPJJHTFFQ-UHFFFAOYSA-N	C13H18N4O6
external	NLHHRLWOUZZQLW-UHFFFAOYSA-N	C=CC#N	ok	C=CC#N	NLHHRLWOUZZQLW-UHFFFAOYSA-N	C3H3N
external	NLOPFVNXNMEEDI-UHFFFAOYSA-N	O=C(OC1OC(C(=O)O)C(O)C(O)C1O)c1ccccc1	ok	O=C(OC1OC(C(=O)O)C(O)C(O)C1O)c1ccccc1	NLOPFVNXNMEEDI-UHFFFAOYSA-N	C13H14O8
external	NLUNAYAEIJYXRB-UHFFFAOYSA-N	CCCCCC=CCC=CC=CC(O)CC=CCCCC(=O)O	ok	CCCCCC=CCC=CC=CC(O)CC=CCCCC(=O)O	NLUNAYAEIJYXRB-UHFFFAOYSA-N	C20H32O3
external	NLYNIRQVMRLPIQ-UHFFFAOYSA-N	CCOC1OC2OC3(C)CCC4C(C)CCC(C1C)C24OO3	ok	CCOC1OC2OC3(C)CCC4C(C)CCC(C1C)C24OO3	NLYNIRQVMRLPIQ-UHFFFAOYSA-N	C17H28O5
external	NMCHYWGKBADVMK-UHFFFAOYSA-N	CC(Cc1ccccc1)NCCn1cnc2c1c(=O)n(C)c(=O)n2C	ok	CC(Cc1ccccc1)NCCn1cnc2c1c(=O)n(C)c(=O)n2C	NMCHYWGKBADVMK-UHFFFAOYSA-N	C18H23N5O2
external	NMDYYWFGPIMTKO-UHFFFAOYSA-N	CCC12C=CCN3CCC4(c5cc(C6(C(=O)OC)CC7CC(C(C)(F)F)CN(Cc8c6[nH]c6ccccc86)C7)c(OC)cc5N(C)C4C(O)(C(=O)OC)C1OC(C)=O)C32	ok	CCC12C=CCN3CCC4(c5cc(C6(C(=O)OC)CC7CC(C(C)(F)F)CN(Cc8c6[nH]c6ccccc86)C7)c(OC)cc5N(C)C4C(O)(C(=O)OC)C1OC(C)=O)C32	NMDYYWFGPIMTKO-UHFFFAOYSA-N	C45H54F2N4O8
external	NMGJCQNNUTYSJJ-UHFFFAOYSA-N	C=C1CCC=C(C)CC=CC(C)(C)CC1O	ok	C=C1CCC=C(C)CC=CC(C)(C)CC1O	NMGJCQNNUTYSJJ-UHFFFAOYSA-N	C15H24O
external	NMGOJJBPFUCUIX-UHFFFAOYSA-N	O=c1[nH]c(CC(O)O)c(O)nc1Cc1ccccc1	ok	O=c1[nH]c(CC(O)O)c(O)nc1Cc1ccccc1	NMGOJJBPFUCUIX-UHFFFAOYSA-N	C13H14N2O4
external	NMKSAYKQLCHXDK-UHFFFAOYSA-N	CC(NCCC(c1ccccc1)c1ccccc1)c1ccccc1	ok	CC(NCCC(c1ccccc1)c1ccccc1)c1ccccc1	NMKSAYKQLCHXDK-UHFFFAOYSA-N	C23H25N
external	NMPVEAUIHMEAQP-UHFFFAOYSA-N	O=CCBr	ok	O=CCBr	NMPVEAUIHMEAQP-UHFFFAOYSA-N	C2H3BrO
external	NMUSYJAQQFHJEW-UHFFFAOYSA-N	N=c1ncn(C2OC(CO)C(O)C2O)c(O)n1	ok	Nc1ncn(C2OC(CO)C(O)C2O)c(=O)n1	NMUSYJAQQFHJEW-UHFFFAOYSA-N	C8H12N4O5
external	NNACHAUCXXVJSP-UHFFFAOYSA-N	Clc1ccc(CCCOCCCN2CCCCC2)cc1	ok	Clc1ccc(CCCOCCCN2CCCCC2)cc1	NNACHAUCXXVJSP-UHFFFAOYSA-N	C17H26ClNO
external	NNEIBJNHWVDJBA-UHFFFAOYSA-N	CC(CCC(=O)O)C1CCC2C3CCC4CC(OC5OC(C(=O)O)C(O)C(O)C5O)CCC4(C)C3CC(O)C12C	ok	CC(CCC(=O)O)C1CCC2C3CCC4CC(OC5OC(C(=O)O)C(O)C(O)C5O)CCC4(C)C3CC(O)C12C	NNEIBJNHWVDJBA-UHFFFAOYSA-N	C30H48O10
external	NNJVILVZKWQKPM-UHFFFAOYSA-N	CCN(CC)CC(O)=Nc1c(C)cccc1C	ok	CCN(CC)CC(=O)Nc1c(C)cccc1C	NNJVILVZKWQKPM-UHFFFAOYSA-N	C14H22N2O
external	NNNVXFKZMRGJPM-UHFFFAOYSA-N	CCCCCCCCCC=CCCCCC(=O)O	ok	CCCCCCCCCC=CCCCCC(=O)O	NNNVXFKZMRGJPM-UHFFFAOYSA-N	C16H30O2
external	NNOPDLNHPOLRRE-UHFFFAOYSA-N	CCCCc1cc2c(=O)c(C(=O)OC)c[nH]c2cc1OCc1ccccc1	ok	CCCCc1cc2c(=O)c(C(=O)OC)c[nH]c2cc1OCc1ccccc1	NNOPDLNHPOLRRE-UHFFFAOYSA-N	C22H23NO4
external	NNULBSISHYWZJU-UHFFFAOYSA-N	CON=C(C(=O)NC1C(=O)N2C(C(=O)O)=CCSC12)c1csc(=N)[nH]1	ok	CON=C(C(=O)NC1C(=O)N2C(C(=O)O)=CCSC12)c1csc(N)n1	NNULBSISHYWZJU-UHFFFAOYSA-N	C13H13N5O5S2
external	NNYBQONXHNTVIJ-UHFFFAOYSA-N	CCc1cccc2c3c([nH]c12)C(CC)(CC(=O)O)OCC3	ok	CCc1cccc2c3c([nH]c12)C(CC)(CC(=O)O)OCC3	NNYBQONXHNTVIJ-UHFFFAOYSA-N	C17H21NO3
external	NOCJXYPHIIZEHN-UHFFFAOYSA-N	CN1CCN(c2cc3c(cc2F)c(=O)c(C(=O)O)cn3-c2ccc(F)cc2)CC1	ok	CN1CCN(c2cc3c(cc2F)c(=O)c(C(=O)O)cn3-c2ccc(F)cc2)CC1	NOCJXYPHIIZEHN-UHFFFAOYSA-N	C21H19F2N3O3
external	NOOLISFMXDJSKH-UHFFFAOYSA-N	CC1CCC(C(C)C)C(O)C1	ok	CC1CCC(C(C)C)C(O)C1	NOOLISFMXDJSKH-UHFFFAOYSA-N	C10H20O
external	NOYPYLRCIDNJJB-UHFFFAOYSA-N	COc1cc(NCc2ccc3[nH]c(=N)[nH]c(=N)c3c2C)cc(OC)c1OC	ok	COc1cc(NCc2ccc3nc(N)nc(N)c3c2C)cc(OC)c1OC	NOYPYLRCIDNJJB-UHFFFAOYSA-N	C19H23N5O3
external	NPDLYUOYAGBHFB-UHFFFAOYSA-N	N=C(O)CC(N)C(O)=NC(CCCNC(=N)N)C(=O)O	ok	N=C(N)NCCCC(NC(=O)C(N)CC(N)=O)C(=O)O	NPDLYUOYAGBHFB-UHFFFAOYSA-N	C10H20N6O4
external	NPDSHTNEKLQQIJ-UHFFFAOYSA-N	CCCCCC=CC=CC(O)CCCCCCCC(=O)O	ok	CCCCCC=CC=CC(O)CCCCCCCC(=O)O	NPDSHTNEKLQQIJ-UHFFFAOYSA-N	C18H32O3
external	NPPQSCRMBWNHMW-UHFFFAOYSA-N	CCCC(C)(COC(=N)O)COC(=N)O	ok	CCCC(C)(COC(N)=O)COC(N)=O	NPPQSCRMBWNHMW-UHFFFAOYSA-N	C9H18N2O4
external	NPTIBOCVSPURCS-UHFFFAOYSA-N	CCC=CCC=CCC=CCC=CCC=CCCCCCCCC(=O)O	ok	CCC=CCC=CCC=CCC=CCC=CCCCCCCCC(=O)O	NPTIBOCVSPURCS-UHFFFAOYSA-N	C24H38O2
external	NPUKDXXFDDZOKR-UHFFFAOYSA-N	CCOC(=O)c1cncn1C(C)c1ccccc1	ok	CCOC(=O)c1cncn1C(C)c1ccccc1	NPUKDXXFDDZOKR-UHFFFAOYSA-N	C14H16N2O2
external	NPWALQVJKZMLMQ-UHFFFAOYSA-N	CC#CC1(O)CCC2C3=C(C4=C(CC3)CC(=O)CC4)C(c3ccc(NC)cc3)CC21C	ok	CC#CC1(O)CCC2C3=C(C4=C(CC3)CC(=O)CC4)C(c3ccc(NC)cc3)CC21C	NPWALQVJKZMLMQ-UHFFFAOYSA-N	C28H33NO2
external	NQDJXKOVJZTUJA-UHFFFAOYSA-N	Cc1ccnc2c1N=C(O)c1cccnc1N2C1CC1	ok	Cc1ccnc2c1NC(=O)c1cccnc1N2C1CC1	NQDJXKOVJZTUJA-UHFFFAOYSA-N	C15H14N4O
external	NQDQXWSCFDFFRA-UHFFFAOYSA-N	CCCCCCCCC=CCCCCCCCCCCCC(O)=NC(COC1OC(CO)C(OC2OC(CO)C(OC3OC(CO)C(O)C(OC4OC(CO)C(O)C(OC5(C(=O)O)CC(O)C(N=C(C)O)C(C(O)C(O)CO)O5)C4O)C3CC(C)=O)C(OC3(C(=O)O)CC(O)C(N=C(C)O)C(C(O)C(O)CO)O3)C2O)C(O)C1O)C(O)C=CCCCCCCCCCCCCC	ok	CCCCCCCCC=CCCCCCCCCCCCC(=O)NC(COC1OC(CO)C(OC2OC(CO)C(OC3OC(CO)C(O)C(OC4OC(CO)C(O)C(OC5(C(=O)O)CC(O)C(NC(C)=O)C(C(O)C(O)CO)O5)C4O)C3CC(C)=O)C(OC3(C(=O)O)CC(O)C(NC(C)=O)C(C(O)C(O)CO)O3)C2O)C(O)C1O)C(O)C=CCCCCCCCCCCCCC	NQDQXWSCFDFFRA-UHFFFAOYSA-N	C89H155N3O39
external	NQHNLNLJPDMBFN-UHFFFAOYSA-O	CCCCCCCCOc1ccccc1C(=O)N=C1C=CC(=C(O)OCC[N+](C)(CC)CC)C=C1	ok	CCCCCCCCOc1ccccc1C(=O)Nc1ccc(C(=O)OCC[N+](C)(CC)CC)cc1	NQHNLNLJPDMBFN-UHFFFAOYSA-O	C29H43N2O4+
external	NQPDXQQQCQDHHW-UHFFFAOYSA-N	CSc1nc2cc(Oc3cccc(Cl)c3Cl)c(Cl)cc2[nH]1	ok	CSc1nc2cc(Cl)c(Oc3cccc(Cl)c3Cl)cc2[nH]1	NQPDXQQQCQDHHW-UHFFFAOYSA-N	C14H9Cl3N2OS
external	NRTLIYOWLVMQBO-UHFFFAOYSA-N	Cc1nn(C)c(Cl)c1C(O)=Nc1cccc2c1C(C)OC2(C)C	ok	Cc1nn(C)c(Cl)c1C(=O)Nc1cccc2c1C(C)OC2(C)C	NRTLIYOWLVMQBO-UHFFFAOYSA-N	C17H20ClN3O2
external	NRUKOCRGYNPUPR-UHFFFAOYSA-N	COc1cc(C2c3cc4c(cc3C(OC3OC5COC(c6cccs6)OC5C(O)C3O)C3COC(=O)C23)OCO4)cc(OC)c1O	ok	COc1cc(C2c3cc4c(cc3C(OC3OC5COC(c6cccs6)OC5C(O)C3O)C3COC(=O)C23)OCO4)cc(OC)c1O	NRUKOCRGYNPUPR-UHFFFAOYSA-N	C32H32O13S
external	NSMXQKNUPPXBRG-UHFFFAOYSA-N	CC(O)CCCCn1c(=O)c2c(ncn2C)n(C)c1=O	ok	CC(O)CCCCn1c(=O)c2c(ncn2C)n(C)c1=O	NSMXQKNUPPXBRG-UHFFFAOYSA-N	C13H20N4O3
external	NSQSAUGJQHDYNO-UHFFFAOYSA-N	CCN(c1cc(-c2ccc(CN3CCOCC3)cc2)cc(C(O)=NCc2c(C)cc(C)nc2O)c1C)C1CCOCC1	ok	CCN(c1cc(-c2ccc(CN3CCOCC3)cc2)cc(C(=O)NCc2c(C)cc(C)[nH]c2=O)c1C)C1CCOCC1	NSQSAUGJQHDYNO-UHFFFAOYSA-N	C34H44N4O4
external	NSTCAXPRTTYSFG-UHFFFAOYSA-N	CC1CC2C3CC=C4CC(=O)C=CC4(C)C3=CCC2(C)C1C(=O)CN1CCN(c2cc(N3CCCC3)nc(N3CCCC3)n2)CC1	ok	CC1CC2C3CC=C4CC(=O)C=CC4(C)C3=CCC2(C)C1C(=O)CN1CCN(c2cc(N3CCCC3)nc(N3CCCC3)n2)CC1	NSTCAXPRTTYSFG-UHFFFAOYSA-N	C38H52N6O2
external	NSVFSAJIGAJDMR-UHFFFAOYSA-N	CC1=C(C(=O)OCCN(Cc2ccccc2)c2ccccc2)C(c2cccc([N+](=O)[O-])c2)C(P2(=O)OCC(C)(C)CO2)=C(C)N1	ok	CC1=NC(C)=C(P2(=O)OCC(C)(C)CO2)C(c2cccc([N+](=O)[O-])c2)C1C(=O)OCCN(Cc1ccccc1)c1ccccc1	RZLOFMVWEMZGDN-UHFFFAOYSA-N	C34H38N3O7P
external	NSVXZGWRAHJCGR-UHFFFAOYSA-N	CCCCCCCCCCCCC(O)C1CCC(C(O)CCCC(=O)CCCCCCC(O)Cc2cc(C)oc2O)O1	ok	CCCCCCCCCCCCC(O)C1CCC(C(O)CCCC(=O)CCCCCCC(O)Cc2cc(C)oc2O)O1	NSVXZGWRAHJCGR-UHFFFAOYSA-N	C35H62O7
external	NTHPAPBPFQJABD-UHFFFAOYSA-N	Cn1cc(C(=O)C2CCc3nc[nH]c3C2)c2ccccc21	ok	Cn1cc(C(=O)C2CCc3[nH]cnc3C2)c2ccccc21	NTHPAPBPFQJABD-UHFFFAOYSA-N	C17H17N3O
external	NTRYEGJHFILWOH-UHFFFAOYSA-N	CC(O)=NC1C(OCC2OC(OC(C(=O)C(O)CO)C(O)CO)C(O)C(OC3OC(CO)C(OC4OC(C)C(O)C(O)C4O)C(OC4OC(CO)C(O)C(O)C4O)C3N=C(C)O)C2O)OC(CO)C(OC2OC(CO)C(O)C(O)C2O)C1OC1OC(C)C(O)C(O)C1O	ok	CC(=O)NC1C(OCC2OC(OC(C(=O)C(O)CO)C(O)CO)C(O)C(OC3OC(CO)C(OC4OC(C)C(O)C(O)C4O)C(OC4OC(CO)C(O)C(O)C4O)C3NC(C)=O)C2O)OC(CO)C(OC2OC(CO)C(O)C(O)C2O)C1OC1OC(C)C(O)C(O)C1O	NTRYEGJHFILWOH-UHFFFAOYSA-N	C52H88N2O39
external	NTVBUJOKRXFMAK-UHFFFAOYSA-N	C=C(C(CC=C(C)C)OC(=O)C(C)=CC)C1C(OC(C)=O)C(=O)C2(C)OC2C1O	ok	C=C(C(CC=C(C)C)OC(=O)C(C)=CC)C1C(OC(C)=O)C(=O)C2(C)OC2C1O	NTVBUJOKRXFMAK-UHFFFAOYSA-N	C22H30O7
external	NTYJJOPFIAHURM-UHFFFAOYSA-N	NCCc1cnc[nH]1	ok	NCCc1c[nH]cn1	NTYJJOPFIAHURM-UHFFFAOYSA-N	C5H9N3
external	NUEAMYZABAMKDO-UHFFFAOYSA-N	CC(C)CC1C(=O)N2CCCC2C2(O)OC(N=C(O)C3=CC4c5cccc6[nH]c(Br)c(c56)CC4N(C)C3)(C(C)C)C(=O)N12	ok	CC(C)CC1C(=O)N2CCCC2C2(O)OC(NC(=O)C3=CC4c5cccc6[nH]c(Br)c(c56)CC4N(C)C3)(C(C)C)C(=O)N12	NUEAMYZABAMKDO-UHFFFAOYSA-N	C32H40BrN5O5
external	NUKYPUAOHBNCPY-UHFFFAOYSA-N	N=c1cc[nH]cc1	ok	Nc1ccncc1	NUKYPUAOHBNCPY-UHFFFAOYSA-N	C5H6N2
external	NUMQCACRALPSHD-UHFFFAOYSA-N	CCOC(C)(C)C	ok	CCOC(C)(C)C	NUMQCACRALPSHD-UHFFFAOYSA-N	C6H14O
external	NVEQFIOZRFFVFW-UHFFFAOYSA-N	C=C1CCC2OC2(C)CCC2C1CC2(C)C	ok	C=C1CCC2OC2(C)CCC2C1CC2(C)C	NVEQFIOZRFFVFW-UHFFFAOYSA-N	C15H24O
external	NWCVRXADYNRXCT-UHFFFAOYSA-N	CC(C)(C)C1CCC(C2=C(O)C(=O)c3ccccc3C2=O)CC1	ok	CC(C)(C)C1CC=C(c2c(O)c(O)c3ccccc3c2O)CC1	RCTJEXXXCUZPMY-UHFFFAOYSA-N	C20H24O3
external	NWIUTZDMDHAVTP-UHFFFAOYSA-N	CC(C)NCC(O)COc1ccc(CCOCC2CC2)cc1	ok	CC(C)NCC(O)COc1ccc(CCOCC2CC2)cc1	NWIUTZDMDHAVTP-UHFFFAOYSA-N	C18H29NO3
external	NWWZPOKUUAIXIW-UHFFFAOYSA-N	CN1COCN(Cc2cnc(Cl)s2)C1=N[N+](=O)[O-]	ok	CN1COCN(Cc2cnc(Cl)s2)C1=N[N+](=O)[O-]	NWWZPOKUUAIXIW-UHFFFAOYSA-N	C8H10ClN5O3S
external	NWXMGUDVXFXRIG-UHFFFAOYSA-N	CN(C)C1C(=O)C(C(=N)O)=C(O)C2(O)C(=O)C3=C(O)c4c(O)cccc4C(C)(O)C3CC12	tautomer_MaxTransformsReached			C22H24N2O8
external	NXNPGAAZKYDOPW-UHFFFAOYSA-N	CCC(C(=O)c1ccc(C)cc1)N1CCCC1	ok	CCC(C(=O)c1ccc(C)cc1)N1CCCC1	NXNPGAAZKYDOPW-UHFFFAOYSA-N	C15H21NO
external	NXWGWUVGUSFQJC-UHFFFAOYSA-N	Cc1cc2c(OCC(O)CNC(C)C)cccc2[nH]1	ok	Cc1cc2c(OCC(O)CNC(C)C)cccc2[nH]1	NXWGWUVGUSFQJC-UHFFFAOYSA-N	C15H22N2O2
external	NYDCDZSEEAUOHN-UHFFFAOYSA-N	CCC(=C(c1ccccc1)c1ccc(OCCNC)cc1)c1ccccc1	ok	CCC(=C(c1ccccc1)c1ccc(OCCNC)cc1)c1ccccc1	NYDCDZSEEAUOHN-UHFFFAOYSA-N	C25H27NO
external	NYKKBHKMCOFCSE-UHFFFAOYSA-N	C=C1CC23CC1(O)CCC2C12OC(=O)C(C)(C=CC1O)C2C3C(=O)O	ok	C=C1CC23CC1(O)CCC2C12OC(=O)C(C)(C=CC1O)C2C3C(=O)O	NYKKBHKMCOFCSE-UHFFFAOYSA-N	C19H22O6
external	NYNZQNWKBKUAII-UHFFFAOYSA-N	OC(=Nc1cnn2ccc(N3CCCC3c3cc(F)ccc3F)nc12)N1CCC(O)C1	ok	O=C(Nc1cnn2ccc(N3CCCC3c3cc(F)ccc3F)nc12)N1CCC(O)C1	NYNZQNWKBKUAII-UHFFFAOYSA-N	C21H22F2N6O2
external	NYPJDWWKZLNGGM-UHFFFAOYSA-N	CC(C)C(C(=O)OC(C#N)c1cccc(Oc2ccccc2)c1)c1ccc(Cl)cc1	ok	CC(C)C(C(=O)OC(C#N)c1cccc(Oc2ccccc2)c1)c1ccc(Cl)cc1	NYPJDWWKZLNGGM-UHFFFAOYSA-N	C25H22ClNO3
external	NYSZJNUIVUBQMM-UHFFFAOYSA-N	COc1cc(O)cc(O)c1C(=O)C=Cc1ccccc1	ok	COc1cc(O)cc(O)c1C(=O)C=Cc1ccccc1	NYSZJNUIVUBQMM-UHFFFAOYSA-N	C16H14O4
external	NZCRJKRKKOLAOJ-UHFFFAOYSA-N	COC1C=COC2(C)Oc3c(C)c(O)c4c(O)c(c5c(nc6cc(C)ccn65)c4c3C2=O)N=C(O)C(C)=CC=CC(C)C(O)C(C)C(O)C(C)C(OC(C)=O)C1C	tautomer_MaxTransformsReached			C43H51N3O11
external	NZEDMAWEJPYWCD-UHFFFAOYSA-N	C=CCS(=O)(=O)CC=C	ok	C=CCS(=O)(=O)CC=C	NZEDMAWEJPYWCD-UHFFFAOYSA-N	C6H10O2S
external	NZGWDASTMWDZIW-UHFFFAOYSA-N	CC(C)=C1CCC(C)CC1=O	ok	CC(C)=C1CCC(C)CC1=O	NZGWDASTMWDZIW-UHFFFAOYSA-N	C10H16O
external	NZHGWWWHIYHZNX-UHFFFAOYSA-N	COc1ccc(C=CC(O)=Nc2ccccc2C(=O)O)cc1OC	ok	COc1ccc(C=CC(=O)Nc2ccccc2C(=O)O)cc1OC	NZHGWWWHIYHZNX-UHFFFAOYSA-N	C18H17NO5
external	NZHUXMZTSSZXSB-UHFFFAOYSA-N	COc1ccc(C2Sc3ccccc3N(CCN(C)C)C(=O)C2O)cc1	ok	COc1ccc(C2Sc3ccccc3N(CCN(C)C)C(=O)C2O)cc1	NZHUXMZTSSZXSB-UHFFFAOYSA-N	C20H24N2O3S
external	NZLBHDRPUJLHCE-UHFFFAOYSA-N	CCN(CC)CCCN(c1ccccc1)C1Cc2ccccc2C1	ok	CCN(CC)CCCN(c1ccccc1)C1Cc2ccccc2C1	NZLBHDRPUJLHCE-UHFFFAOYSA-N	C22H30N2
external	NZQDWKCNBOELAI-UHFFFAOYSA-N	O=C(O)c1ccc(C(F)(F)F)cc1-c1ccc2c(c1)OCC(Cc1ccccc1)C2O	ok	O=C(O)c1ccc(C(F)(F)F)cc1-c1ccc2c(c1)OCC(Cc1ccccc1)C2O	NZQDWKCNBOELAI-UHFFFAOYSA-N	C24H19F3O4
external	NZXKDOXHBHYTKP-UHFFFAOYSA-N	C=CCC1(C(C)C#CCC)C(=O)N(C)C(=O)N=C1O	ok	C=CCC1(C(C)C#CCC)C(=O)NC(=O)N(C)C1=O	NZXKDOXHBHYTKP-UHFFFAOYSA-N	C14H18N2O3
external	NZZIMKJIVMHWJC-UHFFFAOYSA-N	O=C(CC(=O)c1ccccc1)c1ccccc1	ok	O=C(CC(=O)c1ccccc1)c1ccccc1	NZZIMKJIVMHWJC-UHFFFAOYSA-N	C15H12O2
external	OAAPYTCHFIIVON-UHFFFAOYSA-N	COc1ccc(CCN(C)CCCC(C#N)(c2ccc(OC)c(OC)c2)C(C)C)cc1O	ok	COc1ccc(CCN(C)CCCC(C#N)(c2ccc(OC)c(OC)c2)C(C)C)cc1O	OAAPYTCHFIIVON-UHFFFAOYSA-N	C26H36N2O4
external	OAMXBKFTDLDKCN-UHFFFAOYSA-N	CC(=O)OC1C(C)=CCC2(C1OC(C)=O)C1C(C)COC(=O)C1OC2(C)O	ok	CC(=O)OC1C(C)=CCC2(C1OC(C)=O)C1C(C)COC(=O)C1OC2(C)O	OAMXBKFTDLDKCN-UHFFFAOYSA-N	C19H26O8
external	OAPVIBHQRYFYSE-UHFFFAOYSA-N	N=c1ccc(-c2ccccc2)c[nH]1	ok	Nc1ccc(-c2ccccc2)cn1	OAPVIBHQRYFYSE-UHFFFAOYSA-N	C11H10N2
external	OAVGBZOFDPFGPJ-UHFFFAOYSA-N	CN1CCN(c2nc(C3=C(c4c[nH]c5ccccc45)C(O)=NC3=O)c3ccccc3n2)CC1	ok	CN1CCN(c2nc(C3=C(c4c[nH]c5ccccc45)C(=O)NC3=O)c3ccccc3n2)CC1	OAVGBZOFDPFGPJ-UHFFFAOYSA-N	C25H22N6O2
external	OBMNJSNZOWALQB-UHFFFAOYSA-N	C=CC1CC1(N=C(O)C1CC2CN1C(=O)C(C(C)(C)C)N=C(O)OC1CC1CCCCCc1nc3ccc(OC)cc3nc1O2)C(O)=NS(=O)(=O)C1CC1	ok	C=CC1CC1(NC(=O)C1CC2CN1C(=O)C(C(C)(C)C)NC(=O)OC1CC1CCCCCc1nc3ccc(OC)cc3nc1O2)C(=O)NS(=O)(=O)C1CC1	OBMNJSNZOWALQB-UHFFFAOYSA-N	C38H50N6O9S
external	OBSYBRPAKCASQB-UHFFFAOYSA-N	COC(=O)C1CC(OC(C)=O)C(=O)C2C1(C)CCC1C(=O)OC(c3ccoc3)CC12C	ok	COC(=O)C1CC(OC(C)=O)C(=O)C2C1(C)CCC1C(=O)OC(c3ccoc3)CC12C	OBSYBRPAKCASQB-UHFFFAOYSA-N	C23H28O8
external	OBWGMKKHCLHVIE-UHFFFAOYSA-N	CN1CCN(C2=Nc3cc(F)ccc3Cc3ccccc32)CC1	ok	CN1CCN(C2=Nc3cc(F)ccc3Cc3ccccc32)CC1	OBWGMKKHCLHVIE-UHFFFAOYSA-N	C19H20FN3
external	OCAPBUJLXMYKEJ-UHFFFAOYSA-N	c1ccc(-c2ccc(C(c3ccccc3)n3ccnc3)cc2)cc1	ok	c1ccc(-c2ccc(C(c3ccccc3)n3ccnc3)cc2)cc1	OCAPBUJLXMYKEJ-UHFFFAOYSA-N	C22H18N2
external	OCJBOOLMMGQPQU-UHFFFAOYSA-N	Clc1ccc(Cl)cc1	ok	Clc1ccc(Cl)cc1	OCJBOOLMMGQPQU-UHFFFAOYSA-N	C6H4Cl2
external	OCJYIGYOJCODJL-UHFFFAOYSA-N	Cc1cccc(CN2CCN(C(c3ccccc3)c3ccc(Cl)cc3)CC2)c1	ok	Cc1cccc(CN2CCN(C(c3ccccc3)c3ccc(Cl)cc3)CC2)c1	OCJYIGYOJCODJL-UHFFFAOYSA-N	C25H27ClN2
external	OCSVTHMYODNXBN-UHFFFAOYSA-N	NC(CC(=O)C(=O)NC1OCC=C1CO)C(O)O	ok	NC(CC(=O)C(=O)NC1OCC=C1CO)C(O)O	OCSVTHMYODNXBN-UHFFFAOYSA-N	C10H16N2O6
external	ODCYDGXXCHTFIR-UHFFFAOYSA-N	Cn1c(=O)nc(O)c2nc(O)[nH]c21	ok	Cn1c(=O)[nH]c(=O)c2[nH]c(=O)[nH]c21	ODCYDGXXCHTFIR-UHFFFAOYSA-N	C6H6N4O3
external	ODFFXPNOCMSXHG-UHFFFAOYSA-N	C=C1C(O)C23CC1(O)CCC2C1(C=O)CCCC(C)(C(=O)O)C1C3C(=O)O	ok	C=C1C(O)C23CC1(O)CCC2C1(C=O)CCCC(C)(C(=O)O)C1C3C(=O)O	ODFFXPNOCMSXHG-UHFFFAOYSA-N	C20H26O7
external	ODQWQRRAPPTVAG-UHFFFAOYSA-N	CN(C)CCC=C1c2ccccc2COc2ccccc21	ok	CN(C)CCC=C1c2ccccc2COc2ccccc21	ODQWQRRAPPTVAG-UHFFFAOYSA-N	C19H21NO
external	OEHAYUOVELTAPG-UHFFFAOYSA-N	CNC(C)Cc1ccccc1OC	ok	CNC(C)Cc1ccccc1OC	OEHAYUOVELTAPG-UHFFFAOYSA-N	C11H17NO
external	OEKWJQXRCDYSHL-UHFFFAOYSA-N	CCCSc1nc(NC2CC2c2ccc(F)c(F)c2)c2nnn(C3CC(OCCO)C(O)C3O)c2n1	ok	CCCSc1nc(NC2CC2c2ccc(F)c(F)c2)c2nnn(C3CC(OCCO)C(O)C3O)c2n1	OEKWJQXRCDYSHL-UHFFFAOYSA-N	C23H28F2N6O4S
external	OELFLUMRDSZNSF-UHFFFAOYSA-N	CC(C)C1CCC(C(O)=NC(Cc2ccccc2)C(=O)O)CC1	ok	CC(C)C1CCC(C(=O)NC(Cc2ccccc2)C(=O)O)CC1	OELFLUMRDSZNSF-UHFFFAOYSA-N	C19H27NO3
external	OELWBYBVFOLSTA-UHFFFAOYSA-N	CCCCCN(CCCCC)N=O	ok	CCCCCN(CCCCC)N=O	OELWBYBVFOLSTA-UHFFFAOYSA-N	C10H22N2O
external	OFCNXPDARWKPPY-UHFFFAOYSA-N	Oc1ncnc2n[nH]cc12	ok	O=c1[nH]cnc2[nH]ncc12	OFCNXPDARWKPPY-UHFFFAOYSA-N	C5H4N4O
external	OFHCOWSQAMBJIW-UHFFFAOYSA-N	C=C1C(=CC=C2CCCC3(C)C2CCC3C(C)CCCC(C)C)CC(O)CC1O	ok	C=C1C(=CC=C2CCCC3(C)C2CCC3C(C)CCCC(C)C)CC(O)CC1O	OFHCOWSQAMBJIW-UHFFFAOYSA-N	C27H44O2
external	OFHHDSQXFXLTKC-UHFFFAOYSA-N	C=CCCCCCCCCC=O	ok	C=CCCCCCCCCC=O	OFHHDSQXFXLTKC-UHFFFAOYSA-N	C11H20O
external	OFKVGIOPPPBWSB-UHFFFAOYSA-N	CC(C)CCCCCCC(C)(C)C	ok	CC(C)CCCCCCC(C)(C)C	OFKVGIOPPPBWSB-UHFFFAOYSA-N	C13H28
external	OFOBLEOULBTSOW-UHFFFAOYSA-N	O=C(O)CC(=O)O	ok	O=C(O)CC(=O)O	OFOBLEOULBTSOW-UHFFFAOYSA-N	C3H4O4
external	OFPXSFXSNFPTHF-UHFFFAOYSA-N	O=C(O)CCc1nc(-c2ccccc2)c(-c2ccccc2)o1	ok	O=C(O)CCc1nc(-c2ccccc2)c(-c2ccccc2)o1	OFPXSFXSNFPTHF-UHFFFAOYSA-N	C18H15NO3
external	OFQRUTMGVBMTFQ-UHFFFAOYSA-N	CCOC(=O)CCC(C)C	ok	CCOC(=O)CCC(C)C	OFQRUTMGVBMTFQ-UHFFFAOYSA-N	C8H16O2
external	OFRYBPCSEMMZHR-UHFFFAOYSA-N	COCC(O)c1ccc(OCC(O)CNC(C)C)cc1	ok	COCC(O)c1ccc(OCC(O)CNC(C)C)cc1	OFRYBPCSEMMZHR-UHFFFAOYSA-N	C15H25NO4
external	OFYJBLBCZNRWLC-UHFFFAOYSA-N	COc1ccc(NS(=O)(=O)C(F)(F)F)cc1CC1COc2ccc(OCc3nc4cc(F)c(F)cc4s3)cc2C1O	ok	COc1ccc(NS(=O)(=O)C(F)(F)F)cc1CC1COc2ccc(OCc3nc4cc(F)c(F)cc4s3)cc2C1O	OFYJBLBCZNRWLC-UHFFFAOYSA-N	C26H21F5N2O6S2
external	OFYVIGTWSQPCLF-UHFFFAOYSA-N	Cc1ccc(C23CNCC2C3)cc1	ok	Cc1ccc(C23CNCC2C3)cc1	OFYVIGTWSQPCLF-UHFFFAOYSA-N	C12H15N
external	OFZCIYFFPZCNJE-UHFFFAOYSA-N	CCCC(C)(COC(=N)O)COC(O)=NC(C)C	ok	CCCC(C)(COC(N)=O)COC(=O)NC(C)C	OFZCIYFFPZCNJE-UHFFFAOYSA-N	C12H24N2O4
external	OFZJKCQENFPZBH-UHFFFAOYSA-N	O=C(O)C1CCN(c2ncc(C(O)=Nc3nc(-c4cc(Cl)cs4)c(N4CCN(C5CCCCC5)CC4)s3)cc2Cl)CC1	ok	O=C(Nc1nc(-c2cc(Cl)cs2)c(N2CCN(C3CCCCC3)CC2)s1)c1cnc(N2CCC(C(=O)O)CC2)c(Cl)c1	OFZJKCQENFPZBH-UHFFFAOYSA-N	C29H34Cl2N6O3S2
external	OGDKSKNHHSXJNA-UHFFFAOYSA-N	CC1=CC(=O)CC(C)C12CCC(=O)C2	ok	CC1=CC(=O)CC(C)C12CCC(=O)C2	OGDKSKNHHSXJNA-UHFFFAOYSA-N	C12H16O2
external	OGDVEMNWJVYAJL-UHFFFAOYSA-N	CCOc1ccc2c3c1OC1C(O)C=CC4C(C2)N(C)CCC341	ok	CCOc1ccc2c3c1OC1C(O)C=CC4C(C2)N(C)CCC341	OGDVEMNWJVYAJL-UHFFFAOYSA-N	C19H23NO3
external	OGHNVEJMJSYVRP-UHFFFAOYSA-N	COc1ccccc1OCCNCC(O)COc1cccc2[nH]c3ccccc3c12	ok	COc1ccccc1OCCNCC(O)COc1cccc2[nH]c3ccccc3c12	OGHNVEJMJSYVRP-UHFFFAOYSA-N	C24H26N2O4
external	OGJPXUAPXNRGGI-UHFFFAOYSA-N	CCn1cc(C(=O)O)c(=O)c2cc(F)c(N3CCNCC3)cc21	ok	CCn1cc(C(=O)O)c(=O)c2cc(F)c(N3CCNCC3)cc21	OGJPXUAPXNRGGI-UHFFFAOYSA-N	C16H18FN3O3
external	OGJYXQFXLSCKTP-UHFFFAOYSA-N	CC(C)=CCCC(C)=CCOC(=O)C(C)C	ok	CC(C)=CCCC(C)=CCOC(=O)C(C)C	OGJYXQFXLSCKTP-UHFFFAOYSA-N	C14H24O2
external	OGKRHYLZKFTGGO-UHFFFAOYSA-N	CC1(C)CCC2(C(=O)O)CCC3(C)C(=CCC4C5(C)CCC(OC6OC(CO)C(O)C(OC7OC(CO)C(O)C(O)C7O)C6OC6OC(CO)C(O)C(O)C6O)C(C)(C)C5CCC43C)C2C1	ok	CC1(C)CCC2(C(=O)O)CCC3(C)C(=CCC4C5(C)CCC(OC6OC(CO)C(O)C(OC7OC(CO)C(O)C(O)C7O)C6OC6OC(CO)C(O)C(O)C6O)C(C)(C)C5CCC43C)C2C1	OGKRHYLZKFTGGO-UHFFFAOYSA-N	C48H78O18
external	OGLDWXZKYODSOB-UHFFFAOYSA-N	CC1=CCC(C(C)C)C=C1	ok	CC1=CCC(C(C)C)C=C1	OGLDWXZKYODSOB-UHFFFAOYSA-N	C10H16
external	OGPWIDANBSLJPC-UHFFFAOYSA-N	CC1CC2C3CC(F)C4=CC(=O)C=CC4(C)C3(F)C(O)CC2(C)C1C(=O)CO	ok	CC1CC2C3CC(F)C4=CC(=O)C=CC4(C)C3(F)C(O)CC2(C)C1C(=O)CO	OGPWIDANBSLJPC-UHFFFAOYSA-N	C22H28F2O4
external	OGRXKBUCZFFSTL-UHFFFAOYSA-N	CN(CCCC(O)c1cccnc1)N=O	ok	CN(CCCC(O)c1cccnc1)N=O	OGRXKBUCZFFSTL-UHFFFAOYSA-N	C10H15N3O2
external	OGWKCGZFUXNPDA-UHFFFAOYSA-N	CCC1(O)CC2CN(CCc3c([nH]c4ccccc34)C(C(=O)OC)(c3cc4c(cc3OC)N(C=O)C3C(O)(C(=O)OC)C(OC(C)=O)C5(CC)C=CCN6CCC43C65)C2)C1	ok	CCC1(O)CC2CN(CCc3c([nH]c4ccccc34)C(C(=O)OC)(c3cc4c(cc3OC)N(C=O)C3C(O)(C(=O)OC)C(OC(C)=O)C5(CC)C=CCN6CCC43C65)C2)C1	OGWKCGZFUXNPDA-UHFFFAOYSA-N	C46H56N4O10
external	OGYBKWUOLWCQDS-UHFFFAOYSA-N	CCCCCCCCCCCCCCCC(=O)OCc1cc(OC)c(CC=C(C)CC(=O)C=C(C)C)c(O)c1C=O	ok	CCCCCCCCCCCCCCCC(=O)OCc1cc(OC)c(CC=C(C)CC(=O)C=C(C)C)c(O)c1C=O	OGYBKWUOLWCQDS-UHFFFAOYSA-N	C35H54O6
external	OHBHGGYGWZIWCX-UHFFFAOYSA-N	C=C1CCC2C(OC(=O)C2(O)CO)C2C1CC(O)C2C	ok	C=C1CCC2C(OC(=O)C2(O)CO)C2C1CC(O)C2C	OHBHGGYGWZIWCX-UHFFFAOYSA-N	C15H22O5
external	OHMHBGPWCHTMQE-UHFFFAOYSA-N	FC(F)(F)C(Cl)Cl	ok	FC(F)(F)C(Cl)Cl	OHMHBGPWCHTMQE-UHFFFAOYSA-N	C2HCl2F3
external	OHRURASPPZQGQM-UHFFFAOYSA-N	CC=C1N=C(O)C2CSSCCC=CC(CC(O)=NC(C(C)C)C(O)=N2)OC(=O)C(C(C)C)N=C1O	tautomer_MaxTransformsReached			C24H36N4O6S2
external	OHZYISZWOVEBCJ-UHFFFAOYSA-N	CC(C)C(C)C=CC(C)C1CCC2C3=CC(O)C4(O)CC(OC5OC(CO)C(O)C(O)C5O)CCC4(C)C3CCC21C	ok	CC(C)C(C)C=CC(C)C1CCC2C3=CC(O)C4(O)CC(OC5OC(CO)C(O)C(O)C5O)CCC4(C)C3CCC21C	OHZYISZWOVEBCJ-UHFFFAOYSA-N	C34H56O8
external	OIALIKXMLIAOSN-UHFFFAOYSA-N	CCCc1ccccn1	ok	CCCc1ccccn1	OIALIKXMLIAOSN-UHFFFAOYSA-N	C8H11N
external	OIGNJSKKLXVSLS-UHFFFAOYSA-N	CC12C=CC(=O)C=C1CCC1C2C(O)CC2(C)C1CCC2(O)C(=O)CO	ok	CC12C=CC(=O)C=C1CCC1C2C(O)CC2(C)C1CCC2(O)C(=O)CO	OIGNJSKKLXVSLS-UHFFFAOYSA-N	C21H28O5
external	OILAIQUEIWYQPH-UHFFFAOYSA-N	O=C1CCCCC1=O	ok	O=C1CCCCC1=O	OILAIQUEIWYQPH-UHFFFAOYSA-N	C6H8O2
external	OIPILFWXSMYKGL-UHFFFAOYSA-N	CC(=O)OCC[N+](C)(C)C	ok	CC(=O)OCC[N+](C)(C)C	OIPILFWXSMYKGL-UHFFFAOYSA-N	C7H16NO2+
external	OIRFZVJHADZVMD-UHFFFAOYSA-N	C=C(CCC=C(C)C)C1CCC=C(CCC=C(C)C)C1	ok	C=C(CCC=C(C)C)C1CCC=C(CCC=C(C)C)C1	OIRFZVJHADZVMD-UHFFFAOYSA-N	C20H32
external	OJFSXZCBGQGRNV-UHFFFAOYSA-N	CN(C)CCOC(c1ccc(Cl)cc1)c1ccccn1	ok	CN(C)CCOC(c1ccc(Cl)cc1)c1ccccn1	OJFSXZCBGQGRNV-UHFFFAOYSA-N	C16H19ClN2O
external	OJLOPKGSLYJEMD-UHFFFAOYSA-N	CCCCC(C)(O)CC=CC1C(O)CC(=O)C1CCCCCCC(=O)OC	ok	CCCCC(C)(O)CC=CC1C(O)CC(=O)C1CCCCCCC(=O)OC	OJLOPKGSLYJEMD-UHFFFAOYSA-N	C22H38O5
external	OJSUFFNCXVQQPG-UHFFFAOYSA-N	C=CCCn1c(=O)c2c(ncn2C)n(C)c1=O	ok	C=CCCn1c(=O)c2c(ncn2C)n(C)c1=O	OJSUFFNCXVQQPG-UHFFFAOYSA-N	C11H14N4O2
external	OKFNRRKYNNLVHN-UHFFFAOYSA-N	CCCCCCCCCCCCCC=CC(O)C(COC1OC(CO)C(OC2OC(CO)C(OC3OC(CO)C(O)C(O)C3CC(C)=O)C(OC3(C(=O)O)CC(O)C(N=C(C)O)C(C(O)C(CO)OC4(C(=O)O)CC(O)C(N=C(C)O)C(C(O)C(CO)OC5(C(=O)O)CC(O)C(N=C(C)O)C(C(O)C(O)CO)O5)O4)O3)C2O)C(O)C1O)N=C(O)CCCCCCCCCCCCCCCCCCCCCC	ok	CCCCCCCCCCCCCC=CC(O)C(COC1OC(CO)C(OC2OC(CO)C(OC3OC(CO)C(O)C(O)C3CC(C)=O)C(OC3(C(=O)O)CC(O)C(NC(C)=O)C(C(O)C(CO)OC4(C(=O)O)CC(O)C(NC(C)=O)C(C(O)C(CO)OC5(C(=O)O)CC(O)C(NC(C)=O)C(C(O)C(O)CO)O5)O4)O3)C2O)C(O)C1O)NC(=O)CCCCCCCCCCCCCCCCCCCCCC	OKFNRRKYNNLVHN-UHFFFAOYSA-N	C95H166N4O42
external	OKGPFTLYBPQBIX-UHFFFAOYSA-N	COc1ccnc2[nH]cc(C(=O)C(=O)N3CCN(C(=O)c4ccccc4)CC3C)c12	ok	COc1ccnc2[nH]cc(C(=O)C(=O)N3CCN(C(=O)c4ccccc4)CC3C)c12	OKGPFTLYBPQBIX-UHFFFAOYSA-N	C22H22N4O4
external	OKHAOBQKCCIRLO-UHFFFAOYSA-N	C=C1CC2C3C=C(C)C4=CC(=O)CCC4(C)C3CCC2(C)C1(O)C(C)=O	ok	C=C1CC2C3=CC(C)=C4CC(=O)CCC4(C)C3CCC2(C)C1(O)C(C)=O	OLEFHBCUBWBMDR-UHFFFAOYSA-N	C23H30O3
external	OKJCFMUGMSVJBG-UHFFFAOYSA-N	CC12C=CC(=O)CC1CCC1C2CCC2(C)C(O)CCC12	ok	CC12C=CC(=O)CC1CCC1C2CCC2(C)C(O)CCC12	OKJCFMUGMSVJBG-UHFFFAOYSA-N	C19H28O2
external	OKJIRPAQVSHGFK-UHFFFAOYSA-N	CC(O)=NCC(=O)O	ok	CC(=O)NCC(=O)O	OKJIRPAQVSHGFK-UHFFFAOYSA-N	C4H7NO3
external	OKKJLVBELUTLKV-UHFFFAOYSA-N	CO	ok	CO	OKKJLVBELUTLKV-UHFFFAOYSA-N	CH4O
external	OKNSFVSKHQJVRN-UHFFFAOYSA-N	CC12CC(OC3OC(C(=O)O)C(O)C(O)C3O)CCC1CCC1C2C(=O)CC2(C)C1CCC2(O)C(O)CO	ok	CC12CC(OC3OC(C(=O)O)C(O)C(O)C3O)CCC1CCC1C2C(=O)CC2(C)C1CCC2(O)C(O)CO	OKNSFVSKHQJVRN-UHFFFAOYSA-N	C27H42O11
external	OKSQSPFWLWFCFR-UHFFFAOYSA-N	CN=C(S)Oc1cc(C)c(SC)c(C)c1	ok	CNC(=S)Oc1cc(C)c(SC)c(C)c1	OKSQSPFWLWFCFR-UHFFFAOYSA-N	C11H15NOS2
external	OLAHOMJCDNXHFI-UHFFFAOYSA-N	COc1cc(OC)cc(N(CCNC(C)C)c2ccc3ncc(-c4cnn(C)c4)nc3c2)c1	ok	COc1cc(OC)cc(N(CCNC(C)C)c2ccc3ncc(-c4cnn(C)c4)nc3c2)c1	OLAHOMJCDNXHFI-UHFFFAOYSA-N	C25H30N6O2
external	OLBCVFGFOZPWHH-UHFFFAOYSA-N	CC(C)c1cccc(C(C)C)c1O	ok	CC(C)c1cccc(C(C)C)c1O	OLBCVFGFOZPWHH-UHFFFAOYSA-N	C12H18O
external	OLHOIERZAZMHGK-UHFFFAOYSA-N	CCOc1ccc2c(C(F)(F)F)cc(=O)oc2c1	ok	CCOc1ccc2c(C(F)(F)F)cc(=O)oc2c1	OLHOIERZAZMHGK-UHFFFAOYSA-N	C12H9F3O3
external	OLNTVTPDXPETLC-UHFFFAOYSA-N	O=C1C(CCC(O)c2ccc(F)cc2)C(c2ccc(O)cc2)N1c1ccc(F)cc1	ok	O=C1C(CCC(O)c2ccc(F)cc2)C(c2ccc(O)cc2)N1c1ccc(F)cc1	OLNTVTPDXPETLC-UHFFFAOYSA-N	C24H21F2NO3
external	OLPSAOWBSPXZEA-UHFFFAOYSA-N	CC12CCC3C(C(O)C=C4CC(O)CCC43C)C1CCC2=O	ok	CC12CCC3C(C(O)C=C4CC(O)CCC43C)C1CCC2=O	OLPSAOWBSPXZEA-UHFFFAOYSA-N	C19H28O3
external	OMFXVFTZEKFJBZ-UHFFFAOYSA-N	CC12CCC(=O)C=C1CCC1C2C(O)CC2(C)C(C(=O)CO)CCC12	ok	CC12CCC(=O)C=C1CCC1C2C(O)CC2(C)C(C(=O)CO)CCC12	OMFXVFTZEKFJBZ-UHFFFAOYSA-N	C21H30O4
external	OMNGEVNATYFZGG-UHFFFAOYSA-N	COC1=CC(=O)OC(C=CC2=CCCC=C2)C1	ok	COC1=CC(=O)OC(C=CC2=CCCC=C2)C1	OMNGEVNATYFZGG-UHFFFAOYSA-N	C14H16O3
external	OMRIQCUHVVBJKI-UHFFFAOYSA-N	CC12CCC(=O)C=C1CCC1C2C2CC3(C(OC4OC(C(=O)O)C(O)C(O)C4O)O2)C(C(=O)CO)CCC13	ok	CC12CCC(=O)C=C1CCC1C2C2CC3(C(OC4OC(C(=O)O)C(O)C(O)C4O)O2)C(C(=O)CO)CCC13	OMRIQCUHVVBJKI-UHFFFAOYSA-N	C27H36O11
external	ONBWJWYUHXVEJS-UHFFFAOYSA-N	Oc1ccc2c3c1OC1C(O)C=CC4C(C2)NCCC341	ok	Oc1ccc2c3c1OC1C(O)C=CC4C(C2)NCCC341	ONBWJWYUHXVEJS-UHFFFAOYSA-N	C16H17NO3
external	ONIBWKKTOPOVIA-UHFFFAOYSA-N	O=C(O)C1CCCN1	ok	O=C(O)C1CCCN1	ONIBWKKTOPOVIA-UHFFFAOYSA-N	C5H9NO2
external	ONIQOQHATWINJY-UHFFFAOYSA-N	COc1cc2nccc(Oc3ccc(NC(=O)C4(C(=O)Nc5ccc(F)cc5)CC4)cc3)c2cc1OC	ok	COc1cc2nccc(Oc3ccc(NC(=O)C4(C(=O)Nc5ccc(F)cc5)CC4)cc3)c2cc1OC	ONIQOQHATWINJY-UHFFFAOYSA-N	C28H24FN3O5
external	ONKUMRGIYFNPJW-UHFFFAOYSA-N	C#CC1(OC(C)=O)CCC2C3CCC4=CC(OC(C)=O)CCC4C3CCC21C	ok	C#CC1(OC(C)=O)CCC2C3CCC4=CC(OC(C)=O)CCC4C3CCC21C	ONKUMRGIYFNPJW-UHFFFAOYSA-N	C24H32O4
external	ONPXCLZMBSJLSP-UHFFFAOYSA-N	O=C(O)C1CC(O)CN1C(=O)C1CCCN1	ok	O=C(O)C1CC(O)CN1C(=O)C1CCCN1	ONPXCLZMBSJLSP-UHFFFAOYSA-N	C10H16N2O4
external	ONVABDHFQKWOSV-UHFFFAOYSA-N	C=C1CC23CCC4C(C)(C)CCCC4(C)C2CCC1C3	ok	C=C1CC23CCC4C(C)(C)CCCC4(C)C2CCC1C3	ONVABDHFQKWOSV-UHFFFAOYSA-N	C20H32
external	ONWMQORSVZYVNH-UHFFFAOYSA-N	N=C(O)CC(N=C(O)C(N)Cc1ccc(O)cc1)C(=O)O	ok	NC(=O)CC(NC(=O)C(N)Cc1ccc(O)cc1)C(=O)O	ONWMQORSVZYVNH-UHFFFAOYSA-N	C13H17N3O5
external	ONYOTXAYIZRIPJ-UHFFFAOYSA-N	C#CCCCCCCCCCCCc1ccco1	ok	C#CCCCCCCCCCCCc1ccco1	ONYOTXAYIZRIPJ-UHFFFAOYSA-N	C17H26O
external	OOGJQPCLVADCPB-HXUWFJFHSA-N	Cc1ccc(O)c([C@H](CCN(C(C)C)C(C)C)c2ccccc2)c1	ok	Cc1ccc(O)c(C(CCN(C(C)C)C(C)C)c2ccccc2)c1	OOGJQPCLVADCPB-UHFFFAOYSA-N	C22H31NO
external	OOGJQPCLVADCPB-UHFFFAOYSA-N	Cc1ccc(O)c(C(CCN(C(C)C)C(C)C)c2ccccc2)c1	ok	Cc1ccc(O)c(C(CCN(C(C)C)C(C)C)c2ccccc2)c1	OOGJQPCLVADCPB-UHFFFAOYSA-N	C22H31NO
external	OOVOMPCQLMFEDT-UHFFFAOYSA-N	OC1=Nc2c(O)cc(Cl)cc2C(C#CC2CC2)(C(F)(F)F)O1	ok	O=C1Nc2c(O)cc(Cl)cc2C(C#CC2CC2)(C(F)(F)F)O1	OOVOMPCQLMFEDT-UHFFFAOYSA-N	C14H9ClF3NO3
external	OPRNAVOPKSUPRE-UHFFFAOYSA-N	COc1cc(CC(O)(C(=O)O)C(=O)C(O)O)ccc1O	ok	COc1cc(CC(O)(C(=O)O)C(O)C(=O)O)ccc1O	DDSGTDZCSPMYIM-UHFFFAOYSA-N	C12H14O8
external	OPXLLQIJSORQAM-UHFFFAOYSA-N	COC(O)=Nc1nc2ccc(C(=O)c3ccccc3)cc2[nH]1	ok	COC(=O)Nc1nc2cc(C(=O)c3ccccc3)ccc2[nH]1	OPXLLQIJSORQAM-UHFFFAOYSA-N	C16H13N3O3
external	OQIQSTLJSLGHID-UHFFFAOYSA-N	COc1cc2c(c3oc(=O)c4c(c13)CCC4=O)C1C=COC1O2	ok	COc1cc2c(c3oc(=O)c4c(c13)CCC4=O)C1C=COC1O2	OQIQSTLJSLGHID-UHFFFAOYSA-N	C17H12O6
external	OQPLORUDZLXXPD-UHFFFAOYSA-N	CCC1(c2ccc(O)cc2)N=C(O)N(C)C1=O	ok	CCC1(c2ccc(O)cc2)NC(=O)N(C)C1=O	OQPLORUDZLXXPD-UHFFFAOYSA-N	C12H14N2O3
external	OQQYJPVCDFFEIV-UHFFFAOYSA-N	Cc1cc(C)c(N=Nc2c(O)c(S(=O)(=O)O)cc3cc(S(=O)(=O)O)ccc23)cc1C	ok	Cc1cc(C)c(N=Nc2c(O)c(S(=O)(=O)O)cc3cc(S(=O)(=O)O)ccc23)cc1C	OQQYJPVCDFFEIV-UHFFFAOYSA-N	C19H18N2O7S2
external	ORDAZKGHSNRHTD-UHFFFAOYSA-N	COc1cc2c(cc1OC)C1C(=O)c3ccc4c(c3OC1CO2)C=CC(C)(C)O4	ok	COc1cc2c(cc1OC)C1C(=O)c3ccc4c(c3OC1CO2)C=CC(C)(C)O4	ORDAZKGHSNRHTD-UHFFFAOYSA-N	C23H22O6
external	ORHBXUUXSCNDEV-UHFFFAOYSA-N	O=c1ccc2ccc(O)cc2o1	ok	O=c1ccc2ccc(O)cc2o1	ORHBXUUXSCNDEV-UHFFFAOYSA-N	C9H6O3
external	ORNBQBCIOKFOEO-UHFFFAOYSA-N	CC(=O)C1CCC2C3CC=C4CC(O)CCC4(C)C3CCC12C	ok	CC(=O)C1CCC2C3CC=C4CC(O)CCC4(C)C3CCC12C	ORNBQBCIOKFOEO-UHFFFAOYSA-N	C21H32O2
external	OROAFUQRIXKEMV-UHFFFAOYSA-N	CCCCc1ncc(C=C(Cc2cccs2)C(=O)O)n1Cc1ccc(C(=O)O)cc1	ok	CCCC=c1ncc(=CC(Cc2cccs2)C(=O)O)n1Cc1ccc(C(=O)O)cc1	OLWGWPVIWQZCDJ-UHFFFAOYSA-N	C23H24N2O4S
external	OROGSEYTTFOCAN-UHFFFAOYSA-N	COc1ccc2c3c1OC1C(O)C=CC4C(C2)N(C)CCC341	ok	COc1ccc2c3c1OC1C(O)C=CC4C(C2)N(C)CCC341	OROGSEYTTFOCAN-UHFFFAOYSA-N	C18H21NO3
external	ORYDPOVDJJZGHQ-UHFFFAOYSA-N	Nc1n[n+]([O-])c2ccccc2[n+]1[O-]	ok	Nc1n[n+]([O-])c2ccccc2[n+]1[O-]	ORYDPOVDJJZGHQ-UHFFFAOYSA-N	C7H6N4O2
external	ORZMUVMQJPGFOM-UHFFFAOYSA-N	COc1ccc(CC2OC(=O)N=C2O)cc1C(O)=NCc1ccc(C(F)(F)F)cc1	ok	COc1ccc(Cc2oc(=O)[nH]c2O)cc1C(=O)NCc1ccc(C(F)(F)F)cc1	WLXVJZCHDKZQDB-UHFFFAOYSA-N	C20H17F3N2O5
external	OSDLLIBGSJNGJE-UHFFFAOYSA-N	Cc1cc(O)cc(C)c1Cl	ok	Cc1cc(O)cc(C)c1Cl	OSDLLIBGSJNGJE-UHFFFAOYSA-N	C8H9ClO
external	OSJHMIVGKCXWHH-UHFFFAOYSA-N	CCCCCCCCCCC(O)C1CCC(C(O)CCCCCC(O)CCCCCCC2CC(CC(C)=O)C(=O)O2)O1	ok	CCCCCCCCCCC(O)C1CCC(C(O)CCCCCC(O)CCCCCCC2CC(CC(C)=O)C(=O)O2)O1	OSJHMIVGKCXWHH-UHFFFAOYSA-N	C35H64O7
external	OSNRGQATWCHICL-UHFFFAOYSA-N	CC1(C)C(CC=O)CC2OC21C	ok	CC1(C)C(CC=O)CC2OC21C	OSNRGQATWCHICL-UHFFFAOYSA-N	C10H16O2
external	OSUCQKNXQBPLDG-UHFFFAOYSA-N	COC(=O)C1=C(C)N=C(C)C(C(=O)OC)C1c1ccccc1[N+](=O)[O-]	ok	COC(=O)C1=C(C)N=C(C)C(C(=O)OC)C1c1ccccc1[N+](=O)[O-]	OSUCQKNXQBPLDG-UHFFFAOYSA-N	C17H18N2O6
external	OSXOPUBJJDUAOJ-UHFFFAOYSA-N	CCC1OC1CC=CCC=CCC=CCC=CCC=CCCC(=O)O	ok	CCC1OC1CC=CCC=CCC=CCC=CCC=CCCC(=O)O	OSXOPUBJJDUAOJ-UHFFFAOYSA-N	C22H32O3
external	OTBXOEAOVRKTNQ-UHFFFAOYSA-N	OC1=NC2=Nc3ccc(Cl)c(Cl)c3CN2C1	ok	Oc1cn2c(n1)Nc1ccc(Cl)c(Cl)c1C2	CUCMIJQKFCWAPD-UHFFFAOYSA-N	C10H7Cl2N3O
external	OTGJPAOGHQFBMI-UHFFFAOYSA-N	CN1C(C(O)=Nc2ccccn2)C(=O)c2sccc2S1(=O)=O	ok	CN1C(C(=O)Nc2ccccn2)C(=O)c2sccc2S1(=O)=O	OTGJPAOGHQFBMI-UHFFFAOYSA-N	C13H11N3O4S2
external	OTGQIQQTPXJQRG-UHFFFAOYSA-N	CCCCCCCCCCCCCCCCCC(O)=NCCO	ok	CCCCCCCCCCCCCCCCCC(=O)NCCO	OTGQIQQTPXJQRG-UHFFFAOYSA-N	C20H41NO2
external	OTMOUPHCTWPNSL-UHFFFAOYSA-N	CCOP(=O)(OCC)Oc1nc(Cl)c(Cl)cc1Cl	ok	CCOP(=O)(OCC)Oc1nc(Cl)c(Cl)cc1Cl	OTMOUPHCTWPNSL-UHFFFAOYSA-N	C9H11Cl3NO4P
external	OTSBKHHWSQYEHK-UHFFFAOYSA-N	Cn1c(=O)c2nc(O)[nH]c2n(C)c1=O	ok	Cn1c(=O)c2[nH]c(=O)[nH]c2n(C)c1=O	OTSBKHHWSQYEHK-UHFFFAOYSA-N	C7H8N4O3
external	OTXBNHIUIHNGAO-UHFFFAOYSA-N	CC(C)CC(N)C(O)=NC(CCCCN)C(=O)O	ok	CC(C)CC(N)C(=O)NC(CCCCN)C(=O)O	OTXBNHIUIHNGAO-UHFFFAOYSA-N	C12H25N3O3
external	OTXNTMVVOOBZCV-UHFFFAOYSA-N	CC(C)=CCCC(C)=CCCC(C)=CCCC1(C)CCc2cc(O)c(C)c(C)c2O1	ok	CC(C)=CCCC(C)=CCCC(C)=CCCC1(C)CCc2cc(O)c(C)c(C)c2O1	OTXNTMVVOOBZCV-UHFFFAOYSA-N	C28H42O2
external	OUDSBRTVNLOZBN-UHFFFAOYSA-N	Cc1ccc(S(=O)(=O)NC(O)=NN2CCCCCC2)cc1	ok	Cc1ccc(S(=O)(=O)NC(=O)NN2CCCCCC2)cc1	OUDSBRTVNLOZBN-UHFFFAOYSA-N	C14H21N3O3S
external	OUGIDAPQYNCXRA-UHFFFAOYSA-N	O=c1cc(-c2ccccc2)oc2ccc3ccccc3c12	ok	O=c1cc(-c2ccccc2)oc2ccc3ccccc3c12	OUGIDAPQYNCXRA-UHFFFAOYSA-N	C19H12O2
external	OUJTZYPIHDYQMC-UHFFFAOYSA-N	COC(c1ccccc1)(c1ccccc1)C(Oc1nc(C)cc(C)n1)C(=O)O	ok	COC(c1ccccc1)(c1ccccc1)C(Oc1nc(C)cc(C)n1)C(=O)O	OUJTZYPIHDYQMC-UHFFFAOYSA-N	C22H22N2O4
external	OUUOFMUQJUUKQQ-UHFFFAOYSA-N	CC1(O)CCC(C(C)(O)COC2OC(CO)C(O)C(O)C2O)CC1O	ok	CC1(O)CCC(C(C)(O)COC2OC(CO)C(O)C(O)C2O)CC1O	OUUOFMUQJUUKQQ-UHFFFAOYSA-N	C16H30O9
external	OUYCCCASQSFEME-UHFFFAOYSA-N	NC(Cc1ccc(O)cc1)C(=O)O	ok	NC(Cc1ccc(O)cc1)C(=O)O	OUYCCCASQSFEME-UHFFFAOYSA-N	C9H11NO3
external	OVAHZPTYWMWNKO-UHFFFAOYSA-N	CCCCCCC(=O)Oc1ccc2c(c1)CCC1C2CCC2(C)C(OC(=O)CCCCCC)CCC12	ok	CCCCCCC(=O)Oc1ccc2c(c1)CCC1C2CCC2(C)C(OC(=O)CCCCCC)CCC12	OVAHZPTYWMWNKO-UHFFFAOYSA-N	C32H48O4
external	OVBPIULPVIDEAO-UHFFFAOYSA-N	N=c1nc(O)c2nc(CNc3ccc(C(=O)NC(CCC(=O)O)C(=O)O)cc3)cnc2[nH]1	tautomer_MaxTransformsReached			C19H19N7O6
external	OVCDSSHSILBFBN-UHFFFAOYSA-N	CCN(CC)Cc1cc(Nc2ccnc3cc(Cl)ccc23)ccc1O	ok	CCN(CC)Cc1cc(Nc2ccnc3cc(Cl)ccc23)ccc1O	OVCDSSHSILBFBN-UHFFFAOYSA-N	C20H22ClN3O
external	OWIWZQQFSTZZIG-UHFFFAOYSA-N	CCOC(=O)CCc1ccco1	ok	CCOC(=O)CCc1ccco1	OWIWZQQFSTZZIG-UHFFFAOYSA-N	C9H12O3
external	OWMJDOUOHDOUFG-UHFFFAOYSA-N	O=C(C=CC=Cc1ccccc1)CCc1ccccc1	ok	O=C(C=CC=Cc1ccccc1)CCc1ccccc1	OWMJDOUOHDOUFG-UHFFFAOYSA-N	C19H18O
external	OWVXRCQFFFWXGZ-UHFFFAOYSA-N	CC(=O)OC1C(C)OC(OC(=O)C23CCC(C)(C)CC2C2=CCC4C5(C)CCC(OC6OC(C(=O)O)C(O)C(OC7OCC(O)C(O)C7O)C6OC6OC(CO)C(O)C(O)C6O)C(C)(C=O)C5CCC4(C)C2(C)CC3O)C(OC2OC(C)C(OC3OCC(O)C(O)C3O)C(O)C2O)C1OC1OC(CO)C(O)C(O)C1O	ok	CC(=O)OC1C(C)OC(OC(=O)C23CCC(C)(C)CC2C2=CCC4C5(C)CCC(OC6OC(C(=O)O)C(O)C(OC7OCC(O)C(O)C7O)C6OC6OC(CO)C(O)C(O)C6O)C(C)(C=O)C5CCC4(C)C2(C)CC3O)C(OC2OC(C)C(OC3OCC(O)C(O)C3O)C(O)C2O)C1OC1OC(CO)C(O)C(O)C1O	OWVXRCQFFFWXGZ-UHFFFAOYSA-N	C72H112O38
external	OWYLAEYXIQKAOL-UHFFFAOYSA-N	COc1cc(OC)c(C(=O)CCCN2CCCC2)c(OC)c1	ok	COc1cc(OC)c(C(=O)CCCN2CCCC2)c(OC)c1	OWYLAEYXIQKAOL-UHFFFAOYSA-N	C17H25NO4
external	OWZREIFADZCYQD-UHFFFAOYSA-N	CC1(C)C(C=C(Br)Br)C1C(=O)OC(C#N)c1cccc(Oc2ccccc2)c1	ok	CC1(C)C(C=C(Br)Br)C1C(=O)OC(C#N)c1cccc(Oc2ccccc2)c1	OWZREIFADZCYQD-UHFFFAOYSA-N	C22H19Br2NO3
external	OXCOKHHSTQYOIW-UHFFFAOYSA-N	CC(C#Cc1ccc(Cc2ccc(F)cc2)s1)NC(=N)O	ok	CC(C#Cc1ccc(Cc2ccc(F)cc2)s1)NC(N)=O	OXCOKHHSTQYOIW-UHFFFAOYSA-N	C16H15FN2OS
external	OXPLANUPKBHPMS-UHFFFAOYSA-N	CC12C=CC(=O)C=C1CCC1C2C(O)CC2(C)C1CC1OC(C3CCCCC3)OC12C(=O)CO	ok	CC12C=CC(=O)C=C1CCC1C2C(O)CC2(C)C1CC1OC(C3CCCCC3)OC12C(=O)CO	OXPLANUPKBHPMS-UHFFFAOYSA-N	C28H38O6
external	OXTQEWUBDTVSFB-UHFFFAOYSA-N	CC1CC(C)(C)CC1=O	ok	CC1CC(C)(C)CC1=O	OXTQEWUBDTVSFB-UHFFFAOYSA-N	C8H14O
external	OXZSUQJHKQOGOK-UHFFFAOYSA-N	CC(=O)Oc1cc(C(C)C)ccc1C	ok	CC(=O)Oc1cc(C(C)C)ccc1C	OXZSUQJHKQOGOK-UHFFFAOYSA-N	C12H16O2
external	OYHQOLUKZRVURQ-UHFFFAOYSA-M	CCCCCC=CCC=CCCCCCCCC(=O)[O-]	ok	CCCCCC=CCC=CCCCCCCCC(=O)O	OYHQOLUKZRVURQ-UHFFFAOYSA-N	C18H32O2
external	OYHQOLUKZRVURQ-UHFFFAOYSA-N	CCCCCC=CCC=CCCCCCCCC(=O)O	ok	CCCCCC=CCC=CCCCCCCCC(=O)O	OYHQOLUKZRVURQ-UHFFFAOYSA-N	C18H32O2
external	OYPPJMLKAYYWHH-UHFFFAOYSA-N	CCC=CCC(O)C=CC1OC(O)CC(O)C1CC=CCCCC(=O)O	ok	CCC=CCC(O)C=CC1OC(O)CC(O)C1CC=CCCCC(=O)O	OYPPJMLKAYYWHH-UHFFFAOYSA-N	C20H32O6
external	OYVAGSVQBOHSSS-UHFFFAOYSA-O	Cc1c(C(O)=NC(C(O)=NC(C)C(O)C(C)C(O)=NC(C(O)=NCCc2nc(-c3nc(C(O)=NCCC[S+](C)C)cs3)cs2)C(C)O)C(OC2OC(CO)C(O)C(O)C2OC2OC(CO)C(O)C(OC(=N)O)C2O)c2cnc[nH]2)nc(C(CC(=N)O)NCC(N)C(=N)O)[nH]c1=N	tautomer_MaxTransformsReached			C55H84N17O21S3+
external	OYXFBZCOQUKLRS-UHFFFAOYSA-N	CNCCc1cn(C)c2ccc(OC)cc12	ok	CNCCc1cn(C)c2ccc(OC)cc12	OYXFBZCOQUKLRS-UHFFFAOYSA-N	C13H18N2O
external	OYYDSUSKLWTMMQ-UHFFFAOYSA-N	O=C(OC1CC2CCC(C1)[N+]21CCCC1)C(O)(c1ccccc1)c1ccccc1	ok	O=C(OC1CC2CCC(C1)[N+]21CCCC1)C(O)(c1ccccc1)c1ccccc1	OYYDSUSKLWTMMQ-UHFFFAOYSA-N	C25H30NO3+
external	OZOMQRBLCMDCEG-UHFFFAOYSA-N	O=C1N=C(O)CN1N=Cc1ccc(-c2ccc([N+](=O)[O-])cc2)o1	ok	O=c1[nH]c(O)cn1N=Cc1ccc(-c2ccc([N+](=O)[O-])cc2)o1	IMVWGCIUSSJUAA-UHFFFAOYSA-N	C14H10N4O5
external	OZVBMTJYIDMWIL-UHFFFAOYSA-N	CC(C)CC1C(=O)N2CCCC2C2(O)OC(N=C(O)C3C=C4c5cccc6[nH]c(Br)c(c56)CC4N(C)C3)(C(C)C)C(=O)N12	ok	CC(C)CC1C(=O)N2CCCC2C2(O)OC(NC(=O)C3C=C4c5cccc6[nH]c(Br)c(c56)CC4N(C)C3)(C(C)C)C(=O)N12	OZVBMTJYIDMWIL-UHFFFAOYSA-N	C32H40BrN5O5
external	OZWKMVRBQXNZKK-UHFFFAOYSA-N	O=C(c1ccccc1)c1ccc2n1CCC2C(=O)O	ok	O=C(c1ccccc1)c1ccc2n1CCC2C(=O)O	OZWKMVRBQXNZKK-UHFFFAOYSA-N	C15H13NO3
external	PAAZPARNPHGIKF-UHFFFAOYSA-N	BrCCBr	ok	BrCCBr	PAAZPARNPHGIKF-UHFFFAOYSA-N	C2H4Br2
external	PAFMHAFYJMTISR-UHFFFAOYSA-N	CCCCCCCCCCCCC(O)C1CCC(C(O)CCCCCC(=O)CCCCC2CC(CC(C)=O)C(=O)O2)O1	ok	CCCCCCCCCCCCC(O)C1CCC(C(O)CCCCCC(=O)CCCCC2CC(CC(C)=O)C(=O)O2)O1	PAFMHAFYJMTISR-UHFFFAOYSA-N	C35H62O7
external	PAJMKGZZBBTTOY-UHFFFAOYSA-N	CCCCCC(O)CCC1C(O)CC2Cc3c(cccc3OCC(=O)O)CC21	ok	CCCCCC(O)CCC1C(O)CC2Cc3c(cccc3OCC(=O)O)CC21	PAJMKGZZBBTTOY-UHFFFAOYSA-N	C23H34O5
external	PAKGYCNZUGIDHV-UHFFFAOYSA-N	CCCCC(O)=NC1(C(O)=NCc2ccc(-c3ccccc3-c3nn[nH]n3)cc2)CCCC1	ok	CCCCC(=O)NC1(C(=O)NCc2ccc(-c3ccccc3-c3nn[nH]n3)cc2)CCCC1	PAKGYCNZUGIDHV-UHFFFAOYSA-N	C25H30N6O2
external	PAPKCVKEZBFVFL-UHFFFAOYSA-N	CCCCCCCCCCCCCC=CC(O)C(COC1OC(CO)C(OC2OC(CO)C(O)C(OC3(C(=O)O)CC(O)C(N=C(C)O)C(C(O)C(CO)OC4(C(=O)O)CC(O)C(N=C(C)O)C(C(O)C(CO)OC5(C(=O)O)CC(O)C(N=C(C)O)C(C(O)C(O)CO)O5)O4)O3)C2O)C(O)C1O)N=C(O)CCCCCCCCCCCCCCC	ok	CCCCCCCCCCCCCC=CC(O)C(COC1OC(CO)C(OC2OC(CO)C(O)C(OC3(C(=O)O)CC(O)C(NC(C)=O)C(C(O)C(CO)OC4(C(=O)O)CC(O)C(NC(C)=O)C(C(O)C(CO)OC5(C(=O)O)CC(O)C(NC(C)=O)C(C(O)C(O)CO)O5)O4)O3)C2O)C(O)C1O)NC(=O)CCCCCCCCCCCCCCC	PAPKCVKEZBFVFL-UHFFFAOYSA-N	C79H138N4O37
external	PASMASQJCDKBJK-UHFFFAOYSA-N	C=CCCCCCOC(=O)C(C)CCCC(C)CCCC(C)CCC(=O)O	ok	C=CCCCCCOC(=O)C(C)CCCC(C)CCCC(C)CCC(=O)O	PASMASQJCDKBJK-UHFFFAOYSA-N	C23H42O4
external	PAYRUJLWNCNPSJ-UHFFFAOYSA-N	Nc1ccccc1	ok	Nc1ccccc1	PAYRUJLWNCNPSJ-UHFFFAOYSA-N	C6H7N
external	PAZJSJFMUHDSTF-UHFFFAOYSA-N	C=CCc1ccccc1OCC(O)CNC(C)C	ok	C=CCc1ccccc1OCC(O)CNC(C)C	PAZJSJFMUHDSTF-UHFFFAOYSA-N	C15H23NO2
external	PBAPPPCECJKMCM-UHFFFAOYSA-N	N=c1[nH]c(CC(=O)Nc2ccc(CCNCC(O)c3ccccc3)cc2)cs1	ok	Nc1nc(CC(=O)Nc2ccc(CCNCC(O)c3ccccc3)cc2)cs1	PBAPPPCECJKMCM-UHFFFAOYSA-N	C21H24N4O2S
external	PBEXDDGVPJJKBX-UHFFFAOYSA-N	O=S(=O)(Nc1ccc(CCNCC(O)c2cccnc2)cc1)c1ccc(-c2ccc(-c3ccc(C(F)(F)F)cc3)[nH]2)cc1	ok	O=S(=O)(Nc1ccc(CCNCC(O)c2cccnc2)cc1)c1ccc(-c2ccc(-c3ccc(C(F)(F)F)cc3)[nH]2)cc1	PBEXDDGVPJJKBX-UHFFFAOYSA-N	C32H29F3N4O3S
external	PBJUNZJWGZTSKL-UHFFFAOYSA-N	Cc1ccsc1C(=CCCN1CCCC(C(=O)O)C1)c1sccc1C	ok	Cc1ccsc1C(=CCCN1CCCC(C(=O)O)C1)c1sccc1C	PBJUNZJWGZTSKL-UHFFFAOYSA-N	C20H25NO2S2
external	PBKONEOXTCPAFI-UHFFFAOYSA-N	Clc1ccc(Cl)c(Cl)c1	ok	Clc1ccc(Cl)c(Cl)c1	PBKONEOXTCPAFI-UHFFFAOYSA-N	C6H3Cl3
external	PBOUVYGPDSARIS-UHFFFAOYSA-N	CSCCC(N)C(O)=NC(CC(C)C)C(=O)O	ok	CSCCC(N)C(=O)NC(CC(C)C)C(=O)O	PBOUVYGPDSARIS-UHFFFAOYSA-N	C11H22N2O3S
external	PBUNVLRHZGSROC-UHFFFAOYSA-N	CC(C)CC1C(=O)N2CCCC2C2(O)OC(N=C(O)C3CC4c5cccc6[nH]cc(c56)CC4N(C)C3)(C(C)C)C(=O)N12	ok	CC(C)CC1C(=O)N2CCCC2C2(O)OC(NC(=O)C3CC4c5cccc6[nH]cc(c56)CC4N(C)C3)(C(C)C)C(=O)N12	PBUNVLRHZGSROC-UHFFFAOYSA-N	C32H43N5O5
external	PCBGILKQGDYJAY-UHFFFAOYSA-N	O=c1cc(C(F)(F)F)c2ccc(OCc3cc(C(F)(F)F)ccc3C(F)(F)F)cc2o1	ok	O=c1cc(C(F)(F)F)c2ccc(OCc3cc(C(F)(F)F)ccc3C(F)(F)F)cc2o1	PCBGILKQGDYJAY-UHFFFAOYSA-N	C19H9F9O3
external	PCJFRMOEZQQSAX-UHFFFAOYSA-N	C#CC1(O)CCC2C3CC=C4C=C(OC5CCCC5)CCC4C3CCC21C	ok	C#CC1(O)CCC2C3CC=C4C=C(OC5CCCC5)CCC4C3CCC21C	PCJFRMOEZQQSAX-UHFFFAOYSA-N	C25H34O2
external	PCLITLDOTJTVDJ-UHFFFAOYSA-N	Cc1ncsc1CCCl	ok	Cc1ncsc1CCCl	PCLITLDOTJTVDJ-UHFFFAOYSA-N	C6H8ClNS
external	PCSKKIUURRTAEM-UHFFFAOYSA-N	O=C(O)c1ccc(CO)o1	ok	O=C(O)c1ccc(CO)o1	PCSKKIUURRTAEM-UHFFFAOYSA-N	C6H6O4
external	PCZOHLXUXFIOCF-UHFFFAOYSA-N	CCC(C)C(=O)OC1CC(C)C=C2C=CC(C)C(CCC3CC(O)CC(=O)O3)C21	ok	CCC(C)C(=O)OC1CC(C)C=C2C=CC(C)C(CCC3CC(O)CC(=O)O3)C21	PCZOHLXUXFIOCF-UHFFFAOYSA-N	C24H36O5
external	PDGPIBIURNPBSE-UHFFFAOYSA-N	CCCCC(=O)OCCc1ccccc1	ok	CCCCC(=O)OCCc1ccccc1	PDGPIBIURNPBSE-UHFFFAOYSA-N	C13H18O2
external	PDMMFKSKQVNJMI-UHFFFAOYSA-N	CCC(=O)OC1CCC2C3CCC4=CC(=O)CCC4(C)C3CCC12C	ok	CCC(=O)OC1CCC2C3CC=C4CC(=O)CCC4(C)C3CCC12C	OFMVEGGTEFSSGL-UHFFFAOYSA-N	C22H32O3
external	PDRGHUMCVRDZLQ-UHFFFAOYSA-N	CC12CCc3c(ccc4cc(O)ccc34)C1CCC2=O	ok	CC12CCc3c(ccc4cc(O)ccc34)C1CCC2=O	PDRGHUMCVRDZLQ-UHFFFAOYSA-N	C18H18O2
external	PEASPLKKXBYDKL-UHFFFAOYSA-N	CCC(C)C(N=C(O)C(CC(C)C)N=C(O)C(CO)N=C(O)C(Cc1cnc[nH]1)N=C(O)C(N=C(O)C(CC(C)C)N=C(O)C(CO)N=C(O)C(N=C(O)C(Cc1ccc(O)cc1)N=C(C)O)C(C)O)C(C)CC)C(O)=NC(CCC(=O)O)C(O)=NC(CCC(=O)O)C(O)=NC(CO)C(O)=NC(CCC(=N)O)C(O)=NC(CC(=N)O)C(O)=NC(CCC(=N)O)C(O)=NC(CCC(=N)O)C(O)=NC(CCC(=O)O)C(O)=NC(CCCCN)C(O)=NC(CC(=N)O)C(O)=NC(CCC(=O)O)C(O)=NC(CCC(=N)O)C(O)=NC(CCC(=O)O)C(O)=NC(CC(C)C)C(O)=NC(CC(C)C)C(O)=NC(CCC(=O)O)C(O)=NC(CC(C)C)C(O)=NC(CC(=O)O)C(O)=NC(CCCCN)C(O)=NC(Cc1c[nH]c2ccccc12)C(O)=NC(C)C(O)=NC(CO)C(O)=NC(CC(C)C)C(O)=NC(Cc1c[nH]c2ccccc12)C(O)=NC(CC(=N)O)C(O)=NC(Cc1c[nH]c2ccccc12)C(O)=NC(Cc1ccccc1)C(=N)O	tautomer_MaxTautomersReached			C204H301N51O64
external	PEDCQBHIVMGVHV-UHFFFAOYSA-N	OCC(O)CO	ok	OCC(O)CO	PEDCQBHIVMGVHV-UHFFFAOYSA-N	C3H8O3
external	PENDGIOBPJLVBT-UHFFFAOYSA-N	CCC1OC(=O)C(C)C(=O)C(C)C(OC2OC(C)CC(N(C)C)C2O)C(C)(OCC=Cc2cnc3ccccc3c2)CC(C)C(=O)C(C)C2N=C(O)OC12C	ok	CCC1OC(=O)C(C)C(=O)C(C)C(OC2OC(C)CC(N(C)C)C2O)C(C)(OCC=Cc2cnc3ccccc3c2)CC(C)C(=O)C(C)C2NC(=O)OC12C	PENDGIOBPJLVBT-UHFFFAOYSA-N	C42H59N3O10
external	PEPJPZZZBHWOCM-UHFFFAOYSA-N	C=C(CC)C(=O)COC	ok	C=C(CC)C(=O)COC	PEPJPZZZBHWOCM-UHFFFAOYSA-N	C7H12O2
external	PEPMWUSGRKINHX-UHFFFAOYSA-N	CC1=CC(=O)C=C2CCC3C4CCC(=O)C4(C)CCC3C12C	ok	CC1=CC(=O)C=C2CCC3C4CCC(=O)C4(C)CCC3C12C	PEPMWUSGRKINHX-UHFFFAOYSA-N	C20H26O2
external	PESKGJQREUXSRR-UHFFFAOYSA-N	CC(C)CCCC(C)C1CCC2C3CCC4CC(=O)CCC4(C)C3CCC12C	ok	CC(C)CCCC(C)C1CCC2C3CCC4CC(=O)CCC4(C)C3CCC12C	PESKGJQREUXSRR-UHFFFAOYSA-N	C27H46O
external	PFCHFHIRKBAQGU-UHFFFAOYSA-N	CCCC(=O)CC	ok	CCCC(=O)CC	PFCHFHIRKBAQGU-UHFFFAOYSA-N	C6H12O
external	PFJFPBDHCFMQPN-UHFFFAOYSA-N	CC(=Cc1csc(CN)n1)C1CC2OC2(C)CCCC(C)C(O)C(C)C(=O)C(C)(C)C(O)CC(=O)O1	ok	CC(=Cc1csc(CN)n1)C1CC2OC2(C)CCCC(C)C(O)C(C)C(=O)C(C)(C)C(O)CC(=O)O1	PFJFPBDHCFMQPN-UHFFFAOYSA-N	C27H42N2O6S
external	PFNFFQXMRSDOHW-UHFFFAOYSA-N	NCCCNCCCCNCCCN	ok	NCCCNCCCCNCCCN	PFNFFQXMRSDOHW-UHFFFAOYSA-N	C10H26N4
external	PFRGXCVKLLPLIP-UHFFFAOYSA-N	C=CCSSCC=C	ok	C=CCSSCC=C	PFRGXCVKLLPLIP-UHFFFAOYSA-N	C6H10S2
external	PFRYFZZSECNQOL-UHFFFAOYSA-N	Cc1cc(N=Nc2ccccc2C)ccc1N	ok	Cc1cc(N=Nc2ccccc2C)ccc1N	PFRYFZZSECNQOL-UHFFFAOYSA-N	C14H15N3
external	PGBFYLVIMDQYMS-UHFFFAOYSA-N	COC(=O)c1cccs1	ok	COC(=O)c1cccs1	PGBFYLVIMDQYMS-UHFFFAOYSA-N	C6H6O2S
external	PGBNIHXXFQBCPU-UHFFFAOYSA-N	C=C1C2CCC(C2)C1(C)CCC=C(C)C	ok	C=C1C2CCC(C2)C1(C)CCC=C(C)C	PGBNIHXXFQBCPU-UHFFFAOYSA-N	C15H24
external	PGBZORAISITZTF-UHFFFAOYSA-N	COc1cc2c(cc1OC)C(=O)C(CC1CCNCC1)C2	ok	COc1cc2c(cc1OC)C(=O)C(CC1CCNCC1)C2	PGBZORAISITZTF-UHFFFAOYSA-N	C17H23NO3
external	PGTVWKLGGCQMBR-UHFFFAOYSA-N	CC(=O)C1CCC2C3CCC4CC(C)(O)CCC4(C)C3CCC12C	ok	CC(=O)C1CCC2C3CCC4CC(C)(O)CCC4(C)C3CCC12C	PGTVWKLGGCQMBR-UHFFFAOYSA-N	C22H36O2
external	PGYSJEQVCATFBQ-UHFFFAOYSA-N	CC(=O)OC1C=C2C(CCC3(C)C2(O)CCC2Cc4c([nH]c5cc6c(cc45)CC4C6=CC(C)(C)OC4(C)C)C23C)OC1C(C)(C)O	ok	CC(=O)OC1C=C2C(CCC3(C)C2(O)CCC2Cc4c([nH]c5cc6c(cc45)CC4C6=CC(C)(C)OC4(C)C)C23C)OC1C(C)(C)O	PGYSJEQVCATFBQ-UHFFFAOYSA-N	C39H51NO6
external	PHHROXLDZHUIGO-UHFFFAOYSA-N	CC(=O)OC1CC2C(COC(=O)CC(C)C)=COC(OC(=O)CC(C)C)C2C12CO2	ok	CC(=O)OC1CC2C(COC(=O)CC(C)C)=COC(OC(=O)CC(C)C)C2C12CO2	PHHROXLDZHUIGO-UHFFFAOYSA-N	C22H32O8
external	PHIQHXFUZVPYII-UHFFFAOYSA-N	C[N+](C)(C)CC(O)CC(=O)[O-]	ok	C[N+](C)(C)CC(O)CC(=O)[O-]	PHIQHXFUZVPYII-UHFFFAOYSA-N	C7H15NO3
external	PHLBKPHSAVXXEF-UHFFFAOYSA-N	O=c1n(CCCN2CCN(c3cccc(Cl)c3)CC2)nc2ccccn12	ok	O=c1n(CCCN2CCN(c3cccc(Cl)c3)CC2)nc2ccccn12	PHLBKPHSAVXXEF-UHFFFAOYSA-N	C19H22ClN5O
external	PHTUQLWOUWZIMZ-UHFFFAOYSA-N	CN(C)CCC=C1c2ccccc2CSc2ccccc21	ok	CN(C)CCC=C1c2ccccc2CSc2ccccc21	PHTUQLWOUWZIMZ-UHFFFAOYSA-N	C19H21NS
external	PHVGLTMQBUFIQQ-UHFFFAOYSA-N	CNCCC=C1c2ccccc2CCc2ccccc21	ok	CNCCC=C1c2ccccc2CCc2ccccc21	PHVGLTMQBUFIQQ-UHFFFAOYSA-N	C19H21N
external	PHWBOXQYWZNQIN-UHFFFAOYSA-N	Clc1ccccc1CN1CCc2sccc2C1	ok	Clc1ccccc1CN1CCc2sccc2C1	PHWBOXQYWZNQIN-UHFFFAOYSA-N	C14H14ClNS
external	PHWXUGHIIBDVKD-UHFFFAOYSA-N	Cc1cc2c(cc1CC(=O)c1sccc1S(=O)(=O)Nc1onc(C)c1Cl)OCO2	ok	Cc1cc2c(cc1CC(=O)c1sccc1S(=O)(=O)Nc1onc(C)c1Cl)OCO2	PHWXUGHIIBDVKD-UHFFFAOYSA-N	C18H15ClN2O6S2
external	PHXJVRSECIGDHY-UHFFFAOYSA-N	Cc1ccc(C(=O)Nc2ccc(CN3CCN(C)CC3)c(C(F)(F)F)c2)cc1C#Cc1cnc2cccnn12	ok	Cc1ccc(C(=O)Nc2ccc(CN3CCN(C)CC3)c(C(F)(F)F)c2)cc1C#Cc1cnc2cccnn12	PHXJVRSECIGDHY-UHFFFAOYSA-N	C29H27F3N6O
external	PIDANAQULIKBQS-UHFFFAOYSA-N	CC1CC2C3CCC4=CC(=O)C=CC4(C)C3C(=O)CC2(C)C1(O)C(=O)CO	ok	CC1CC2C3CC=C4CC(=O)C=CC4(C)C3C(=O)CC2(C)C1(O)C(=O)CO	MFMZCKHYODAASC-UHFFFAOYSA-N	C22H28O5
external	PIILXFBHQILWPS-UHFFFAOYSA-N	[CH2]CCC.[CH2]CCC.[CH2]CCC.[Sn]	ok	[CH2]CCC	WPWHSFAFEBZWBB-UHFFFAOYSA-N	C4H9
external	PIOWWGLKYJRCSY-UHFFFAOYSA-N	CC(NCCCOc1cccc2ccccc12)C(F)(F)F	ok	CC(NCCCOc1cccc2ccccc12)C(F)(F)F	PIOWWGLKYJRCSY-UHFFFAOYSA-N	C16H18F3NO
external	PIOYBULRRJNPSG-UHFFFAOYSA-N	CC(C=O)=CCCC(C)C1CCC2(C)C3=C(CCC12C)C1(C)CCC(O)C(C)(C)C1CC3=O	ok	CC(C=O)=CCCC(C)C1CCC2(C)C3=C(CCC12C)C1(C)CCC(O)C(C)(C)C1CC3=O	PIOYBULRRJNPSG-UHFFFAOYSA-N	C30H46O3
external	PIPJWVLVHFNOQG-UHFFFAOYSA-N	CCCCCCCCCCCC(=O)OC1C(C)OC(OC2C(C)OC(OC3C(C)OC4OC5C(OC(CCCCC)CCCCCCCCCC(=O)OC4C3O)OC(C)C(O)C5O)C(OC(=O)CCCCCCCCC)C2OC2OC(C)C(O)C(O)C2O)C(O)C1O	ok	CCCCCCCCCCCC(=O)OC1C(C)OC(OC2C(C)OC(OC3C(C)OC4OC5C(OC(CCCCC)CCCCCCCCCC(=O)OC4C3O)OC(C)C(O)C5O)C(OC(=O)CCCCCCCCC)C2OC2OC(C)C(O)C(O)C2O)C(O)C1O	PIPJWVLVHFNOQG-UHFFFAOYSA-N	C68H120O24
external	PIWKPBJCKXDKJR-UHFFFAOYSA-N	FC(F)OC(Cl)C(F)(F)F	ok	FC(F)OC(Cl)C(F)(F)F	PIWKPBJCKXDKJR-UHFFFAOYSA-N	C3H2ClF5O
external	PJANXHGTPQOBST-UHFFFAOYSA-N	C(=Cc1ccccc1)c1ccccc1	ok	C(=Cc1ccccc1)c1ccccc1	PJANXHGTPQOBST-UHFFFAOYSA-N	C14H12
external	PJDFLNIOAUIZSL-UHFFFAOYSA-N	C=CC(N)CCC(=O)O	ok	C=CC(N)CCC(=O)O	PJDFLNIOAUIZSL-UHFFFAOYSA-N	C6H11NO2
external	PJEHRCCPERVGEC-UHFFFAOYSA-N	CC(C=CC=O)=CC=CC=C(C)C=CC=C(C)C=CC1=C(C)CCCC1(C)C	ok	CC(C=CC=O)=CC=CC=C(C)C=CC=C(C)C=CC1=C(C)CCCC1(C)C	PJEHRCCPERVGEC-UHFFFAOYSA-N	C27H36O
external	PJMPHNIQZUBGLI-UHFFFAOYSA-N	CCC(=O)N(c1ccccc1)C1CCN(CCc2ccccc2)CC1	ok	CCC(=O)N(c1ccccc1)C1CCN(CCc2ccccc2)CC1	PJMPHNIQZUBGLI-UHFFFAOYSA-N	C22H28N2O
external	PJSFRIWCGOHTNF-UHFFFAOYSA-N	COc1ncnc(NS(=O)(=O)c2ccc(N)cc2)c1OC	ok	COc1ncnc(NS(=O)(=O)c2ccc(N)cc2)c1OC	PJSFRIWCGOHTNF-UHFFFAOYSA-N	C12H14N4O4S
external	PJVWKTKQMONHTI-UHFFFAOYSA-N	CC(=O)CC(c1ccccc1)c1c(O)c2ccccc2oc1=O	ok	CC(=O)CC(c1ccccc1)c1c(O)c2ccccc2oc1=O	PJVWKTKQMONHTI-UHFFFAOYSA-N	C19H16O4
external	PJWPNDMDCLXCOM-UHFFFAOYSA-N	COc1ccc(C(=O)Nc2ccccc2CCC2CCCCN2C)cc1	ok	COc1ccc(C(=O)Nc2ccccc2CCC2CCCCN2C)cc1	PJWPNDMDCLXCOM-UHFFFAOYSA-N	C22H28N2O2
external	PKTSCJXWLVREKX-UHFFFAOYSA-N	CCCCN(C)N=O	ok	CCCCN(C)N=O	PKTSCJXWLVREKX-UHFFFAOYSA-N	C5H12N2O
external	PKUWKAXTAVNIJR-UHFFFAOYSA-N	CCOP(O)(=S)OCC	ok	CCOP(O)(=S)OCC	PKUWKAXTAVNIJR-UHFFFAOYSA-N	C4H11O3PS
external	PKVRCIRHQMSYJX-UHFFFAOYSA-N	COc1cc2c(cc1O)CCNC21CSC2c3c(OC(C)=O)c(C)c4c(c3C(COC1=O)N1C(O)C3Cc5cc(C)c(OC)c(O)c5C(C21)N3C)OCO4	tautomer_MaxTransformsReached			C39H43N3O11S
external	PKWDZWYVIHVNKS-UHFFFAOYSA-N	O=C1N=C(O)C(Cc2ccc3cc(OCc4ccccc4F)ccc3c2)S1	ok	O=c1[nH]c(O)c(Cc2ccc3cc(OCc4ccccc4F)ccc3c2)s1	QFEWXEAAWOGWID-UHFFFAOYSA-N	C21H16FNO3S
external	PLDUPXSUYLZYBN-UHFFFAOYSA-N	OCCN1CCN(CCCN2c3ccccc3Sc3ccc(C(F)(F)F)cc32)CC1	ok	OCCN1CCN(CCCN2c3ccccc3Sc3ccc(C(F)(F)F)cc32)CC1	PLDUPXSUYLZYBN-UHFFFAOYSA-N	C22H26F3N3OS
external	PLGXGMUJUXKCDD-UHFFFAOYSA-N	O=C1C(CCSc2ccccc2)C(=O)N(c2ccccc2)N1c1ccccc1	ok	O=c1c(CCSc2ccccc2)c(O)n(-c2ccccc2)n1-c1ccccc1	LZTFINHZHIJZME-UHFFFAOYSA-N	C23H20N2O2S
external	PLHJCIYEEKOWNM-UHFFFAOYSA-N	Cn1cncc1C(N)(c1ccc(Cl)cc1)c1ccc2c(c1)c(-c1cccc(Cl)c1)cc(=O)n2C	ok	Cn1cncc1C(N)(c1ccc(Cl)cc1)c1ccc2c(c1)c(-c1cccc(Cl)c1)cc(=O)n2C	PLHJCIYEEKOWNM-UHFFFAOYSA-N	C27H22Cl2N4O
external	PLRACCBDVIHHLZ-UHFFFAOYSA-N	CN1CC=C(c2ccccc2)CC1	ok	CN1CC=C(c2ccccc2)CC1	PLRACCBDVIHHLZ-UHFFFAOYSA-N	C12H15N
external	PLXKZKLXYHLWHR-UHFFFAOYSA-N	CNC(CC(C)C)C1(c2ccc(Cl)cc2)CCC1	ok	CNC(CC(C)C)C1(c2ccc(Cl)cc2)CCC1	PLXKZKLXYHLWHR-UHFFFAOYSA-N	C16H24ClN
external	PMATZTZNYRCHOR-UHFFFAOYSA-N	CC=CCC(C)C(O)C1C(O)=NC(CC)C(=O)N(C)CC(=O)N(C)C(CC(C)C)C(O)=NC(C(C)C)C(=O)N(C)C(CC(C)C)C(O)=NC(C)C(O)=NC(C)C(=O)N(C)C(CC(C)C)C(=O)N(C)C(CC(C)C)C(=O)N(C)C(C(C)C)C(=O)N1C	tautomer_MaxTransformsReached			C62H111N11O12
external	PMCBDBWCQQBSRJ-UHFFFAOYSA-N	CCC(=O)N(c1ccccc1)C1CCNCC1	ok	CCC(=O)N(c1ccccc1)C1CCNCC1	PMCBDBWCQQBSRJ-UHFFFAOYSA-N	C14H20N2O
external	PMCXJBQHQIFCOG-UHFFFAOYSA-N	O=C(O)CCC1=C(CC(=O)O)c2cc3nc(cc4[nH]c(cc5[nH]c(cc1n2)c(CC(=O)O)c5CCC(=O)O)c(CCC(=O)O)c4CC(=O)O)C(CC(=O)O)=C3CCC(=O)O	tautomer_MaxTransformsReached			C40H38N4O16
external	PMRIOHZXQQFZNL-UHFFFAOYSA-N	COc1c(O)c(O)c(C)c(C=CC(C)=CCC=C(C)CCC=C(C)CCC=C(C)CCC=C(C)CCC=C(C)CCC=C(C)CCC=C(C)CCC=C(C)CCC=C(C)C)c1O	ok	COc1c(O)c(O)c(C)c(C=CC(C)=CCC=C(C)CCC=C(C)CCC=C(C)CCC=C(C)CCC=C(C)CCC=C(C)CCC=C(C)CCC=C(C)CCC=C(C)C)c1O	PMRIOHZXQQFZNL-UHFFFAOYSA-N	C58H88O4
external	PMRYVIKBURPHAH-UHFFFAOYSA-N	Cn1ccnc1S	ok	Cn1cc[nH]c1=S	PMRYVIKBURPHAH-UHFFFAOYSA-N	C4H6N2S
external	PMXMIIMHBWHSKN-UHFFFAOYSA-N	Cc1nc2n(c(=O)c1CCN1CCC(c3noc4cc(F)ccc34)CC1)CCCC2O	ok	Cc1nc2n(c(=O)c1CCN1CCC(c3noc4cc(F)ccc34)CC1)CCCC2O	PMXMIIMHBWHSKN-UHFFFAOYSA-N	C23H27FN4O3
external	PMZOJAHAJVKANR-UHFFFAOYSA-N	CC(O)=NC1C(OC2C(O)C(CO)OC(OC(C(=O)C(O)CO)C(O)CO)C2O)OC(CO)C(OC2OC(CO)C(O)C(OC3OC(CO)C(O)C(OC4OC(C(O)CO)C(O)C4O)C3N=C(C)O)C2O)C1O	ok	CC(=O)NC1C(OC2C(O)C(CO)OC(OC(C(=O)C(O)CO)C(O)CO)C2O)OC(CO)C(OC2OC(CO)C(O)C(OC3OC(CO)C(O)C(OC4OC(C(O)CO)C(O)C4O)C3NC(C)=O)C2O)C1O	PMZOJAHAJVKANR-UHFFFAOYSA-N	C40H68N2O31
external	PNCPYILNMDWPEY-UHFFFAOYSA-N	CC(Cc1cc2c(c(C(=N)O)c1)N(CCCO)CC2)NCCOc1ccccc1OCC(F)(F)F	ok	CC(Cc1cc2c(c(C(N)=O)c1)N(CCCO)CC2)NCCOc1ccccc1OCC(F)(F)F	PNCPYILNMDWPEY-UHFFFAOYSA-N	C25H32F3N3O4
external	PNIFOHGQPKXLJE-UHFFFAOYSA-N	O=C1C(=Cc2ccc(O)c(O)c2)Oc2c1ccc(O)c2O	ok	O=C1C(=Cc2ccc(O)c(O)c2)Oc2c1ccc(O)c2O	PNIFOHGQPKXLJE-UHFFFAOYSA-N	C15H10O6
external	PNKNNRLOQYRSCW-UHFFFAOYSA-N	CC(C)=CCc1c2c(c3oc4c(c(=O)c3c1O)CC(=C(C)C)Oc1cc(O)c(O)cc1-4)C=CC(C)(C)O2	ok	CC(C)=CCc1c2c(c3oc4c(c(=O)c3c1O)CC(=C(C)C)Oc1cc(O)c(O)cc1-4)C=CC(C)(C)O2	PNKNNRLOQYRSCW-UHFFFAOYSA-N	C30H30O7
external	PNVNVHUZROJLTJ-UHFFFAOYSA-N	COc1ccc(C(CN(C)C)C2(O)CCCCC2)cc1	ok	COc1ccc(C(CN(C)C)C2(O)CCCCC2)cc1	PNVNVHUZROJLTJ-UHFFFAOYSA-N	C17H27NO2
external	POADTFBBIXOWFJ-UHFFFAOYSA-N	CCC1(O)C(=O)OCc2c1cc1n(c2=O)Cc2c-1nc1ccccc1c2CC[Si](C)(C)C	ok	CCC1(O)C(=O)OCc2c1cc1n(c2=O)Cc2c-1nc1ccccc1c2CC[Si](C)(C)C	POADTFBBIXOWFJ-UHFFFAOYSA-N	C25H28N2O4Si
external	POGQSBRIGCQNEG-UHFFFAOYSA-N	N=C(O)c1cn(Cc2c(F)cccc2F)nn1	ok	NC(=O)c1cn(Cc2c(F)cccc2F)nn1	POGQSBRIGCQNEG-UHFFFAOYSA-N	C10H8F2N4O
external	POPFMWWJOGLOIF-UHFFFAOYSA-N	CC1(C)OC2CC3C4CC(F)C5=CC(=O)CCC5(C)C4C(O)CC3(C)C2(C(=O)CO)O1	ok	CC1(C)OC2CC3C4CC(F)C5=CC(=O)CCC5(C)C4C(O)CC3(C)C2(C(=O)CO)O1	POPFMWWJOGLOIF-UHFFFAOYSA-N	C24H33FO6
external	POQOTWQIYYNXAT-UHFFFAOYSA-N	CC(O)=Nc1c(N)nc(O)n(C)c1=O	ok	CC(=O)Nc1c(N)[nH]c(=O)n(C)c1=O	POQOTWQIYYNXAT-UHFFFAOYSA-N	C7H10N4O3
external	POQRWMRXUOPCLD-UHFFFAOYSA-N	CCCCCCCCCCCCCC=CC(O)C(COC1OC(CO)C(O)C(O)C1O)N=C(O)CCCCCCCCCCCCCCCCCCCCCCC	ok	CCCCCCCCCCCCCC=CC(O)C(COC1OC(CO)C(O)C(O)C1O)NC(=O)CCCCCCCCCCCCCCCCCCCCCCC	POQRWMRXUOPCLD-UHFFFAOYSA-N	C48H93NO8
external	POULHZVOKOAJMA-UHFFFAOYSA-N	CCCCCCCCCCCC(=O)O	ok	CCCCCCCCCCCC(=O)O	POULHZVOKOAJMA-UHFFFAOYSA-N	C12H24O2
external	POWISKNFFRUCCW-UHFFFAOYSA-N	CC(=O)OC1CC(C)CNC12OC1CC3C4CCC5CC(OC6OC(CO)C(OC7OC(CO)C(O)C(OC8OCC(O)C(O)C8O)C7OC7OC(CO)C(O)C(O)C7O)C(O)C6O)CCC5(C)C4CCC3(C)C1C2C	ok	CC(=O)OC1CC(C)CNC12OC1CC3C4CCC5CC(OC6OC(CO)C(OC7OC(CO)C(O)C(OC8OCC(O)C(O)C8O)C7OC7OC(CO)C(O)C(O)C7O)C(O)C6O)CCC5(C)C4CCC3(C)C1C2C	POWISKNFFRUCCW-UHFFFAOYSA-N	C52H85NO23
external	POZRVZJJTULAOH-UHFFFAOYSA-N	C#CC1(O)CCC2C3CCC4=Cc5oncc5CC4(C)C3CCC21C	ok	C#CC1(O)CCC2C3CCC4=Cc5oncc5CC4(C)C3CCC21C	POZRVZJJTULAOH-UHFFFAOYSA-N	C22H27NO2
external	PPBRXRYQALVLMV-UHFFFAOYSA-N	C=Cc1ccccc1	ok	C=Cc1ccccc1	PPBRXRYQALVLMV-UHFFFAOYSA-N	C8H8
external	PPDIALCNVFLTST-UHFFFAOYSA-N	O=C(c1cccs1)c1ccc(O)c(Cl)c1Cl	ok	O=C(c1cccs1)c1ccc(O)c(Cl)c1Cl	PPDIALCNVFLTST-UHFFFAOYSA-N	C11H6Cl2O2S
external	PPFRJNLKWADOTL-UHFFFAOYSA-N	C=C(C(C)C)C(O)C(O)C(C)C1CCC2C3COC(=O)C4CC(O)C(O)CC4(C)C3CCC12C	ok	C=C(C(C)C)C(O)C(O)C(C)C1CCC2C3COC(=O)C4CC(O)C(O)CC4(C)C3CCC12C	PPFRJNLKWADOTL-UHFFFAOYSA-N	C28H46O6
external	PPRRDFIXUUSXRA-UHFFFAOYSA-N	Oc1nc2ccccc2n1CCN1CCN(c2cccc(C(F)(F)F)c2)CC1	ok	O=c1[nH]c2ccccc2n1CCN1CCN(c2cccc(C(F)(F)F)c2)CC1	PPRRDFIXUUSXRA-UHFFFAOYSA-N	C20H21F3N4O
external	PPTYJKAXVCCBDU-UHFFFAOYSA-N	CN1C(=O)CN=C(c2ccccc2F)c2cc([N+](=O)[O-])ccc21	ok	CN1C(=O)CN=C(c2ccccc2F)c2cc([N+](=O)[O-])ccc21	PPTYJKAXVCCBDU-UHFFFAOYSA-N	C16H12FN3O3
external	PPWWANBMWAQXLQ-UHFFFAOYSA-N	CC1(C)CC(O)C2(C)CCC3(C)C(=CCC4C5(C)CCC(OC6OC(C(=O)O)C(O)C(O)C6OC6OC(CO)C(O)C(O)C6O)C(C)(C)C5CCC43C)C2C1	ok	CC1(C)CC(O)C2(C)CCC3(C)C(=CCC4C5(C)CCC(OC6OC(C(=O)O)C(O)C(O)C6OC6OC(CO)C(O)C(O)C6O)C(C)(C)C5CCC43C)C2C1	PPWWANBMWAQXLQ-UHFFFAOYSA-N	C42H68O13
external	PPXGQLMPUIVFRE-UHFFFAOYSA-N	C=CC=CC=O	ok	C=CC=CC=O	PPXGQLMPUIVFRE-UHFFFAOYSA-N	C5H6O
external	PQOVJTQCPQRHKK-UHFFFAOYSA-N	CCCCCCCCCCCCCCCCCCCCCCCC(O)CC(O)CCCCCC	ok	CCCCCCCCCCCCCCCCCCCCCCCC(O)CC(O)CCCCCC	PQOVJTQCPQRHKK-UHFFFAOYSA-N	C32H66O2
external	PQSUYGKTWSAVDQ-UHFFFAOYSA-N	CC12CCC(=O)C=C1CCC1C2C(O)CC2(C=O)C(C(=O)CO)CCC12	ok	CC12CCC(=O)C=C1CCC1C2C(O)CC2(C=O)C(C(=O)CO)CCC12	PQSUYGKTWSAVDQ-UHFFFAOYSA-N	C21H28O5
external	PQXKDMSYBGKCJA-UHFFFAOYSA-N	O=C1C2C3CCC(C3)C2C(=O)N1CC1CCCCC1CN1CCN(c2nsc3ccccc23)CC1	ok	Oc1c2c(c(O)n1CC1CCCCC1CN1CCN(c3nsc4ccccc34)CC1)C1CCC2C1	XNAWUDONOGZGEH-UHFFFAOYSA-N	C28H36N4O2S
external	PQYJRMFWJJONBO-UHFFFAOYSA-N	O=P(OCC(Br)CBr)(OCC(Br)CBr)OCC(Br)CBr	ok	O=P(OCC(Br)CBr)(OCC(Br)CBr)OCC(Br)CBr	PQYJRMFWJJONBO-UHFFFAOYSA-N	C9H15Br6O4P
external	PRAUVHZJPXOEIF-UHFFFAOYSA-N	CC1CCC2(C(=O)O)CCC3(C)C(=CCC4C5(C)CC(O)C(O)C(C)(CO)C5C(O)CC43C)C2C1C	ok	CC1CCC2(C(=O)O)CCC3(C)C(=CCC4C5(C)CC(O)C(O)C(C)(CO)C5C(O)CC43C)C2C1C	PRAUVHZJPXOEIF-UHFFFAOYSA-N	C30H48O6
external	PRMWGUBFXWROHD-UHFFFAOYSA-N	N#Cc1ccccc1-c1cc(-c2ccccn2)cn(-c2ccccc2)c1=O	ok	N#Cc1ccccc1-c1cc(-c2ccccn2)cn(-c2ccccc2)c1=O	PRMWGUBFXWROHD-UHFFFAOYSA-N	C23H15N3O
external	PRMWQIVYOYCJQC-UHFFFAOYSA-N	CCCCCC(O)C=CC(O)C(O)CC=CCC=CCCCC(=O)O	ok	CCCCCC(O)C=CC(O)C(O)CC=CCC=CCCCC(=O)O	PRMWQIVYOYCJQC-UHFFFAOYSA-N	C20H34O5
external	PROQIPRRNZUXQM-UHFFFAOYSA-N	CC12CCC3c4ccc(O)cc4CCC3C1CC(O)C2O	ok	CC12CCC3c4ccc(O)cc4CCC3C1CC(O)C2O	PROQIPRRNZUXQM-UHFFFAOYSA-N	C18H24O3
external	PSGAAPLEWMOORI-UHFFFAOYSA-N	CC(=O)OC1(C(C)=O)CCC2C3CC(C)C4=CC(=O)CCC4(C)C3CCC21C	ok	CC(=O)OC1(C(C)=O)CCC2C3CC(C)=C4CC(=O)CCC4(C)C3CCC21C	WYYCRMBIYYRAEW-UHFFFAOYSA-N	C24H34O4
external	PSIFNNKUMBGKDQ-UHFFFAOYSA-N	CCCCc1nc(Cl)c(CO)n1Cc1ccc(-c2ccccc2-c2nn[nH]n2)cc1	ok	CCCCc1nc(Cl)c(CO)n1Cc1ccc(-c2ccccc2-c2nn[nH]n2)cc1	PSIFNNKUMBGKDQ-UHFFFAOYSA-N	C22H23ClN6O
external	PSZDOEIIIJFCFE-UHFFFAOYSA-N	CC1(C)CCC2(CO)CCC3(C)C(=CCC4C5(C)CCC(O)C(C)(C)C5CCC43C)C2C1	ok	CC1(C)CCC2(CO)CCC3(C)C(=CCC4C5(C)CCC(O)C(C)(C)C5CCC43C)C2C1	PSZDOEIIIJFCFE-UHFFFAOYSA-N	C30H50O2
external	PTFJEDBJXCZCDO-UHFFFAOYSA-N	C=C(C=O)CCCC(C)CCCC(C)CCCC(C)C	ok	C=C(C=O)CCCC(C)CCCC(C)CCCC(C)C	PTFJEDBJXCZCDO-UHFFFAOYSA-N	C19H36O
external	PTGXAUBQBSGPKF-UHFFFAOYSA-N	CC(CCc1ccccc1)NC(C)C(O)c1ccc(O)cc1	ok	CC(CCc1ccccc1)NC(C)C(O)c1ccc(O)cc1	PTGXAUBQBSGPKF-UHFFFAOYSA-N	C19H25NO2
external	PTHCMJGKKRQCBF-UHFFFAOYSA-N	COC1OC(CO)C(OC2OC(CO)C(OC)C(O)C2O)C(O)C1O	ok	COC1OC(CO)C(OC2OC(CO)C(OC)C(O)C2O)C(O)C1O	PTHCMJGKKRQCBF-UHFFFAOYSA-N	C14H26O11
external	PTJADDMMFYXMMG-UHFFFAOYSA-N	CNCCCC1(c2ccc(F)cc2)OCc2cc(C#N)ccc21	ok	CNCCCC1(c2ccc(F)cc2)OCc2cc(C#N)ccc21	PTJADDMMFYXMMG-UHFFFAOYSA-N	C19H19FN2O
external	PTJICCHLTNPHDB-UHFFFAOYSA-N	CCCCCCCC1OCC(C)O1	ok	CCCCCCCC1OCC(C)O1	PTJICCHLTNPHDB-UHFFFAOYSA-N	C11H22O2
external	PTJWIQPHWPFNBW-UHFFFAOYSA-N	OCC1OC(c2cnc(O)nc2O)C(O)C1O	ok	O=c1[nH]cc(C2OC(CO)C(O)C2O)c(=O)[nH]1	PTJWIQPHWPFNBW-UHFFFAOYSA-N	C9H12N2O6
external	PTKSEFOSCHHMPD-UHFFFAOYSA-N	COc1ccc(OC)c(C(O)CN=C(O)CN)c1	ok	COc1ccc(OC)c(C(O)CNC(=O)CN)c1	PTKSEFOSCHHMPD-UHFFFAOYSA-N	C12H18N2O4
external	PTOIAAWZLUQTIO-UHFFFAOYSA-N	CCC(O)=NCC1CC1c1cccc2c1CCO2	ok	CCC(=O)NCC1CC1c1cccc2c1CCO2	PTOIAAWZLUQTIO-UHFFFAOYSA-N	C15H19NO2
external	PTQXTEKSNBVPQJ-UHFFFAOYSA-N	CC(C)c1cc(C(C)C)c(CC(O)=NS(=O)(=O)Oc2c(C(C)C)cccc2C(C)C)c(C(C)C)c1	ok	CC(C)c1cc(C(C)C)c(CC(=O)NS(=O)(=O)Oc2c(C(C)C)cccc2C(C)C)c(C(C)C)c1	PTQXTEKSNBVPQJ-UHFFFAOYSA-N	C29H43NO4S
external	PTVBAOGVIGOALV-UHFFFAOYSA-N	O=C(Cc1ccc(O)c(O)c1)C(O)O	ok	O=C(O)C(O)Cc1ccc(O)c(O)c1	PAFLSMZLRSPALU-UHFFFAOYSA-N	C9H10O5
external	PTZHJVIKISISFU-UHFFFAOYSA-N	CCCCCCC(=O)CCCCCCCCCCCCCCCCCCCCCO	ok	CCCCCCC(=O)CCCCCCCCCCCCCCCCCCCCCO	PTZHJVIKISISFU-UHFFFAOYSA-N	C28H56O2
external	PUAQLLVFLMYYJJ-UHFFFAOYSA-N	CC(N)C(=O)c1ccccc1	ok	CC(N)C(=O)c1ccccc1	PUAQLLVFLMYYJJ-UHFFFAOYSA-N	C9H11NO
external	PUNOCEUUYUXUGR-UHFFFAOYSA-N	CCCCCCCCCCCCCCCCCCCc1cc(O)cc(O)c1	ok	CCCCCCCCCCCCCCCCCCCc1cc(O)cc(O)c1	PUNOCEUUYUXUGR-UHFFFAOYSA-N	C25H44O2
external	PURKAOJPTOLRMP-UHFFFAOYSA-N	CC(C)(C)c1cc(C(C)(C)C)c(N=C(O)c2c[nH]c3ccccc3c2=O)cc1O	ok	CC(C)(C)c1cc(C(C)(C)C)c(NC(=O)c2c[nH]c3ccccc3c2=O)cc1O	PURKAOJPTOLRMP-UHFFFAOYSA-N	C24H28N2O3
external	PUXBGTOOZJQSKH-UHFFFAOYSA-N	CC(C(=O)O)c1ccc2c(c1)[nH]c1ccc(Cl)cc12	ok	CC(C(=O)O)c1ccc2c(c1)[nH]c1ccc(Cl)cc12	PUXBGTOOZJQSKH-UHFFFAOYSA-N	C15H12ClNO2
external	PVHUJELLJLJGLN-UHFFFAOYSA-N	CCOC(=O)C1=C(C)NC(C)=C(C(=O)OC)C1c1cccc([N+](=O)[O-])c1	ok	CCOC(=O)C1=C(C)N=C(C)C(C(=O)OC)C1c1cccc([N+](=O)[O-])c1	VVTJQHCRBOHFTD-UHFFFAOYSA-N	C18H20N2O6
external	PVLJETXTTWAYEW-UHFFFAOYSA-N	CN(c1nccc(O)n1)C1CCN(c2nc3ccccc3n2Cc2ccc(F)cc2)CC1	ok	CN(c1nc(=O)cc[nH]1)C1CCN(c2nc3ccccc3n2Cc2ccc(F)cc2)CC1	PVLJETXTTWAYEW-UHFFFAOYSA-N	C24H25FN6O
external	PVXVWWANJIWJOO-UHFFFAOYSA-N	CCNC(C)Cc1ccc2c(c1)OCO2	ok	CCNC(C)Cc1ccc2c(c1)OCO2	PVXVWWANJIWJOO-UHFFFAOYSA-N	C12H17NO2
external	PWAJCNITSBZRBL-UHFFFAOYSA-N	CC1=CC(=O)N2CC(=O)N(C)c3ccc(Cl)cc3C2(c2ccccc2)O1	ok	CC1=CC(=O)N2CC(=O)N(C)c3ccc(Cl)cc3C2(c2ccccc2)O1	PWAJCNITSBZRBL-UHFFFAOYSA-N	C20H17ClN2O3
external	PWFTYELYTFERRB-UHFFFAOYSA-N	CC(O)=NC1C(OC(C)(COC2OC(C)C(O)C(O)C2O)C(O)C(O)CO)OC(CO)C(O)C1O	ok	CC(=O)NC1C(OC(C)(COC2OC(C)C(O)C(O)C2O)C(O)C(O)CO)OC(CO)C(O)C1O	PWFTYELYTFERRB-UHFFFAOYSA-N	C20H37NO14
external	PWKSKIMOESPYIA-UHFFFAOYSA-N	CC(O)=NC(CS)C(=O)O	ok	CC(=O)NC(CS)C(=O)O	PWKSKIMOESPYIA-UHFFFAOYSA-N	C5H9NO3S
external	PWLNAUNEAKQYLH-UHFFFAOYSA-N	CCCCCCCCOC(=O)CCC	ok	CCCCCCCCOC(=O)CCC	PWLNAUNEAKQYLH-UHFFFAOYSA-N	C12H24O2
external	PWTCIBWRMQFJBC-UHFFFAOYSA-N	O=C(O)CCCC=CCC1C2CCC(C2)C1NS(=O)(=O)c1ccccc1	ok	O=C(O)CCCC=CCC1C2CCC(C2)C1NS(=O)(=O)c1ccccc1	PWTCIBWRMQFJBC-UHFFFAOYSA-N	C20H27NO4S
external	PWVXXGRKLHYWKM-UHFFFAOYSA-N	CN1CCCC1Cc1c[nH]c2ccc(CCS(=O)(=O)c3ccccc3)cc12	ok	CN1CCCC1Cc1c[nH]c2ccc(CCS(=O)(=O)c3ccccc3)cc12	PWVXXGRKLHYWKM-UHFFFAOYSA-N	C22H26N2O2S
external	PWWVAXIEGOYWEE-UHFFFAOYSA-N	CC(CN1c2ccccc2Sc2ccccc21)N(C)C	ok	CC(CN1c2ccccc2Sc2ccccc21)N(C)C	PWWVAXIEGOYWEE-UHFFFAOYSA-N	C17H20N2S
external	PXWCUJRVSZCPHE-UHFFFAOYSA-N	CCCCOCCOCC(C)OCCCOC	ok	CCCCOCCOCC(C)OCCCOC	PXWCUJRVSZCPHE-UHFFFAOYSA-N	C13H28O4
external	PYGWGZALEOIKDF-UHFFFAOYSA-N	Cc1cc(C#N)cc(C)c1Oc1nc(Nc2ccc(C#N)cc2)nc(N)c1Br	ok	Cc1cc(C#N)cc(C)c1Oc1nc(Nc2ccc(C#N)cc2)nc(N)c1Br	PYGWGZALEOIKDF-UHFFFAOYSA-N	C20H15BrN6O
external	PYQSUTLVBSTCSK-UHFFFAOYSA-N	OCC1OC(OC2Oc3ccccc3N=C2O)C(O)C(O)C1O	ok	O=C1Nc2ccccc2OC1OC1OC(CO)C(O)C(O)C1O	PYQSUTLVBSTCSK-UHFFFAOYSA-N	C14H17NO8
external	PYUSHNKNPOHWEZ-UHFFFAOYSA-N	CSCCC(N=CO)C(=O)O	ok	CSCCC(NC=O)C(=O)O	PYUSHNKNPOHWEZ-UHFFFAOYSA-N	C6H11NO3S
external	PYXFVCFISTUSOO-UHFFFAOYSA-N	CC(C)=CCCC(C)(O)C1CCC2(C)C1C(O)CC1C3(C)CCC(O)C(C)(C)C3CCC12C	ok	CC(C)=CCCC(C)(O)C1CCC2(C)C1C(O)CC1C3(C)CCC(O)C(C)(C)C3CCC12C	PYXFVCFISTUSOO-UHFFFAOYSA-N	C30H52O3
external	PYZRQGJRPPTADH-UHFFFAOYSA-N	N=c1nnc(-c2cccc(Cl)c2Cl)c(N)[nH]1	ok	Nc1nnc(-c2cccc(Cl)c2Cl)c(N)n1	PYZRQGJRPPTADH-UHFFFAOYSA-N	C9H7Cl2N5
external	PYZZIILDSAJNLZ-UHFFFAOYSA-N	OCC(O)C(O)C(O)C(O)COCC1OC(O)C(O)C(O)C1O	ok	OCC(O)C(O)C(O)C(O)COCC1OC(O)C(O)C(O)C1O	PYZZIILDSAJNLZ-UHFFFAOYSA-N	C12H24O11
external	PZNPHSFXILSZTM-UHFFFAOYSA-N	CC1CCC2(OC1)OC1CC3C4CC(O)C5CC(O)CCC5(C)C4CCC3(C)C1C2C	ok	CC1CCC2(OC1)OC1CC3C4CC(O)C5CC(O)CCC5(C)C4CCC3(C)C1C2C	PZNPHSFXILSZTM-UHFFFAOYSA-N	C27H44O4
external	PZQFWEVFWWOGCO-UHFFFAOYSA-N	CC(C)(C)C1CCC(C2=C(O)c3ccccc3C(=O)C2=O)CC1	ok	CC(C)(C)C1CC=C(c2c(O)c(O)c3ccccc3c2O)CC1	RCTJEXXXCUZPMY-UHFFFAOYSA-N	C20H24O3
external	PZVRZRARFZZBCA-UHFFFAOYSA-N	O=C(C=Cc1ccccc1)c1cc(O)ccc1O	ok	O=C(C=Cc1ccccc1)c1cc(O)ccc1O	PZVRZRARFZZBCA-UHFFFAOYSA-N	C15H12O3
external	QAGYKUNXZHXKMR-UHFFFAOYSA-N	Cc1c(O)cccc1C(O)=NC(CSc1ccccc1)C(O)CN1CC2CCCCC2CC1C(O)=NC(C)(C)C	ok	Cc1c(O)cccc1C(=O)NC(CSc1ccccc1)C(O)CN1CC2CCCCC2CC1C(=O)NC(C)(C)C	QAGYKUNXZHXKMR-UHFFFAOYSA-N	C32H45N3O4S
external	QAILMWKAKHIIHL-UHFFFAOYSA-N	CC(C=CC=C(C)C=CC(=O)C1(C)CC(O)CC1(C)C)=CC=CC=C(C)C=CC=C(C)C=CC12OC1(C)CC(O)CC2(C)C	ok	CC(C=CC=C(C)C=CC(=O)C1(C)CC(O)CC1(C)C)=CC=CC=C(C)C=CC=C(C)C=CC12OC1(C)CC(O)CC2(C)C	QAILMWKAKHIIHL-UHFFFAOYSA-N	C40H56O4
external	QAJOWHGESRCVLY-UHFFFAOYSA-N	O=C1c2ccccc2-c2ccc([N+](=O)[O-])c3cccc1c23	ok	O=C1c2ccccc2-c2ccc([N+](=O)[O-])c3cccc1c23	QAJOWHGESRCVLY-UHFFFAOYSA-N	C17H9NO3
external	QAYDNOZSJGIPSH-UHFFFAOYSA-N	O=C1CC(c2ccc(Oc3c(O)c(C(=O)C=Cc4ccc(O)cc4)c(O)c(C4OC(CO)C(O)C(O)C4O)c3O)cc2)Oc2cc(O)cc(O)c21	tautomer_MaxTransformsReached			C36H32O15
external	QBGPXOGXCVKULO-UHFFFAOYSA-N	NCCCCC(N)C(O)=NC(CS)C(=O)O	ok	NCCCCC(N)C(=O)NC(CS)C(=O)O	QBGPXOGXCVKULO-UHFFFAOYSA-N	C9H19N3O3S
external	QBXROYPDQTVONF-UHFFFAOYSA-N	CNc1cccc(-c2ccnc3c(C(=O)c4cccs4)cnn23)c1	ok	CNc1cccc(-c2ccnc3c(C(=O)c4cccs4)cnn23)c1	QBXROYPDQTVONF-UHFFFAOYSA-N	C18H14N4OS
external	QCFVNZMQQSUXJA-UHFFFAOYSA-N	CCCCCCC=CCCCCCCCCCC(O)=NC(COC1OC(CO)C(OC2OC(CO)C(O)C(OC3(C(=O)O)CC(O)C(N=C(C)O)C(C(O)C(CO)OC4(C(=O)O)CC(O)C(N=C(C)O)C(C(O)C(CO)OC5(C(=O)O)CC(O)C(N=C(C)O)C(C(O)C(O)CO)O5)O4)O3)C2O)C(O)C1O)C(O)C=CCCCCCCCCCCCCC	ok	CCCCCCC=CCCCCCCCCCC(=O)NC(COC1OC(CO)C(OC2OC(CO)C(O)C(OC3(C(=O)O)CC(O)C(NC(C)=O)C(C(O)C(CO)OC4(C(=O)O)CC(O)C(NC(C)=O)C(C(O)C(CO)OC5(C(=O)O)CC(O)C(NC(C)=O)C(C(O)C(O)CO)O5)O4)O3)C2O)C(O)C1O)C(O)C=CCCCCCCCCCCCCC	QCFVNZMQQSUXJA-UHFFFAOYSA-N	C81H140N4O37
external	QCHFTSOMWOSFHM-UHFFFAOYSA-N	CCC1C(=O)OCC1Cc1cncn1C	ok	CCC1C(=O)OCC1Cc1cncn1C	QCHFTSOMWOSFHM-UHFFFAOYSA-N	C11H16N2O2
external	QCHPKSFMDHPSNR-UHFFFAOYSA-N	CC(CN)C(=O)O	ok	CC(CN)C(=O)O	QCHPKSFMDHPSNR-UHFFFAOYSA-N	C4H9NO2
external	QCLGPJNIMBAJLC-UHFFFAOYSA-N	CC(=O)C1CC(=O)C2(C)C3C(=O)CC4C(C)(C)C(=O)CCC4(C)C3C(=O)CC12C	ok	CC(=O)C1CC(=O)C2(C)C3C(=O)CC4C(C)(C)C(=O)CCC4(C)C3C(=O)CC12C	QCLGPJNIMBAJLC-UHFFFAOYSA-N	C24H32O5
external	QCSNJTIWCIMFFY-UHFFFAOYSA-N	CC(O)=Nc1ccc(OC(C)C)cc1	ok	CC(=O)Nc1ccc(OC(C)C)cc1	QCSNJTIWCIMFFY-UHFFFAOYSA-N	C11H15NO2
external	QCTRMDIJRRVPPY-UHFFFAOYSA-N	CN1CCN(C(=O)Oc2c3nccnc3c(O)n2-c2ccc(Cl)cn2)CC1	ok	CN1CCN(C(=O)Oc2c3nccnc3c(O)n2-c2ccc(Cl)cn2)CC1	QCTRMDIJRRVPPY-UHFFFAOYSA-N	C17H17ClN6O3
external	QDGZDCVAUDNJFG-UHFFFAOYSA-N	C=C1C(CO)C(O)CC1n1cnc2c(O)nc(=N)[nH]c21	ok	C=C1C(CO)C(O)CC1n1cnc2c(=O)[nH]c(N)nc21	QDGZDCVAUDNJFG-UHFFFAOYSA-N	C12H15N5O3
external	QEMSVZNTSXPFJA-UHFFFAOYSA-N	CC(C(O)c1ccc(O)cc1)N1CCC(O)(c2ccccc2)CC1	ok	CC(C(O)c1ccc(O)cc1)N1CCC(O)(c2ccccc2)CC1	QEMSVZNTSXPFJA-UHFFFAOYSA-N	C20H25NO3
external	QEPUDUFHLMFPTB-UHFFFAOYSA-N	CCCNCC1=CC(=O)OC2=CC(OC)=CCC12	ok	CCCNCC1=CC(=O)OC2=CC(OC)=CCC12	QEPUDUFHLMFPTB-UHFFFAOYSA-N	C14H19NO3
external	QERUYFVNIOLCHV-UHFFFAOYSA-N	CCOC(=O)C1=C(C)NC(C)=C(C(=O)OCC)C1c1cccc2nonc12	ok	CCOC(=O)C1=C(C)N=C(C)C(C(=O)OCC)C1c1cccc2nonc12	HXCFQIHQGCVKKS-UHFFFAOYSA-N	C19H21N3O5
external	QESPSAHXYXIGBG-UHFFFAOYSA-N	C=CC1(C)CCC(=O)O1	ok	C=CC1(C)CCC(=O)O1	QESPSAHXYXIGBG-UHFFFAOYSA-N	C7H10O2
external	QEVHRUUCFGRFIF-UHFFFAOYSA-N	COC(=O)C1C2CC3c4[nH]c5cc(OC)ccc5c4CCN3CC2CC(OC(=O)c2cc(OC)c(OC)c(OC)c2)C1OC	ok	COC(=O)C1C2CC3c4[nH]c5cc(OC)ccc5c4CCN3CC2CC(OC(=O)c2cc(OC)c(OC)c(OC)c2)C1OC	QEVHRUUCFGRFIF-UHFFFAOYSA-N	C33H40N2O9
external	QFBNONLZWZUQCN-UHFFFAOYSA-N	CCc1ccc2c(C3CCCCC3)nc(=O)n(CC)c2n1	ok	CCc1ccc2c(C3CCCCC3)nc(=O)n(CC)c2n1	QFBNONLZWZUQCN-UHFFFAOYSA-N	C17H23N3O
external	QFDRTQONISXGJA-UHFFFAOYSA-N	Cn1c(O)nc2[nH]c(O)nc2c1=O	ok	Cn1c(=O)[nH]c2[nH]c(=O)[nH]c2c1=O	QFDRTQONISXGJA-UHFFFAOYSA-N	C6H6N4O3
external	QFFCYTLOTYIJMR-UHFFFAOYSA-N	CCC(=O)C1(C)CCC2C3CCC4=CC(=O)CCC4=C3CCC21C	ok	CCC(=O)C1(C)CCC2C3=C(CCC21C)C1=C(CC3)CC(=O)CC1	AMCZOZAJTWMWJG-UHFFFAOYSA-N	C22H30O2
external	QFIWFUDXERFOIY-UHFFFAOYSA-N	CC(C)CCCC(C)CCCC(C)C(=O)O	ok	CC(C)CCCC(C)CCCC(C)C(=O)O	QFIWFUDXERFOIY-UHFFFAOYSA-N	C14H28O2
external	QFJCIRLUMZQUOT-UHFFFAOYSA-N	COC1CC2CCC(C)C(O)(O2)C(=O)C(=O)N2CCCCC2C(=O)OC(C(C)CC2CCC(O)C(OC)C2)CC(=O)C(C)C=C(C)C(O)C(OC)C(=O)C(C)CC(C)C=CC=CC=C1C	ok	COC1CC2CCC(C)C(O)(O2)C(=O)C(=O)N2CCCCC2C(=O)OC(C(C)CC2CCC(O)C(OC)C2)CC(=O)C(C)=CC(C)C(O)C(OC)C(=O)C(C)CC(C)C=CC=CC=C1C	DVSZTYJRXBBIFA-UHFFFAOYSA-N	C51H79NO13
external	QFVOYBUQQBFCRH-UHFFFAOYSA-N	C=C1CC23CCC4C(C)(C(=O)O)CCCC4(C)C2CCC1(O)C3	ok	C=C1CC23CCC4C(C)(C(=O)O)CCCC4(C)C2CCC1(O)C3	QFVOYBUQQBFCRH-UHFFFAOYSA-N	C20H30O3
external	QGBIFMJAQARMNQ-UHFFFAOYSA-N	CCCC1OC2CC3C4CC(F)C5=CC(=O)CCC5(C)C4(F)C(O)CC3(C)C2(SC)O1	ok	CCCC1OC2CC3C4CC(F)C5=CC(=O)CCC5(C)C4(F)C(O)CC3(C)C2(SC)O1	QGBIFMJAQARMNQ-UHFFFAOYSA-N	C24H34F2O4S
external	QGGCALSIIQGFOU-UHFFFAOYSA-N	CCCCCCCCCCCCCCCC(O)C(COC1OC(CO)C(OC2OC(CO)C(O)C(OC3(C(=O)O)CC(O)C(N=C(C)O)C(C(O)C(O)CO)O3)C2O)C(O)C1O)N=C(O)CCCCCCCCCCCCC	ok	CCCCCCCCCCCCCCCC(O)C(COC1OC(CO)C(OC2OC(CO)C(O)C(OC3(C(=O)O)CC(O)C(NC(C)=O)C(C(O)C(O)CO)O3)C2O)C(O)C1O)NC(=O)CCCCCCCCCCCCC	QGGCALSIIQGFOU-UHFFFAOYSA-N	C55H102N2O21
external	QGJUIPDUBHWZPV-UHFFFAOYSA-N	N#CC1CC2CC2N1C(=O)C(N)C12CC3CC(CC(O)(C3)C1)C2	ok	N#CC1CC2CC2N1C(=O)C(N)C12CC3CC(CC(O)(C3)C1)C2	QGJUIPDUBHWZPV-UHFFFAOYSA-N	C18H25N3O2
external	QGLZXHRNAYXIBU-UHFFFAOYSA-N	CN=C(O)ON=CC(C)(C)SC	ok	CNC(=O)ON=CC(C)(C)SC	QGLZXHRNAYXIBU-UHFFFAOYSA-N	C7H14N2O2S
external	QGTMYAPGXJWNQR-UHFFFAOYSA-N	CC(C)(C(=O)O)C1CCC23CC(CCC2C1(C)CC(=O)O)C1(C)OC31	ok	CC(C)(C(=O)O)C1CCC23CC(CCC2C1(C)CC(=O)O)C1(C)OC31	QGTMYAPGXJWNQR-UHFFFAOYSA-N	C20H30O5
external	QHELXIATGZYOIB-UHFFFAOYSA-N	CCCCCC=CCC=CCC=CCC=CCCCC(O)=NC(CO)CO	ok	CCCCCC=CCC=CCC=CCC=CCCCC(=O)NC(CO)CO	QHELXIATGZYOIB-UHFFFAOYSA-N	C23H39NO3
external	QHGUCRYDKWKLMG-UHFFFAOYSA-N	NCC(O)c1ccc(O)cc1	ok	NCC(O)c1ccc(O)cc1	QHGUCRYDKWKLMG-UHFFFAOYSA-N	C8H11NO2
external	QHLHTTNIUVMWRY-UHFFFAOYSA-N	CC(=CCCC(C)C1CCC2(C)C3=C(CCC12C)C1(C)CCC(O)C(C)(C)C1CC3O)C(=O)O	ok	CC(=CCCC(C)C1CCC2(C)C3=C(CCC12C)C1(C)CCC(O)C(C)(C)C1CC3O)C(=O)O	QHLHTTNIUVMWRY-UHFFFAOYSA-N	C30H48O4
external	QHMBSVQNZZTUGM-UHFFFAOYSA-N	C=C(C)C1CCC(C)=CC1c1c(O)cc(CCCCC)cc1O	ok	C=C(C)C1CCC(C)=CC1c1c(O)cc(CCCCC)cc1O	QHMBSVQNZZTUGM-UHFFFAOYSA-N	C21H30O2
external	QIGBRXMKCJKVMJ-UHFFFAOYSA-N	Oc1ccc(O)cc1	ok	Oc1ccc(O)cc1	QIGBRXMKCJKVMJ-UHFFFAOYSA-N	C6H6O2
external	QIHLUZAFSSMXHQ-UHFFFAOYSA-N	CC(C)(C)N1CCC(c2ccccc2)(c2ccccc2)CC1	ok	CC(C)(C)N1CCC(c2ccccc2)(c2ccccc2)CC1	QIHLUZAFSSMXHQ-UHFFFAOYSA-N	C21H27N
external	QIJNCQNMZUTUIF-UHFFFAOYSA-N	CC12CCC3c4ccc(OS(=O)(=O)O)c(O)c4CCC3C1CCC2=O	ok	CC12CCC3c4ccc(OS(=O)(=O)O)c(O)c4CCC3C1CCC2=O	QIJNCQNMZUTUIF-UHFFFAOYSA-N	C18H22O6S
external	QIQXTHQIDYTFRH-UHFFFAOYSA-N	CCCCCCCCCCCCCCCCCC(=O)O	ok	CCCCCCCCCCCCCCCCCC(=O)O	QIQXTHQIDYTFRH-UHFFFAOYSA-N	C18H36O2
external	QIRVFNYMWKCHEK-UHFFFAOYSA-N	CCCCNCC1=CC(=O)OC2=CC(OC)=CCC12	ok	CCCCNCC1=CC(=O)OC2=CC(OC)=CCC12	QIRVFNYMWKCHEK-UHFFFAOYSA-N	C15H21NO3
external	QIVBCDIJIAJPQS-UHFFFAOYSA-N	NC(Cc1c[nH]c2ccccc12)C(=O)O	ok	NC(Cc1c[nH]c2ccccc12)C(=O)O	QIVBCDIJIAJPQS-UHFFFAOYSA-N	C11H12N2O2
external	QJJXYPPXXYFBGM-UHFFFAOYSA-N	C=CCC1C=C(C)CC(C)CC(OC)C2OC(O)(C(=O)C(=O)N3CCCCC3C(=O)OC(C(C)=CC3CCC(O)C(OC)C3)C(C)C(O)CC1=O)C(C)CC2OC	ok	C=CCC1=CC(C)CC(C)CC(OC)C2OC(O)(C(=O)C(=O)N3CCCCC3C(=O)OC(C(C)=CC3CCC(O)C(OC)C3)C(C)C(O)CC1=O)C(C)CC2OC	SLUYGGAVUSVJOT-UHFFFAOYSA-N	C44H69NO12
external	QJKMCQRFHJRIPU-UHFFFAOYSA-N	CCC(C)C(N=C(O)C(N)Cc1ccc(O)cc1)C(=O)O	ok	CCC(C)C(NC(=O)C(N)Cc1ccc(O)cc1)C(=O)O	QJKMCQRFHJRIPU-UHFFFAOYSA-N	C15H22N2O4
external	QJWOQBGBEFNYKB-UHFFFAOYSA-N	COc1ccc(C(=O)C(C)N2CCCC2)cc1	ok	COc1ccc(C(=O)C(C)N2CCCC2)cc1	QJWOQBGBEFNYKB-UHFFFAOYSA-N	C14H19NO2
external	QKDHBVNJCZBTMR-UHFFFAOYSA-N	CC1CN(c2cc3c(cc2F)c(=O)c(C(=O)O)cn3-c2ccc(F)cc2F)CCN1	ok	CC1CN(c2cc3c(cc2F)c(=O)c(C(=O)O)cn3-c2ccc(F)cc2F)CCN1	QKDHBVNJCZBTMR-UHFFFAOYSA-N	C21H18F3N3O3
external	QKHMFBKXTNQCTM-UHFFFAOYSA-N	CCOC(=O)C1(c2ccccc2)CCNCC1	ok	CCOC(=O)C1(c2ccccc2)CCNCC1	QKHMFBKXTNQCTM-UHFFFAOYSA-N	C14H19NO2
external	QKIWQBLNTSQOLY-UHFFFAOYSA-N	CCn1ncnc1COc1nn2c(-c3ccccc3F)nnc2cc1C(C)(C)C	ok	CCn1ncnc1COc1nn2c(-c3ccccc3F)nnc2cc1C(C)(C)C	QKIWQBLNTSQOLY-UHFFFAOYSA-N	C20H22FN7O
external	QKRAILWBHKPTOP-UHFFFAOYSA-N	CCCCCCCCCCCCCCCCCCCCCC(=O)CC(O)CCC	ok	CCCCCCCCCCCCCCCCCCCCCC(=O)CC(O)CCC	QKRAILWBHKPTOP-UHFFFAOYSA-N	C27H54O2
external	QKSLDSYMZWHPGC-UHFFFAOYSA-N	CC12C(=O)CCC=C1C(=O)CC1C2CCC2(O)C(=O)OC3(C)C4CC5(C)C(COC16OC23C5C6=O)C(=O)O4	ok	CC12C(=O)CCC=C1C(=O)CC1C2CCC2(O)C(=O)OC3(C)C4CC5(C)C(COC16OC23C5C6=O)C(=O)O4	QKSLDSYMZWHPGC-UHFFFAOYSA-N	C28H30O10
external	QLIIKPVHVRXHRI-UHFFFAOYSA-N	CC1CC2C3CCC4=CC(=O)C=CC4(C)C3(Cl)C(O)CC2(C)C1(O)C(=O)CCl	ok	CC1CC2C3CC=C4CC(=O)C=CC4(C)C3(Cl)C(O)CC2(C)C1(O)C(=O)CCl	ADDZRWYKTHEDLJ-UHFFFAOYSA-N	C22H28Cl2O4
external	QMHJFCPHRGVEAF-UHFFFAOYSA-N	CN1CCCCC1CCc1ccccc1NC(=O)c1ccc(O)cc1	ok	CN1CCCCC1CCc1ccccc1NC(=O)c1ccc(O)cc1	QMHJFCPHRGVEAF-UHFFFAOYSA-N	C21H26N2O2
external	QMNFFXRFOJIOKZ-UHFFFAOYSA-N	CC1(C)NC(=N)NC(=N)N1c1ccc(Cl)cc1	ok	CC1(C)N=C(N)N=C(N)N1c1ccc(Cl)cc1	QMNFFXRFOJIOKZ-UHFFFAOYSA-N	C11H14ClN5
external	QMVPMAAFGQKVCJ-UHFFFAOYSA-N	CC(C)=CCCC(C)CCO	ok	CC(C)=CCCC(C)CCO	QMVPMAAFGQKVCJ-UHFFFAOYSA-N	C10H20O
external	QMXHUFVYJLFLRY-UHFFFAOYSA-N	NC(CN[N+](=O)[O-])C(=O)O	ok	NC(CN[N+](=O)[O-])C(=O)O	QMXHUFVYJLFLRY-UHFFFAOYSA-N	C3H7N3O4
external	QNAYBMKLOCPYGJ-UHFFFAOYSA-N	CC(N)C(=O)O	ok	CC(N)C(=O)O	QNAYBMKLOCPYGJ-UHFFFAOYSA-N	C3H7NO2
external	QNDVLZJODHBUFM-UHFFFAOYSA-N	C=C1C(O)C2OC3(CCC(C=CC(C)C4CC(C)=CC5(OC(CC(C)(O)C(=O)O)CCC5O)O4)O3)CCC2OC1C(O)CC(C)C1OC2(CCCCO2)CCC1C	ok	C=C1C(O)C2OC3(CCC(C=CC(C)C4CC(C)=CC5(OC(CC(C)(O)C(=O)O)CCC5O)O4)O3)CCC2OC1C(O)CC(C)C1OC2(CCCCO2)CCC1C	QNDVLZJODHBUFM-UHFFFAOYSA-N	C44H68O13
external	QNMGHBMGNRQPNL-UHFFFAOYSA-N	CN(C)CC(Oc1ccccc1)Oc1ccccc1	ok	CN(C)CC(Oc1ccccc1)Oc1ccccc1	QNMGHBMGNRQPNL-UHFFFAOYSA-N	C16H19NO2
external	QNQZBKQEIFTHFZ-UHFFFAOYSA-N	CCCCCN(CCCOC)C(=O)C(CCC(=O)O)N=C(O)c1ccc(Cl)c(Cl)c1	ok	CCCCCN(CCCOC)C(=O)C(CCC(=O)O)NC(=O)c1ccc(Cl)c(Cl)c1	QNQZBKQEIFTHFZ-UHFFFAOYSA-N	C21H30Cl2N2O5
external	QNZCBYKSOIHPEH-UHFFFAOYSA-N	COc1ccc(-n2nc(C(=N)O)c3c2C(=O)N(c2ccc(N4CCCCC4=O)cc2)CC3)cc1	ok	COc1ccc(-n2nc(C(N)=O)c3c2C(=O)N(c2ccc(N4CCCCC4=O)cc2)CC3)cc1	QNZCBYKSOIHPEH-UHFFFAOYSA-N	C25H25N5O4
external	QOBGWWQAMAPULA-UHFFFAOYSA-N	CN(C)CCOC1(c2ccccc2)CC2CCC1(C)C2(C)C	ok	CN(C)CCOC1(c2ccccc2)CC2CCC1(C)C2(C)C	QOBGWWQAMAPULA-UHFFFAOYSA-N	C20H31NO
external	QOFQTBTZCJVITI-UHFFFAOYSA-N	CN1C(C(O)=Nc2ccccn2)C(=O)c2sc(Cl)cc2S1(=O)=O	ok	CN1C(C(=O)Nc2ccccn2)C(=O)c2sc(Cl)cc2S1(=O)=O	QOFQTBTZCJVITI-UHFFFAOYSA-N	C13H10ClN3O4S2
external	QOIGKGMMAGJZNZ-UHFFFAOYSA-N	CC1(C)CC(=O)N(CCCCN2CCN(c3ncccn3)CC2)C(=O)C1	ok	CC1(C)CC(=O)N(CCCCN2CCN(c3ncccn3)CC2)C(=O)C1	QOIGKGMMAGJZNZ-UHFFFAOYSA-N	C19H29N5O2
external	QOYHHIBFXOOADH-UHFFFAOYSA-N	OC1=NCN(c2ccccc2)C12CCN(CCCC(c1ccc(F)cc1)c1ccc(F)cc1)CC2	ok	O=C1NCN(c2ccccc2)C12CCN(CCCC(c1ccc(F)cc1)c1ccc(F)cc1)CC2	QOYHHIBFXOOADH-UHFFFAOYSA-N	C29H31F2N3O
external	QPCVHQBVMYCJOM-UHFFFAOYSA-N	CCCOC(C(=O)OC1CCN(C)CC1)(c1ccccc1)c1ccccc1	ok	CCCOC(C(=O)OC1CCN(C)CC1)(c1ccccc1)c1ccccc1	QPCVHQBVMYCJOM-UHFFFAOYSA-N	C23H29NO3
external	QPOLEIZVZGWOJF-UHFFFAOYSA-N	COC(=O)C1=C(C)N=C(C)C(C(=O)OC2CCN(Cc3ccccc3)C2)C1c1cccc([N+](=O)[O-])c1	ok	COC(=O)C1=C(C)N=C(C)C(C(=O)OC2CCN(Cc3ccccc3)C2)C1c1cccc([N+](=O)[O-])c1	QPOLEIZVZGWOJF-UHFFFAOYSA-N	C27H29N3O6
external	QPPBRPIAZZHUNT-UHFFFAOYSA-N	Cc1ccnc(NS(=O)(=O)c2ccc(N)cc2)n1	ok	Cc1ccnc(NS(=O)(=O)c2ccc(N)cc2)n1	QPPBRPIAZZHUNT-UHFFFAOYSA-N	C11H12N4O2S
external	QPUHWUSUBHNZCG-UHFFFAOYSA-N	OC1C=Cc2ccccc2C1O	ok	OC1C=Cc2ccccc2C1O	QPUHWUSUBHNZCG-UHFFFAOYSA-N	C10H10O2
external	QQCSUWGQBREWRO-UHFFFAOYSA-N	Cc1ccccc1C(=O)N1CCC(=NOS(=O)(=O)O)c2ccc(Cl)cc21	ok	Cc1ccccc1C(=O)N1CCC(=NOS(=O)(=O)O)c2ccc(Cl)cc21	QQCSUWGQBREWRO-UHFFFAOYSA-N	C17H15ClN2O5S
external	QQEILXDLZRLTME-UHFFFAOYSA-N	COc1cc2c(CCN=C(C)O)c[nH]c2cc1OS(=O)(=O)O	ok	COc1cc2c(CCNC(C)=O)c[nH]c2cc1OS(=O)(=O)O	QQEILXDLZRLTME-UHFFFAOYSA-N	C13H16N2O6S
external	QQLKULDARVNMAL-UHFFFAOYSA-N	C#Cc1cccc(Nc2ncnc3cc4c(cc23)OCCOCCOCCO4)c1	ok	C#Cc1cccc(Nc2ncnc3cc4c(cc23)OCCOCCOCCO4)c1	QQLKULDARVNMAL-UHFFFAOYSA-N	C22H21N3O4
external	QQMRPVREOTZDMG-UHFFFAOYSA-N	CCCCCCCCCCCCCC=CC(O)C(COC1OC(CO)C(OC2OC(CO)C(OC3OC(CO)C(O)C(O)C3N=C(C)O)C(OC3(C(=O)O)CC(O)C(N=C(C)O)C(C(O)C(CO)OC4(C(=O)O)CC(O)C(N=C(C)O)C(C(O)C(O)CO)O4)O3)C2O)C(O)C1O)N=C(O)CCCCCCCCCCCCCCCCCCCCCCC	ok	CCCCCCCCCCCCCC=CC(O)C(COC1OC(CO)C(OC2OC(CO)C(OC3OC(CO)C(O)C(O)C3NC(C)=O)C(OC3(C(=O)O)CC(O)C(NC(C)=O)C(C(O)C(CO)OC4(C(=O)O)CC(O)C(NC(C)=O)C(C(O)C(O)CO)O4)O3)C2O)C(O)C1O)NC(=O)CCCCCCCCCCCCCCCCCCCCCCC	QQMRPVREOTZDMG-UHFFFAOYSA-N	C84H150N4O34
external	QQNJKUVXVNGPSE-UHFFFAOYSA-N	C=CC(C)(CCC=C(C)CCC=C(C)CC=CC(C)C(=O)OC1C(O)C(C)OC(OCC2OC(OC3C(O)C(C)OC(OCC(C)=CCCC(C)=CCCC(C)=CCCC(C)(C=C)OC4OC(CO)C(O)C(O)C4OC4OC(CO)C(O)C(O)C4O)C3O)C(O)C(O)C2O)C1O)OC1OC(CO)C(O)C(O)C1OC1OC(CO)C(O)C(O)C1O	ok	C=CC(C)(CCC=C(C)CCC=C(C)CC=CC(C)C(=O)OC1C(O)C(C)OC(OCC2OC(OC3C(O)C(C)OC(OCC(C)=CCCC(C)=CCCC(C)=CCCC(C)(C=C)OC4OC(CO)C(O)C(O)C4OC4OC(CO)C(O)C(O)C4O)C3O)C(O)C(O)C2O)C1O)OC1OC(CO)C(O)C(O)C1OC1OC(CO)C(O)C(O)C1O	QQNJKUVXVNGPSE-UHFFFAOYSA-N	C82H134O37
external	QQOMYEQLWQJRKK-UHFFFAOYSA-N	CCCC(=O)N(c1ccccc1)C1CCN(CCc2ccccc2)CC1	ok	CCCC(=O)N(c1ccccc1)C1CCN(CCc2ccccc2)CC1	QQOMYEQLWQJRKK-UHFFFAOYSA-N	C23H30N2O
external	QRJJEGAJXVEBNE-UHFFFAOYSA-N	Clc1ccc(CON=C(Cn2ccnc2)c2ccc(Cl)cc2Cl)c(Cl)c1	ok	Clc1ccc(CON=C(Cn2ccnc2)c2ccc(Cl)cc2Cl)c(Cl)c1	QRJJEGAJXVEBNE-UHFFFAOYSA-N	C18H13Cl4N3O
external	QROGIFZRVHSFLM-UHFFFAOYSA-N	CC=Cc1ccccc1	ok	CC=Cc1ccccc1	QROGIFZRVHSFLM-UHFFFAOYSA-N	C9H10
external	QRXRPQPWKRLTQX-UHFFFAOYSA-N	CCCN=C(O)NS(=O)(=O)c1ccc(Cl)cc1O	ok	CCCNC(=O)NS(=O)(=O)c1ccc(Cl)cc1O	QRXRPQPWKRLTQX-UHFFFAOYSA-N	C10H13ClN2O4S
external	QRXWMOHMRWLFEY-UHFFFAOYSA-N	NNC(=O)c1ccncc1	ok	NNC(=O)c1ccncc1	QRXWMOHMRWLFEY-UHFFFAOYSA-N	C6H7N3O
external	QSBRHMSGMHEVKB-UHFFFAOYSA-N	C=CC1(CO)CCC(C(C)(C)OC2OC(CO)C(O)C(O)C2O)O1	ok	C=CC1(CO)CCC(C(C)(C)OC2OC(CO)C(O)C(O)C2O)O1	QSBRHMSGMHEVKB-UHFFFAOYSA-N	C16H28O8
external	QSLMDECMDJKHMQ-UHFFFAOYSA-N	CNCCCC12CCC(c3ccccc31)c1ccccc12	ok	CNCCCC12CCC(c3ccccc31)c1ccccc12	QSLMDECMDJKHMQ-UHFFFAOYSA-N	C20H23N
external	QTBSBXVTEAMEQO-UHFFFAOYSA-N	CC(=O)O	ok	CC(=O)O	QTBSBXVTEAMEQO-UHFFFAOYSA-N	C2H4O2
external	QTGAJCQTLIRCFL-UHFFFAOYSA-N	CCN(CC)CC(=O)Oc1ccc(N=C(C)O)cc1	ok	CCN(CC)CC(=O)Oc1ccc(NC(C)=O)cc1	QTGAJCQTLIRCFL-UHFFFAOYSA-N	C14H20N2O3
external	QTQPVLDZQVPLGV-UHFFFAOYSA-N	CC(CN(C)C)CN1c2ccccc2S(=O)(=O)c2ccccc21	ok	CC(CN(C)C)CN1c2ccccc2S(=O)(=O)c2ccccc21	QTQPVLDZQVPLGV-UHFFFAOYSA-N	C18H22N2O2S
external	QTTNOSKSLATGQB-UHFFFAOYSA-N	O=C(O)CCc1c2[nH]c(c1CC(=O)O)Cc1[nH]c(c(CC(=O)O)c1CCC(=O)O)Cc1[nH]c(c(CC(=O)O)c1CCC(=O)O)Cc1[nH]c(c(CC(=O)O)c1CCC(=O)O)C2	ok	O=C(O)CCc1c2[nH]c(c1CC(=O)O)Cc1[nH]c(c(CC(=O)O)c1CCC(=O)O)Cc1[nH]c(c(CC(=O)O)c1CCC(=O)O)Cc1[nH]c(c(CC(=O)O)c1CCC(=O)O)C2	QTTNOSKSLATGQB-UHFFFAOYSA-N	C40H44N4O16
external	QTTRZHGPGKRAFB-UHFFFAOYSA-N	CCC(=O)C1(C)C(C)CC2C3CCC4=CC(=O)C=CC4(C)C3C(O)CC21C	ok	CCC(=O)C1(C)C(C)CC2C3CC=C4CC(=O)C=CC4(C)C3C(O)CC21C	WJRIHWQHXZEYMP-UHFFFAOYSA-N	C24H34O3
external	QTZXSYBVOSXBEJ-UHFFFAOYSA-N	CSCCC(N)C(O)=NC(CC(=O)O)C(=O)O	ok	CSCCC(N)C(=O)NC(CC(=O)O)C(=O)O	QTZXSYBVOSXBEJ-UHFFFAOYSA-N	C9H16N2O5S
external	QUIJNHUBAXPXFS-UHFFFAOYSA-N	COc1nc2ccc(Br)cc2cc1C(c1ccccc1)C(O)(CCN(C)C)c1cccc2ccccc12	ok	COc1nc2ccc(Br)cc2cc1C(c1ccccc1)C(O)(CCN(C)C)c1cccc2ccccc12	QUIJNHUBAXPXFS-UHFFFAOYSA-N	C32H31BrN2O2
external	QUNWUDVFRNGTCO-UHFFFAOYSA-N	Cn1c(O)nc2ncn(C)c2c1=O	ok	Cn1c(=O)[nH]c2ncn(C)c2c1=O	QUNWUDVFRNGTCO-UHFFFAOYSA-N	C7H8N4O2
external	QUSSPXNPULRXKG-UHFFFAOYSA-N	COc1cc2ccc1Oc1cc(ccc1O)CCC(=O)CCCC2	ok	COc1cc2ccc1Oc1cc(ccc1O)CCC(=O)CCCC2	QUSSPXNPULRXKG-UHFFFAOYSA-N	C20H22O4
external	QUXNYZHQBWMPNX-UHFFFAOYSA-N	O=C(O)c1cc(O)c(O)c(OC(=O)c2cc(O)c(O)c(OC(=O)c3cc(O)c(O)c(O)c3)c2)c1	tautomer_MaxTransformsReached			C21H14O13
external	QVWRWMJXTWVRCW-UHFFFAOYSA-N	COc1cc(C=CC(=O)OC2CC3(C)C(CCC4(C)C3CC=C3C5C(C)C(C)CCC5(C(=O)O)CCC34C)C(C)(C)C2O)ccc1O	ok	COc1cc(C=CC(=O)OC2CC3(C)C(CCC4(C)C3CC=C3C5C(C)C(C)CCC5(C(=O)O)CCC34C)C(C)(C)C2O)ccc1O	QVWRWMJXTWVRCW-UHFFFAOYSA-N	C40H56O7
external	QVYRGXJJSLMXQH-UHFFFAOYSA-N	Cc1ccccc1C(OCCN(C)C)c1ccccc1	ok	Cc1ccccc1C(OCCN(C)C)c1ccccc1	QVYRGXJJSLMXQH-UHFFFAOYSA-N	C18H23NO
external	QVZKZDOWTVQTPL-UHFFFAOYSA-N	CC(C)C(N)C(=O)N1CCCC1C(O)=NCC(=O)N1CCCC1C(O)=NC(CCCNC(=N)N)C(=O)O	tautomer_MaxTransformsReached			C23H40N8O6
external	QWAXKHKRTORLEM-UHFFFAOYSA-N	CC(C)(C)N=C(O)C1CC2CCCCC2CN1CC(O)C(Cc1ccccc1)N=C(O)C(CC(=N)O)NC(=O)c1ccc2ccccc2n1	ok	CC(C)(C)NC(=O)C1CC2CCCCC2CN1CC(O)C(Cc1ccccc1)NC(=O)C(CC(N)=O)NC(=O)c1ccc2ccccc2n1	QWAXKHKRTORLEM-UHFFFAOYSA-N	C38H50N6O5
external	QWAZWXOCSOFIPS-UHFFFAOYSA-N	O=c1cc(-c2ccc(O)c(O)c2)oc2cc(O)c(C3OC(CO)C(O)C(O)C3OC3OC(CO)C(O)C(O)C3O)c(O)c12	tautomer_MaxTransformsReached			C27H30O16
external	QWBBPBRQALCEIZ-UHFFFAOYSA-N	Cc1cccc(O)c1C	ok	Cc1cccc(O)c1C	QWBBPBRQALCEIZ-UHFFFAOYSA-N	C8H10O
external	QWCJHSGMANYXCW-UHFFFAOYSA-N	Nc1ccc(S(=O)(=O)Nc2ccnn2-c2ccccc2)cc1	ok	Nc1ccc(S(=O)(=O)Nc2ccnn2-c2ccccc2)cc1	QWCJHSGMANYXCW-UHFFFAOYSA-N	C15H14N4O2S
external	QWCRAEMEVRGPNT-UHFFFAOYSA-N	O=C1CC2(CCCC2)CC(=O)N1CCCCN1CCN(c2ncccn2)CC1	ok	O=C1CC2(CCCC2)CC(=O)N1CCCCN1CCN(c2ncccn2)CC1	QWCRAEMEVRGPNT-UHFFFAOYSA-N	C21H31N5O2
external	QWGDMFLQWFTERH-UHFFFAOYSA-N	Clc1ccc2c(c1)C(N1CCNCC1)=Nc1ccccc1O2	ok	Clc1ccc2c(c1)C(N1CCNCC1)=Nc1ccccc1O2	QWGDMFLQWFTERH-UHFFFAOYSA-N	C17H16ClN3O
external	QXDHYSHOINNEAZ-UHFFFAOYSA-N	C=C(CCC(C)C1CCC2C3CC=C4CC(O)CCC4(C)C3CCC12C)C(C)(C)C	ok	C=C(CCC(C)C1CCC2C3CC=C4CC(O)CCC4(C)C3CCC12C)C(C)(C)C	QXDHYSHOINNEAZ-UHFFFAOYSA-N	C29H48O
external	QXHHHPZILQDDPS-UHFFFAOYSA-N	Clc1ccc(C(Cn2ccnc2)OCc2ccsc2Cl)c(Cl)c1	ok	Clc1ccc(C(Cn2ccnc2)OCc2ccsc2Cl)c(Cl)c1	QXHHHPZILQDDPS-UHFFFAOYSA-N	C16H13Cl3N2OS
external	QXKHYNVANLEOEG-UHFFFAOYSA-N	COc1c2occc2cc2ccc(=O)oc12	ok	COc1c2occc2cc2ccc(=O)oc12	QXKHYNVANLEOEG-UHFFFAOYSA-N	C12H8O4
external	QXKJWHWUDVQATH-UHFFFAOYSA-N	CCC1(c2ccncc2)CCC(O)=NC1=O	ok	CCC1(c2ccncc2)CCC(=O)NC1=O	QXKJWHWUDVQATH-UHFFFAOYSA-N	C12H14N2O2
external	QXUSBVUVNRNHFU-UHFFFAOYSA-N	Oc1cc2c(s1)CCN(Cc1ccccc1Cl)C2	ok	Oc1cc2c(s1)CCN(Cc1ccccc1Cl)C2	QXUSBVUVNRNHFU-UHFFFAOYSA-N	C14H14ClNOS
external	QXWZQTURMXZVHJ-UHFFFAOYSA-N	CC(C)N(CCCCOCC(O)=NS(C)(=O)=O)c1cnc(-c2ccccc2)c(-c2ccccc2)n1	ok	CC(C)N(CCCCOCC(=O)NS(C)(=O)=O)c1cnc(-c2ccccc2)c(-c2ccccc2)n1	QXWZQTURMXZVHJ-UHFFFAOYSA-N	C26H32N4O4S
external	QXXDOTRDVRYWCT-UHFFFAOYSA-N	CCCCCCCCCCC(O)C1CCC(COCCCCCCCCCCCCCCCCc2cc(C)oc2O)O1	ok	CCCCCCCCCCC(O)C1CCC(COCCCCCCCCCCCCCCCCc2cc(C)oc2O)O1	QXXDOTRDVRYWCT-UHFFFAOYSA-N	C37H68O5
external	QYITWZRZMMUYMO-UHFFFAOYSA-N	CC(CCC1(O)OC2CC3C4CC(O)C5CC(OC6OC(CO)C(OC7OC(CO)C(O)C(OC8OC(CO)C(O)C(O)C8O)C7OC7OC(CO)C(O)C(OC8OC(CO)C(O)C(O)C8O)C7O)C(O)C6O)CCC5(C)C4CCC3(C)C2C1C)COC1OC(CO)C(O)C(O)C1O	ok	CC(CCC1(O)OC2CC3C4CC(O)C5CC(OC6OC(CO)C(OC7OC(CO)C(O)C(OC8OC(CO)C(O)C(O)C8O)C7OC7OC(CO)C(O)C(OC8OC(CO)C(O)C(O)C8O)C7O)C(O)C6O)CCC5(C)C4CCC3(C)C2C1C)COC1OC(CO)C(O)C(O)C1O	QYITWZRZMMUYMO-UHFFFAOYSA-N	C63H106O35
external	QYIXCDOBOSTCEI-UHFFFAOYSA-N	CC(C)CCCC(C)C1CCC2C3CCC4CC(O)CCC4(C)C3CCC12C	ok	CC(C)CCCC(C)C1CCC2C3CCC4CC(O)CCC4(C)C3CCC12C	QYIXCDOBOSTCEI-UHFFFAOYSA-N	C27H48O
external	QYJZSRPZFKAVGF-UHFFFAOYSA-N	CC(O)Nc1c(C(O)C(O)CO)oc(C(=O)O)cc1=NC(N)N	ok	CC(O)Nc1c(C(O)C(O)CO)oc(C(=O)O)cc1=NC(N)N	QYJZSRPZFKAVGF-UHFFFAOYSA-N	C12H20N4O7
external	QYMDEOQLJUUNOF-UHFFFAOYSA-N	COc1ccc2[nH]c3c(c2c1)CCNC3	ok	COc1ccc2[nH]c3c(c2c1)CCNC3	QYMDEOQLJUUNOF-UHFFFAOYSA-N	C12H14N2O
external	QYOZAXQSDUAPDS-UHFFFAOYSA-N	CCCCCCCCC=CCCCCCCCCCCO	ok	CCCCCCCCC=CCCCCCCCCCCO	QYOZAXQSDUAPDS-UHFFFAOYSA-N	C20H40O
external	QYPPJABKJHAVHS-UHFFFAOYSA-N	N=C(N)NCCCCN	ok	N=C(N)NCCCCN	QYPPJABKJHAVHS-UHFFFAOYSA-N	C5H14N4
external	QYSGYZVSCZSLHT-UHFFFAOYSA-N	FC(F)(F)C(F)(F)C(F)(F)F	ok	FC(F)(F)C(F)(F)C(F)(F)F	QYSGYZVSCZSLHT-UHFFFAOYSA-N	C3F8
external	QYSPLQLAKJAUJT-UHFFFAOYSA-N	CN1C(C(O)=Nc2ccccn2)=C(O)c2ccccc2S1(=O)=O	ok	CN1C(C(=O)Nc2ccccn2)C(=O)c2ccccc2S1(=O)=O	MNSCVRXKDINXEY-UHFFFAOYSA-N	C15H13N3O4S
external	QYSXJUFSXHHAJI-UHFFFAOYSA-N	C=C1CCC(O)CC1=CC=C1CCCC2(C)C1CCC2C(C)CCCC(C)C	ok	C=C1CCC(O)CC1=CC=C1CCCC2(C)C1CCC2C(C)CCCC(C)C	QYSXJUFSXHHAJI-UHFFFAOYSA-N	C27H44O
external	QZAYGJVTTNCVMB-UHFFFAOYSA-N	NCCc1c[nH]c2ccc(O)cc12	ok	NCCc1c[nH]c2ccc(O)cc12	QZAYGJVTTNCVMB-UHFFFAOYSA-N	C10H12N2O
external	QZIQORUGXBPDSU-UHFFFAOYSA-N	C[N+](C)([O-])CCCN1c2ccccc2CCc2ccccc21	ok	C[N+](C)([O-])CCCN1c2ccccc2CCc2ccccc21	QZIQORUGXBPDSU-UHFFFAOYSA-N	C19H24N2O
external	QZSAERKVAUQMGV-UHFFFAOYSA-N	COC1=CCC2C(CN(C)C)=CC(=O)OC2=C1	ok	COC1=CCC2C(CN(C)C)=CC(=O)OC2=C1	QZSAERKVAUQMGV-UHFFFAOYSA-N	C13H17NO3
external	QZUDBNBUXVUHMW-UHFFFAOYSA-N	CN1CCN(C2=Nc3cc(Cl)ccc3Nc3ccccc32)CC1	ok	CN1CCN(C2=Nc3cc(Cl)ccc3Nc3ccccc32)CC1	QZUDBNBUXVUHMW-UHFFFAOYSA-N	C18H19ClN4
external	QZVCTJOXCFMACW-UHFFFAOYSA-N	CC(COc1ccccc1)N(CCCl)Cc1ccccc1	ok	CC(COc1ccccc1)N(CCCl)Cc1ccccc1	QZVCTJOXCFMACW-UHFFFAOYSA-N	C18H22ClNO
external	QZVNQOLPLYWLHQ-UHFFFAOYSA-N	COC(=O)C1=C(C)NC(C)=C(C(=O)OC2CCCN(Cc3ccccc3)C2)C1c1cccc([N+](=O)[O-])c1	ok	COC(=O)C1=C(C)N=C(C)C(C(=O)OC2CCCN(Cc3ccccc3)C2)C1c1cccc([N+](=O)[O-])c1	JEEWYTNVHFSNBZ-UHFFFAOYSA-N	C28H31N3O6
external	QZYNWJQFTJXIRN-UHFFFAOYSA-N	Clc1cc(Cl)c(Cl)c(Cl)c1	ok	Clc1cc(Cl)c(Cl)c(Cl)c1	QZYNWJQFTJXIRN-UHFFFAOYSA-N	C6H2Cl4
external	QZZUEBNBZAPZLX-UHFFFAOYSA-N	CCc1cc2c(cc1CC)CC(NCC(O)c1ccc(O)c3nc(O)ccc13)C2	ok	CCc1cc2c(cc1CC)CC(NCC(O)c1ccc(O)c3[nH]c(=O)ccc13)C2	QZZUEBNBZAPZLX-UHFFFAOYSA-N	C24H28N2O3
external	QZZXXWCIDSHZEF-UHFFFAOYSA-N	CC1CC2C3CC(F)=C4CC(=O)C=CC4(C)C3(F)C(O)CC2(C)C1(O)C(=O)SCF	ok	CC1CC2C3CC(F)=C4CC(=O)C=CC4(C)C3(F)C(O)CC2(C)C1(O)C(=O)SCF	QZZXXWCIDSHZEF-UHFFFAOYSA-N	C22H27F3O4S
external	RADRBZBLNXVQEU-UHFFFAOYSA-N	Cc1c(C)c(O)c(C(=CCCCCC(=O)O)c2ccccc2)c(C)c1O	ok	Cc1c(C)c(O)c(C(=CCCCCC(=O)O)c2ccccc2)c(C)c1O	RADRBZBLNXVQEU-UHFFFAOYSA-N	C22H26O4
external	RAFZYSUICBQABU-UHFFFAOYSA-N	CC(=CC=O)CCCC(C)CCCC(C)CCCC(C)C	ok	CC(=CC=O)CCCC(C)CCCC(C)CCCC(C)C	RAFZYSUICBQABU-UHFFFAOYSA-N	C20H38O
external	RAGOYPUPXAKGKH-UHFFFAOYSA-N	CCC(C(C)O)n1ncn(-c2ccc(N3CCN(c4ccc(OCC5COC(Cn6cncn6)(c6ccc(F)cc6F)C5)cc4)CC3)cc2)c1=O	ok	CCC(C(C)O)n1ncn(-c2ccc(N3CCN(c4ccc(OCC5COC(Cn6cncn6)(c6ccc(F)cc6F)C5)cc4)CC3)cc2)c1=O	RAGOYPUPXAKGKH-UHFFFAOYSA-N	C37H42F2N8O4
external	RAPZEAPATHNIPO-UHFFFAOYSA-N	Cc1nc2n(c(=O)c1CCN1CCC(c3noc4cc(F)ccc34)CC1)CCCC2	ok	Cc1nc2n(c(=O)c1CCN1CCC(c3noc4cc(F)ccc34)CC1)CCCC2	RAPZEAPATHNIPO-UHFFFAOYSA-N	C23H27FN4O2
external	RAXXELZNTBOGNW-UHFFFAOYSA-N	c1c[nH]cn1	ok	c1c[nH]cn1	RAXXELZNTBOGNW-UHFFFAOYSA-N	C3H4N2
external	RBAWEGYJSDPEHX-UHFFFAOYSA-O	C[N+](C)(C)CCOP(=O)(O)OCC(COC=O)OC=O	ok	C[N+](C)(C)CCOP(=O)(O)OCC(COC=O)OC=O	RBAWEGYJSDPEHX-UHFFFAOYSA-O	C10H21NO8P+
external	RBKASMJPSJDQKY-UHFFFAOYSA-N	CC1CC2C3CCC4=CC(=O)C=CC4(C)C3=CCC2(C)C1C(=O)CN1CCN(c2cc(N3CCCC3)nc(N3CCCC3)n2)CC1	ok	CC1CC2C3CC=C4CC(=O)C=CC4(C)C3=CCC2(C)C1C(=O)CN1CCN(c2cc(N3CCCC3)nc(N3CCCC3)n2)CC1	NSTCAXPRTTYSFG-UHFFFAOYSA-N	C38H52N6O2
external	RBOXVHNMENFORY-UHFFFAOYSA-N	COc1ccc2c3c1OC1C(O)CCC4C(C2)N(C)CCC341	ok	COc1ccc2c3c1OC1C(O)CCC4C(C2)N(C)CCC341	RBOXVHNMENFORY-UHFFFAOYSA-N	C18H23NO3
external	RBQOQRRFDPXAGN-UHFFFAOYSA-N	CCCn1cnc2c1c(=O)n(CCCCC(C)=O)c(=O)n2C	ok	CCCn1cnc2c1c(=O)n(CCCCC(C)=O)c(=O)n2C	RBQOQRRFDPXAGN-UHFFFAOYSA-N	C15H22N4O3
external	RBTUMRCMWWEVRS-UHFFFAOYSA-N	CCCCC=CCC(=O)OC(CCC(=O)[O-])[N+](C)(C)C	ok	CCCCC=CCC(=O)OC(CCC(=O)[O-])[N+](C)(C)C	RBTUMRCMWWEVRS-UHFFFAOYSA-N	C15H27NO4
external	RCBSXXKUUVVZGA-UHFFFAOYSA-N	CC=C(C)C(=O)OC1=C2C(C)C(=O)OC2(OC)CC2CCC(OC(=O)C=CSC)C(C)C12C	ok	CC=C(C)C(=O)OC1=C2C(C)C(=O)OC2(OC)CC2CCC(OC(=O)C=CSC)C(C)C12C	RCBSXXKUUVVZGA-UHFFFAOYSA-N	C25H34O7S
external	RCFJDVCRANOZEL-UHFFFAOYSA-N	CC(=O)C1(O)CCC2C3CC=C4CC(=O)CCC4(C)C3CCC21C	ok	CC(=O)C1(O)CCC2C3CC=C4CC(=O)CCC4(C)C3CCC21C	RCFJDVCRANOZEL-UHFFFAOYSA-N	C21H30O3
external	RCFKEIREOSXLET-UHFFFAOYSA-N	Cc1cc(Cl)c(S(N)(=O)=O)cc1S(N)(=O)=O	ok	Cc1cc(Cl)c(S(N)(=O)=O)cc1S(N)(=O)=O	RCFKEIREOSXLET-UHFFFAOYSA-N	C7H9ClN2O4S2
external	RCINICONZNJXQF-UHFFFAOYSA-N	CC(=O)OC1C(=O)C2(C)C(O)CC3OCC3(OC(C)=O)C2C(OC(=O)c2ccccc2)C2(O)CC(OC(=O)C(O)C(N=C(O)c3ccccc3)c3ccccc3)C(C)=C1C2(C)C	ok	CC(=O)OC1=C2C(C)C(OC(=O)C(O)C(NC(=O)c3ccccc3)c3ccccc3)CC(O)(C(OC(=O)c3ccccc3)C3C4(OC(C)=O)COC4CC(O)C3(C)C1=O)C2(C)C	NDUAXKHGCJIYEQ-UHFFFAOYSA-N	C47H51NO14
external	RCKMWOKWVGPNJF-UHFFFAOYSA-N	CCN(CC)C(=O)N1CCN(C)CC1	ok	CCN(CC)C(=O)N1CCN(C)CC1	RCKMWOKWVGPNJF-UHFFFAOYSA-N	C10H21N3O
external	RCLLNBVPCJDIPX-UHFFFAOYSA-N	CN(C)S(=O)(=O)CCN=C(O)N(CCCl)N=O	ok	CN(C)S(=O)(=O)CCNC(=O)N(CCCl)N=O	RCLLNBVPCJDIPX-UHFFFAOYSA-N	C7H15ClN4O4S
external	RCMFOCNCKTYXQN-UHFFFAOYSA-N	C=C1C(OC2OC(CO)C(O)C(O)C2O)CC2C(C)C(=O)OC2C2C(=C)CCC12	ok	C=C1C(OC2OC(CO)C(O)C(O)C2O)CC2C(C)C(=O)OC2C2C(=C)CCC12	RCMFOCNCKTYXQN-UHFFFAOYSA-N	C21H30O8
external	RCOWGILQXUPXEW-UHFFFAOYSA-N	CN(C)c1ccc(C2CC3(C)C(CCC3(O)C=CCO)C3CCC4=CC(=O)CCC4=C23)cc1	ok	CN(C)c1ccc(C2=C3C4=C(CCC3C3CCC(O)(C=CCO)C3(C)C2)CC(=O)CC4)cc1	ZEQYDMUNUYOURN-UHFFFAOYSA-N	C29H37NO3
external	RCTJEXXXCUZPMY-UHFFFAOYSA-N	CC(C)(C)C1CC=C(c2c(O)c(O)c3ccccc3c2O)CC1	ok	CC(C)(C)C1CC=C(c2c(O)c(O)c3ccccc3c2O)CC1	RCTJEXXXCUZPMY-UHFFFAOYSA-N	C20H24O3
external	RDJTWDKSYLLHRW-UHFFFAOYSA-N	CCC(C)c1cc([N+](=O)[O-])cc([N+](=O)[O-])c1OC(C)=O	ok	CCC(C)c1cc([N+](=O)[O-])cc([N+](=O)[O-])c1OC(C)=O	RDJTWDKSYLLHRW-UHFFFAOYSA-N	C12H14N2O6
external	RDJXPXHQENRCNG-UHFFFAOYSA-N	Nc1cc2nc3ccccc3oc-2cc1=O	ok	Nc1cc2nc3ccccc3oc-2cc1=O	RDJXPXHQENRCNG-UHFFFAOYSA-N	C12H8N2O2
external	RDMQPKIDHAFXKA-UHFFFAOYSA-N	CC(CC(=O)CC(C)C1CC(=O)C2(C)C3=C(C(=O)CC12C)C1(C)CCC(O)C(C)(C)C1CC3=O)C(=O)O	ok	CC(CC(=O)CC(C)C1CC(=O)C2(C)C3=C(C(=O)CC12C)C1(C)CCC(O)C(C)(C)C1CC3=O)C(=O)O	RDMQPKIDHAFXKA-UHFFFAOYSA-N	C30H42O7
external	RDOIQAHITMMDAJ-UHFFFAOYSA-N	CN(C)C(=O)C(CCN1CCC(O)(c2ccc(Cl)cc2)CC1)(c1ccccc1)c1ccccc1	ok	CN(C)C(=O)C(CCN1CCC(O)(c2ccc(Cl)cc2)CC1)(c1ccccc1)c1ccccc1	RDOIQAHITMMDAJ-UHFFFAOYSA-N	C29H33ClN2O2
external	RDSYZBZVCGNHLV-UHFFFAOYSA-N	CC(C)(O)C=CCC(C)(O)C1C(=O)CC2(COC3OC(COC4OCC(O)C(O)C4O)C(O)C(O)C3O)C1CCC1C3(C)CCC(OC4OCC(O)C(O)C4O)C(C)(C)C3CCC12C	ok	CC(C)(O)C=CCC(C)(O)C1C(=O)CC2(COC3OC(COC4OCC(O)C(O)C4O)C(O)C(O)C3O)C1CCC1C3(C)CCC(OC4OCC(O)C(O)C4O)C(C)(C)C3CCC12C	RDSYZBZVCGNHLV-UHFFFAOYSA-N	C46H76O18
external	RDVXUHOSYIBGBT-UHFFFAOYSA-N	CCC(c1ccc(O)c(F)c1)C(C)c1ccc(O)c(F)c1	ok	CCC(c1ccc(O)c(F)c1)C(C)c1ccc(O)c(F)c1	RDVXUHOSYIBGBT-UHFFFAOYSA-N	C17H18F2O2
external	RDYMFSUJUZBWLH-UHFFFAOYSA-N	O=S1OCC2C(CO1)C1(Cl)C(Cl)=C(Cl)C2(Cl)C1(Cl)Cl	ok	O=S1OCC2C(CO1)C1(Cl)C(Cl)=C(Cl)C2(Cl)C1(Cl)Cl	RDYMFSUJUZBWLH-UHFFFAOYSA-N	C9H6Cl6O3S
external	RDZNZFGKEVDNPK-UHFFFAOYSA-N	CC(O)=Nc1c(N=CO)nc(O)n(C)c1=O	ok	CC(=O)Nc1c(NC=O)[nH]c(=O)n(C)c1=O	RDZNZFGKEVDNPK-UHFFFAOYSA-N	C8H10N4O4
external	REFJWTPEDVJJIY-UHFFFAOYSA-N	O=c1c(O)c(-c2ccc(O)c(O)c2)oc2cc(O)cc(O)c12	tautomer_MaxTransformsReached			C15H10O7
external	REIPDEIPEOYEDO-UHFFFAOYSA-N	CONC(C)Cc1ccccc1	ok	CONC(C)Cc1ccccc1	REIPDEIPEOYEDO-UHFFFAOYSA-N	C10H15NO
external	REPVLJRCJUVQFA-UHFFFAOYSA-N	CC1C(O)CC2CC1C2(C)C	ok	CC1C(O)CC2CC1C2(C)C	REPVLJRCJUVQFA-UHFFFAOYSA-N	C10H18O
external	REQCZEXYDRLIBE-UHFFFAOYSA-N	CCN(CC)CCNC(=O)c1ccc(N)cc1	ok	CCN(CC)CCNC(=O)c1ccc(N)cc1	REQCZEXYDRLIBE-UHFFFAOYSA-N	C13H21N3O
external	RERZNCLIYCABFS-UHFFFAOYSA-N	COc1ccc2c3c([nH]c2c1)C(C)=NCC3	ok	COc1ccc2c3c([nH]c2c1)C(C)=NCC3	RERZNCLIYCABFS-UHFFFAOYSA-N	C13H14N2O
external	RFFLAFLAYFXFSW-UHFFFAOYSA-N	Clc1ccccc1Cl	ok	Clc1ccccc1Cl	RFFLAFLAYFXFSW-UHFFFAOYSA-N	C6H4Cl2
external	RFFOTVCVTJUTAD-UHFFFAOYSA-N	CC(C)C12CCC(C)(CC1)O2	ok	CC(C)C12CCC(C)(CC1)O2	RFFOTVCVTJUTAD-UHFFFAOYSA-N	C10H18O
external	RFHAOTPXVQNOHP-UHFFFAOYSA-N	OC(Cn1cncn1)(Cn1cncn1)c1ccc(F)cc1F	ok	OC(Cn1cncn1)(Cn1cncn1)c1ccc(F)cc1F	RFHAOTPXVQNOHP-UHFFFAOYSA-N	C13H12F2N6O
external	RFKMCNOHBTXSMU-UHFFFAOYSA-N	COC(F)(F)C(Cl)Cl	ok	COC(F)(F)C(Cl)Cl	RFKMCNOHBTXSMU-UHFFFAOYSA-N	C3H4Cl2F2O
external	RGACQXBDYBCJCY-UHFFFAOYSA-N	CCC=CCCOC(=O)CCCCC	ok	CCC=CCCOC(=O)CCCCC	RGACQXBDYBCJCY-UHFFFAOYSA-N	C12H22O2
external	RGCVKNLCSQQDEP-UHFFFAOYSA-N	OCCN1CCN(CCCN2c3ccccc3Sc3ccc(Cl)cc32)CC1	ok	OCCN1CCN(CCCN2c3ccccc3Sc3ccc(Cl)cc32)CC1	RGCVKNLCSQQDEP-UHFFFAOYSA-N	C21H26ClN3OS
external	RGLYKWWBQGJZGM-UHFFFAOYSA-N	CCC(=C(CC)c1ccc(O)cc1)c1ccc(O)cc1	ok	CC=C(c1ccc(O)cc1)C(CC)c1ccc(O)cc1	CEHDRGBLVBQUPH-UHFFFAOYSA-N	C18H20O2
external	RGMPGMYEOQNLRJ-UHFFFAOYSA-N	CCC(=O)OC1CC(=O)OC(C)CC=CC=CC(OC(C)=O)C(C)CC(CC=O)C(OC2OC(C)C(OC3CC(C)(O)C(O)C(C)O3)C(N(C)C)C2O)C1OC	ok	CCC(=O)OC1CC(=O)OC(C)CC=CC=CC(OC(C)=O)C(C)CC(CC=O)C(OC2OC(C)C(OC3CC(C)(O)C(O)C(C)O3)C(N(C)C)C2O)C1OC	RGMPGMYEOQNLRJ-UHFFFAOYSA-N	C40H65NO15
external	RGRYQUWGSJPMMK-UHFFFAOYSA-N	C=C(C)C1CCC(C)C23CCC(C)C2(C1)O3	ok	C=C(C)C1CCC(C)C23CCC(C)C2(C1)O3	RGRYQUWGSJPMMK-UHFFFAOYSA-N	C15H24O
external	RHJLQMVZXQKJKB-UHFFFAOYSA-N	CN1CCN(C(O)=NC(Cc2ccccc2)C(O)=NC(C=CS(=O)(=O)c2ccccc2)CCc2ccccc2)CC1	ok	CN1CCN(C(=O)NC(Cc2ccccc2)C(=O)NC(C=CS(=O)(=O)c2ccccc2)CCc2ccccc2)CC1	RHJLQMVZXQKJKB-UHFFFAOYSA-N	C32H38N4O4S
external	RHQDFWAXVIIEBN-UHFFFAOYSA-N	OCC(F)(F)F	ok	OCC(F)(F)F	RHQDFWAXVIIEBN-UHFFFAOYSA-N	C2H3F3O
external	RHWJWILQFJTFLH-UHFFFAOYSA-N	CCOc1ccc2c(Cl)cc(=O)oc2c1	ok	CCOc1ccc2c(Cl)cc(=O)oc2c1	RHWJWILQFJTFLH-UHFFFAOYSA-N	C11H9ClO3
external	RHWKPHLQXYSBKR-UHFFFAOYSA-N	CC1CCOC2Cn3cc(C(O)=NCc4ccc(F)cc4F)c(=O)c(O)c3C(=O)N12	ok	CC1CCOC2Cn3cc(C(=O)NCc4ccc(F)cc4F)c(=O)c(O)c3C(=O)N12	RHWKPHLQXYSBKR-UHFFFAOYSA-N	C20H19F2N3O5
external	RHXHGRAEPCAFML-UHFFFAOYSA-N	CN(C)C(=O)c1cc2c[nH]c(=Nc3ccc(N4CCNCC4)cn3)nc2n1C1CCCC1	ok	CN(C)C(=O)c1cc2cnc(Nc3ccc(N4CCNCC4)cn3)nc2n1C1CCCC1	RHXHGRAEPCAFML-UHFFFAOYSA-N	C23H30N8O
external	RIKMMFOAQPJVMX-UHFFFAOYSA-N	Cc1cn[nH]c1	ok	Cc1cn[nH]c1	RIKMMFOAQPJVMX-UHFFFAOYSA-N	C4H6N2
external	RIOSBTRTZGOASU-UHFFFAOYSA-N	CCC=CC#CC(O)c1ccc(C=CC(=O)OC)o1	ok	CCC=CC#CC(O)c1ccc(C=CC(=O)OC)o1	RIOSBTRTZGOASU-UHFFFAOYSA-N	C15H16O4
external	RITAVMQDGBJQJZ-UHFFFAOYSA-N	CN=C(O)c1ccccc1Sc1ccc2c(C=Cc3ccccn3)[nH]nc2c1	ok	CNC(=O)c1ccccc1Sc1ccc2c(C=Cc3ccccn3)[nH]nc2c1	RITAVMQDGBJQJZ-UHFFFAOYSA-N	C22H18N4OS
external	RITKHVBHSGLULN-UHFFFAOYSA-N	NC(CCC(O)=NC(CS)C(=O)O)C(=O)O	ok	NC(CCC(=O)NC(CS)C(=O)O)C(=O)O	RITKHVBHSGLULN-UHFFFAOYSA-N	C8H14N2O5S
external	RIVQQZVHIVNQFH-UHFFFAOYSA-N	CC(C)CCCC(C)C1CCC2C3C(O)CC4CC(O)CCC4(C)C3CC(O)C12C	ok	CC(C)CCCC(C)C1CCC2C3C(O)CC4CC(O)CCC4(C)C3CC(O)C12C	RIVQQZVHIVNQFH-UHFFFAOYSA-N	C27H48O3
external	RJKFOVLPORLFTN-UHFFFAOYSA-N	CC(=O)C1CCC2C3CCC4=CC(=O)CCC4(C)C3CCC12C	ok	CC(=O)C1CCC2C3CC=C4CC(=O)CCC4(C)C3CCC12C	MNRHZPCIEGLWGK-UHFFFAOYSA-N	C21H30O2
external	RJMUSRYZPJIFPJ-UHFFFAOYSA-N	O=[N+]([O-])c1ccc(N=C(O)c2cc(Cl)ccc2O)c(Cl)c1	ok	O=C(Nc1ccc([N+](=O)[O-])cc1Cl)c1cc(Cl)ccc1O	RJMUSRYZPJIFPJ-UHFFFAOYSA-N	C13H8Cl2N2O4
external	RJNJFKDVPIFVPQ-UHFFFAOYSA-N	C=C1C(OC(=O)CC(C)C)CC(C(C)C)C2C1CC(=O)C2C(C)O	ok	C=C1C(OC(=O)CC(C)C)CC(C(C)C)C2C1CC(=O)C2C(C)O	RJNJFKDVPIFVPQ-UHFFFAOYSA-N	C20H32O4
external	RJWNCDOWHNLVPF-UHFFFAOYSA-N	CC12CCC3C(CCC4C=CCCC43C)C1CCC2=O	ok	CC12CCC3C(CCC4C=CCCC43C)C1CCC2=O	RJWNCDOWHNLVPF-UHFFFAOYSA-N	C19H28O
external	RJYQLMILDVERHH-UHFFFAOYSA-N	CC(O)CCC(=O)c1ccoc1	ok	CC(O)CCC(=O)c1ccoc1	RJYQLMILDVERHH-UHFFFAOYSA-N	C9H12O3
external	RKDWVYHBXWADKI-UHFFFAOYSA-N	C=C1CC23CC1C(O)CC2C1(C)CCC(O)C(C)(C(=O)O)C1C3C(=O)O	ok	C=C1CC23CC1C(O)CC2C1(C)CCC(O)C(C)(C(=O)O)C1C3C(=O)O	RKDWVYHBXWADKI-UHFFFAOYSA-N	C20H28O6
external	RKEITGVZZHXKON-UHFFFAOYSA-N	CC1(O)C(O)=NC(=O)N(C2CC(O)C(CO)O2)C1O	ok	CC1(O)C(=O)NC(=O)N(C2CC(O)C(CO)O2)C1O	RKEITGVZZHXKON-UHFFFAOYSA-N	C10H16N2O7
external	RKEWSXXUOLRFBX-UHFFFAOYSA-N	CC(C)COc1ccc(CN=C(O)N(Cc2ccc(F)cc2)C2CCN(C)CC2)cc1	ok	CC(C)COc1ccc(CNC(=O)N(Cc2ccc(F)cc2)C2CCN(C)CC2)cc1	RKEWSXXUOLRFBX-UHFFFAOYSA-N	C25H34FN3O2
external	RKHDKQYMVJXUEM-UHFFFAOYSA-N	CC1=CC2C(=O)OCC2C(O)C2CC(C)(C)CC12	ok	CC1=CC2C(=O)OCC2C(O)C2CC(C)(C)CC12	RKHDKQYMVJXUEM-UHFFFAOYSA-N	C15H22O3
external	RKLNONIVDFXQRX-UHFFFAOYSA-N	O=C(CCCN1CCC(O)(c2ccc(Br)cc2)CC1)c1ccc(F)cc1	ok	O=C(CCCN1CCC(O)(c2ccc(Br)cc2)CC1)c1ccc(F)cc1	RKLNONIVDFXQRX-UHFFFAOYSA-N	C21H23BrFNO2
external	RKWGIWYCVPQPMF-UHFFFAOYSA-N	CCCN=C(O)NS(=O)(=O)c1ccc(Cl)cc1	ok	CCCNC(=O)NS(=O)(=O)c1ccc(Cl)cc1	RKWGIWYCVPQPMF-UHFFFAOYSA-N	C10H13ClN2O3S
external	RLAWWYSOJDYHDC-UHFFFAOYSA-N	NCCCCC(NC(CCc1ccccc1)C(=O)O)C(=O)N1CCCC1C(=O)O	ok	NCCCCC(NC(CCc1ccccc1)C(=O)O)C(=O)N1CCCC1C(=O)O	RLAWWYSOJDYHDC-UHFFFAOYSA-N	C21H31N3O5
external	RLFKILXOLJVUNF-UHFFFAOYSA-N	COCc1c(C(=O)OC(C)C)ncc2[nH]c3ccc(OCc4ccccc4)cc3c12	ok	COCc1c(C(=O)OC(C)C)ncc2[nH]c3ccc(OCc4ccccc4)cc3c12	RLFKILXOLJVUNF-UHFFFAOYSA-N	C24H24N2O4
external	RLLPVAHGXHCWKJ-UHFFFAOYSA-N	CC1(C)C(C=C(Cl)Cl)C1C(=O)OCc1cccc(Oc2ccccc2)c1	ok	CC1(C)C(C=C(Cl)Cl)C1C(=O)OCc1cccc(Oc2ccccc2)c1	RLLPVAHGXHCWKJ-UHFFFAOYSA-N	C21H20Cl2O3
external	RLQDORSASYKBNB-UHFFFAOYSA-N	CCCCCCCCCCCCCC=CC(O)C(COC1OC(CO)C(OC2OC(CO)C(OC3OC(CO)C(O)C(OC4OC(CO)C(O)C(O)C4O)C3CC(C)=O)C(OC3(C(=O)O)CC(O)C(N=C(C)O)C(C(O)C(O)CO)O3)C2O)C(O)C1O)N=C(O)CCCCCCCCCCCCCCCCCCCCCC	ok	CCCCCCCCCCCCCC=CC(O)C(COC1OC(CO)C(OC2OC(CO)C(OC3OC(CO)C(O)C(OC4OC(CO)C(O)C(O)C4O)C3CC(C)=O)C(OC3(C(=O)O)CC(O)C(NC(C)=O)C(C(O)C(O)CO)O3)C2O)C(O)C1O)NC(=O)CCCCCCCCCCCCCCCCCCCCCC	RLQDORSASYKBNB-UHFFFAOYSA-N	C79H142N2O31
external	RLVAVWQAAQFUOP-UHFFFAOYSA-N	CC(=O)OC1CC2C3(C)CCC(OC(=O)CC(=O)O)C(C)(C)C3CCC2(C)C2(C)CCC(C3(C)CCC(C(C)(C)O)O3)C12	ok	CC(=O)OC1CC2C3(C)CCC(OC(=O)CC(=O)O)C(C)(C)C3CCC2(C)C2(C)CCC(C3(C)CCC(C(C)(C)O)O3)C12	RLVAVWQAAQFUOP-UHFFFAOYSA-N	C35H56O8
external	RMMXLENWKUUMAY-UHFFFAOYSA-N	CCCc1nc2c(C)cc(-c3nc4ccccc4n3C)cc2n1Cc1ccc(-c2ccccc2C(=O)O)cc1	ok	CCCc1nc2c(C)cc(-c3nc4ccccc4n3C)cc2n1Cc1ccc(-c2ccccc2C(=O)O)cc1	RMMXLENWKUUMAY-UHFFFAOYSA-N	C33H30N4O2
external	RMMXTBMQSGEXHJ-UHFFFAOYSA-N	Cc1c(N(C)C)c(=O)n(-c2ccccc2)n1C	ok	Cc1c(N(C)C)c(=O)n(-c2ccccc2)n1C	RMMXTBMQSGEXHJ-UHFFFAOYSA-N	C13H17N3O
external	RMRJXGBAOAMLHD-UHFFFAOYSA-N	COC12CCC3(CC1C(C)(O)C(C)(C)C)C1Cc4ccc(O)c5c4C3(CCN1CC1CC1)C2O5	ok	COC12CCC3(CC1C(C)(O)C(C)(C)C)C1Cc4ccc(O)c5c4C3(CCN1CC1CC1)C2O5	RMRJXGBAOAMLHD-UHFFFAOYSA-N	C29H41NO4
external	RMTYNAPTNBJHQI-UHFFFAOYSA-N	Cc1ccc(S(=O)(=O)NC(O)=NC2C3CCC(C)(C2O)C3(C)C)cc1	ok	Cc1ccc(S(=O)(=O)NC(=O)NC2C3CCC(C)(C2O)C3(C)C)cc1	RMTYNAPTNBJHQI-UHFFFAOYSA-N	C18H26N2O4S
external	RMUCZJUITONUFY-UHFFFAOYSA-N	NNCCc1ccccc1	ok	NNCCc1ccccc1	RMUCZJUITONUFY-UHFFFAOYSA-N	C8H12N2
external	RNFNDJAIBTYOQL-UHFFFAOYSA-N	OC(O)C(Cl)(Cl)Cl	ok	OC(O)C(Cl)(Cl)Cl	RNFNDJAIBTYOQL-UHFFFAOYSA-N	C2H3Cl3O2
external	RNFXBUGJWZOUJT-UHFFFAOYSA-N	CCSC(C)CCO	ok	CCSC(C)CCO	RNFXBUGJWZOUJT-UHFFFAOYSA-N	C6H14OS
external	RNKSNIBMTUYWSH-UHFFFAOYSA-N	O=C(O)CN=C(O)C1CCCN1	ok	O=C(O)CNC(=O)C1CCCN1	RNKSNIBMTUYWSH-UHFFFAOYSA-N	C7H12N2O3
external	RNLCXYLHWYFRJX-UHFFFAOYSA-N	CCCCNC(C)Cc1ccc(OC)cc1	ok	CCCCNC(C)Cc1ccc(OC)cc1	RNLCXYLHWYFRJX-UHFFFAOYSA-N	C14H23NO
external	RNMOMKCRCIRYCZ-UHFFFAOYSA-N	CCn1nnc(C2=CCCN(C)C2)n1	ok	CCn1nnc(C2=CCCN(C)C2)n1	RNMOMKCRCIRYCZ-UHFFFAOYSA-N	C9H15N5
external	RNOAOAWBMHREKO-UHFFFAOYSA-N	C=CC(=O)N1CCC(C2CCNc3c(C(N)=O)c(-c4ccc(Oc5ccccc5)cc4)nn32)CC1	ok	C=CC(=O)N1CCC(C2CCNc3c(C(N)=O)c(-c4ccc(Oc5ccccc5)cc4)nn32)CC1	RNOAOAWBMHREKO-UHFFFAOYSA-N	C27H29N5O3
external	RNUCUWWMTTWKAH-UHFFFAOYSA-N	COc1c(O)c(C)c(CC=C(C)CCC=C(C)C)c(O)c1OC	ok	COc1c(O)c(C)c(C=CC(C)CCC=C(C)C)c(O)c1OC	RJUKAZDREBHPDA-UHFFFAOYSA-N	C19H28O4
external	ROBVIMPUHSLWNV-UHFFFAOYSA-N	CCC1(c2ccc(N)cc2)CCC(O)=NC1=O	ok	CCC1(c2ccc(N)cc2)CCC(=O)NC1=O	ROBVIMPUHSLWNV-UHFFFAOYSA-N	C13H16N2O2
external	RONZAEMNMFQXRA-UHFFFAOYSA-N	CN1CCN2c3ncccc3Cc3ccccc3C2C1	ok	CN1CCN2c3ncccc3Cc3ccccc3C2C1	RONZAEMNMFQXRA-UHFFFAOYSA-N	C17H19N3
external	ROPTZEMBZSOFJO-UHFFFAOYSA-N	CCCCCCCCCCCCCC=CC(O)C(COC1OC(CO)C(OC2OC(CO)C(OC3OC(CO)C(O)C(O)C3CC(C)=O)C(OC3(C(=O)O)CC(O)C(N=C(C)O)C(C(O)C(CO)OC4(C(=O)O)CC(O)C(N=C(C)O)C(C(O)C(CO)OC5(C(=O)O)CC(O)C(N=C(C)O)C(C(O)C(O)CO)O5)O4)O3)C2O)C(O)C1O)N=C(O)CCCCCCCCCCCCCCCCCCCCCCC	ok	CCCCCCCCCCCCCC=CC(O)C(COC1OC(CO)C(OC2OC(CO)C(OC3OC(CO)C(O)C(O)C3CC(C)=O)C(OC3(C(=O)O)CC(O)C(NC(C)=O)C(C(O)C(CO)OC4(C(=O)O)CC(O)C(NC(C)=O)C(C(O)C(CO)OC5(C(=O)O)CC(O)C(NC(C)=O)C(C(O)C(O)CO)O5)O4)O3)C2O)C(O)C1O)NC(=O)CCCCCCCCCCCCCCCCCCCCCCC	ROPTZEMBZSOFJO-UHFFFAOYSA-N	C96H168N4O42
external	ROQZUJKOMJECOM-UHFFFAOYSA-N	CC(=O)OC12COC1CC(O)C1(C)C(=O)C(=O)C3C(C)C(OC(=O)C(O)C(N=C(O)OC(C)(C)C)c4ccccc4)CC(O)(C(OC(=O)c4ccccc4)C21)C3(C)C	ok	CC(=O)OC12COC1CC(O)C1(C)C(=O)C(=O)C3C(C)C(OC(=O)C(O)C(NC(=O)OC(C)(C)C)c4ccccc4)CC(O)(C(OC(=O)c4ccccc4)C21)C3(C)C	ROQZUJKOMJECOM-UHFFFAOYSA-N	C43H53NO14
external	RPLCPCMSCLEKRS-UHFFFAOYSA-N	C#CC1(O)CCC2C3CCC4=CCCCC4C3C(=C)CC21CC	ok	C#CC1(O)CCC2C3CCC4=CCCCC4C3C(=C)CC21CC	RPLCPCMSCLEKRS-UHFFFAOYSA-N	C22H30O
external	RPTUSVTUFVMDQK-UHFFFAOYSA-N	NN=c1[nH]ncc2ccccc12	ok	NNc1nncc2ccccc12	RPTUSVTUFVMDQK-UHFFFAOYSA-N	C8H8N4
external	RPYWXZCFYPVCNQ-UHFFFAOYSA-N	COc1ccc(C=C2CCCN=C2c2cccnc2)c(OC)c1	ok	COc1ccc(C=C2CCCN=C2c2cccnc2)c(OC)c1	RPYWXZCFYPVCNQ-UHFFFAOYSA-N	C19H20N2O2
external	RQOSXGWCILNIKB-UHFFFAOYSA-N	CCCCC(CC=O)SC	ok	CCCCC(CC=O)SC	RQOSXGWCILNIKB-UHFFFAOYSA-N	C8H16OS
external	RQTOOFIXOKYGAN-UHFFFAOYSA-N	CCCc1c2oc(C(=O)O)cc(=O)c2cc2c(=O)cc(C(=O)O)n(CC)c12	ok	CCCc1c2oc(C(=O)O)cc(=O)c2cc2c(=O)cc(C(=O)O)n(CC)c12	RQTOOFIXOKYGAN-UHFFFAOYSA-N	C19H17NO7
external	RQVYBGPQFYCBGX-UHFFFAOYSA-N	CCN=c1nc(SC)[nH]c(=NC(C)C)[nH]1	ok	CCNc1nc(NC(C)C)nc(SC)n1	RQVYBGPQFYCBGX-UHFFFAOYSA-N	C9H17N5S
external	RQZAXGRLVPAYTJ-UHFFFAOYSA-N	CC(=O)OC1(C(C)=O)CCC2C3C=C(C)C4=CC(=O)CCC4(C)C3CCC21C	ok	CC(=O)OC1(C(C)=O)CCC2C3=CC(C)=C4CC(=O)CCC4(C)C3CCC21C	IMZOHRNGPZTCSG-UHFFFAOYSA-N	C24H32O4
external	RRAFCDWBNXTKKO-UHFFFAOYSA-N	C=CCc1ccc(O)c(OC)c1	ok	C=CCc1ccc(O)c(OC)c1	RRAFCDWBNXTKKO-UHFFFAOYSA-N	C10H12O2
external	RRGUKTPIGVIEKM-UHFFFAOYSA-N	O=C1CCc2cc(OCCCCc3nnnn3C3CCCCC3)ccc2N1	ok	O=C1CCc2cc(OCCCCc3nnnn3C3CCCCC3)ccc2N1	RRGUKTPIGVIEKM-UHFFFAOYSA-N	C20H27N5O2
external	RRHGJUQNOFWUDK-UHFFFAOYSA-N	C=CC(=C)C	ok	C=CC(=C)C	RRHGJUQNOFWUDK-UHFFFAOYSA-N	C5H8
external	RRJQTGHQFYTZOW-UHFFFAOYSA-N	COc1ccc2c3c1OC1C(OC(C)=O)=CCC4C(C2)N(C)CCC314	ok	COc1ccc2c3c1OC1C(OC(C)=O)=CCC4C(C2)N(C)CCC314	RRJQTGHQFYTZOW-UHFFFAOYSA-N	C20H23NO4
external	RRRUXBQSQLKHEL-UHFFFAOYSA-N	COc1ccc(C(=O)N=c2c(Cl)c[nH]cc2Cl)cc1OC1CCCC1	ok	COc1ccc(C(=O)Nc2c(Cl)cncc2Cl)cc1OC1CCCC1	RRRUXBQSQLKHEL-UHFFFAOYSA-N	C18H18Cl2N2O3
external	RRTVVRIFVKKTJK-UHFFFAOYSA-N	O=C1CC(O)=Nc2ccc(Cl)cc2N1c1ccccc1	ok	O=C1CC(=O)N(c2ccccc2)c2cc(Cl)ccc2N1	RRTVVRIFVKKTJK-UHFFFAOYSA-N	C15H11ClN2O2
external	RRVLNNMINXAIKC-UHFFFAOYSA-N	CC(CCC(=O)O)C1CCC2C3C(OS(=O)(=O)O)CC4CC(O)CCC4(C)C3CC(O)C12C	ok	CC(CCC(=O)O)C1CCC2C3C(OS(=O)(=O)O)CC4CC(O)CCC4(C)C3CC(O)C12C	RRVLNNMINXAIKC-UHFFFAOYSA-N	C24H40O8S
external	RRVYBPVLSILURP-UHFFFAOYSA-N	CCC1CCC(=O)C1=O	ok	CCC1CCC(=O)C1=O	RRVYBPVLSILURP-UHFFFAOYSA-N	C7H10O2
external	RRWFUAMYULSWAG-UHFFFAOYSA-N	CCCCCCC=[N+](O)O	ok	CCCCCCC=[N+](O)O	RRWFUAMYULSWAG-UHFFFAOYSA-N	C7H16NO2+
external	RRZWAMPDGRWRPF-UHFFFAOYSA-N	CC(=O)CC(c1ccc(O)cc1)c1c(O)c2ccccc2oc1=O	ok	CC(=O)CC(c1ccc(O)cc1)c1c(O)c2ccccc2oc1=O	RRZWAMPDGRWRPF-UHFFFAOYSA-N	C19H16O5
external	RSEPBGGWRJCQGY-UHFFFAOYSA-N	CCCCC(=O)OC1CCC2C3CCc4cc(O)ccc4C3CCC12C	ok	CCCCC(=O)OC1CCC2C3CCc4cc(O)ccc4C3CCC12C	RSEPBGGWRJCQGY-UHFFFAOYSA-N	C23H32O3
external	RSIHSRDYCUFFLA-UHFFFAOYSA-N	CC12C=CC(=O)C=C1CCC1C2CCC2(C)C(O)CCC12	ok	CC12C=CC(=O)C=C1CCC1C2CCC2(C)C(O)CCC12	RSIHSRDYCUFFLA-UHFFFAOYSA-N	C19H26O2
external	RSWOJTICKMKTER-UHFFFAOYSA-N	CNCC(=O)OCc1cccnc1N(C)C(=O)OC(C)[n+]1cnn(CC(O)(c2cc(F)ccc2F)C(C)c2nc(-c3ccc(C#N)cc3)cs2)c1	ok	CNCC(=O)OCc1cccnc1N(C)C(=O)OC(C)[n+]1cnn(CC(O)(c2cc(F)ccc2F)C(C)c2nc(-c3ccc(C#N)cc3)cs2)c1	RSWOJTICKMKTER-UHFFFAOYSA-N	C35H35F2N8O5S+
external	RSXBEVMDACDZRB-UHFFFAOYSA-N	O=C(O)CCC(=NO)C(=O)O	ok	O=C(O)CCC(=NO)C(=O)O	RSXBEVMDACDZRB-UHFFFAOYSA-N	C5H7NO5
external	RTDCJKARQCRONF-UHFFFAOYSA-N	CCN(C)N=O	ok	CCN(C)N=O	RTDCJKARQCRONF-UHFFFAOYSA-N	C3H8N2O
external	RTGDFNSFWBGLEC-UHFFFAOYSA-N	COc1c(C)c2c(c(O)c1CC=C(C)CCC(=O)OCCN1CCOCC1)C(=O)OC2	ok	COc1c(C)c2c(c(O)c1CC=C(C)CCC(=O)OCCN1CCOCC1)C(=O)OC2	RTGDFNSFWBGLEC-UHFFFAOYSA-N	C23H31NO7
external	RTHCYVBBDHJXIQ-UHFFFAOYSA-N	CNCCC(Oc1ccc(C(F)(F)F)cc1)c1ccccc1	ok	CNCCC(Oc1ccc(C(F)(F)F)cc1)c1ccccc1	RTHCYVBBDHJXIQ-UHFFFAOYSA-N	C17H18F3NO
external	RTUZVPPGTJRELI-UHFFFAOYSA-N	Cc1c(F)c(N)c2c(=O)cc(-c3ccc(N)c(F)c3)oc2c1F	ok	Cc1c(F)c(N)c2c(=O)cc(-c3ccc(N)c(F)c3)oc2c1F	RTUZVPPGTJRELI-UHFFFAOYSA-N	C16H11F3N2O2
external	RTZKZFJDLAIYFH-UHFFFAOYSA-N	CCOCC	ok	CCOCC	RTZKZFJDLAIYFH-UHFFFAOYSA-N	C4H10O
external	RUDATBOHQWOJDD-UHFFFAOYSA-N	CC(CCC(=O)O)C1CCC2C3C(O)CC4CC(O)CCC4(C)C3CCC12C	ok	CC(CCC(=O)O)C1CCC2C3C(O)CC4CC(O)CCC4(C)C3CCC12C	RUDATBOHQWOJDD-UHFFFAOYSA-N	C24H40O4
external	RUFPHBVGCFYCNW-UHFFFAOYSA-N	Nc1cccc2ccccc12	ok	Nc1cccc2ccccc12	RUFPHBVGCFYCNW-UHFFFAOYSA-N	C10H9N
external	RUJPNZNXGCHGID-UHFFFAOYSA-N	C=C(C)C1CCC(C)(O)CC1	ok	C=C(C)C1CCC(C)(O)CC1	RUJPNZNXGCHGID-UHFFFAOYSA-N	C10H18O
external	RUOKEQAAGRXIBM-UHFFFAOYSA-N	C#CCNC1CCc2ccccc21	ok	C#CCNC1CCc2ccccc21	RUOKEQAAGRXIBM-UHFFFAOYSA-N	C12H13N
external	RUOLKIITSCGKJQ-UHFFFAOYSA-N	CCCCCCCCCC(=O)OCCc1scnc1C	ok	CCCCCCCCCC(=O)OCCc1scnc1C	RUOLKIITSCGKJQ-UHFFFAOYSA-N	C16H27NO2S
external	RUPMSBPCFQDMAY-UHFFFAOYSA-N	C=CC(O)c1ccc(OC)cc1	ok	C=CC(O)c1ccc(OC)cc1	RUPMSBPCFQDMAY-UHFFFAOYSA-N	C10H12O2
external	RUPXJRIDSUCQAN-UHFFFAOYSA-N	CC(O)=NC1C(OCCCCC(O)=NCCCN=C(O)CCOCC(COCCC(O)=NCCCN=C(O)CCCCOC2OC(CO)C(O)C(O)C2N=C(C)O)(COCCC(O)=NCCCN=C(O)CCCCOC2OC(CO)C(O)C(O)C2N=C(C)O)N=C(O)CCCCCCCCCCC(=O)N2CC(O)CC2C)OC(CO)C(O)C1O	tautomer_MaxTautomersReached			C78H139N11O30
external	RUXPNBWPIRDVTH-UHFFFAOYSA-N	CNn1cc(C(=O)O)c(=O)c2cc(F)c(N3CCN(C)CC3)cc21	ok	CNn1cc(C(=O)O)c(=O)c2cc(F)c(N3CCN(C)CC3)cc21	RUXPNBWPIRDVTH-UHFFFAOYSA-N	C16H19FN4O3
external	RUZYUOTYCVRMRZ-UHFFFAOYSA-N	COc1cc2nc(N3CCN(C(=O)C4COc5ccccc5O4)CC3)[nH]c(=N)c2cc1OC	ok	COc1cc2nc(N3CCN(C(=O)C4COc5ccccc5O4)CC3)nc(N)c2cc1OC	RUZYUOTYCVRMRZ-UHFFFAOYSA-N	C23H25N5O5
external	RVGGCRQPGKFZDS-UHFFFAOYSA-N	CC=C(C)C(=O)OC1c2c(ccc3ccc(=O)oc23)OC1C(C)(C)OC(=O)C(C)=CC	ok	CC=C(C)C(=O)OC1c2c(ccc3ccc(=O)oc23)OC1C(C)(C)OC(=O)C(C)=CC	RVGGCRQPGKFZDS-UHFFFAOYSA-N	C24H26O7
external	RVOLLAQWKVFTGE-UHFFFAOYSA-N	CN(C)C(=O)Oc1ccc[n+](C)c1	ok	CN(C)C(=O)Oc1ccc[n+](C)c1	RVOLLAQWKVFTGE-UHFFFAOYSA-N	C9H13N2O2+
external	RWEKXNHIQHNUFY-UHFFFAOYSA-N	CCCCCCCCCCCCCC=CC(O)C(COC1OC(CO)C(OC2OC(CO)C(OC3OC(CO)C(O)C(OC4OC(CO)C(O)C(OC5(C(=O)O)CC(O)C(N=C(C)O)C(C(O)C(O)CO)O5)C4O)C3CC(C)=O)C(OC3(C(=O)O)CC(O)C(N=C(C)O)C(C(O)C(CO)OC4(C(=O)O)CC(O)C(N=C(C)O)C(C(O)C(CO)OC5(C(=O)O)CC(O)C(N=C(C)O)C(C(O)C(O)CO)O5)O4)O3)C2O)C(O)C1O)N=C(O)CCCCCCCCCCCCCCCCCCC	tautomer_MaxTransformsReached			C109H187N5O55
external	RWMRBNNWQLUEFX-UHFFFAOYSA-N	CCOc1ccc2c(CCl)cc(=O)oc2c1	ok	CCOc1ccc2c(CCl)cc(=O)oc2c1	RWMRBNNWQLUEFX-UHFFFAOYSA-N	C12H11ClO3
external	RWNIGYFVXYWBEW-UHFFFAOYSA-N	CCCCCCCC(O)C(O)CCCCCC(O)C1CCC(CCCCCCCC(O)Cc2cc(C)oc2O)O1	ok	CCCCCCCC(O)C(O)CCCCCC(O)C1CCC(CCCCCCCC(O)Cc2cc(C)oc2O)O1	RWNIGYFVXYWBEW-UHFFFAOYSA-N	C33H60O7
external	RWQKHEORZBHNRI-UHFFFAOYSA-N	CC1Cc2c(Cl)cc(C(O)=NC(Cc3ccccc3)C(=O)O)c(O)c2C(=O)O1	ok	CC1Cc2c(Cl)cc(C(=O)NC(Cc3ccccc3)C(=O)O)c(O)c2C(=O)O1	RWQKHEORZBHNRI-UHFFFAOYSA-N	C20H18ClNO6
external	RWSSUUKUVKNZLZ-UHFFFAOYSA-N	C=C1CC23CC1(O)CCC2C12CC(OC4OC(CO)C(O)C(O)C4O)C(O)C(C)(C(=O)O1)C2C3C(=O)O	ok	C=C1CC23CC1(O)CCC2C12CC(OC4OC(CO)C(O)C(O)C4O)C(O)C(C)(C(=O)O1)C2C3C(=O)O	RWSSUUKUVKNZLZ-UHFFFAOYSA-N	C25H34O12
external	RWSXRVCMGQZWBV-UHFFFAOYSA-N	NC(CCC(O)=NC(CS)C(O)=NCC(=O)O)C(=O)O	ok	NC(CCC(=O)NC(CS)C(=O)NCC(=O)O)C(=O)O	RWSXRVCMGQZWBV-UHFFFAOYSA-N	C10H17N3O6S
external	RWTNPBWLLIMQHL-UHFFFAOYSA-N	CC(C)(C(=O)O)c1ccc(C(O)CCCN2CCC(C(O)(c3ccccc3)c3ccccc3)CC2)cc1	ok	CC(C)(C(=O)O)c1ccc(C(O)CCCN2CCC(C(O)(c3ccccc3)c3ccccc3)CC2)cc1	RWTNPBWLLIMQHL-UHFFFAOYSA-N	C32H39NO4
external	RWUBLRDXZHSHID-IBCOTRDOSA-N	C=CCC1C=C(C)CC(C)CC(OC)C(O)C2CC(C)C(O)(O2)C(=O)C(=O)N2CCCCC2C(=O)OC(/C(C)=C(\C)C2CCC(O)C(OC)C2)C(C)C(O)CC1=O	ok	C=CCC1=CC(C)CC(C)CC(OC)C(O)C2CC(C)C(O)(O2)C(=O)C(=O)N2CCCCC2C(=O)OC(C(C)=C(C)C2CCC(O)C(OC)C2)C(C)C(O)CC1=O	NPMHCFFEKBQHPU-UHFFFAOYSA-N	C44H69NO12
external	RWWYLEGWBNMMLJ-UHFFFAOYSA-N	CCC(CC)COC(=O)C(C)NP(=O)(OCC1OC(C#N)(c2ccc3c(N)ncnn23)C(O)C1O)Oc1ccccc1	ok	CCC(CC)COC(=O)C(C)NP(=O)(OCC1OC(C#N)(c2ccc3c(N)ncnn23)C(O)C1O)Oc1ccccc1	RWWYLEGWBNMMLJ-UHFFFAOYSA-N	C27H35N6O8P
external	RXPRRQLKFXBCSJ-UHFFFAOYSA-N	CCC12CCCN3CCc4c(n(c5ccccc45)C(O)(C(=O)OC)C1)C32	ok	CCC12CCCN3CCc4c(n(c5ccccc45)C(O)(C(=O)OC)C1)C32	RXPRRQLKFXBCSJ-UHFFFAOYSA-N	C21H26N2O3
external	RXRDUVZIGPRFRB-UHFFFAOYSA-N	CC(C=CC=C(C)C=CC12OC1(C)CC(O)CC2(C)C)=CC=CC=C(C)C=CC=C(C)C1C=C2C(C)(C)CCCC2(C)O1	ok	CC(C=CC=C(C)C=CC12OC1(C)CC(O)CC2(C)C)=CC=CC=C(C)C=CC=C(C)C1C=C2C(C)(C)CCCC2(C)O1	RXRDUVZIGPRFRB-UHFFFAOYSA-N	C40H56O3
external	RXUSYFJGDZFVND-UHFFFAOYSA-N	c1ccc2c(c1)cc1ccc3c4ccccc4cc4ccc2c1c43	ok	c1ccc2c(c1)cc1ccc3c4ccccc4cc4ccc2c1c43	RXUSYFJGDZFVND-UHFFFAOYSA-N	C24H14
external	RXUWUMUEODDOSH-UHFFFAOYSA-N	CC(O)=NC1C(OC2C(O)C(CO)OC(OC(C(O)CO)C(OC3OC(C)C(O)C(O)C3O)C(=O)CO)C2O)OC(CO)C(O)C1OC1OC(CO)C(O)C(O)C1O	ok	CC(=O)NC1C(OC2C(O)C(CO)OC(OC(C(O)CO)C(OC3OC(C)C(O)C(O)C3O)C(=O)CO)C2O)OC(CO)C(O)C1OC1OC(CO)C(O)C(O)C1O	RXUWUMUEODDOSH-UHFFFAOYSA-N	C32H55NO25
external	RXZBMPWDPOLZGW-UHFFFAOYSA-N	CCC1OC(=O)C(C)C(OC2CC(C)(OC)C(O)C(C)O2)C(C)C(OC2OC(C)CC(N(C)C)C2O)C(C)(O)CC(C)C(=NOCOCCOC)C(C)C(O)C1(C)O	ok	CCC1OC(=O)C(C)C(OC2CC(C)(OC)C(O)C(C)O2)C(C)C(OC2OC(C)CC(N(C)C)C2O)C(C)(O)CC(C)C(=NOCOCCOC)C(C)C(O)C1(C)O	RXZBMPWDPOLZGW-UHFFFAOYSA-N	C41H76N2O15
external	RYIGNEOBDRVTHA-UHFFFAOYSA-N	Cn1c(=O)c2nc(Cl)[nH]c2n(C)c1=O	ok	Cn1c(=O)c2[nH]c(Cl)nc2n(C)c1=O	RYIGNEOBDRVTHA-UHFFFAOYSA-N	C7H7ClN4O2
external	RYMSXFPLTLWXCK-UHFFFAOYSA-N	O=C(O)CCCCC=CCC(=O)CCC=CC=CC(O)CCCC(=O)O	ok	O=C(O)CCCCC=CCC(=O)CCC=CC=CC(O)CCCC(=O)O	RYMSXFPLTLWXCK-UHFFFAOYSA-N	C20H30O6
external	RYMZZMVNJRMUDD-UHFFFAOYSA-N	CCC(C)(C)C(=O)OC1CC(C)C=C2C=CC(C)C(CCC3CC(O)CC(=O)O3)C21	ok	CCC(C)(C)C(=O)OC1CC(C)C=C2C=CC(C)C(CCC3CC(O)CC(=O)O3)C21	RYMZZMVNJRMUDD-UHFFFAOYSA-N	C25H38O5
external	RYYVLZVUVIJVGH-UHFFFAOYSA-N	Cn1c(=O)c2c(ncn2C)n(C)c1=O	ok	Cn1c(=O)c2c(ncn2C)n(C)c1=O	RYYVLZVUVIJVGH-UHFFFAOYSA-N	C8H10N4O2
external	RZEKVGVHFLEQIL-UHFFFAOYSA-N	Cc1ccc(-c2cc(C(F)(F)F)nn2-c2ccc(S(N)(=O)=O)cc2)cc1	ok	Cc1ccc(-c2cc(C(F)(F)F)nn2-c2ccc(S(N)(=O)=O)cc2)cc1	RZEKVGVHFLEQIL-UHFFFAOYSA-N	C17H14F3N3O2S
external	RZEQTVHJZCIUBT-UHFFFAOYSA-N	N=C(N)NCCCC(N=C(O)C(N)CO)C(=O)O	ok	N=C(N)NCCCC(NC(=O)C(N)CO)C(=O)O	RZEQTVHJZCIUBT-UHFFFAOYSA-N	C9H19N5O4
external	RZGQJANKGMICOP-UHFFFAOYSA-N	N=Nc1ccccc1	ok	N=Nc1ccccc1	RZGQJANKGMICOP-UHFFFAOYSA-N	C6H6N2
external	RZJQGNCSTQAWON-UHFFFAOYSA-N	CS(=O)(=O)c1ccc(C2=C(c3ccccc3)C(=O)OC2)cc1	ok	CS(=O)(=O)c1ccc(C2=C(c3ccccc3)C(=O)OC2)cc1	RZJQGNCSTQAWON-UHFFFAOYSA-N	C17H14O4S
external	RZJSUWQGFCHNFS-UHFFFAOYSA-N	CC(C)COC(=O)c1ccccc1C(=O)O	ok	CC(C)COC(=O)c1ccccc1C(=O)O	RZJSUWQGFCHNFS-UHFFFAOYSA-N	C12H14O4
external	RZNASINOWKDLAT-UHFFFAOYSA-N	Cc1c(CCC(=O)O)c2[nH]c1=Cc1[nH]c(c(CCC(=O)O)c1CC(=O)O)C=c1[nH]c(c(C)c1=CCC(=O)O)C=c1[nH]c(c(CC(=O)O)c1=CCC(=O)O)C=2	tautomer_MaxTransformsReached			C38H38N4O12
external	RZTAMFZIAATZDJ-UHFFFAOYSA-N	CCOC(=O)C1=C(C)NC(C)=C(C(=O)OC)C1c1cccc(Cl)c1Cl	ok	CCOC(=O)C1=C(C)N=C(C)C(C(=O)OC)C1c1cccc(Cl)c1Cl	HAQDEJPEAKWAAM-UHFFFAOYSA-N	C18H19Cl2NO4
external	RZVAJINKPMORJF-UHFFFAOYSA-N	CC(O)=Nc1ccc(O)cc1	ok	CC(=O)Nc1ccc(O)cc1	RZVAJINKPMORJF-UHFFFAOYSA-N	C8H9NO2
external	RZVHIXYEVGDQDX-UHFFFAOYSA-N	O=C1c2ccccc2C(=O)c2ccccc21	ok	O=C1c2ccccc2C(=O)c2ccccc21	RZVHIXYEVGDQDX-UHFFFAOYSA-N	C14H8O2
external	RZVPBGBYGMDSBG-UHFFFAOYSA-N	COC(=O)OCOc1c2n(ccc1=O)N(C1c3ccccc3SCc3c1ccc(F)c3F)C1COCCN1C2=O	ok	COC(=O)OCOc1c2n(ccc1=O)N(C1c3ccccc3SCc3c1ccc(F)c3F)C1COCCN1C2=O	RZVPBGBYGMDSBG-UHFFFAOYSA-N	C27H23F2N3O7S
external	SAADBVWGJQAEFS-UHFFFAOYSA-N	CCN(CC)CCN1C(=O)CN=C(c2ccccc2F)c2cc(Cl)ccc21	ok	CCN(CC)CCN1C(=O)CN=C(c2ccccc2F)c2cc(Cl)ccc21	SAADBVWGJQAEFS-UHFFFAOYSA-N	C21H23ClFN3O
external	SADQVAVFGNTEOD-UHFFFAOYSA-N	c1ccc2c(CCC3CCNCC3)c[nH]c2c1	ok	c1ccc2c(CCC3CCNCC3)c[nH]c2c1	SADQVAVFGNTEOD-UHFFFAOYSA-N	C15H20N2
external	SAHBITMBCTXQOR-UHFFFAOYSA-N	CNC(C)Cc1ccccc1O	ok	CNC(C)Cc1ccccc1O	SAHBITMBCTXQOR-UHFFFAOYSA-N	C10H15NO
external	SAPNXPWPAUFAJU-UHFFFAOYSA-N	CN(CCCN1c2ccccc2CCc2ccccc21)CC(=O)c1ccc(Cl)cc1	ok	CN(CCCN1c2ccccc2CCc2ccccc21)CC(=O)c1ccc(Cl)cc1	SAPNXPWPAUFAJU-UHFFFAOYSA-N	C26H27ClN2O
external	SBDHODHEVRCXGI-UHFFFAOYSA-N	[NH-]C1CCCCC1[NH-]	ok	NC1CCCCC1N	SSJXIUAHEKJCMH-UHFFFAOYSA-N	C6H14N2
external	SBPBAQFWLVIOKP-UHFFFAOYSA-N	CCOP(=S)(OCC)Oc1nc(Cl)c(Cl)cc1Cl	ok	CCOP(=S)(OCC)Oc1nc(Cl)c(Cl)cc1Cl	SBPBAQFWLVIOKP-UHFFFAOYSA-N	C9H11Cl3NO3PS
external	SBXWFLISHPUINY-UHFFFAOYSA-N	[Sn].[c]1ccccc1.[c]1ccccc1.[c]1ccccc1	ok	[c]1ccccc1	CIUQDSCDWFSTQR-UHFFFAOYSA-N	C6H5
external	SCAPWGHHHZEERU-UHFFFAOYSA-N	CC1=CC(O)C2(C)C(O)CC3(C)C(CCC4C5(C)CCC(O)C(C)(C)C5CCC43C)C2C1C	ok	CC1=CC(O)C2(C)C(O)CC3(C)C(CCC4C5(C)CCC(O)C(C)(C)C5CCC43C)C2C1C	SCAPWGHHHZEERU-UHFFFAOYSA-N	C30H50O3
external	SDWGOFYIBUYAQT-UHFFFAOYSA-N	C=C1CCCC2(C)CCC(O)(C(=C)CO)CC12	ok	C=C1CCCC2(C)CCC(O)(C(=C)CO)CC12	SDWGOFYIBUYAQT-UHFFFAOYSA-N	C15H24O2
external	SDYNZSKYFKAXNJ-UHFFFAOYSA-N	CCCCCCCCCCCCCCCC(O)C(COC1OC(CO)C(OC2OC(CO)C(O)C(OC3(C(=O)O)CC(O)C(N=C(C)O)C(C(O)C(CO)OC4(C(=O)O)CC(O)C(N=C(C)O)C(C(O)C(O)CO)O4)O3)C2O)C(O)C1O)N=C(O)CCCCCCCCCCCCC	ok	CCCCCCCCCCCCCCCC(O)C(COC1OC(CO)C(OC2OC(CO)C(O)C(OC3(C(=O)O)CC(O)C(NC(C)=O)C(C(O)C(CO)OC4(C(=O)O)CC(O)C(NC(C)=O)C(C(O)C(O)CO)O4)O3)C2O)C(O)C1O)NC(=O)CCCCCCCCCCCCC	SDYNZSKYFKAXNJ-UHFFFAOYSA-N	C66H119N3O29
external	SEALOBQTUQIVGU-UHFFFAOYSA-N	CC(C)C1C(=O)N2CCCC2C2(O)OC(N=C(O)C3CC4c5cccc6[nH]cc(c56)CC4N(C)C3)(C(C)C)C(=O)N12	ok	CC(C)C1C(=O)N2CCCC2C2(O)OC(NC(=O)C3CC4c5cccc6[nH]cc(c56)CC4N(C)C3)(C(C)C)C(=O)N12	SEALOBQTUQIVGU-UHFFFAOYSA-N	C31H41N5O5
external	SEBFKMXJBCUCAI-UHFFFAOYSA-N	COc1cc(C2Oc3cc(C4Oc5cc(O)cc(O)c5C(=O)C4O)ccc3OC2CO)ccc1O	ok	COc1cc(C2Oc3cc(C4Oc5cc(O)cc(O)c5C(=O)C4O)ccc3OC2CO)ccc1O	SEBFKMXJBCUCAI-UHFFFAOYSA-N	C25H22O10
external	SEBMTIQKRHYNIT-UHFFFAOYSA-N	CN1CCC(=C2c3ccccc3CCc3cccnc32)CC1	ok	CN1CCC(=C2c3ccccc3CCc3cccnc32)CC1	SEBMTIQKRHYNIT-UHFFFAOYSA-N	C20H22N2
external	SECKRCOLJRRGGV-UHFFFAOYSA-N	CCCc1nc(C)c2c(=O)nc(-c3cc(S(=O)(=O)N4CCN(CC)CC4)ccc3OCC)[nH]n12	ok	CCCc1nc(C)c2c(=O)[nH]c(-c3cc(S(=O)(=O)N4CCN(CC)CC4)ccc3OCC)nn12	SECKRCOLJRRGGV-UHFFFAOYSA-N	C23H32N6O4S
external	SECXISVLQFMRJM-UHFFFAOYSA-N	CN1CCCC1=O	ok	CN1CCCC1=O	SECXISVLQFMRJM-UHFFFAOYSA-N	C5H9NO
external	SEEPANYCNGTZFQ-UHFFFAOYSA-N	Nc1ccc(S(=O)(=O)Nc2ncccn2)cc1	ok	Nc1ccc(S(=O)(=O)Nc2ncccn2)cc1	SEEPANYCNGTZFQ-UHFFFAOYSA-N	C10H10N4O2S
external	SEERZIQQUAZTOL-UHFFFAOYSA-N	COCc1c(C(C)C)nc(C(C)C)c(C=CC(O)CC(O)CC(=O)O)c1-c1ccc(F)cc1	ok	COCc1c(-c2ccc(F)cc2)c(=CCC(O)CC(O)CC(=O)O)c(C(C)C)nc1=C(C)C	CDHNVTRRQNLWKA-UHFFFAOYSA-N	C26H34FNO5
external	SELMQMFULRQVFS-UHFFFAOYSA-N	CC(C=CC=C(C)C=CC=C(C)CCC1OC1(C)C)=CC=CC=C(C)C=CC=C(C)C=CC1=C(C)CCCC1(C)C	ok	CC(C=CC=C(C)C=CC=C(C)CCC1OC1(C)C)=CC=CC=C(C)C=CC=C(C)C=CC1=C(C)CCCC1(C)C	SELMQMFULRQVFS-UHFFFAOYSA-N	C40H56O
external	SEQDDYPDSLOBDC-UHFFFAOYSA-N	CN1C(=O)C(O)N=C(c2ccccc2)c2cc(Cl)ccc21	ok	CN1C(=O)C(O)N=C(c2ccccc2)c2cc(Cl)ccc21	SEQDDYPDSLOBDC-UHFFFAOYSA-N	C16H13ClN2O2
external	SERLAGPUMNYUCK-UHFFFAOYSA-N	OCC(O)C(O)C(O)C(O)COC1OC(CO)C(O)C(O)C1O	ok	OCC(O)C(O)C(O)C(O)COC1OC(CO)C(O)C(O)C1O	SERLAGPUMNYUCK-UHFFFAOYSA-N	C12H24O11
external	SETFNECMODOHTO-UHFFFAOYSA-N	NS(=O)(=O)c1ccc(S(=O)(=O)Nc2cccc3c(Cl)c[nH]c23)cc1	ok	NS(=O)(=O)c1ccc(S(=O)(=O)Nc2cccc3c(Cl)c[nH]c23)cc1	SETFNECMODOHTO-UHFFFAOYSA-N	C14H12ClN3O4S2
external	SEWAOKNHYLYQEL-UHFFFAOYSA-N	CCCCCCCCC(=O)CCCCCCC(=O)O	ok	CCCCCCCCC(=O)CCCCCCC(=O)O	SEWAOKNHYLYQEL-UHFFFAOYSA-N	C16H30O3
external	SFBODOKJTYAUCM-UHFFFAOYSA-N	CC(C)Oc1ccc2c(=O)c(-c3ccccc3)coc2c1	ok	CC(C)Oc1ccc2c(=O)c(-c3ccccc3)coc2c1	SFBODOKJTYAUCM-UHFFFAOYSA-N	C18H16O3
external	SFNSLLSYNZWZQG-UHFFFAOYSA-N	CN1CCC(N=C(O)Nc2ccc(C#N)cc2)CC1c1nc2ccccc2[nH]1	ok	CN1CCC(NC(=O)Nc2ccc(C#N)cc2)CC1c1nc2ccccc2[nH]1	SFNSLLSYNZWZQG-UHFFFAOYSA-N	C21H22N6O
external	SFOVDSLXFUGAIV-UHFFFAOYSA-N	Fc1ccc(Cn2c(=NC3CCNCC3)[nH]c3ccccc32)cc1	ok	Fc1ccc(Cn2c(NC3CCNCC3)nc3ccccc32)cc1	SFOVDSLXFUGAIV-UHFFFAOYSA-N	C19H21FN4
external	SGEGOXDYSFKCPT-UHFFFAOYSA-N	N#Cc1ccc2[nH]cc(CCCCN3CCN(c4ccc5oc(C(=N)O)cc5c4)CC3)c2c1	ok	N#Cc1ccc2[nH]cc(CCCCN3CCN(c4ccc5oc(C(N)=O)cc5c4)CC3)c2c1	SGEGOXDYSFKCPT-UHFFFAOYSA-N	C26H27N5O2
external	SGKRLCUYIXIAHR-UHFFFAOYSA-N	CC1c2cccc(O)c2C(O)=C2C(=O)C3(O)C(O)=C(C(=N)O)C(=O)C(N(C)C)C3C(O)C21	tautomer_MaxTransformsReached			C22H24N2O8
external	SGLAKMDXJPVHBY-UHFFFAOYSA-N	CCCCC1=NC2(CCC(O)C2)C(=O)N1Cc1ccc(-c2ccccc2-c2nn[nH]n2)cc1	ok	CCCCC1=NC2(CCC(O)C2)C(=O)N1Cc1ccc(-c2ccccc2-c2nn[nH]n2)cc1	SGLAKMDXJPVHBY-UHFFFAOYSA-N	C25H28N6O2
external	SGOIRFVFHAKUTI-UHFFFAOYSA-N	CC(Cn1cnc2c(N)ncnc21)OCP(=O)(O)O	ok	CC(Cn1cnc2c(N)ncnc21)OCP(=O)(O)O	SGOIRFVFHAKUTI-UHFFFAOYSA-N	C9H14N5O4P
external	SGOOQMRIPALTEL-UHFFFAOYSA-N	CN(C(=O)c1c(O)c2ccccc2n(C)c1=O)c1ccccc1	ok	CN(C(=O)c1c(O)c2ccccc2n(C)c1=O)c1ccccc1	SGOOQMRIPALTEL-UHFFFAOYSA-N	C18H16N2O3
external	SGSGCQGCVKWRNM-UHFFFAOYSA-N	CC(=O)c1cc2ccccc2s1	ok	CC(=O)c1cc2ccccc2s1	SGSGCQGCVKWRNM-UHFFFAOYSA-N	C10H8OS
external	SGTNSNPWRIOYBX-UHFFFAOYSA-N	COc1ccc(CCN(C)CCCC(C#N)(c2ccc(OC)c(OC)c2)C(C)C)cc1OC	ok	COc1ccc(CCN(C)CCCC(C#N)(c2ccc(OC)c(OC)c2)C(C)C)cc1OC	SGTNSNPWRIOYBX-UHFFFAOYSA-N	C27H38N2O4
external	SGUAFYQXFOLMHL-UHFFFAOYSA-N	CC(CCc1ccccc1)NCC(O)c1ccc(O)c(C(=N)O)c1	ok	CC(CCc1ccccc1)NCC(O)c1ccc(O)c(C(N)=O)c1	SGUAFYQXFOLMHL-UHFFFAOYSA-N	C19H24N2O3
external	SGUVLZREKBPKCE-UHFFFAOYSA-N	C1CN=C2CCCN2C1	ok	C1CN=C2CCCN2C1	SGUVLZREKBPKCE-UHFFFAOYSA-N	C7H12N2
external	SGXXNSQHWDMGGP-UHFFFAOYSA-N	CNC(=C[N+](=O)[O-])NCCSCc1csc(CN(C)C)n1	ok	CN=C(C[N+](=O)[O-])NCCSCc1csc(CN(C)C)n1	XPZQPVYGEOEOKS-UHFFFAOYSA-N	C12H21N5O2S2
external	SHCAWXCZHVEGLB-UHFFFAOYSA-N	O=C1CC(N2C(=O)c3ccccc3C2=O)C(O)=NC1O	ok	O=C1NC(=O)C(N2C(=O)c3ccccc3C2=O)CC1O	HHTOWVWIVBSOKC-UHFFFAOYSA-N	C13H10N2O5
external	SHGAZHPCJJPHSC-UHFFFAOYSA-N	CC(C=CC1=C(C)CCCC1(C)C)=CC=CC(C)=CC(=O)O	ok	CC(C=CC1=C(C)CCCC1(C)C)=CC=CC(C)=CC(=O)O	SHGAZHPCJJPHSC-UHFFFAOYSA-N	C20H28O2
external	SHXWCVYOXRDMCX-UHFFFAOYSA-N	CNC(C)Cc1ccc2c(c1)OCO2	ok	CNC(C)Cc1ccc2c(c1)OCO2	SHXWCVYOXRDMCX-UHFFFAOYSA-N	C11H15NO2
external	SHZGCJCMOBCMKK-UHFFFAOYSA-N	CC1OC(O)C(O)C(O)C1O	ok	CC1OC(O)C(O)C(O)C1O	SHZGCJCMOBCMKK-UHFFFAOYSA-N	C6H12O5
external	SHZKQBHERIJWAO-UHFFFAOYSA-N	O=C(O)C=Cc1ccc(Cn2ccnc2)cc1	ok	O=C(O)C=Cc1ccc(Cn2ccnc2)cc1	SHZKQBHERIJWAO-UHFFFAOYSA-N	C13H12N2O2
external	SIDLHXXVIBTSJZ-UHFFFAOYSA-N	c1ccc(COc2ccc3cccnc3c2)cc1	ok	c1ccc(COc2ccc3cccnc3c2)cc1	SIDLHXXVIBTSJZ-UHFFFAOYSA-N	C16H13NO
external	SIDLZWOQUZRBRU-UHFFFAOYSA-N	CCC1(CC)C(=O)C(C)CN=C1O	ok	CCC1(CC)C(=O)NCC(C)C1=O	SIDLZWOQUZRBRU-UHFFFAOYSA-N	C10H17NO2
external	SIGSPDASOTUPFS-UHFFFAOYSA-N	C#CC1(O)C=CC2C3CCC4=CC(=O)CCC4C3CCC21CC	ok	C#CC1(O)C=CC2C3CC=C4CC(=O)CCC4C3CCC21CC	PCGOZSMTJRCWQF-UHFFFAOYSA-N	C21H26O2
external	SIIRBDOFKDACOK-UHFFFAOYSA-N	CC(C)CC1N=C(O)C(C)N(C)C(=O)CN=C(O)C(=Cc2ccccc2)N(C)C1=O	ok	Cc1c(O)[nH]c(CC(C)C)c(O)n(C)c(Cc2ccccc2)c(O)ncc(=O)n1C	CCDNQPZNDUPIIC-UHFFFAOYSA-N	C22H30N4O4
external	SIKJAQJRHWYJAI-UHFFFAOYSA-N	c1ccc2[nH]ccc2c1	ok	c1ccc2[nH]ccc2c1	SIKJAQJRHWYJAI-UHFFFAOYSA-N	C8H7N
external	SILRCGDPZGQJOQ-UHFFFAOYSA-N	Cc1cccc(C)c1N=C(O)C1CCCCN1	ok	Cc1cccc(C)c1NC(=O)C1CCCCN1	SILRCGDPZGQJOQ-UHFFFAOYSA-N	C14H20N2O
external	SIYLLGKDQZGJHK-UHFFFAOYSA-N	CC(C)(C)CC(C)(C)c1ccc(OCCOCC[N+](C)(C)Cc2ccccc2)cc1	ok	CC(C)(C)CC(C)(C)c1ccc(OCCOCC[N+](C)(C)Cc2ccccc2)cc1	SIYLLGKDQZGJHK-UHFFFAOYSA-N	C27H42NO2+
external	SJHZTGDJTIZMSK-UHFFFAOYSA-N	CN(CC(CCN1CCC(c2ccccc2S(C)=O)CC1)c1ccc(Cl)c(Cl)c1)C(=O)c1cc(C#N)cc2ccccc12	ok	CN(CC(CCN1CCC(c2ccccc2[S+](C)[O-])CC1)c1ccc(Cl)c(Cl)c1)C(=O)c1cc(C#N)cc2ccccc12	SJHZTGDJTIZMSK-UHFFFAOYSA-N	C35H35Cl2N3O2S
external	SJNALLRHIVGIBI-UHFFFAOYSA-N	C=CCC#N	ok	C=CCC#N	SJNALLRHIVGIBI-UHFFFAOYSA-N	C4H5N
external	SJVQHLPISAIATJ-UHFFFAOYSA-N	CC(Nc1ncnc2[nH]cnc12)c1cc2cccc(Cl)c2c(=O)n1-c1ccccc1	ok	CC(Nc1ncnc2[nH]cnc12)c1cc2cccc(Cl)c2c(=O)n1-c1ccccc1	SJVQHLPISAIATJ-UHFFFAOYSA-N	C22H17ClN6O
external	SKFYEJMLNMTTJA-UHFFFAOYSA-N	CC(=O)CC(c1ccccc1)c1c(O)c2ccc(O)cc2oc1=O	ok	CC(=O)CC(c1ccccc1)c1c(O)c2ccc(O)cc2oc1=O	SKFYEJMLNMTTJA-UHFFFAOYSA-N	C19H16O5
external	SKIUVOVOIJBJPN-UHFFFAOYSA-N	COc1cc(N)c(N)cc1OC	ok	COc1cc(N)c(N)cc1OC	SKIUVOVOIJBJPN-UHFFFAOYSA-N	C8H12N2O2
external	SKTFAQNZNWTXFP-UHFFFAOYSA-N	COc1cc(C=CC(O)=NCCCCNC(=N)N)cc2c1OC(c1ccc(OC3OC(CO)C(O)C(O)C3O)cc1)C2C(O)=NCCCCNC(=N)N	ok	COc1cc(C=CC(=O)NCCCCN=C(N)N)cc2c1OC(c1ccc(OC3OC(CO)C(O)C(O)C3O)cc1)C2C(=O)NCCCCN=C(N)N	SKTFAQNZNWTXFP-UHFFFAOYSA-N	C35H50N8O10
external	SKTFQHRVFFOHTQ-UHFFFAOYSA-N	Cn1c(=O)c2nc(Br)[nH]c2n(C)c1=O	ok	Cn1c(=O)c2[nH]c(Br)nc2n(C)c1=O	SKTFQHRVFFOHTQ-UHFFFAOYSA-N	C7H7BrN4O2
external	SLFGIOIONGJGRT-UHFFFAOYSA-N	CC(CN(C)C)CN1c2ccccc2Sc2ccc(C#N)cc21	ok	CC(CN(C)C)CN1c2ccccc2Sc2ccc(C#N)cc21	SLFGIOIONGJGRT-UHFFFAOYSA-N	C19H21N3S
external	SLRCCWJSBJZJBV-UHFFFAOYSA-N	C1CCN2CC3CC(CN4CCCCC34)C2C1	ok	C1CCN2CC3CC(CN4CCCCC34)C2C1	SLRCCWJSBJZJBV-UHFFFAOYSA-N	C15H26N2
external	SLUYGGAVUSVJOT-UHFFFAOYSA-N	C=CCC1=CC(C)CC(C)CC(OC)C2OC(O)(C(=O)C(=O)N3CCCCC3C(=O)OC(C(C)=CC3CCC(O)C(OC)C3)C(C)C(O)CC1=O)C(C)CC2OC	ok	C=CCC1=CC(C)CC(C)CC(OC)C2OC(O)(C(=O)C(=O)N3CCCCC3C(=O)OC(C(C)=CC3CCC(O)C(OC)C3)C(C)C(O)CC1=O)C(C)CC2OC	SLUYGGAVUSVJOT-UHFFFAOYSA-N	C44H69NO12
external	SLVMESMUVMCQIY-UHFFFAOYSA-N	CN1CCCCC1CCN1c2ccccc2Sc2ccc(S(C)=O)cc21	ok	CN1CCCCC1CCN1c2ccccc2Sc2ccc([S+](C)[O-])cc21	SLVMESMUVMCQIY-UHFFFAOYSA-N	C21H26N2OS2
external	SMANXXCATUTDDT-UHFFFAOYSA-N	Fc1ccc(C(c2ccc(F)cc2)N2CCN(CC=Cc3ccccc3)CC2)cc1	ok	Fc1ccc(C(c2ccc(F)cc2)N2CCN(CC=Cc3ccccc3)CC2)cc1	SMANXXCATUTDDT-UHFFFAOYSA-N	C26H26F2N2
external	SMEROWZSTRWXGI-UHFFFAOYSA-N	CC(CCC(=O)O)C1CCC2C3CCC4CC(O)CCC4(C)C3CCC12C	ok	CC(CCC(=O)O)C1CCC2C3CCC4CC(O)CCC4(C)C3CCC12C	SMEROWZSTRWXGI-UHFFFAOYSA-N	C24H40O3
external	SMNDYUVBFMFKNZ-UHFFFAOYSA-N	O=C(O)c1ccco1	ok	O=C(O)c1ccco1	SMNDYUVBFMFKNZ-UHFFFAOYSA-N	C5H4O3
external	SMWDFEZZVXVKRB-UHFFFAOYSA-N	c1ccc2ncccc2c1	ok	c1ccc2ncccc2c1	SMWDFEZZVXVKRB-UHFFFAOYSA-N	C9H7N
external	SNICXCGAKADSCV-UHFFFAOYSA-N	CN1CCCC1c1cccnc1	ok	CN1CCCC1c1cccnc1	SNICXCGAKADSCV-UHFFFAOYSA-N	C10H14N2
external	SNIOPGDIGTZGOP-UHFFFAOYSA-N	O=[N+]([O-])OCC(CO[N+](=O)[O-])O[N+](=O)[O-]	ok	O=[N+]([O-])OCC(CO[N+](=O)[O-])O[N+](=O)[O-]	SNIOPGDIGTZGOP-UHFFFAOYSA-N	C3H5N3O9
external	SNPPWIUOZRMYNY-UHFFFAOYSA-N	CC(NC(C)(C)C)C(=O)c1cccc(Cl)c1	ok	CC(NC(C)(C)C)C(=O)c1cccc(Cl)c1	SNPPWIUOZRMYNY-UHFFFAOYSA-N	C13H18ClNO
external	SNTQPLDRUZOSDP-UHFFFAOYSA-N	CCCC(C(=O)OCCN(CC)CC)(c1ccccc1)c1ccccc1	ok	CCCC(C(=O)OCCN(CC)CC)(c1ccccc1)c1ccccc1	SNTQPLDRUZOSDP-UHFFFAOYSA-N	C23H31NO2
external	SOLUWJRYJLAZCX-UHFFFAOYSA-N	O=C1c2c(O)c(=O)c(C(O)=NCc3c(F)cc(F)cc3F)cn2CC2OC3CCC(C3)N12	ok	O=C(NCc1c(F)cc(F)cc1F)c1cn2c(c(O)c1=O)C(=O)N1C3CCC(C3)OC1C2	SOLUWJRYJLAZCX-UHFFFAOYSA-N	C21H18F3N3O5
external	SONNWYBIRXJNDC-UHFFFAOYSA-N	CNCC(O)c1cccc(O)c1	ok	CNCC(O)c1cccc(O)c1	SONNWYBIRXJNDC-UHFFFAOYSA-N	C9H13NO2
external	SOYKEARSMXGVTM-UHFFFAOYSA-N	CN(C)CCC(c1ccc(Cl)cc1)c1ccccn1	ok	CN(C)CCC(c1ccc(Cl)cc1)c1ccccn1	SOYKEARSMXGVTM-UHFFFAOYSA-N	C16H19ClN2
external	SOZHSICUHFFXDQ-UHFFFAOYSA-N	CCC=CCC=CCC=CCCCCCCCC(=O)OC1CCC2(C)C(=CCC3C2CCC2(C)C(C(C)CCC(C)C(C)C)CCC32)C1	ok	CCC=CCC=CCC=CCCCCCCCC(=O)OC1CCC2(C)C(=CCC3C2CCC2(C)C(C(C)CCC(C)C(C)C)CCC32)C1	SOZHSICUHFFXDQ-UHFFFAOYSA-N	C46H76O2
external	SPCIYGNTAMCTRO-UHFFFAOYSA-N	CN(C)CCc1c[nH]c2cccc(O)c12	ok	CN(C)CCc1c[nH]c2cccc(O)c12	SPCIYGNTAMCTRO-UHFFFAOYSA-N	C12H16N2O
external	SPKBYQZELVEOLL-UHFFFAOYSA-N	CN1C2CCC1CC(N=C(O)c1cc(Cl)cc3c1OC(C)(C)C3)C2	ok	CN1C2CCC1CC(NC(=O)c1cc(Cl)cc3c1OC(C)(C)C3)C2	SPKBYQZELVEOLL-UHFFFAOYSA-N	C19H25ClN2O2
external	SQAINHDHICKHLX-UHFFFAOYSA-N	O=Cc1cccc2ccccc12	ok	O=Cc1cccc2ccccc12	SQAINHDHICKHLX-UHFFFAOYSA-N	C11H8O
external	SQFSKOYWJBQGKQ-UHFFFAOYSA-N	COc1ccc(-c2oc3cc(O)cc(O)c3c(=O)c2O)cc1	ok	COc1ccc(-c2oc3cc(O)cc(O)c3c(=O)c2O)cc1	SQFSKOYWJBQGKQ-UHFFFAOYSA-N	C16H12O6
external	SQGZFRITSMYKRH-UHFFFAOYSA-N	CC12CCC3C(CC=C4CC(=O)CCC43C)C1CCC2=O	ok	CC12CCC3C(CC=C4CC(=O)CCC43C)C1CCC2=O	SQGZFRITSMYKRH-UHFFFAOYSA-N	C19H26O2
external	SQKXYSGRELMAAU-UHFFFAOYSA-N	Cc1nccn1CCC(C(=N)O)(c1ccccc1)c1ccccc1	ok	Cc1nccn1CCC(C(N)=O)(c1ccccc1)c1ccccc1	SQKXYSGRELMAAU-UHFFFAOYSA-N	C20H21N3O
external	SQNGSKAAFBONFI-UHFFFAOYSA-N	CC(O)C1CC(O)c2ncccc21	ok	CC(O)C1CC(O)c2ncccc21	SQNGSKAAFBONFI-UHFFFAOYSA-N	C10H13NO2
external	SQOJOAFXDQDRGF-UHFFFAOYSA-N	CC1C(=O)OC2C(O)C34C5CC(C(C)(C)C)C36C(OC(=O)C6O)OC4(C(=O)O5)C12O	ok	CC1C(=O)OC2C(O)C34C5CC(C(C)(C)C)C36C(OC(=O)C6O)OC4(C(=O)O5)C12O	SQOJOAFXDQDRGF-UHFFFAOYSA-N	C20H24O10
external	SQUNAWUMZGQQJD-UHFFFAOYSA-N	CCc1ccc(C(=O)C(C)CN2CCCCC2)cc1	ok	CCc1ccc(C(=O)C(C)CN2CCCCC2)cc1	SQUNAWUMZGQQJD-UHFFFAOYSA-N	C17H25NO
external	SRZXCOWFGPICGA-UHFFFAOYSA-N	SCCCCCCS	ok	SCCCCCCS	SRZXCOWFGPICGA-UHFFFAOYSA-N	C6H14S2
external	SSEBTPPFLLCUMN-UHFFFAOYSA-N	CCc1cccc2cc(C(O)CNC(C)(C)C)oc12	ok	CCc1cccc2cc(C(O)CNC(C)(C)C)oc12	SSEBTPPFLLCUMN-UHFFFAOYSA-N	C16H23NO2
external	SSOLNOMRVKKSON-UHFFFAOYSA-N	CC(C)NC(=N)NC(=N)Nc1ccc(Cl)cc1	ok	CC(C)N=C(N)N=C(N)Nc1ccc(Cl)cc1	SSOLNOMRVKKSON-UHFFFAOYSA-N	C11H16ClN5
external	STJMRWALKKWQGH-UHFFFAOYSA-N	CC(C)(C)NCC(O)c1cc(Cl)c(N)c(Cl)c1	ok	CC(C)(C)NCC(O)c1cc(Cl)c(N)c(Cl)c1	STJMRWALKKWQGH-UHFFFAOYSA-N	C12H18Cl2N2O
external	STLJXSQSUAPXFX-UHFFFAOYSA-N	CCC(CCC(C)C1CCC2C3=CCC4CC(O)CCC4(C)C3CCC21C)=C(C)C	ok	CCC(CCC(C)C1CCC2C3=CCC4CC(O)CCC4(C)C3CCC21C)=C(C)C	STLJXSQSUAPXFX-UHFFFAOYSA-N	C29H48O
external	STNNDCBSPFQUIQ-UHFFFAOYSA-N	C=C(C=CC=O)CCCCCCCCCC	ok	C=C(C=CC=O)CCCCCCCCCC	STNNDCBSPFQUIQ-UHFFFAOYSA-N	C15H26O
external	STQGQHZAVUOBTE-UHFFFAOYSA-N	COc1cccc2c1C(=O)c1c(O)c3c(c(O)c1C2=O)CC(O)(C(C)=O)CC3OC1CC(N)C(O)C(C)O1	ok	COc1cccc2c(O)c3c(c(O)c12)C(=O)C1=C(CC(O)(C(C)=O)CC1OC1CC(N)C(O)C(C)O1)C3=O	YSTRWQVEZGVBLR-UHFFFAOYSA-N	C27H29NO10
external	STUWGJZDJHPWGZ-UHFFFAOYSA-N	Cc1nc(N=C(O)N2CCCC2C(=N)O)sc1-c1ccnc(C(C)(C)C(F)(F)F)c1	ok	Cc1nc(NC(=O)N2CCCC2C(N)=O)sc1-c1ccnc(C(C)(C)C(F)(F)F)c1	STUWGJZDJHPWGZ-UHFFFAOYSA-N	C19H22F3N5O2S
external	STVIMSVCYHRGIY-UHFFFAOYSA-N	Cc1c(OC2OC(CO)C(O)C(O)C2O)cc(C(C)C)cc1OC1OC(CO)C(O)C(O)C1O	ok	Cc1c(OC2OC(CO)C(O)C(O)C2O)cc(C(C)C)cc1OC1OC(CO)C(O)C(O)C1O	STVIMSVCYHRGIY-UHFFFAOYSA-N	C22H34O12
external	STZYTFJPGGDRJD-UHFFFAOYSA-N	C=CC1(C)CC(OC(=O)CSC2CC3CCC(C2)N3C)C2(C)C(C)CCC3(CCC(=O)C32)C(C)C1O	ok	C=CC1(C)CC(OC(=O)CSC2CC3CCC(C2)N3C)C2(C)C(C)CCC3(CCC(=O)C32)C(C)C1O	STZYTFJPGGDRJD-UHFFFAOYSA-N	C30H47NO4S
external	SUAKHGWARZSWIH-UHFFFAOYSA-N	CCN(C=O)CC	ok	CCN(C=O)CC	SUAKHGWARZSWIH-UHFFFAOYSA-N	C5H11NO
external	SUBDBMMJDZJVOS-UHFFFAOYSA-N	COc1ccc2nc(S(=O)Cc3ncc(C)c(OC)c3C)[nH]c2c1	ok	COc1ccc2[nH]c([S+]([O-])Cc3ncc(C)c(OC)c3C)nc2c1	SUBDBMMJDZJVOS-UHFFFAOYSA-N	C17H19N3O3S
external	SUJUHGSWHZTSEU-UHFFFAOYSA-N	CCCC1(CCc2ccccc2)CC(O)=C(C(CC)c2cccc(NS(=O)(=O)c3ccc(C(F)(F)F)cn3)c2)C(=O)O1	ok	CCCC1(CCc2ccccc2)CC(=O)C(C(CC)c2cccc(NS(=O)(=O)c3ccc(C(F)(F)F)cn3)c2)C(=O)O1	MYXACKZCYFKMTE-UHFFFAOYSA-N	C31H33F3N2O5S
external	SULXAXUGFHTBKQ-UHFFFAOYSA-N	CC(=O)C1=CCC2C3CC=C4CC(OC5OC(CO)C(OC6OC(C)C(OC7OC(C)C(OC8OC(C)C(O)C(O)C8O)C(O)C7O)C(O)C6O)C(O)C5O)CCC4(C)C3CCC12C	ok	CC(=O)C1=CCC2C3CC=C4CC(OC5OC(CO)C(OC6OC(C)C(OC7OC(C)C(OC8OC(C)C(O)C(O)C8O)C(O)C7O)C(O)C6O)C(O)C5O)CCC4(C)C3CCC12C	SULXAXUGFHTBKQ-UHFFFAOYSA-N	C45H70O19
external	SUYNESVDWLCJSR-UHFFFAOYSA-N	COc1ccc(Cc2sc(O)nc2O)cc1C(O)=NCc1ccc(C(F)(F)F)cc1	ok	COc1ccc(Cc2sc(=O)[nH]c2O)cc1C(=O)NCc1ccc(C(F)(F)F)cc1	SUYNESVDWLCJSR-UHFFFAOYSA-N	C20H17F3N2O4S
external	SUYRLXYYZQTJHF-UHFFFAOYSA-N	CCN(CC)CCS(=O)(=O)C1CCN2C(=O)c3coc(n3)CC(=O)CC(O)C=C(C)C=CCN=C(O)C=CC(C)C(C(C)C)OC(=O)C12	ok	CCN(CC)CCS(=O)(=O)C1CCN2C(=O)c3coc(n3)CC(=O)CC(O)C=C(C)C=CCNC(=O)C=CC(C)C(C(C)C)OC(=O)C12	SUYRLXYYZQTJHF-UHFFFAOYSA-N	C34H50N4O9S
external	SVCNNZDUGWLODJ-UHFFFAOYSA-N	C=C1CC(=CC)C(=O)OC2CCN3CC=C(COC(=O)C1(O)CO)C23	ok	C=C1CC(=CC)C(=O)OC2CCN3CC=C(COC(=O)C1(O)CO)C23	SVCNNZDUGWLODJ-UHFFFAOYSA-N	C18H23NO6
external	SVJMLYUFVDMUHP-UHFFFAOYSA-N	COC(=O)C1=C(C)NC(C)=C(C(=O)OCCCN2CCC(c3ccccc3)(c3ccccc3)CC2)C1c1cccc([N+](=O)[O-])c1	ok	COC(=O)C1=C(C)N=C(C)C(C(=O)OCCCN2CCC(c3ccccc3)(c3ccccc3)CC2)C1c1cccc([N+](=O)[O-])c1	DCOAXFMVFWUZET-UHFFFAOYSA-N	C36H39N3O6
external	SVOQIEJWJCQGDQ-UHFFFAOYSA-N	Cc1ccc(-n2[nH]c(C)c(N=Nc3cccc(-c4cccc(C(=O)O)c4)c3O)c2=O)cc1C	ok	Cc1ccc(-n2[nH]c(C)c(N=Nc3cccc(-c4cccc(C(=O)O)c4)c3O)c2=O)cc1C	SVOQIEJWJCQGDQ-UHFFFAOYSA-N	C25H22N4O4
external	SVUOLADPCWQTTE-UHFFFAOYSA-N	C1=Cc2ccccc2NN=C1	ok	C1=Cc2ccccc2NN=C1	SVUOLADPCWQTTE-UHFFFAOYSA-N	C9H8N2
external	SWINWPBPEKHUOD-UHFFFAOYSA-N	CC12CCC3c4cc(O)c(O)cc4CCC3C1CCC2=O	ok	CC12CCC3c4cc(O)c(O)cc4CCC3C1CCC2=O	SWINWPBPEKHUOD-UHFFFAOYSA-N	C18H22O3
external	SWIRXSKBBSJXGY-UHFFFAOYSA-N	O=C1CCC2C3Cc4ccc(O)c5c4C2(CCN3)C1O5	ok	O=C1CCC2C3Cc4ccc(O)c5c4C2(CCN3)C1O5	SWIRXSKBBSJXGY-UHFFFAOYSA-N	C16H17NO3
external	SWLAMJPTOQZTAE-UHFFFAOYSA-N	COc1ccc(Cl)cc1C(O)=NCCc1ccc(C(=O)O)cc1	ok	COc1ccc(Cl)cc1C(=O)NCCc1ccc(C(=O)O)cc1	SWLAMJPTOQZTAE-UHFFFAOYSA-N	C17H16ClNO4
external	SWLDVJDYIJBAMP-UHFFFAOYSA-N	CCCNCc1cc(=O)oc2cc(OC)ccc12	ok	CCCNCc1cc(=O)oc2cc(OC)ccc12	SWLDVJDYIJBAMP-UHFFFAOYSA-N	C14H17NO3
external	SWMPJSKJLYNRQG-UHFFFAOYSA-N	CC(C)C(C)NCC(O)COc1cccc2ccccc12	ok	CC(C)C(C)NCC(O)COc1cccc2ccccc12	SWMPJSKJLYNRQG-UHFFFAOYSA-N	C18H25NO2
external	SWPAIUOYLTYQKK-UHFFFAOYSA-N	CC12Cc3c(O)n[nH]c3CC1CCC1C2CCC2(C)C1CCC2(C)O	ok	CC12Cc3c([nH][nH]c3=O)CC1CCC1C2CCC2(C)C1CCC2(C)O	SWPAIUOYLTYQKK-UHFFFAOYSA-N	C21H32N2O2
external	SWYVHBPXKKDGLL-UHFFFAOYSA-N	Cc1cccc(C(=O)N(C)C)c1	ok	Cc1cccc(C(=O)N(C)C)c1	SWYVHBPXKKDGLL-UHFFFAOYSA-N	C10H13NO
external	SXCIMUIAZXOVIR-UHFFFAOYSA-N	COc1cccc2c1C(=O)c1c(O)c3c(c(O)c1C2=O)CC(O)(C(=O)CO)CC3OC1CC(N2CCOCC2)C(O)C(C)O1	ok	COc1cccc2c(O)c3c(c(O)c12)C(=O)C1=C(CC(O)(C(=O)CO)CC1OC1CC(N2CCOCC2)C(O)C(C)O1)C3=O	BHKVNYROXZLQFO-UHFFFAOYSA-N	C31H35NO12
external	SXIBUDLORNYMST-UHFFFAOYSA-N	COC1CC2CCC(C)C(O)(O2)C(=O)C(=O)N2CCCCC2C(=O)OC(C(C)CC2CCC(OCCO)C(OC)C2)CC(=O)C(C)=CC(C)C(O)C(OC)C(=O)C(C)CC(C)C=CC=CC=C1C	ok	COC1CC2CCC(C)C(O)(O2)C(=O)C(=O)N2CCCCC2C(=O)OC(C(C)CC2CCC(OCCO)C(OC)C2)CC(=O)C(C)=CC(C)C(O)C(OC)C(=O)C(C)CC(C)C=CC=CC=C1C	SXIBUDLORNYMST-UHFFFAOYSA-N	C53H83NO14
external	SXJKRFLZGRFPBD-UHFFFAOYSA-N	CCCC=CCOC(=O)C(C)CC	ok	CCCC=CCOC(=O)C(C)CC	SXJKRFLZGRFPBD-UHFFFAOYSA-N	C11H20O2
external	SXYIRMFQILZOAM-UHFFFAOYSA-N	COC1OC2OC3(C)CCC4C(C)CCC(C1C)C24OO3	ok	COC1OC2OC3(C)CCC4C(C)CCC(C1C)C24OO3	SXYIRMFQILZOAM-UHFFFAOYSA-N	C16H26O5
external	SXZWBNWTCVLZJN-UHFFFAOYSA-N	CCCCCCCCCCCCCC=CC(O)C(COP(=O)([O-])OCC[N+](C)(C)C)N=C(O)CCCCCCCCCCCCCCCCCCCCCC	ok	CCCCCCCCCCCCCC=CC(O)C(COP(=O)([O-])OCC[N+](C)(C)C)NC(=O)CCCCCCCCCCCCCCCCCCCCCC	SXZWBNWTCVLZJN-UHFFFAOYSA-N	C46H93N2O6P
external	SYNOVMDJYWJCON-UHFFFAOYSA-N	CN=C(C[N+](=O)[O-])NCCSCc1ccc(CN(C)C)o1	ok	CN=C(C[N+](=O)[O-])NCCSCc1ccc(CN(C)C)o1	SYNOVMDJYWJCON-UHFFFAOYSA-N	C13H22N4O3S
external	SYTBZMRGLBWNTM-UHFFFAOYSA-N	CC(C(=O)O)c1ccc(-c2ccccc2)c(F)c1	ok	CC(C(=O)O)c1ccc(-c2ccccc2)c(F)c1	SYTBZMRGLBWNTM-UHFFFAOYSA-N	C15H13FO2
external	SYTWWAZKYVYTTQ-UHFFFAOYSA-N	C=C(C)C1CCC(=C)C(CCC2C(C)=CCC(C(=C)C)C2(C)CCC(=O)O)C1(C)CCC(=O)O	ok	C=C(C)C1CCC(=C)C(CCC2C(C)=CCC(C(=C)C)C2(C)CCC(=O)O)C1(C)CCC(=O)O	SYTWWAZKYVYTTQ-UHFFFAOYSA-N	C30H46O4
external	SZNXJUGSSOHWJM-UHFFFAOYSA-N	CC1=C2C(=O)C(C(C)C)CCC2(C)C(O)CC1	ok	CC1=C2C(=O)C(C(C)C)CCC2(C)C(O)CC1	SZNXJUGSSOHWJM-UHFFFAOYSA-N	C15H24O2
external	SZQIFWWUIBRPBZ-UHFFFAOYSA-N	CCN1C(=O)C(c2ccccc2)N=C1O	ok	CCn1c(O)c(-c2ccccc2)[nH]c1=O	DQTXWWZTPYDJTC-UHFFFAOYSA-N	C11H12N2O2
external	TTWJBBZEZQICBI-UHFFFAOYSA-N	CCN(CC)CCN=C(O)c1cc(Cl)c(N)cc1OC	ok	CCN(CC)CCNC(=O)c1cc(Cl)c(N)cc1OC	TTWJBBZEZQICBI-UHFFFAOYSA-N	C14H22ClN3O2
external	TTYCFBAOLXCFAB-UHFFFAOYSA-N	NC(Cc1cn(C2OC(CO)C(O)C2O)cn1)C(=O)O	ok	NC(Cc1cn(C2OC(CO)C(O)C2O)cn1)C(=O)O	TTYCFBAOLXCFAB-UHFFFAOYSA-N	C11H17N3O6
external	TUAHORSUHVUKBD-UHFFFAOYSA-N	c1ccc2c(c1)ccc1ccc3ccccc3c12	ok	c1ccc2c(c1)ccc1ccc3ccccc3c12	TUAHORSUHVUKBD-UHFFFAOYSA-N	C18H12
external	TUFADSGTJUOBEH-UHFFFAOYSA-N	CCCN1CCCC2Cc3nc(=N)[nH]cc3CC21	ok	CCCN1CCCC2Cc3nc(N)ncc3CC21	TUFADSGTJUOBEH-UHFFFAOYSA-N	C14H22N4
external	TUNFSRHWOTWDNC-UHFFFAOYSA-N	CCCCCCCCCCCCCC(=O)O	ok	CCCCCCCCCCCCCC(=O)O	TUNFSRHWOTWDNC-UHFFFAOYSA-N	C14H28O2
external	TUSDEZXZIZRFGC-UHFFFAOYSA-N	O=C(OC1OC2COC(=O)c3cc(O)c(O)c(O)c3-c3c(cc(O)c(O)c3O)C(=O)OC(C2O)C1O)c1cc(O)c(O)c(O)c1	tautomer_MaxTransformsReached			C27H22O18
external	TUSIZTVSUSBSQI-UHFFFAOYSA-N	C=C(C)C1CCC(C)C(OC(C)=O)C1	ok	C=C(C)C1CCC(C)C(OC(C)=O)C1	TUSIZTVSUSBSQI-UHFFFAOYSA-N	C12H20O2
external	TUSQPOXZYYVVMH-UHFFFAOYSA-N	CC(C=O)=CC=CC(C)=CC=CC=C(C)C=CC=C(C)C=CC12OC1(C)CC(O)CC2(C)C	ok	CC(C=O)=CC=CC(C)=CC=CC=C(C)C=CC=C(C)C=CC12OC1(C)CC(O)CC2(C)C	TUSQPOXZYYVVMH-UHFFFAOYSA-N	C30H40O3
external	TUYWTLTWNJOZNY-UHFFFAOYSA-N	COc1ccccc1Oc1c(NS(=O)(=O)c2ccc(C(C)C)cn2)nc(-c2ccnc(-c3nn[nH]n3)c2)nc1OCCO	ok	COc1ccccc1Oc1c(NS(=O)(=O)c2ccc(C(C)C)cn2)nc(-c2ccnc(-c3nn[nH]n3)c2)nc1OCCO	TUYWTLTWNJOZNY-UHFFFAOYSA-N	C27H27N9O6S
external	TUZYXOIXSAXUGO-UHFFFAOYSA-N	CCC(C)C(=O)OC1CC(O)C=C2C=CC(C)C(CCC(O)CC(O)CC(=O)O)C21	ok	CCC(C)C(=O)OC1CC(O)C=C2C=CC(C)C(CCC(O)CC(O)CC(=O)O)C21	TUZYXOIXSAXUGO-UHFFFAOYSA-N	C23H36O7
external	TVOFUERNMZTYRM-UHFFFAOYSA-N	COC1C=CC2=CCN3CCc4cc5c(cc4C23C1)OCO5	ok	COC1C=CC2=CCN3CCc4cc5c(cc4C23C1)OCO5	TVOFUERNMZTYRM-UHFFFAOYSA-N	C18H19NO3
external	TVRIMSLYKUNOPS-UHFFFAOYSA-N	CC1(C)C=C2c3cc4[nH]c5c(c4cc3C(O)C2C(C)(C)O1)CC1CCC2(O)C3=CC(O)C(C(C)(C)O)OC3CCC2(C)C51C	ok	CC1(C)C=C2c3cc4[nH]c5c(c4cc3C(O)C2C(C)(C)O1)CC1CCC2(O)C3=CC(O)C(C(C)(C)O)OC3CCC2(C)C51C	TVRIMSLYKUNOPS-UHFFFAOYSA-N	C37H49NO6
external	TVYLLZQTGLZFBW-UHFFFAOYSA-N	COc1cccc(C2(O)CCCCC2CN(C)C)c1	ok	COc1cccc(C2(O)CCCCC2CN(C)C)c1	TVYLLZQTGLZFBW-UHFFFAOYSA-N	C16H25NO2
external	TVZJLAKRXHGVOK-UHFFFAOYSA-N	CC(C)(C)NCC(O)COc1ccc(O)c2c1CCC(O)=N2	ok	CC(C)(C)NCC(O)COc1ccc(O)c2c1CCC(=O)N2	TVZJLAKRXHGVOK-UHFFFAOYSA-N	C16H24N2O4
external	TWKNDDJHVQUEJF-UHFFFAOYSA-N	C=C(C)C1CCC2(CO)C(O)CC3(C)C(CCC4C5(C)CCC(O)C(C)(C)C5CCC43C)C12	ok	C=C(C)C1CCC2(CO)C(O)CC3(C)C(CCC4C5(C)CCC(O)C(C)(C)C5CCC43C)C12	TWKNDDJHVQUEJF-UHFFFAOYSA-N	C30H50O3
external	TWZNCTCQAGRUGQ-UHFFFAOYSA-N	Oc1ccc(C2Sc3cc(O)ccc3OC2c2ccc(OCCN3CCCCC3)cc2)cc1	ok	Oc1ccc(C2Sc3cc(O)ccc3OC2c2ccc(OCCN3CCCCC3)cc2)cc1	TWZNCTCQAGRUGQ-UHFFFAOYSA-N	C27H29NO4S
external	TXCGAZHTZHNUAI-UHFFFAOYSA-N	CC(C)(Oc1ccc(Cl)cc1)C(=O)O	ok	CC(C)(Oc1ccc(Cl)cc1)C(=O)O	TXCGAZHTZHNUAI-UHFFFAOYSA-N	C10H11ClO3
external	TXEFUSAHPIYZHD-UHFFFAOYSA-N	COc1cc2nccc3c4ccccc4n(c1=O)c23	ok	COc1cc2nccc3c4ccccc4n(c1=O)c23	TXEFUSAHPIYZHD-UHFFFAOYSA-N	C15H10N2O2
external	TXIIZHHIOHVWJD-UHFFFAOYSA-N	CCCCCCCCN1CCc2c(C)c(CC(=O)O)c(C)c(N=C(O)C(C)(C)C)c21	ok	CCCCCCCCN1CCc2c(C)c(CC(=O)O)c(C)c(NC(=O)C(C)(C)C)c21	TXIIZHHIOHVWJD-UHFFFAOYSA-N	C25H40N2O3
external	TXRDDCDJSYWHET-UHFFFAOYSA-N	CCCC(C)Cn1c(=O)c2c(ncn2C)n(C)c1=O	ok	CCCC(C)Cn1c(=O)c2c(ncn2C)n(C)c1=O	TXRDDCDJSYWHET-UHFFFAOYSA-N	C13H20N4O2
external	TXUZVZSFRXZGTL-UHFFFAOYSA-N	CCC(=C(c1ccc(O)cc1)c1ccc(OCCN(C)C)cc1)c1ccccc1	ok	CCC(=C(c1ccc(O)cc1)c1ccc(OCCN(C)C)cc1)c1ccccc1	TXUZVZSFRXZGTL-UHFFFAOYSA-N	C26H29NO2
external	TXVAOITYBBWKMG-UHFFFAOYSA-N	CC=CC(=O)CCC	ok	CC=CC(=O)CCC	TXVAOITYBBWKMG-UHFFFAOYSA-N	C7H12O
external	TXXHDPDFNKHHGW-UHFFFAOYSA-N	O=C(O)C=CC=CC(=O)O	ok	O=C(O)C=CC=CC(=O)O	TXXHDPDFNKHHGW-UHFFFAOYSA-N	C6H6O4
external	TYEYBOSBBBHJIV-UHFFFAOYSA-N	CCC(=O)C(=O)O	ok	CCC(=O)C(=O)O	TYEYBOSBBBHJIV-UHFFFAOYSA-N	C4H6O3
external	TYNQWWGVEGFKRU-UHFFFAOYSA-N	CC1CCC2C(C)C3C(CC4C5CC=C6CC(OC7OC(CO)C(OC8OC(C)C(O)C(O)C8O)C(O)C7OC7OC(C)C(O)C(O)C7O)CCC6(C)C5CCC43C)N2C1	ok	CC1CCC2C(C)C3C(CC4C5CC=C6CC(OC7OC(CO)C(OC8OC(C)C(O)C(O)C8O)C(O)C7OC7OC(C)C(O)C(O)C7O)CCC6(C)C5CCC43C)N2C1	TYNQWWGVEGFKRU-UHFFFAOYSA-N	C45H73NO14
external	TYRRSRADDAROSO-UHFFFAOYSA-N	CCCCCC=CCC1OC1CC=CCC=CCCCC(O)=NCCO	ok	CCCCCC=CCC1OC1CC=CCC=CCCCC(=O)NCCO	TYRRSRADDAROSO-UHFFFAOYSA-N	C22H37NO3
external	TYYLDKGBCJGJGW-UHFFFAOYSA-N	NC(Cc1c[nH]c2ccccc12)C(O)=NC(Cc1ccc(O)cc1)C(=O)O	ok	NC(Cc1c[nH]c2ccccc12)C(=O)NC(Cc1ccc(O)cc1)C(=O)O	TYYLDKGBCJGJGW-UHFFFAOYSA-N	C20H21N3O4
external	TYZROVQLWOKYKF-UHFFFAOYSA-N	CC(O)=NCC1CN(c2ccc(N3CCOCC3)c(F)c2)C(=O)O1	ok	CC(=O)NCC1CN(c2ccc(N3CCOCC3)c(F)c2)C(=O)O1	TYZROVQLWOKYKF-UHFFFAOYSA-N	C16H20FN3O4
external	TZBJGXHYKVUXJN-UHFFFAOYSA-N	O=c1c(-c2ccc(O)cc2)coc2cc(O)cc(O)c12	ok	O=c1c(-c2ccc(O)cc2)coc2cc(O)cc(O)c12	TZBJGXHYKVUXJN-UHFFFAOYSA-N	C15H10O5
external	TZFWDZFKRBELIQ-UHFFFAOYSA-N	Oc1nc2cc(Cl)ccc2o1	ok	O=c1[nH]c2cc(Cl)ccc2o1	TZFWDZFKRBELIQ-UHFFFAOYSA-N	C7H4ClNO2
external	TZRHLKRLEZJVIJ-UHFFFAOYSA-N	CCC(O)=NS(=O)(=O)c1ccc(-c2c(-c3ccccc3)noc2C)cc1	ok	CCC(=O)NS(=O)(=O)c1ccc(-c2c(-c3ccccc3)noc2C)cc1	TZRHLKRLEZJVIJ-UHFFFAOYSA-N	C19H18N2O4S
external	TZTLCJNYBHBVBN-UHFFFAOYSA-N	CC(O)C1N=C(O)C(Cc2ccccc2)N=C(O)C(C(C)O)N=C(O)C(CCCCN)N=C(O)C(Cc2c[nH]c3ccccc23)N=C(O)C(Cc2ccccc2)N=C(O)C(Cc2ccccc2)N=C(O)C(CC(=N)O)N=C(O)C(CCCCN)N=C(O)C(N)CSSCCC(C(=O)O)N=C(O)C(CO)N=C1O	tautomer_MaxTautomersReached			C72H98N16O17S2
external	UACOXBQBNWQWOK-UHFFFAOYSA-N	CC(C)c1nnc2ccc(-c3ocnc3-c3cc(F)ccc3F)cn12	ok	CC(C)c1nnc2ccc(-c3ocnc3-c3cc(F)ccc3F)cn12	UACOXBQBNWQWOK-UHFFFAOYSA-N	C18H14F2N4O
external	UAKVFUWDGIZDMA-UHFFFAOYSA-N	CCCCCCCCC=CCCCCCCCCCCCCCCCC(O)=NC(COC1OC(CO)C(OC2OC(CO)C(OC3OC(CO)C(O)C(OC4OC(CO)C(O)C(O)C4O)C3CC(C)=O)C(OC3(C(=O)O)CC(O)C(N=C(C)O)C(C(O)C(CO)OC4(C(=O)O)CC(O)C(N=C(C)O)C(C(O)C(O)CO)O4)O3)C2O)C(O)C1O)C(O)CCCCCCCCCCCCCCC	ok	CCCCCCCCC=CCCCCCCCCCCCCCCCC(=O)NC(COC1OC(CO)C(OC2OC(CO)C(OC3OC(CO)C(O)C(OC4OC(CO)C(O)C(O)C4O)C3CC(C)=O)C(OC3(C(=O)O)CC(O)C(NC(C)=O)C(C(O)C(CO)OC4(C(=O)O)CC(O)C(NC(C)=O)C(C(O)C(O)CO)O4)O3)C2O)C(O)C1O)C(O)CCCCCCCCCCCCCCC	UAKVFUWDGIZDMA-UHFFFAOYSA-N	C93H165N3O39
external	UAKYQMHTPLVMJD-UHFFFAOYSA-N	CCCCCCCCCCCCCC=CC(O)C(COC1OC(CO)C(O)C(OS(=O)(=O)O)C1O)N=C(O)CCCCCCCCCCCCCCCCCCCCC	ok	CCCCCCCCCCCCCC=CC(O)C(COC1OC(CO)C(O)C(OS(=O)(=O)O)C1O)NC(=O)CCCCCCCCCCCCCCCCCCCCC	UAKYQMHTPLVMJD-UHFFFAOYSA-N	C46H89NO11S
external	UAUHEPXILIZYCU-UHFFFAOYSA-N	CCC[N+]12C(O)C(CC)C3CC1C1N(C)c4ccccc4C14CC2C3C4O	ok	CCC[N+]12C(O)C(CC)C3CC1C1N(C)c4ccccc4C14CC2C3C4O	UAUHEPXILIZYCU-UHFFFAOYSA-N	C23H33N2O2+
external	UAUIUKWPKRJZJV-UHFFFAOYSA-N	Cc1cnc(C(O)=NC2CCCCCC=CC3CC3(C(O)=NS(=O)(=O)C3CC3)N=C(O)C3CC(Oc4nc5ccccc5c5ccccc45)CN3C2=O)cn1	ok	Cc1cnc(C(=O)NC2CCCCCC=CC3CC3(C(=O)NS(=O)(=O)C3CC3)NC(=O)C3CC(Oc4nc5ccccc5c5ccccc45)CN3C2=O)cn1	UAUIUKWPKRJZJV-UHFFFAOYSA-N	C40H43N7O7S
external	UAWLTQJFZUYROA-UHFFFAOYSA-N	O=[N+]([O-])c1cc2c3ccccc3ccc2c2ccccc12	ok	O=[N+]([O-])c1cc2c3ccccc3ccc2c2ccccc12	UAWLTQJFZUYROA-UHFFFAOYSA-N	C18H11NO2
external	UAWXGRJVZSAUSZ-UHFFFAOYSA-N	CC1(C)Cc2c(-c3ccccc3)c(-c3ccc(Cl)cc3)c(CC(=O)O)n2C1	ok	CC1(C)Cc2c(-c3ccccc3)c(-c3ccc(Cl)cc3)c(CC(=O)O)n2C1	UAWXGRJVZSAUSZ-UHFFFAOYSA-N	C23H22ClNO2
external	UBCMQDIOEUZUPT-UHFFFAOYSA-N	CCCCCCCCCCCCCC=CC(O)C(COC1OC(CO)C(OC2OC(CO)C(OC3OC(CO)C(O)C(O)C3N=C(C)O)C(OC3(C(=O)O)CC(O)C(N=C(C)O)C(C(O)C(O)CO)O3)C2O)C(O)C1O)N=C(O)CCCCCCCCCCC	ok	CCCCCCCCCCCCCC=CC(O)C(COC1OC(CO)C(OC2OC(CO)C(OC3OC(CO)C(O)C(O)C3NC(C)=O)C(OC3(C(=O)O)CC(O)C(NC(C)=O)C(C(O)C(O)CO)O3)C2O)C(O)C1O)NC(=O)CCCCCCCCCCC	UBCMQDIOEUZUPT-UHFFFAOYSA-N	C61H109N3O26
external	UBJVUCKUDDKUJF-UHFFFAOYSA-N	C=CCSCC=C	ok	C=CCSCC=C	UBJVUCKUDDKUJF-UHFFFAOYSA-N	C6H10S
external	UBLAMKHIFZBBSS-UHFFFAOYSA-N	CCCCC(=O)OCCC(C)C	ok	CCCCC(=O)OCCC(C)C	UBLAMKHIFZBBSS-UHFFFAOYSA-N	C10H20O2
external	UBORTCNDUKBEOP-UHFFFAOYSA-N	OCC1OC(n2cnc3c(O)nc(O)nc32)C(O)C1O	ok	O=c1[nH]c(=O)c2ncn(C3OC(CO)C(O)C3O)c2[nH]1	UBORTCNDUKBEOP-UHFFFAOYSA-N	C10H12N4O6
external	UBPYILGKFZZVDX-UHFFFAOYSA-N	COc1cc(N=c2c(C#N)c[nH]c3cc(OCCCN4CCN(C)CC4)c(OC)cc23)c(Cl)cc1Cl	ok	COc1cc(Nc2c(C#N)cnc3cc(OCCCN4CCN(C)CC4)c(OC)cc23)c(Cl)cc1Cl	UBPYILGKFZZVDX-UHFFFAOYSA-N	C26H29Cl2N5O3
external	UBQNRHZMVUUOMG-UHFFFAOYSA-N	NS(=O)(=O)Cc1noc2ccccc12	ok	NS(=O)(=O)Cc1noc2ccccc12	UBQNRHZMVUUOMG-UHFFFAOYSA-N	C8H8N2O3S
external	UBUFVRJUGFJQSI-UHFFFAOYSA-N	CC(C)(C)N=C(O)C1CN(Cc2cnc3occc3c2)CCN1CC(O)CC(Cc1ccccc1)C(O)=NC1c2ccccc2CC1O	ok	CC(C)(C)NC(=O)C1CN(Cc2cnc3occc3c2)CCN1CC(O)CC(Cc1ccccc1)C(=O)NC1c2ccccc2CC1O	UBUFVRJUGFJQSI-UHFFFAOYSA-N	C38H47N5O5
external	UCFGDBYHRUNTLO-UHFFFAOYSA-N	CCC1(O)C(=O)OCc2c1cc1n(c2=O)Cc2cc3c(CN(C)C)c(O)ccc3nc2-1	ok	CCC1(O)C(=O)OCc2c1cc1n(c2=O)Cc2cc3c(CN(C)C)c(O)ccc3nc2-1	UCFGDBYHRUNTLO-UHFFFAOYSA-N	C23H23N3O5
external	UCHDWCPVSPXUMX-UHFFFAOYSA-N	CC(C)(O)c1ccccc1CCC(SCC1(CC(=O)O)CC1)c1cccc(C=Cc2ccc3ccc(Cl)cc3n2)c1	ok	CC(C)(O)c1ccccc1CCC(SCC1(CC(=O)O)CC1)c1cccc(C=Cc2ccc3ccc(Cl)cc3n2)c1	UCHDWCPVSPXUMX-UHFFFAOYSA-N	C35H36ClNO3S
external	UCRHFBCYFMIWHC-UHFFFAOYSA-N	Clc1ccc2c(N3CCN(CCCN4CCN(c5ccnc6cc(Cl)ccc56)CC4)CC3)ccnc2c1	ok	Clc1ccc2c(N3CCN(CCCN4CCN(c5ccnc6cc(Cl)ccc56)CC4)CC3)ccnc2c1	UCRHFBCYFMIWHC-UHFFFAOYSA-N	C29H32Cl2N6
external	UCTWMZQNUQWSLP-UHFFFAOYSA-N	CNCC(O)c1ccc(O)c(O)c1	ok	CNCC(O)c1ccc(O)c(O)c1	UCTWMZQNUQWSLP-UHFFFAOYSA-N	C9H13NO3
external	UDSFVOAUHKGBEK-UHFFFAOYSA-N	CCCCCCCCCCC(=O)OC1CCC2C3CCC4=CC(=O)CCC4(C)C3CCC12C	ok	CCCCCCCCCCC(=O)OC1CCC2C3CC=C4CC(=O)CCC4(C)C3CCC12C	JALPNXQHKNKLFK-UHFFFAOYSA-N	C30H48O3
external	UEEJHVSXFDXPFK-UHFFFAOYSA-N	CN(C)CCO	ok	CN(C)CCO	UEEJHVSXFDXPFK-UHFFFAOYSA-N	C4H11NO
external	UEJJHQNACJXSKW-UHFFFAOYSA-N	O=C1N=C(O)CCC1N1C(=O)c2ccccc2C1=O	ok	O=C1CCC(N2C(=O)c3ccccc3C2=O)C(=O)N1	UEJJHQNACJXSKW-UHFFFAOYSA-N	C13H10N2O4
external	UEQUQVLFIPOEMF-UHFFFAOYSA-N	CN1CCN2c3ccccc3Cc3ccccc3C2C1	ok	CN1CCN2c3ccccc3Cc3ccccc3C2C1	UEQUQVLFIPOEMF-UHFFFAOYSA-N	C18H20N2
external	UFCLZKMFXSILNL-UHFFFAOYSA-N	O=C(C=Cc1ccc(O)c(O)c1)OC1CC(O)(C(=O)O)CC(O)C1OC(=O)C=Cc1ccc(O)c(O)c1	tautomer_MaxTransformsReached			C25H24O12
external	UFFBMTHBGFGIHF-UHFFFAOYSA-N	Cc1cccc(C)c1N	ok	Cc1cccc(C)c1N	UFFBMTHBGFGIHF-UHFFFAOYSA-N	C8H11N
external	UFHLMYOGRXOCSL-UHFFFAOYSA-N	CC(C)OC(=O)C(C(=O)OC(C)C)=C1SCCS1	ok	CC(C)OC(=O)C(C(=O)OC(C)C)=C1SCCS1	UFHLMYOGRXOCSL-UHFFFAOYSA-N	C12H18O4S2
external	UFLGIAIHIAPJJC-UHFFFAOYSA-N	CN(C)CCN(Cc1ccccc1)c1ccccn1	ok	CN(C)CCN(Cc1ccccc1)c1ccccn1	UFLGIAIHIAPJJC-UHFFFAOYSA-N	C16H21N3
external	UFNVPOGXISZXJD-UHFFFAOYSA-N	C=C1CC2CCC34CC5OC6C(OC7CCC(CC(=O)CC8C(CC9OC(CCC1O2)CC(C)C9=C)OC(CC(O)CN)C8OC)OC7C6O3)C5O4	ok	C=C1CC2CCC34CC5OC6C(OC7CCC(CC(=O)CC8C(CC9OC(CCC1O2)CC(C)C9=C)OC(CC(O)CN)C8OC)OC7C6O3)C5O4	UFNVPOGXISZXJD-UHFFFAOYSA-N	C40H59NO11
external	UFOUZKFFEDCDRA-UHFFFAOYSA-N	CC(C)CCC(O)C(C)C1C(OC2OC(CO)C(O)C(O)C2O)CC2C3CC=C4CC(O)CC(OC5OC(C)C(O)C(O)C5O)C4(C)C3CCC21C	ok	CC(C)CCC(O)C(C)C1C(OC2OC(CO)C(O)C(O)C2O)CC2C3CC=C4CC(O)CC(OC5OC(C)C(O)C(O)C5O)C4(C)C3CCC21C	UFOUZKFFEDCDRA-UHFFFAOYSA-N	C39H66O13
external	UFOZFVZWQFRZDS-UHFFFAOYSA-N	O=C(CCCNCCO)CC1CCCCC1	ok	O=C(CCCNCCO)CC1CCCCC1	UFOZFVZWQFRZDS-UHFFFAOYSA-N	C13H25NO2
external	UFWIBTONFRDIAS-UHFFFAOYSA-N	c1ccc2ccccc2c1	ok	c1ccc2ccccc2c1	UFWIBTONFRDIAS-UHFFFAOYSA-N	C10H8
external	UGFHIPBXIWJXNA-UHFFFAOYSA-N	Clc1cccc(C(c2ccc3nc[nH]c3c2)n2ccnc2)c1	ok	Clc1cccc(C(c2ccc3[nH]cnc3c2)n2ccnc2)c1	UGFHIPBXIWJXNA-UHFFFAOYSA-N	C17H13ClN4
external	UGFMBZYKVQSQFX-UHFFFAOYSA-N	CNC(C)Cc1ccc(OC)cc1	ok	CNC(C)Cc1ccc(OC)cc1	UGFMBZYKVQSQFX-UHFFFAOYSA-N	C11H17NO
external	UGJMXCAKCUNAIE-UHFFFAOYSA-N	NCC1(CC(=O)O)CCCCC1	ok	NCC1(CC(=O)O)CCCCC1	UGJMXCAKCUNAIE-UHFFFAOYSA-N	C9H17NO2
external	UGJUNCJBZLALDV-UHFFFAOYSA-N	O=C(c1cccs1)c1ccc(OCCCO)c(Cl)c1Cl	ok	O=C(c1cccs1)c1ccc(OCCCO)c(Cl)c1Cl	UGJUNCJBZLALDV-UHFFFAOYSA-N	C14H12Cl2O3S
external	UHDGCWIWMRVCDJ-UHFFFAOYSA-N	N=c1ccn(C2OC(CO)C(O)C2O)c(O)n1	ok	Nc1ccn(C2OC(CO)C(O)C2O)c(=O)n1	UHDGCWIWMRVCDJ-UHFFFAOYSA-N	C9H13N3O5
external	UHNRLUJLKSYZAJ-UHFFFAOYSA-N	CC(C(=O)C(O)C(O)C(C)(C)O)C1CCC2(C)C3CC=C4C(CCC(OC5OC(COC6OC(CO)C(O)C(O)C6O)C(O)C(O)C5O)C4(C)C)C3(C)CCC12C	ok	CC(C(=O)C(O)C(O)C(C)(C)O)C1CCC2(C)C3CC=C4C(CCC(OC5OC(COC6OC(CO)C(O)C(O)C6O)C(O)C(O)C5O)C4(C)C)C3(C)CCC12C	UHNRLUJLKSYZAJ-UHFFFAOYSA-N	C42H70O15
external	UHOVQNZJYSORNB-UHFFFAOYSA-N	c1ccccc1	ok	c1ccccc1	UHOVQNZJYSORNB-UHFFFAOYSA-N	C6H6
external	UHQNVKKALWJDQL-UHFFFAOYSA-N	CC1CCC2(C(=O)OC3OC(CO)C(O)C(O)C3O)CCC3(C)C(=CCC4C5(C)CCC(OC6OC(C(=O)O)C(O)C(O)C6O)C(C)(CO)C5CCC43C)C2C1C	ok	CC1CCC2(C(=O)OC3OC(CO)C(O)C(O)C3O)CCC3(C)C(=CCC4C5(C)CCC(OC6OC(C(=O)O)C(O)C(O)C6O)C(C)(CO)C5CCC43C)C2C1C	UHQNVKKALWJDQL-UHFFFAOYSA-N	C42H66O15
external	UHRXEPZELBAZEZ-UHFFFAOYSA-N	OC(CNCC(F)(F)F)COc1cccc2ccccc12	ok	OC(CNCC(F)(F)F)COc1cccc2ccccc12	UHRXEPZELBAZEZ-UHFFFAOYSA-N	C15H16F3NO2
external	UHSKFQJFRQCDBE-UHFFFAOYSA-N	CCCN(CCC)CCc1cccc2c1CC(O)=N2	ok	CCCN(CCC)CCc1cccc2[nH]c(O)cc12	FBYFJOVKHROJSY-UHFFFAOYSA-N	C16H24N2O
external	UHTHHESEBZOYNR-UHFFFAOYSA-N	COc1cc2c(Nc3ccc(Br)cc3F)ncnc2cc1OCC1CCN(C)CC1	ok	COc1cc2c(Nc3ccc(Br)cc3F)ncnc2cc1OCC1CCN(C)CC1	UHTHHESEBZOYNR-UHFFFAOYSA-N	C22H24BrFN4O2
external	UHWVSEOVJBQKBE-UHFFFAOYSA-N	COc1ccc(CN2CCNCC2)c(OC)c1OC	ok	COc1ccc(CN2CCNCC2)c(OC)c1OC	UHWVSEOVJBQKBE-UHFFFAOYSA-N	C14H22N2O3
external	UHXUZOCRWCRNSJ-UHFFFAOYSA-N	CN=C(O)ON=C(C)SC	ok	CNC(=O)ON=C(C)SC	UHXUZOCRWCRNSJ-UHFFFAOYSA-N	C5H10N2O2S
external	UIAGMCDKSXEBJQ-UHFFFAOYSA-N	COCCOC(=O)C1=C(C)NC(C)=C(C(=O)OC(C)C)C1c1cccc([N+](=O)[O-])c1	ok	COCCOC(=O)C1=C(C)N=C(C)C(C(=O)OC(C)C)C1c1cccc([N+](=O)[O-])c1	SVMHYHIZWOJKDL-UHFFFAOYSA-N	C21H26N2O7
external	UIEATEWHFDRYRU-UHFFFAOYSA-N	CC(C)COCC(CN(Cc1ccccc1)c1ccccc1)N1CCCC1	ok	CC(C)COCC(CN(Cc1ccccc1)c1ccccc1)N1CCCC1	UIEATEWHFDRYRU-UHFFFAOYSA-N	C24H34N2O
external	UIICLBTZHWODPZ-UHFFFAOYSA-N	Cc1cc2c([nH]c(=N)n2C)c2cccnc12	ok	Cc1cc2c(nc(N)n2C)c2cccnc12	UIICLBTZHWODPZ-UHFFFAOYSA-N	C12H12N4
external	UIKPUUZBQYTDRX-UHFFFAOYSA-N	CCCCCCCCCCCCCC=CC(O)C(COC1OC(CO)C(OC2OC(CO)C(O)C(OC3(C(=O)O)CC(O)C(N=C(C)O)C(C(O)C(O)CO)O3)C2O)C(O)C1O)N=C(O)CCCCCCCCCCCCCCCCC	ok	CCCCCCCCCCCCCC=CC(O)C(COC1OC(CO)C(OC2OC(CO)C(O)C(OC3(C(=O)O)CC(O)C(NC(C)=O)C(C(O)C(O)CO)O3)C2O)C(O)C1O)NC(=O)CCCCCCCCCCCCCCCCC	UIKPUUZBQYTDRX-UHFFFAOYSA-N	C59H108N2O21
external	UIKROCXWUNQSPJ-UHFFFAOYSA-N	CN1C(=O)CCC1c1cccnc1	ok	CN1C(=O)CCC1c1cccnc1	UIKROCXWUNQSPJ-UHFFFAOYSA-N	C10H12N2O
external	UIOFUWFRIANQPC-UHFFFAOYSA-N	Cc1onc(-c2c(F)cccc2Cl)c1C(O)=NC1C(=O)N2C1SC(C)(C)C2C(=O)O	ok	Cc1onc(-c2c(F)cccc2Cl)c1C(=O)NC1C(=O)N2C1SC(C)(C)C2C(=O)O	UIOFUWFRIANQPC-UHFFFAOYSA-N	C19H17ClFN3O5S
external	UISARWKNNNHPGI-UHFFFAOYSA-N	CC(CC(c1ccccc1)c1ccccc1)NC(C)(C)C	ok	CC(CC(c1ccccc1)c1ccccc1)NC(C)(C)C	UISARWKNNNHPGI-UHFFFAOYSA-N	C20H27N
external	UISKIUIWPSPSAV-UHFFFAOYSA-N	O=[N+]([O-])c1cc2cccc3ccc4cccc1c4c32	ok	O=[N+]([O-])c1cc2cccc3ccc4cccc1c4c32	UISKIUIWPSPSAV-UHFFFAOYSA-N	C16H9NO2
external	UJLAWZDWDVHWOW-UHFFFAOYSA-N	CC1CCN(C(=O)CC#N)CC1N(C)c1ncnc2[nH]ccc12	ok	CC1CCN(C(=O)CC#N)CC1N(C)c1ncnc2[nH]ccc12	UJLAWZDWDVHWOW-UHFFFAOYSA-N	C16H20N6O
external	UJOBWOGCFQCDNV-UHFFFAOYSA-N	c1ccc2c(c1)[nH]c1ccccc12	ok	c1ccc2c(c1)[nH]c1ccccc12	UJOBWOGCFQCDNV-UHFFFAOYSA-N	C12H9N
external	UJSKUDDDPKGBJY-UHFFFAOYSA-N	CC(NCCn1cnc2c1c(=O)n(C)c(=O)n2C)C(O)c1ccccc1	ok	CC(NCCn1cnc2c1c(=O)n(C)c(=O)n2C)C(O)c1ccccc1	UJSKUDDDPKGBJY-UHFFFAOYSA-N	C18H23N5O3
external	UJVDJAPJQWZRFR-UHFFFAOYSA-N	CC(C)(N)C(O)=NC(Cc1c[nH]c2ccccc12)C(O)=NC(Cc1c[nH]c2ccccc12)N=CO	ok	CC(C)(N)C(=O)NC(Cc1c[nH]c2ccccc12)C(=O)NC(Cc1c[nH]c2ccccc12)NC=O	UJVDJAPJQWZRFR-UHFFFAOYSA-N	C26H30N6O3
external	UKLDABCYBVVGHL-UHFFFAOYSA-N	C#CC#CC#CCCO	ok	C#CC#CC#CCCO	UKLDABCYBVVGHL-UHFFFAOYSA-N	C8H6O
external	UKMCCFHULJHJNS-UHFFFAOYSA-N	CCC(C=CC(C)C1CCC2C3C(=O)C=C4CC(O)CCC4(C)C3CCC12C)C(C)C	ok	CCC(C=CC(C)C1CCC2C3C(=O)C=C4CC(O)CCC4(C)C3CCC12C)C(C)C	UKMCCFHULJHJNS-UHFFFAOYSA-N	C29H46O2
external	UKTAZPQNNNJVKR-UHFFFAOYSA-N	O=C(OC1CC2CC3CC(C1)N2CC3=O)c1c[nH]c2ccccc12	ok	O=C(OC1CC2CC3CC(C1)N2CC3=O)c1c[nH]c2ccccc12	UKTAZPQNNNJVKR-UHFFFAOYSA-N	C19H20N2O3
external	UKWLNMIPRJLYGH-UHFFFAOYSA-N	COc1ccc2c(=O)c(-c3ccc(OC)c(OC)c3)coc2c1	ok	COc1ccc2c(=O)c(-c3ccc(OC)c(OC)c3)coc2c1	UKWLNMIPRJLYGH-UHFFFAOYSA-N	C18H16O5
external	ULAADVBNYHGIBP-UHFFFAOYSA-N	COc1ccc2c(c1)CCC1C2CCC2(C)C(O)CCC12	ok	COc1ccc2c(c1)CCC1C2CCC2(C)C(O)CCC12	ULAADVBNYHGIBP-UHFFFAOYSA-N	C19H26O2
external	ULDHMXUKGWMISQ-UHFFFAOYSA-N	C=C(C)C1CC=C(C)C(=O)C1	ok	C=C(C)C1C=CC(C)C(=O)C1	YAHNGTQFNICUIJ-UHFFFAOYSA-N	C10H14O
external	ULGZDMOVFRHVEP-UHFFFAOYSA-N	CCC1OC(=O)C(C)C(OC2CC(C)(OC)C(O)C(C)O2)C(C)C(OC2OC(C)CC(N(C)C)C2O)C(C)(O)CC(C)C(=O)C(C)C(O)C1(C)O	ok	CCC1OC(=O)C(C)C(OC2CC(C)(OC)C(O)C(C)O2)C(C)C(OC2OC(C)CC(N(C)C)C2O)C(C)(O)CC(C)C(=O)C(C)C(O)C1(C)O	ULGZDMOVFRHVEP-UHFFFAOYSA-N	C37H67NO13
external	ULHWZNASVJIOEM-UHFFFAOYSA-N	CC(C)=CCSCC(N)C(=O)O	ok	CC(C)=CCSCC(N)C(=O)O	ULHWZNASVJIOEM-UHFFFAOYSA-N	C8H15NO2S
external	ULOZGJWEIWAWML-UHFFFAOYSA-N	CCC(=O)N(c1ccccc1)C1(COC)CCNCC1	ok	CCC(=O)N(c1ccccc1)C1(COC)CCNCC1	ULOZGJWEIWAWML-UHFFFAOYSA-N	C16H24N2O2
external	ULSDMUVEXKOYBU-UHFFFAOYSA-N	CN(C)CCc1c[nH]c2ccc(CC3COC(O)=N3)cc12	ok	CN(C)CCc1c[nH]c2ccc(CC3COC(=O)N3)cc12	ULSDMUVEXKOYBU-UHFFFAOYSA-N	C16H21N3O2
external	ULSUXBXHSYSGDT-UHFFFAOYSA-N	COc1ccc(-c2cc(=O)c3c(OC)c(OC)c(OC)c(OC)c3o2)cc1	ok	COc1ccc(-c2cc(=O)c3c(OC)c(OC)c(OC)c(OC)c3o2)cc1	ULSUXBXHSYSGDT-UHFFFAOYSA-N	C20H20O7
external	ULXXDDBFHOBEHA-UHFFFAOYSA-N	CN(C)CC=CC(O)=Nc1cc2c(Nc3ccc(F)c(Cl)c3)ncnc2cc1OC1CCOC1	ok	CN(C)CC=CC(=O)Nc1cc2c(Nc3ccc(F)c(Cl)c3)ncnc2cc1OC1CCOC1	ULXXDDBFHOBEHA-UHFFFAOYSA-N	C24H25ClFN5O3
external	UMFJAHHVKNCGLG-UHFFFAOYSA-N	CN(C)N=O	ok	CN(C)N=O	UMFJAHHVKNCGLG-UHFFFAOYSA-N	C2H6N2O
external	UMJXUWDTBAXFNN-UHFFFAOYSA-N	CC(=O)OCC1OC(OC2C(CO)OC(OC3CCC4(C)C(CCC5C4CCC4(C)C5CC5OC6(CCC(C)CO6)C(C)C54)C3)C(O)C2O)C(OC2OC(CO)C(O)C(O)C2O)C(OC2OC(CO)C(O)C(O)C2O)C1O	ok	CC(=O)OCC1OC(OC2C(CO)OC(OC3CCC4(C)C(CCC5C4CCC4(C)C5CC5OC6(CCC(C)CO6)C(C)C54)C3)C(O)C2O)C(OC2OC(CO)C(O)C(O)C2O)C(OC2OC(CO)C(O)C(O)C2O)C1O	UMJXUWDTBAXFNN-UHFFFAOYSA-N	C53H86O24
external	UMKFEPPTGMDVMI-UHFFFAOYSA-N	O=P1(N(CCCl)CCCl)OCCCN1CCCl	ok	O=P1(N(CCCl)CCCl)OCCCN1CCCl	UMKFEPPTGMDVMI-UHFFFAOYSA-N	C9H18Cl3N2O2P
external	UMMREFLKYDGCQB-UHFFFAOYSA-N	CCC=CCC(=O)CC	ok	CCC=CCC(=O)CC	UMMREFLKYDGCQB-UHFFFAOYSA-N	C8H14O
external	UMSGKTJDUHERQW-UHFFFAOYSA-N	Cc1nnc2n1-c1sc(Br)cc1C(c1ccccc1Cl)=NC2	ok	Cc1nnc2n1-c1sc(Br)cc1C(c1ccccc1Cl)=NC2	UMSGKTJDUHERQW-UHFFFAOYSA-N	C15H10BrClN4S
external	UMYDNZXEHYSVFY-UHFFFAOYSA-N	C=CCC(CCC)C(=O)O	ok	C=CCC(CCC)C(=O)O	UMYDNZXEHYSVFY-UHFFFAOYSA-N	C8H14O2
external	UNAANXDKBXWMLN-UHFFFAOYSA-N	CC(C)CC(N(C)C)C1(c2ccc(Cl)cc2)CCC1	ok	CC(C)CC(N(C)C)C1(c2ccc(Cl)cc2)CCC1	UNAANXDKBXWMLN-UHFFFAOYSA-N	C17H26ClN
external	UNBRKDKAWYKMIV-UHFFFAOYSA-N	CCC(CO)N=C(O)C1C=C2c3cccc4[nH]cc(c34)CC2N(C)C1	ok	CCC(CO)NC(=O)C1C=C2c3cccc4[nH]cc(c34)CC2N(C)C1	UNBRKDKAWYKMIV-UHFFFAOYSA-N	C20H25N3O2
external	UNISKOOZAQCSPC-UHFFFAOYSA-N	CCCC1OC2CC3C4CC=C5CC(=O)C=CC5(C)C4C(O)CC3(C)C2(C(=O)CO)O1	ok	CCCC1OC2CC3C4CC=C5CC(=O)C=CC5(C)C4C(O)CC3(C)C2(C(=O)CO)O1	UNISKOOZAQCSPC-UHFFFAOYSA-N	C25H34O6
external	UNVGBIALRHLALK-UHFFFAOYSA-N	CC(O)CCCCO	ok	CC(O)CCCCO	UNVGBIALRHLALK-UHFFFAOYSA-N	C6H14O2
external	UNXHWFMMPAWVPI-UHFFFAOYSA-N	OCC(O)C(O)CO	ok	OCC(O)C(O)CO	UNXHWFMMPAWVPI-UHFFFAOYSA-N	C4H10O4
external	UOACKFBJUYNSLK-UHFFFAOYSA-N	CC12CCC3c4ccc(O)cc4CCC3C1CCC2OC(=O)CCC1CCCC1	ok	CC12CCC3c4ccc(O)cc4CCC3C1CCC2OC(=O)CCC1CCCC1	UOACKFBJUYNSLK-UHFFFAOYSA-N	C26H36O3
external	UOBJOWXNMYOTGQ-UHFFFAOYSA-N	O=c1ccc2nc3ccc(OCOCc4ccccc4)cc3oc-2c1	ok	O=c1ccc2nc3ccc(OCOCc4ccccc4)cc3oc-2c1	UOBJOWXNMYOTGQ-UHFFFAOYSA-N	C20H15NO4
external	UOCLXMDMGBRAIB-UHFFFAOYSA-N	CC(Cl)(Cl)Cl	ok	CC(Cl)(Cl)Cl	UOCLXMDMGBRAIB-UHFFFAOYSA-N	C2H3Cl3
external	UOKDPAAQNNWFSY-UHFFFAOYSA-N	CC#Cc1ccc(CCC(=O)OC)s1	ok	CC#Cc1ccc(CCC(=O)OC)s1	UOKDPAAQNNWFSY-UHFFFAOYSA-N	C11H12O2S
external	UOUIARGWRPHDBX-UHFFFAOYSA-N	CC12CCC3C4CCC(O)CC4CCC3C1CCC2=O	ok	CC12CCC3C4CCC(O)CC4CCC3C1CCC2=O	UOUIARGWRPHDBX-UHFFFAOYSA-N	C18H28O2
external	UOVLTQUOCUWCRV-UHFFFAOYSA-N	CC=C(C)C(=O)OC1=C2C(C)C(=O)OC2(OC)CC2CCC(O)C(C)C12C	ok	CC=C(C)C(=O)OC1=C2C(C)C(=O)OC2(OC)CC2CCC(O)C(C)C12C	UOVLTQUOCUWCRV-UHFFFAOYSA-N	C21H30O6
external	UPGGKUQISSWRJJ-UHFFFAOYSA-N	CSCC1C(=O)SCC(NC(=O)c2nc3ccccc3cc2O)C(O)=NCC(=O)N(C)C2CSSCC(C(=O)N1C)N(C)C(=O)CN=C(O)C(NC(=O)c1nc3ccccc3cc1O)CSC(=O)C(CSC)N(C)C2=O	tautomer_MaxTautomersReached			C48H56N10O12S6
external	UPKQNCPKPOLASS-UHFFFAOYSA-N	COc1ccc(CCNCCCC(C#N)(c2ccc(OC)c(OC)c2)C(C)C)cc1OC	ok	COc1ccc(CCNCCCC(C#N)(c2ccc(OC)c(OC)c2)C(C)C)cc1OC	UPKQNCPKPOLASS-UHFFFAOYSA-N	C26H36N2O4
external	UPMRZALMHVUCIN-UHFFFAOYSA-N	CC(=O)C(=Cc1cc(O)c(O)c([N+](=O)[O-])c1)C(C)=O	ok	CC(=O)C(=Cc1cc(O)c(O)c([N+](=O)[O-])c1)C(C)=O	UPMRZALMHVUCIN-UHFFFAOYSA-N	C12H11NO6
external	UPVBTYUCCOHEPJ-UHFFFAOYSA-N	CC(C)=CCCC(C)CCOC1OC(CO)C(O)C(O)C1OC1OC(CO)C(O)C(O)C1O	ok	CC(C)=CCCC(C)CCOC1OC(CO)C(O)C(O)C1OC1OC(CO)C(O)C(O)C1O	UPVBTYUCCOHEPJ-UHFFFAOYSA-N	C22H40O11
external	UQCNKQCJZOAFTQ-UHFFFAOYSA-N	CN1CCC23c4c5ccc(O)c4OC2C(=O)CCC3(O)C1C5	ok	CN1CCC23c4c5ccc(O)c4OC2C(=O)CCC3(O)C1C5	UQCNKQCJZOAFTQ-UHFFFAOYSA-N	C17H19NO4
external	UQRPWWKJWZFNAE-UHFFFAOYSA-N	CC12CCC(O)CC1CCC1C2C(=O)CC2(CO)C(C(=O)CO)CCC12	ok	CC12CCC(O)CC1CCC1C2C(=O)CC2(CO)C(C(=O)CO)CCC12	UQRPWWKJWZFNAE-UHFFFAOYSA-N	C21H32O5
external	UQVKZNNCIHJZLS-UHFFFAOYSA-N	Cn1c(=N)[nH]c2ncc(-c3ccccc3)cc21	ok	Cn1c(N)nc2ncc(-c3ccccc3)cc21	UQVKZNNCIHJZLS-UHFFFAOYSA-N	C13H12N4
external	UREBDLICKHMUKA-UHFFFAOYSA-N	CC1CC2C3CCC4=CC(=O)C=CC4(C)C3(F)C(O)CC2(C)C1(O)C(=O)CO	ok	CC1CC2C3CC=C4CC(=O)C=CC4(C)C3(F)C(O)CC2(C)C1(O)C(=O)CO	GJFCONYVAUNLKB-UHFFFAOYSA-N	C22H29FO5
external	URKOMYMAXPYINW-UHFFFAOYSA-N	OCCOCCN1CCN(C2=Nc3ccccc3Sc3ccccc32)CC1	ok	OCCOCCN1CCN(C2=Nc3ccccc3Sc3ccccc32)CC1	URKOMYMAXPYINW-UHFFFAOYSA-N	C21H25N3O2S
external	URLKBWYHVLBVBO-UHFFFAOYSA-N	Cc1ccc(C)cc1	ok	Cc1ccc(C)cc1	URLKBWYHVLBVBO-UHFFFAOYSA-N	C8H10
external	URNSECGXFRDEDC-UHFFFAOYSA-N	CC(=O)N=C1C=CC(=O)C=C1	ok	CC(=O)N=C1C=CC(=O)C=C1	URNSECGXFRDEDC-UHFFFAOYSA-N	C8H7NO2
external	URRJUSLCXVXZOX-UHFFFAOYSA-N	CCCCCc1cc(O)c2c(c1)OC(C)(C)C1C(O)C=C(C)CC21	ok	CCCCCc1cc(O)c2c(c1)OC(C)(C)C1C(O)C=C(C)CC21	URRJUSLCXVXZOX-UHFFFAOYSA-N	C21H30O3
external	URTFKMOPZGIJTM-UHFFFAOYSA-N	COc1cc(O)c(C)c(C=CC(C)=CCC=C(C)CCC=C(C)CCC=C(C)CCC=C(C)CCC=C(C)C)c1O	ok	COc1cc(O)c(C)c(C=CC(C)=CCC=C(C)CCC=C(C)CCC=C(C)CCC=C(C)CCC=C(C)C)c1O	URTFKMOPZGIJTM-UHFFFAOYSA-N	C38H56O3
external	URXZXNYJPAJJOQ-UHFFFAOYSA-N	CCCCCCC=CCCCCCCCCCCCC(=O)O	ok	CCCCCCC=CCCCCCCCCCCCC(=O)O	URXZXNYJPAJJOQ-UHFFFAOYSA-N	C20H38O2
external	URYBOPNIACOOED-UHFFFAOYSA-N	COC(OC)C1(C)Oc2ccc(N)cc2C(N(Cc2nnn(C)n2)c2ccc(Cl)cc2)C1O	ok	COC(OC)C1(C)Oc2ccc(N)cc2C(N(Cc2nnn(C)n2)c2ccc(Cl)cc2)C1O	URYBOPNIACOOED-UHFFFAOYSA-N	C22H27ClN6O4
external	USBWBBAUWVUJLA-UHFFFAOYSA-N	CCNC(C)Cc1ccc(OC)cc1	ok	CCNC(C)Cc1ccc(OC)cc1	USBWBBAUWVUJLA-UHFFFAOYSA-N	C12H19NO
external	USFJGINJGUIFSY-UHFFFAOYSA-N	CC(C=O)CCCC(C)C1CCC2C3C(O)CC4CC(O)CCC4(C)C3CC(O)C12C	ok	CC(C=O)CCCC(C)C1CCC2C3C(O)CC4CC(O)CCC4(C)C3CC(O)C12C	USFJGINJGUIFSY-UHFFFAOYSA-N	C27H46O4
external	USGYNNGHZHARJS-UHFFFAOYSA-N	C=CCNCCCCCCCCCC	ok	C=CCNCCCCCCCCCC	USGYNNGHZHARJS-UHFFFAOYSA-N	C13H27N
external	USMNOWBWPHYOEA-UHFFFAOYSA-N	CC1C(=O)CC2(C(C)C)CC12	ok	CC1C(=O)CC2(C(C)C)CC12	USMNOWBWPHYOEA-UHFFFAOYSA-N	C10H16O
external	USRHYDPUVLEVMC-UHFFFAOYSA-N	CN(C)C(CCOc1cccc2ccccc12)c1ccccc1	ok	CN(C)C(CCOc1cccc2ccccc12)c1ccccc1	USRHYDPUVLEVMC-UHFFFAOYSA-N	C21H23NO
external	USSIQXCVUWKGNF-UHFFFAOYSA-N	CCC(=O)C(CC(C)N(C)C)(c1ccccc1)c1ccccc1	ok	CCC(=O)C(CC(C)N(C)C)(c1ccccc1)c1ccccc1	USSIQXCVUWKGNF-UHFFFAOYSA-N	C21H27NO
external	USUZGMWDZDXMDG-UHFFFAOYSA-N	N#Cc1ccc(C2CCc3cncn32)c(F)c1	ok	N#Cc1ccc(C2CCc3cncn32)c(F)c1	USUZGMWDZDXMDG-UHFFFAOYSA-N	C13H10FN3
external	USWVWJSAJAEEHQ-UHFFFAOYSA-N	CCC(Cc1ccc2c(c1)OCO2)NC	ok	CCC(Cc1ccc2c(c1)OCO2)NC	USWVWJSAJAEEHQ-UHFFFAOYSA-N	C12H17NO2
external	UTEAJHNFBCLZHN-UHFFFAOYSA-N	COc1cc(O)c2c(=O)c3cccc(O)c3n(C)c2c1OC	ok	COc1cc(O)c2c(=O)c3cccc(O)c3n(C)c2c1OC	UTEAJHNFBCLZHN-UHFFFAOYSA-N	C16H15NO5
external	UTILMNMNJVRNKR-UHFFFAOYSA-N	CC1CC2C3CC=C4CC(=O)C=CC4(C)C3(F)C(O)CC2(C)C1=O	ok	CC1CC2C3CC=C4CC(=O)C=CC4(C)C3(F)C(O)CC2(C)C1=O	UTILMNMNJVRNKR-UHFFFAOYSA-N	C20H25FO3
external	UTKUVRNVYFTEHF-UHFFFAOYSA-N	Nc1ccc([N+](=O)[O-])c(C(F)(F)F)c1	ok	Nc1ccc([N+](=O)[O-])c(C(F)(F)F)c1	UTKUVRNVYFTEHF-UHFFFAOYSA-N	C7H5F3N2O2
external	UTRJXEOCVQXSFY-UHFFFAOYSA-N	CC(CCC1(O)OC2CC3C4CC(O)C5CC(OC6OC(CO)C(OC7OC(CO)C(O)C(O)C7O)C(O)C6O)C(O)CC5(C)C4CCC3(C)C2C1C)COC1OC(CO)C(O)C(O)C1O	ok	CC(CCC1(O)OC2CC3C4CC(O)C5CC(OC6OC(CO)C(OC7OC(CO)C(O)C(O)C7O)C(O)C6O)C(O)CC5(C)C4CCC3(C)C2C1C)COC1OC(CO)C(O)C(O)C1O	UTRJXEOCVQXSFY-UHFFFAOYSA-N	C45H76O21
external	UTSVPXMQSFGQTM-UHFFFAOYSA-N	COc1cc2c(c3oc4cccc(O)c4c(=O)c13)C1C=COC1O2	ok	COc1cc2c(c3oc4cccc(O)c4c(=O)c13)C1C=COC1O2	UTSVPXMQSFGQTM-UHFFFAOYSA-N	C18H12O6
external	UUFAJPMQSFXDFR-UHFFFAOYSA-N	C#CCNC(C)Cc1ccccc1	ok	C#CCNC(C)Cc1ccccc1	UUFAJPMQSFXDFR-UHFFFAOYSA-N	C12H15N
external	UUIQMZJEGPQKFD-UHFFFAOYSA-N	CCCC(=O)OC	ok	CCCC(=O)OC	UUIQMZJEGPQKFD-UHFFFAOYSA-N	C5H10O2
external	UUOCODHGILANAP-UHFFFAOYSA-N	CC1(C)C(=O)CC(O)C23C(=O)OC4OCC(=CCC12)C43	ok	CC1(C)C(=O)CC(O)C23C(=O)OC4OCC(=CCC12)C43	UUOCODHGILANAP-UHFFFAOYSA-N	C15H18O5
external	UUOJIACWOAYWEZ-UHFFFAOYSA-N	Cc1cc2c(OCC(CNC(C)(C)C)OC(=O)c3ccccc3)cccc2[nH]1	ok	Cc1cc2c(OCC(CNC(C)(C)C)OC(=O)c3ccccc3)cccc2[nH]1	UUOJIACWOAYWEZ-UHFFFAOYSA-N	C23H28N2O3
external	UUSZLLQJYRSZIS-UHFFFAOYSA-N	CCC(C)C1N=C(O)C(N=C(O)C(CC(C)C)N(C)C(=O)C2CCCN2C(=O)C(C)=O)C(C)OC(=O)C(Cc2ccc(OC)cc2)N(C)C(=O)C2CCCN2C(=O)C(CC(C)C)N=C(O)C(C)C(=O)C(C(C)C)OC(=O)CC1O	tautomer_MaxTransformsReached			C57H87N7O15
external	UUWIEIBBJWHXIO-UHFFFAOYSA-N	Cc1c(C)c(O)c(C=CC(C)(O)CCC(=O)O)c(C)c1O	ok	Cc1c(C)c(O)c(C=CC(C)(O)CCC(=O)O)c(C)c1O	UUWIEIBBJWHXIO-UHFFFAOYSA-N	C16H22O5
external	UUWJNBOCAPUTBK-UHFFFAOYSA-N	Cn1cnc2c(O)nc(=N)[nH]c21	ok	Cn1cnc2c(=O)[nH]c(N)nc21	UUWJNBOCAPUTBK-UHFFFAOYSA-N	C6H7N5O
external	UVNHKOOJXSALHN-UHFFFAOYSA-N	CC1CCC2C(C)C(OCc3ccc(C(=O)O)cc3)OC3OC4(C)CCC1C32OO4	ok	CC1CCC2C(C)C(OCc3ccc(C(=O)O)cc3)OC3OC4(C)CCC1C32OO4	UVNHKOOJXSALHN-UHFFFAOYSA-N	C23H30O7
external	UVSMNLNDYGZFPF-UHFFFAOYSA-N	Nc1cccc2c1C(=O)N(C1CCC(O)=NC1=O)C2=O	ok	Nc1cccc2c1C(=O)N(C1CCC(=O)NC1=O)C2=O	UVSMNLNDYGZFPF-UHFFFAOYSA-N	C13H11N3O4
external	UVTNFZQICZKOEM-UHFFFAOYSA-N	CC(C)N(CCC(C(=N)O)(c1ccccc1)c1ccccn1)C(C)C	ok	CC(C)N(CCC(C(N)=O)(c1ccccc1)c1ccccn1)C(C)C	UVTNFZQICZKOEM-UHFFFAOYSA-N	C21H29N3O
external	UWFYSQMTEOIJJG-UHFFFAOYSA-N	CC(=O)OC1(C(C)=O)CCC2C3C=C(Cl)C4=CC(=O)C5CC5C4(C)C3CCC21C	ok	CC(=O)OC1(C(C)=O)CCC2C3=CC(Cl)=C4CC(=O)C5CC5C4(C)C3CCC21C	WZXZCWIUJRKDJF-UHFFFAOYSA-N	C24H29ClO4
external	UWKQSNNFCGGAFS-UHFFFAOYSA-N	CCc1c2c(nc3ccc(OC(=O)N4CCC(N5CCCCC5)CC4)cc13)-c1cc3c(c(=O)n1C2)COC(=O)C3(O)CC	ok	CCc1c2c(nc3ccc(OC(=O)N4CCC(N5CCCCC5)CC4)cc13)-c1cc3c(c(=O)n1C2)COC(=O)C3(O)CC	UWKQSNNFCGGAFS-UHFFFAOYSA-N	C33H38N4O6
external	UWPBQLKEHGGKKD-UHFFFAOYSA-N	O=C(O)CCCCC=C(c1ccccc1)c1cccnc1	ok	O=C(O)CCCCC=C(c1ccccc1)c1cccnc1	UWPBQLKEHGGKKD-UHFFFAOYSA-N	C18H19NO2
external	UXOWGYHJODZGMF-UHFFFAOYSA-N	COCCCOc1cc(CC(CC(N)C(O)CC(C(O)=NCC(C)(C)C(=N)O)C(C)C)C(C)C)ccc1OC	ok	COCCCOc1cc(CC(CC(N)C(O)CC(C(=O)NCC(C)(C)C(N)=O)C(C)C)C(C)C)ccc1OC	UXOWGYHJODZGMF-UHFFFAOYSA-N	C30H53N3O6
external	UXUPPWPIGVTVQI-UHFFFAOYSA-N	CCCCCC(=O)OCC(C)C	ok	CCCCCC(=O)OCC(C)C	UXUPPWPIGVTVQI-UHFFFAOYSA-N	C10H20O2
external	UXVSDVSUISWXKD-UHFFFAOYSA-N	COC(=O)C1=C(C)N=C(C)C(C(=O)OCCN(C)Cc2ccccc2)C1c1cccc([N+](=O)[O-])c1	ok	COC(=O)C1=C(C)N=C(C)C(C(=O)OCCN(C)Cc2ccccc2)C1c1cccc([N+](=O)[O-])c1	UXVSDVSUISWXKD-UHFFFAOYSA-N	C26H29N3O6
external	UYGONJYYUKVHDD-UHFFFAOYSA-N	Cn1cc(S(C)=O)c(=O)c2ccc(F)cc21	ok	Cn1cc([S+](C)[O-])c(=O)c2ccc(F)cc21	UYGONJYYUKVHDD-UHFFFAOYSA-N	C11H10FNO2S
external	UYIFTLBWAOGQBI-UHFFFAOYSA-N	CC12CCC3c4ccc(OC(=O)c5ccccc5)cc4CCC3C1CCC2O	ok	CC12CCC3c4ccc(OC(=O)c5ccccc5)cc4CCC3C1CCC2O	UYIFTLBWAOGQBI-UHFFFAOYSA-N	C25H28O3
external	UYJHWPMQCSNBKU-UHFFFAOYSA-N	CCC(C)CCn1c(=O)c2c(ncn2C)n(C)c1=O	ok	CCC(C)CCn1c(=O)c2c(ncn2C)n(C)c1=O	UYJHWPMQCSNBKU-UHFFFAOYSA-N	C13H20N4O2
external	UYXAWHWODHRRMR-UHFFFAOYSA-N	CN1C(=O)N=C(O)C(C)(C2=CCCCC2)C1=O	ok	CN1C(=O)NC(=O)C(C)(C2=CCCCC2)C1=O	UYXAWHWODHRRMR-UHFFFAOYSA-N	C12H16N2O3
external	UZHSEJADLWPNLE-UHFFFAOYSA-N	C=CCN1CCC23c4c5ccc(O)c4OC2C(=O)CCC3(O)C1C5	ok	C=CCN1CCC23c4c5ccc(O)c4OC2C(=O)CCC3(O)C1C5	UZHSEJADLWPNLE-UHFFFAOYSA-N	C19H21NO4
external	UZJVBXKFBQNDTQ-UHFFFAOYSA-N	COc1ccc2c(C(=O)c3cc(OC)c(OC)c(OC)c3)c[nH]c2c1	ok	COc1ccc2c(C(=O)c3cc(OC)c(OC)c(OC)c3)c[nH]c2c1	UZJVBXKFBQNDTQ-UHFFFAOYSA-N	C19H19NO5
external	UZLABLYYOJYQIX-UHFFFAOYSA-N	C=C(C(=O)O)C1C=C2C(C)C(=O)C=CC2(C)CC1	ok	C=C(C(=O)O)C1C=C2C(C)C(=O)C=CC2(C)CC1	UZLABLYYOJYQIX-UHFFFAOYSA-N	C15H18O3
external	UZWDCWONPYILKI-UHFFFAOYSA-N	CCN1CCN(Cc2ccc(Nc3ncc(F)c(-c4cc(F)c5nc(C)n(C(C)C)c5c4)n3)nc2)CC1	ok	CCN1CCN(Cc2ccc(Nc3ncc(F)c(-c4cc(F)c5nc(C)n(C(C)C)c5c4)n3)nc2)CC1	UZWDCWONPYILKI-UHFFFAOYSA-N	C27H32F2N8
external	UZYMZRZCYLNXQU-DHZHZOJOSA-N	COC(=O)c1c(C)nc(C)c(C(=O)OC/C=C/c2ccccc2)c1-c1cccc([N+](=O)[O-])c1	ok	COC(=O)c1c(C)nc(C)c(C(=O)OCC=Cc2ccccc2)c1-c1cccc([N+](=O)[O-])c1	UZYMZRZCYLNXQU-UHFFFAOYSA-N	C25H22N2O6
external	UZYMZRZCYLNXQU-UHFFFAOYSA-N	COC(=O)c1c(C)nc(C)c(C(=O)OCC=Cc2ccccc2)c1-c1cccc([N+](=O)[O-])c1	ok	COC(=O)c1c(C)nc(C)c(C(=O)OCC=Cc2ccccc2)c1-c1cccc([N+](=O)[O-])c1	UZYMZRZCYLNXQU-UHFFFAOYSA-N	C25H22N2O6
external	VAAUVRVFOQPIGI-UHFFFAOYSA-N	CON=C(C(=O)NC1C(=O)N2C(C(=O)O)=C(CSc3nc(=O)c(=O)[nH]n3C)CSC12)c1csc(=N)[nH]1	ok	CON=C(C(=O)NC1C(=O)N2C(C(=O)O)=C(CSc3nc(=O)c(=O)[nH]n3C)CSC12)c1csc(N)n1	VAAUVRVFOQPIGI-UHFFFAOYSA-N	C18H18N8O7S3
external	VABCILAOYCMVPS-UHFFFAOYSA-N	CC(=O)CC(c1ccc([N+](=O)[O-])cc1)c1c(O)c2ccccc2oc1=O	ok	CC(=O)CC(c1ccc([N+](=O)[O-])cc1)c1c(O)c2ccccc2oc1=O	VABCILAOYCMVPS-UHFFFAOYSA-N	C19H15NO6
external	VACCAVUAMIDAGB-UHFFFAOYSA-N	Cc1nnc(NS(=O)(=O)c2ccc(N)cc2)s1	ok	Cc1nnc(NS(=O)(=O)c2ccc(N)cc2)s1	VACCAVUAMIDAGB-UHFFFAOYSA-N	C9H10N4O2S2
external	VACPENDPPYPFPY-UHFFFAOYSA-N	Cc1nc2c(c(=O)n(C)c(=O)n2Cc2ccco2)n1C	ok	Cc1nc2c(c(=O)n(C)c(=O)n2Cc2ccco2)n1C	VACPENDPPYPFPY-UHFFFAOYSA-N	C13H14N4O3
external	VAOCPAMSLUNLGC-UHFFFAOYSA-N	Cc1ncc([N+](=O)[O-])n1CCO	ok	Cc1ncc([N+](=O)[O-])n1CCO	VAOCPAMSLUNLGC-UHFFFAOYSA-N	C6H9N3O3
external	VAYOSLLFUXYJDT-UHFFFAOYSA-N	CCN(CC)C(=O)C1C=C2c3cccc4[nH]cc(c34)CC2N(C)C1	ok	CCN(CC)C(=O)C1C=C2c3cccc4[nH]cc(c34)CC2N(C)C1	VAYOSLLFUXYJDT-UHFFFAOYSA-N	C20H25N3O
external	VBAHFEPKESUPDE-UHFFFAOYSA-N	COc1ccccc1CC(C)N	ok	COc1ccccc1CC(C)N	VBAHFEPKESUPDE-UHFFFAOYSA-N	C10H15NO
external	VBGLYOIFKLUMQG-UHFFFAOYSA-N	CCCCCc1cc(O)c2c(c1)OC(C)(C)c1ccc(C)cc1-2	ok	CCCCCc1cc(O)c2c(c1)OC(C)(C)c1ccc(C)cc1-2	VBGLYOIFKLUMQG-UHFFFAOYSA-N	C21H26O2
external	VBHQKCBVWWUUKN-UHFFFAOYSA-N	COc1ccc(CCOC2CCCCC2N2CCC(O)C2)cc1OC	ok	COc1ccc(CCOC2CCCCC2N2CCC(O)C2)cc1OC	VBHQKCBVWWUUKN-UHFFFAOYSA-N	C20H31NO4
external	VBUWJOHKCBQXNU-UHFFFAOYSA-N	O=C(O)CC(O)C(O)CO	ok	O=C(O)CC(O)C(O)CO	VBUWJOHKCBQXNU-UHFFFAOYSA-N	C5H10O5
external	VCCRNZQBSJXYJD-UHFFFAOYSA-N	O=c1c(O)c(-c2ccccc2)oc2cc(O)cc(O)c12	ok	O=c1c(O)c(-c2ccccc2)oc2cc(O)cc(O)c12	VCCRNZQBSJXYJD-UHFFFAOYSA-N	C15H10O5
external	VCUCVBNQZJFUDR-UHFFFAOYSA-N	CC1C2C3CCC4C5(C)CCC(=O)C(C)(C)C5CCC4(C)C3(C)CCC2(C)CCC1(C)O	ok	CC1C2C3CCC4C5(C)CCC(=O)C(C)(C)C5CCC4(C)C3(C)CCC2(C)CCC1(C)O	VCUCVBNQZJFUDR-UHFFFAOYSA-N	C30H50O2
external	VCVQSRCYSKKPBA-UHFFFAOYSA-N	CC(C)(C)NCC(O)COc1ccccc1C#N	ok	CC(C)(C)NCC(O)COc1ccccc1C#N	VCVQSRCYSKKPBA-UHFFFAOYSA-N	C14H20N2O2
external	VCYXZJKAYAIMDV-UHFFFAOYSA-N	C=C1C(O)C23CC1(O)CCC2C12CC(O)C(O)C(C)(C(=O)O1)C2C3C(=O)O	ok	C=C1C(O)C23CC1(O)CCC2C12CC(O)C(O)C(C)(C(=O)O1)C2C3C(=O)O	VCYXZJKAYAIMDV-UHFFFAOYSA-N	C19H24O8
external	VDHAWDNDOKGFTD-UHFFFAOYSA-N	CC(NCCCc1cccc(C(F)(F)F)c1)c1cccc2ccccc12	ok	CC(NCCCc1cccc(C(F)(F)F)c1)c1cccc2ccccc12	VDHAWDNDOKGFTD-UHFFFAOYSA-N	C22H22F3N
external	VDKMYSMWQCFYBQ-UHFFFAOYSA-N	CCC(C)(C)NCC(O)COc1ccccc1C(=O)CCc1ccccc1	ok	CCC(C)(C)NCC(O)COc1ccccc1C(=O)CCc1ccccc1	VDKMYSMWQCFYBQ-UHFFFAOYSA-N	C23H31NO3
external	VDSVKGIFRKCQHJ-UHFFFAOYSA-N	O=C1C(O)COC(O)C1O	ok	O=C1OCC(O)C(O)C1O	XXBSUZSONOQQGK-UHFFFAOYSA-N	C5H8O5
external	VDTNNGKXZGSZIP-UHFFFAOYSA-N	CCCCN=C(O)NS(=O)(=O)c1ccc(N)cc1	ok	CCCCNC(=O)NS(=O)(=O)c1ccc(N)cc1	VDTNNGKXZGSZIP-UHFFFAOYSA-N	C11H17N3O3S
external	VDUWPHTZYNWKRN-UHFFFAOYSA-N	CCn1nc(C(=O)O)c(=O)c2cc3c(cc21)OCO3	ok	CCn1nc(C(=O)O)c(=O)c2cc3c(cc21)OCO3	VDUWPHTZYNWKRN-UHFFFAOYSA-N	C12H10N2O5
external	VEJWNIYARKAHFI-UHFFFAOYSA-N	COc1cccc(CC(C)N)c1	ok	COc1cccc(CC(C)N)c1	VEJWNIYARKAHFI-UHFFFAOYSA-N	C10H15NO
external	VEQOALNAAJBPNY-UHFFFAOYSA-N	Cc1cc(=O)n(-c2ccccc2)n1C	ok	Cc1cc(=O)n(-c2ccccc2)n1C	VEQOALNAAJBPNY-UHFFFAOYSA-N	C11H12N2O
external	VERWOWGGCGHDQE-UHFFFAOYSA-N	Cc1cc(Nc2ncc(Cl)c(=Nc3ccccc3S(=O)(=O)C(C)C)[nH]2)c(OC(C)C)cc1C1CCNCC1	ok	Cc1cc(Nc2ncc(Cl)c(Nc3ccccc3S(=O)(=O)C(C)C)n2)c(OC(C)C)cc1C1CCNCC1	VERWOWGGCGHDQE-UHFFFAOYSA-N	C28H36ClN5O3S
external	VEUZZDOCACZPRY-UHFFFAOYSA-N	O=c1oc2ccccc2c(O)c1C1CC(c2ccc(-c3ccc(Br)cc3)cc2)Cc2ccccc21	ok	O=c1c(C2CC(c3ccc(-c4ccc(Br)cc4)cc3)Cc3ccccc32)c(O)oc2ccccc12	LNDUTAIPEYOCDF-UHFFFAOYSA-N	C31H23BrO3
external	VEXZGXHMUGYJMC-UHFFFAOYSA-N	Cl	ok	Cl	VEXZGXHMUGYJMC-UHFFFAOYSA-N	HCl
external	VFJHHENNFQFTOV-UHFFFAOYSA-N	COC1OCC2(O)C(OC(C)=O)C3CC(C)(C)CC3C3(C)CC132	ok	COC1OCC2(O)C(OC(C)=O)C3CC(C)(C)CC3C3(C)CC132	VFJHHENNFQFTOV-UHFFFAOYSA-N	C18H28O5
external	VFLDPWHFBUODDF-UHFFFAOYSA-N	COc1cc(C=CC(=O)CC(=O)C=Cc2ccc(O)c(OC)c2)ccc1O	ok	COc1cc(C=CC(=O)CC(=O)C=Cc2ccc(O)c(OC)c2)ccc1O	VFLDPWHFBUODDF-UHFFFAOYSA-N	C21H20O6
external	VFMMPHCGEFXGIP-UHFFFAOYSA-N	O=c1cc(-c2ccccc2)oc2c1ccc1ccccc12	ok	O=c1cc(-c2ccccc2)oc2c1ccc1ccccc12	VFMMPHCGEFXGIP-UHFFFAOYSA-N	C19H12O2
external	VFRCNXKYZVQYLX-UHFFFAOYSA-N	COc1ccc(OC)c(C(O)CN)c1	ok	COc1ccc(OC)c(C(O)CN)c1	VFRCNXKYZVQYLX-UHFFFAOYSA-N	C10H15NO3
external	VFTRKSBEFQDZKX-UHFFFAOYSA-N	c1ccc2c(Cc3c[nH]c4ccccc34)c[nH]c2c1	ok	c1ccc2c(Cc3c[nH]c4ccccc34)c[nH]c2c1	VFTRKSBEFQDZKX-UHFFFAOYSA-N	C17H14N2
external	VFVUMOKIAXYQDI-UHFFFAOYSA-N	CCCCCCCCCCCCCC=CC(O)C(COC1OC(CO)C(OC2OC(CO)C(OC3OC(CO)C(O)C(O)C3N=C(C)O)C(OC3(C(=O)O)CC(O)C(N=C(C)O)C(C(O)C(CO)OC4(C(=O)O)CC(O)C(N=C(C)O)C(C(O)C(O)CO)O4)O3)C2O)C(O)C1O)N=C(O)CCCCCCCCCCCCCCCCCCCCC	ok	CCCCCCCCCCCCCC=CC(O)C(COC1OC(CO)C(OC2OC(CO)C(OC3OC(CO)C(O)C(O)C3NC(C)=O)C(OC3(C(=O)O)CC(O)C(NC(C)=O)C(C(O)C(CO)OC4(C(=O)O)CC(O)C(NC(C)=O)C(C(O)C(O)CO)O4)O3)C2O)C(O)C1O)NC(=O)CCCCCCCCCCCCCCCCCCCCC	VFVUMOKIAXYQDI-UHFFFAOYSA-N	C82H146N4O34
external	VGKDLMBJGBXTGI-UHFFFAOYSA-N	CNC1CCC(c2ccc(Cl)c(Cl)c2)c2ccccc21	ok	CNC1CCC(c2ccc(Cl)c(Cl)c2)c2ccccc21	VGKDLMBJGBXTGI-UHFFFAOYSA-N	C17H17Cl2N
external	VGRVKVGGUPOCMT-UHFFFAOYSA-N	CCc1nc(C)cs1	ok	CCc1nc(C)cs1	VGRVKVGGUPOCMT-UHFFFAOYSA-N	C6H9NS
external	VGWIZVWSLTYBQR-UHFFFAOYSA-N	CC1OC(OC2CCC3(C=O)C4C(O)CC5(C)C(c6coc(O)c6)CCC5(O)C4CCC3(O)C2)C(O)C(O)C1O	ok	CC1OC(OC2CCC3(C=O)C4C(O)CC5(C)C(c6coc(O)c6)CCC5(O)C4CCC3(O)C2)C(O)C(O)C1O	VGWIZVWSLTYBQR-UHFFFAOYSA-N	C29H42O11
external	VGYFMXBACGZSIL-UHFFFAOYSA-N	O=C(O)CC(O)CC(O)C=Cc1c(C2CC2)nc2ccccc2c1-c1ccc(F)cc1	ok	O=C(O)CC(O)CC(O)C=Cc1c(C2CC2)nc2ccccc2c1-c1ccc(F)cc1	VGYFMXBACGZSIL-UHFFFAOYSA-N	C25H24FNO4
external	VGZSUPCWNCWDAN-UHFFFAOYSA-N	CC(=O)c1ccc(S(=O)(=O)NC(O)=NC2CCCCC2)cc1	ok	CC(=O)c1ccc(S(=O)(=O)NC(=O)NC2CCCCC2)cc1	VGZSUPCWNCWDAN-UHFFFAOYSA-N	C15H20N2O4S
external	VHBFFQKBGNRLFZ-UHFFFAOYSA-N	O=c1cc(-c2ccccc2)oc2ccccc12	ok	O=c1cc(-c2ccccc2)oc2ccccc12	VHBFFQKBGNRLFZ-UHFFFAOYSA-N	C15H10O2
external	VHFGEBVPHAGQPI-UHFFFAOYSA-N	CNC(CC(C)C)C(O)=NC1C(O)=NC(CC(=N)O)C(O)=NC2C(O)=NC3C(O)=NC(C(O)=NC(C(=O)O)c4cc(O)cc(O)c4-c4cc3ccc4O)C(OC3CC(C)(N)C(O)C(C)O3)c3ccc(c(Cl)c3)Oc3cc2cc(c3OC2OC(CO)C(O)C(O)C2OC2CC(C)(NCc3ccc(-c4ccc(Cl)cc4)cc3)C(O)C(C)O2)Oc2ccc(cc2Cl)C1O	tautomer_MaxTransformsReached			C86H97Cl3N10O26
external	VHFVKMTVMIZMIK-UHFFFAOYSA-N	Clc1cccc(N2CCNCC2)c1	ok	Clc1cccc(N2CCNCC2)c1	VHFVKMTVMIZMIK-UHFFFAOYSA-N	C10H13ClN2
external	VHGCDTVCOLNTBX-UHFFFAOYSA-N	CNCCC(Oc1ccccc1C)c1ccccc1	ok	CNCCC(Oc1ccccc1C)c1ccccc1	VHGCDTVCOLNTBX-UHFFFAOYSA-N	C17H21NO
external	VHJLVAABSRFDPM-UHFFFAOYSA-N	OC(CS)C(O)CS	ok	OC(CS)C(O)CS	VHJLVAABSRFDPM-UHFFFAOYSA-N	C4H10O2S2
external	VHMRXGAIDDCGDU-UHFFFAOYSA-N	CCC(N)Cc1ccc2c(c1)OCO2	ok	CCC(N)Cc1ccc2c(c1)OCO2	VHMRXGAIDDCGDU-UHFFFAOYSA-N	C11H15NO2
external	VHOGYURTWQBHIL-UHFFFAOYSA-N	Cc1oncc1C(=O)Nc1ccc(C(F)(F)F)cc1	ok	Cc1oncc1C(=O)Nc1ccc(C(F)(F)F)cc1	VHOGYURTWQBHIL-UHFFFAOYSA-N	C12H9F3N2O2
external	VHOMAPWVLKRQAZ-UHFFFAOYSA-N	CCC(=O)OCc1ccccc1	ok	CCC(=O)OCc1ccccc1	VHOMAPWVLKRQAZ-UHFFFAOYSA-N	C10H12O2
external	VHRGRCVQAFMJIZ-UHFFFAOYSA-N	NCCCCCN	ok	NCCCCCN	VHRGRCVQAFMJIZ-UHFFFAOYSA-N	C5H14N2
external	VHRSUDSXCMQTMA-UHFFFAOYSA-N	CC1CC2C(C(O)CC3(C)C2CCC3(O)C(=O)CO)C2(C)C=CC(=O)C=C12	ok	CC1=C2CC(=O)C=CC2(C)C2C(O)CC3(C)C(CCC3(O)C(=O)CO)C2C1	ZABDAGALHQDSEU-UHFFFAOYSA-N	C22H30O5
external	VHVOLFRBFDOUSH-UHFFFAOYSA-N	CC=Cc1ccc2c(c1)OCO2	ok	CC=Cc1ccc2c(c1)OCO2	VHVOLFRBFDOUSH-UHFFFAOYSA-N	C10H10O2
external	VHVPQPYKVGDNFY-UHFFFAOYSA-N	CCC(C)n1ncn(-c2ccc(N3CCN(c4ccc(OCC5COC(Cn6cncn6)(c6ccc(Cl)cc6Cl)O5)cc4)CC3)cc2)c1=O	ok	CCC(C)n1ncn(-c2ccc(N3CCN(c4ccc(OCC5COC(Cn6cncn6)(c6ccc(Cl)cc6Cl)O5)cc4)CC3)cc2)c1=O	VHVPQPYKVGDNFY-UHFFFAOYSA-N	C35H38Cl2N8O4
external	VHYCDWMUTMEGQY-UHFFFAOYSA-N	CC(C)NCC(O)COc1ccc(COCCOC(C)C)cc1	ok	CC(C)NCC(O)COc1ccc(COCCOC(C)C)cc1	VHYCDWMUTMEGQY-UHFFFAOYSA-N	C18H31NO4
external	VIAVBPFRYASSKF-UHFFFAOYSA-N	CCCCNC(C)Cc1ccccc1	ok	CCCCNC(C)Cc1ccccc1	VIAVBPFRYASSKF-UHFFFAOYSA-N	C13H21N
external	VIKNJXKGJWUCNN-UHFFFAOYSA-N	C#CC1(O)CCC2C3CCC4=CC(=O)CCC4C3CCC21C	ok	C#CC1(O)CCC2C3CC=C4CC(=O)CCC4C3CCC21C	QGQUHXSBTSDAML-UHFFFAOYSA-N	C20H26O2
external	VIROVYVQCGLCII-UHFFFAOYSA-N	CCC1(CCC(C)C)C(O)=NC(=O)N=C1O	ok	CCC1(CCC(C)C)C(=O)NC(=O)NC1=O	VIROVYVQCGLCII-UHFFFAOYSA-N	C11H18N2O3
external	VJGRWRRIAJQNFU-UHFFFAOYSA-N	CN(C=Cc1ccccc1)C(=O)C=Cc1ccccc1	ok	CN(C=Cc1ccccc1)C(=O)C=Cc1ccccc1	VJGRWRRIAJQNFU-UHFFFAOYSA-N	C18H17NO
external	VJJPUSNTGOMMGY-UHFFFAOYSA-N	COc1cc(C2c3cc4c(cc3C(OC3OC5COC(C)OC5C(O)C3O)C3COC(=O)C23)OCO4)cc(OC)c1O	ok	COc1cc(C2c3cc4c(cc3C(OC3OC5COC(C)OC5C(O)C3O)C3COC(=O)C23)OCO4)cc(OC)c1O	VJJPUSNTGOMMGY-UHFFFAOYSA-N	C29H32O13
external	VJNXUFOTKNTNPG-UHFFFAOYSA-O	C[n+]1cn(C2OC(CO)C(O)C2O)c2[nH]cnc(=O)c21	ok	C[n+]1cn(C2OC(CO)C(O)C2O)c2[nH]cnc(=O)c21	VJNXUFOTKNTNPG-UHFFFAOYSA-O	C11H15N4O5+
external	VJYSBPDEJWLKKJ-UHFFFAOYSA-N	COC(O)=NC(C(=O)N1CCCC1c1nc2cc(C3CCC(c4cc5nc(C6CCCN6C(=O)C(N=C(O)OC)C(C)OC)[nH]c5cc4F)N3c3cc(F)c(N4CCC(c5ccc(F)cc5)CC4)c(F)c3)c(F)cc2[nH]1)C(C)OC	ok	COC(=O)NC(C(=O)N1CCCC1c1nc2cc(C3CCC(c4cc5[nH]c(C6CCCN6C(=O)C(NC(=O)OC)C(C)OC)nc5cc4F)N3c3cc(F)c(N4CCC(c5ccc(F)cc5)CC4)c(F)c3)c(F)cc2[nH]1)C(C)OC	VJYSBPDEJWLKKJ-UHFFFAOYSA-N	C57H65F5N10O8
external	VKGQYGXMUUBRBD-UHFFFAOYSA-N	CC(O)c1nn(CCCN2CCN(c3cccc(Cl)c3)CC2)c(=O)n1CCOc1ccccc1	ok	CC(O)c1nn(CCCN2CCN(c3cccc(Cl)c3)CC2)c(=O)n1CCOc1ccccc1	VKGQYGXMUUBRBD-UHFFFAOYSA-N	C25H32ClN5O3
external	VKHAHZOOUSRJNA-UHFFFAOYSA-N	CC#CC1(O)CCC2C3CCC4=CC(=O)CCC4=C3C(c3ccc(N(C)C)cc3)CC21C	ok	CC#CC1(O)CCC2C3=C(C4=C(CC3)CC(=O)CC4)C(c3ccc(N(C)C)cc3)CC21C	BHZCGCMWEVHUBA-UHFFFAOYSA-N	C29H35NO2
external	VKQFCGNPDRICFG-UHFFFAOYSA-N	COC(=O)C1=C(C)NC(C)=C(C(=O)OCC(C)C)C1c1ccccc1[N+](=O)[O-]	ok	COC(=O)C1=C(C)N=C(C)C(C(=O)OCC(C)C)C1c1ccccc1[N+](=O)[O-]	PKICUDXEAPMDNG-UHFFFAOYSA-N	C20H24N2O6
external	VKTIONYPMSCHQI-UHFFFAOYSA-N	CCCCCC(=O)CCC1C(O)CC(O)C1CC=CCCCC(=O)O	ok	CCCCCC(=O)CCC1C(O)CC(O)C1CC=CCCCC(=O)O	VKTIONYPMSCHQI-UHFFFAOYSA-N	C20H34O5
external	VLCYCQAOQCDTCN-UHFFFAOYSA-N	NCCCC(N)(C(=O)O)C(F)F	ok	NCCCC(N)(C(=O)O)C(F)F	VLCYCQAOQCDTCN-UHFFFAOYSA-N	C6H12F2N2O2
external	VLKZOEOYAKHREP-UHFFFAOYSA-N	CCCCCC	ok	CCCCCC	VLKZOEOYAKHREP-UHFFFAOYSA-N	C6H14
external	VLPIATFUUWWMKC-UHFFFAOYSA-N	Cc1cccc(C)c1OCC(C)N	ok	Cc1cccc(C)c1OCC(C)N	VLPIATFUUWWMKC-UHFFFAOYSA-N	C11H17NO
external	VLWNRFXSKLVVEB-UHFFFAOYSA-N	CC1=CCCC(C=O)C2CC(C)(C)C2CC1	ok	CC1=CCCC(C=O)C2CC(C)(C)C2CC1	VLWNRFXSKLVVEB-UHFFFAOYSA-N	C15H24O
external	VLWYFBXOEROLMC-UHFFFAOYSA-N	CCCCCCCCC=CCCCCCCCCCCCC(O)=NC(COC1OC(CO)C(OC2OC(CO)C(OC3OC(CO)C(O)C(OC4OC(CO)C(O)C(O)C4O)C3CC(C)=O)C(OC3(C(=O)O)CC(O)C(N=C(C)O)C(C(O)C(CO)OC4(C(=O)O)CC(O)C(N=C(C)O)C(C(O)C(O)CO)O4)O3)C2O)C(O)C1O)C(O)C=CCCCCCCCCCCCCC	ok	CCCCCCCCC=CCCCCCCCCCCCC(=O)NC(COC1OC(CO)C(OC2OC(CO)C(OC3OC(CO)C(O)C(OC4OC(CO)C(O)C(O)C4O)C3CC(C)=O)C(OC3(C(=O)O)CC(O)C(NC(C)=O)C(C(O)C(CO)OC4(C(=O)O)CC(O)C(NC(C)=O)C(C(O)C(O)CO)O4)O3)C2O)C(O)C1O)C(O)C=CCCCCCCCCCCCCC	VLWYFBXOEROLMC-UHFFFAOYSA-N	C89H155N3O39
external	VMBKZHMLQXCNCP-UHFFFAOYSA-N	C=C(C)CCCC(C)CCOC=O	ok	C=C(C)CCCC(C)CCOC=O	VMBKZHMLQXCNCP-UHFFFAOYSA-N	C11H20O2
external	VMIYHDSEFNYJSL-UHFFFAOYSA-N	OC1=Nc2ccc(Br)cc2C(c2ccccn2)=NC1	ok	O=C1CN=C(c2ccccn2)c2cc(Br)ccc2N1	VMIYHDSEFNYJSL-UHFFFAOYSA-N	C14H10BrN3O
external	VMPITZXILSNTON-UHFFFAOYSA-N	COc1ccccc1N	ok	COc1ccccc1N	VMPITZXILSNTON-UHFFFAOYSA-N	C7H9NO
external	VMWNQDUVQKEIOC-UHFFFAOYSA-N	CN1CCc2cccc3c2C1Cc1ccc(O)c(O)c1-3	ok	CN1CCc2cccc3c2C1Cc1ccc(O)c(O)c1-3	VMWNQDUVQKEIOC-UHFFFAOYSA-N	C17H17NO2
external	VMXUWOKSQNHOCA-UHFFFAOYSA-N	CNC(=C[N+](=O)[O-])NCCSCc1ccc(CN(C)C)o1	ok	CN=C(C[N+](=O)[O-])NCCSCc1ccc(CN(C)C)o1	SYNOVMDJYWJCON-UHFFFAOYSA-N	C13H22N4O3S
external	VMZUTJCNQWMAGF-UHFFFAOYSA-N	CCc1cc2c(s1)-n1c(C)nnc1CN=C2c1ccccc1Cl	ok	CCc1cc2c(s1)-n1c(C)nnc1CN=C2c1ccccc1Cl	VMZUTJCNQWMAGF-UHFFFAOYSA-N	C17H15ClN4S
external	VNFPBHJOKIVQEB-UHFFFAOYSA-N	Clc1ccccc1C(c1ccccc1)(c1ccccc1)n1ccnc1	ok	Clc1ccccc1C(c1ccccc1)(c1ccccc1)n1ccnc1	VNFPBHJOKIVQEB-UHFFFAOYSA-N	C22H17ClN2
external	VNGUCOGHCJHFID-UHFFFAOYSA-N	CC1(C)C=CC2(C)CCC3(C)C(=CCC4C5(C)CCC(O)C(C)(CO)C5CCC43C)C2C1	ok	CC1(C)C=CC2(C)CCC3(C)C(=CCC4C5(C)CCC(O)C(C)(CO)C5CCC43C)C2C1	VNGUCOGHCJHFID-UHFFFAOYSA-N	C30H48O2
external	VNICRWVQYFRWDK-UHFFFAOYSA-N	NNc1ccc2ccccc2c1	ok	NNc1ccc2ccccc2c1	VNICRWVQYFRWDK-UHFFFAOYSA-N	C10H10N2
external	VNQURRWYKFZKJZ-UHFFFAOYSA-N	O=C(O)Cc1cc(O)ccc1Nc1c(Cl)cccc1Cl	ok	O=C(O)Cc1cc(O)ccc1Nc1c(Cl)cccc1Cl	VNQURRWYKFZKJZ-UHFFFAOYSA-N	C14H11Cl2NO3
external	VNYSSYRCGWBHLG-UHFFFAOYSA-N	CCCCCC=CCC(O)C=CC=CC=CC(O)CCCC(=O)O	ok	CCCCCC=CCC(O)C=CC=CC=CC(O)CCCC(=O)O	VNYSSYRCGWBHLG-UHFFFAOYSA-N	C20H32O4
external	VOBHXZCDAVEXEY-UHFFFAOYSA-N	CC(Cc1ccccc1)N=C(O)C(N)CCCCN	ok	CC(Cc1ccccc1)NC(=O)C(N)CCCCN	VOBHXZCDAVEXEY-UHFFFAOYSA-N	C15H25N3O
external	VOCBWIIFXDYGNZ-UHFFFAOYSA-N	CCCCCCC(=O)OC1CCC2C3CCC4=CC(=O)CCC4(C)C3CCC12C	ok	CCCCCCC(=O)OC1CCC2C3CC=C4CC(=O)CCC4(C)C3CCC12C	PMUAUPIVIPYXJB-UHFFFAOYSA-N	C26H40O3
external	VOKSWYLNZZRQPF-UHFFFAOYSA-N	CC(C)=CCN1CCC2(C)c3cc(O)ccc3CC1C2C	ok	CC(C)=CCN1CCC2(C)c3cc(O)ccc3CC1C2C	VOKSWYLNZZRQPF-UHFFFAOYSA-N	C19H27NO
external	VOOYTQRREPYRIW-UHFFFAOYSA-N	COC1=CC(=O)OC(CCc2ccccc2)C1	ok	COC1=CC(=O)OC(CCc2ccccc2)C1	VOOYTQRREPYRIW-UHFFFAOYSA-N	C14H16O3
external	VOVIALXJUBGFJZ-UHFFFAOYSA-N	CCCC1OC2CC3C4CCC5=CC(=O)C=CC5(C)C4C(O)CC3(C)C2(C(=O)CO)O1	ok	CCCC1OC2CC3C4CC=C5CC(=O)C=CC5(C)C4C(O)CC3(C)C2(C(=O)CO)O1	UNISKOOZAQCSPC-UHFFFAOYSA-N	C25H34O6
external	VOXZDWNPVJITMN-UHFFFAOYSA-N	CC12CCC3c4ccc(O)cc4CCC3C1CCC2O	ok	CC12CCC3c4ccc(O)cc4CCC3C1CCC2O	VOXZDWNPVJITMN-UHFFFAOYSA-N	C18H24O2
external	VPGRYOFKCNULNK-UHFFFAOYSA-N	CC(=O)OCC(=O)C1CCC2C3CCC4=CC(=O)CCC4(C)C3CCC12C	ok	CC(=O)OCC(=O)C1CCC2C3CC=C4CC(=O)CCC4(C)C3CCC12C	HJMATBDGCKEHQI-UHFFFAOYSA-N	C23H32O4
external	VPIAKHNXCOTPAY-UHFFFAOYSA-N	CCCCCCCS	ok	CCCCCCCS	VPIAKHNXCOTPAY-UHFFFAOYSA-N	C7H16S
external	VPIRRYIYIPYTGX-UHFFFAOYSA-N	CC(C)(C)c1ccc(C(=O)CCN2CCC(OC(c3ccccc3)c3ccccc3)CC2)cc1	ok	CC(C)(C)c1ccc(C(=O)CCN2CCC(OC(c3ccccc3)c3ccccc3)CC2)cc1	VPIRRYIYIPYTGX-UHFFFAOYSA-N	C31H37NO2
external	VPIXQGUBUKFLRF-UHFFFAOYSA-N	CNCCCN1c2ccccc2CCc2ccc(Cl)cc21	ok	CNCCCN1c2ccccc2CCc2ccc(Cl)cc21	VPIXQGUBUKFLRF-UHFFFAOYSA-N	C18H21ClN2
external	VPKBRABQIHPIEA-UHFFFAOYSA-N	CC1(C)C=Cc2c(O)cc(C=Cc3ccc(O)cc3O)cc2O1	ok	CC1(C)C=Cc2c(O)cc(C=Cc3ccc(O)cc3O)cc2O1	VPKBRABQIHPIEA-UHFFFAOYSA-N	C19H18O4
external	VPMJBCMAJPZWIC-UHFFFAOYSA-N	N=c1nc(OCc2ccccc2)c2nc(O)[nH]c2[nH]1	ok	Nc1nc(OCc2ccccc2)c2[nH]c(=O)[nH]c2n1	VPMJBCMAJPZWIC-UHFFFAOYSA-N	C12H11N5O2
external	VPPJLAIAVCUEMN-UHFFFAOYSA-N	COCC(N=C(C)O)C(O)=NCc1ccccc1	ok	COCC(NC(C)=O)C(=O)NCc1ccccc1	VPPJLAIAVCUEMN-UHFFFAOYSA-N	C13H18N2O3
external	VPZIYMMSJFWLSP-UHFFFAOYSA-N	N=C(O)N1c2ccccc2C=Cc2cc(O)ccc21	ok	NC(=O)N1c2ccccc2C=Cc2cc(O)ccc21	VPZIYMMSJFWLSP-UHFFFAOYSA-N	C15H12N2O2
external	VQASKUSHBVDKGU-UHFFFAOYSA-N	CCC1(C)OC(=O)N(C)C1=O	ok	CCC1(C)OC(=O)N(C)C1=O	VQASKUSHBVDKGU-UHFFFAOYSA-N	C7H11NO3
external	VQEONGKQWIFHMN-UHFFFAOYSA-N	COc1cc(CN=C(O)CCCCCC(C)C)ccc1O	ok	COc1cc(CNC(=O)CCCCCC(C)C)ccc1O	VQEONGKQWIFHMN-UHFFFAOYSA-N	C17H27NO3
external	VQKLRVZQQYVIJW-UHFFFAOYSA-N	NN=c1[nH][nH]c(=NN)c2ccccc12	ok	NNc1nnc(NN)c2ccccc12	VQKLRVZQQYVIJW-UHFFFAOYSA-N	C8H10N6
external	VQOQDABVGWLROX-UHFFFAOYSA-N	CCOCN1C2=C(C(O)=Nc3ccccc3F)C(=O)CCN2c2ccc(F)cc21	ok	CCOCN1C2=C(C(=O)Nc3ccccc3F)C(=O)CCN2c2ccc(F)cc21	VQOQDABVGWLROX-UHFFFAOYSA-N	C21H19F2N3O3
external	VQSXCZMVUMSITD-UHFFFAOYSA-N	NCCCOc1cccc(CN2CCCCC2)c1	ok	NCCCOc1cccc(CN2CCCCC2)c1	VQSXCZMVUMSITD-UHFFFAOYSA-N	C15H24N2O
external	VRBKIVRKKCLPHA-UHFFFAOYSA-N	CCc1nn(CCCN2CCN(c3cccc(Cl)c3)CC2)c(=O)n1CCOc1ccccc1	ok	CCc1nn(CCCN2CCN(c3cccc(Cl)c3)CC2)c(=O)n1CCOc1ccccc1	VRBKIVRKKCLPHA-UHFFFAOYSA-N	C25H32ClN5O2
external	VREFGVBLTWBCJP-UHFFFAOYSA-N	Cc1nnc2n1-c1ccc(Cl)cc1C(c1ccccc1)=NC2	ok	Cc1nnc2n1-c1ccc(Cl)cc1C(c1ccccc1)=NC2	VREFGVBLTWBCJP-UHFFFAOYSA-N	C17H13ClN4
external	VRQVVMDWGGWHTJ-UHFFFAOYSA-N	COc1ccc2c(c1)N(CC(C)CN(C)C)c1ccccc1S2	ok	COc1ccc2c(c1)N(CC(C)CN(C)C)c1ccccc1S2	VRQVVMDWGGWHTJ-UHFFFAOYSA-N	C19H24N2OS
external	VSNHCAURESNICA-UHFFFAOYSA-N	N=C(O)NO	ok	NC(O)=NO	VSNHCAURESNICA-UHFFFAOYSA-N	CH4N2O2
external	VSWBSWWIRNCQIJ-UHFFFAOYSA-N	CN1CC2c3ccccc3Oc3ccc(Cl)cc3C2C1	ok	CN1CC2c3ccccc3Oc3ccc(Cl)cc3C2C1	VSWBSWWIRNCQIJ-UHFFFAOYSA-N	C17H16ClNO
external	VSXVHWPQGHHXGS-UHFFFAOYSA-N	C=CC1(C)CCC2C(=CC3OC(=O)C4(C)CC(O)CC2(C)C34)C1	ok	C=CC1(C)CCC2C(=CC3OC(=O)C4(C)CC(O)CC2(C)C34)C1	VSXVHWPQGHHXGS-UHFFFAOYSA-N	C20H28O3
external	VTJUNIYRYIAIHF-UHFFFAOYSA-N	CC(C)CC(N)C(=O)N1CCCC1C(=O)O	ok	CC(C)CC(N)C(=O)N1CCCC1C(=O)O	VTJUNIYRYIAIHF-UHFFFAOYSA-N	C11H20N2O3
external	VTNQPKFIQCLBDU-UHFFFAOYSA-N	CCOCN(C(=O)CCl)c1c(C)cccc1CC	ok	CCOCN(C(=O)CCl)c1c(C)cccc1CC	VTNQPKFIQCLBDU-UHFFFAOYSA-N	C14H20ClNO2
external	VTSFIPHRNAESED-UHFFFAOYSA-N	CCC=CCC(=O)OCC	ok	CCC=CCC(=O)OCC	VTSFIPHRNAESED-UHFFFAOYSA-N	C8H14O2
external	VTWHHBJKZZJDQM-UHFFFAOYSA-N	COC1OC23C=CC4C1(CCC1(C)C(C(C)CC=CC(C)(C)O)CCC41C)C2CCC(OC1OC(CO)C(O)C(O)C1O)C3(C)C	ok	COC1OC23C=CC4C1(CCC1(C)C(C(C)CC=CC(C)(C)O)CCC41C)C2CCC(OC1OC(CO)C(O)C(O)C1O)C3(C)C	VTWHHBJKZZJDQM-UHFFFAOYSA-N	C37H60O9
external	VUAXPLNAPPGWDL-UHFFFAOYSA-N	CC1=C(C(CO)CC(C)COC2OC(CO)C(O)C(O)C2O)OC2CC3C4CC(=O)C5CC(OC6OC(COC7OCC(O)C(O)C7O)C(OC7OCC(O)C(O)C7O)C(O)C6O)CCC5(C)C4CCC3(C)C12	ok	CC1=C(C(CO)CC(C)COC2OC(CO)C(O)C(O)C2O)OC2CC3C4CC(=O)C5CC(OC6OC(COC7OCC(O)C(O)C7O)C(OC7OCC(O)C(O)C7O)C(O)C6O)CCC5(C)C4CCC3(C)C12	VUAXPLNAPPGWDL-UHFFFAOYSA-N	C50H80O23
external	VUDYWBBYQWVFAG-UHFFFAOYSA-N	CC12CCC(=O)C=C1CCC1C2C(O)CC2(C)C(C(=O)CC(=O)O)CCC12	ok	CC12CCC(=O)C=C1CCC1C2C(O)CC2(C)C(C(=O)CC(=O)O)CCC12	VUDYWBBYQWVFAG-UHFFFAOYSA-N	C22H30O5
external	VUHJZBBCZGVNDZ-UHFFFAOYSA-N	CC(=O)C1(O)CCC2C3C=C(Cl)C4=CC(=O)CCC4(C)C3CCC21C	ok	CC(=O)C1(O)CCC2C3=CC(Cl)=C4CC(=O)CCC4(C)C3CCC21C	KZYRYDZPCMPRSA-UHFFFAOYSA-N	C21H27ClO3
external	VUNFOJWKJSYIDH-UHFFFAOYSA-N	CCCCCC=CCCCO	ok	CCCCCC=CCCCO	VUNFOJWKJSYIDH-UHFFFAOYSA-N	C10H20O
external	VVIAGPKUTFNRDU-UHFFFAOYSA-L	N=c1nc([O-])c2c([nH]1)NCC(CNc1ccc(C(=O)NC(CCC(=O)[O-])C(=O)O)cc1)N2C=O	tautomer_MaxTransformsReached			C20H23N7O7
external	VVOIQBFMTVCINR-UHFFFAOYSA-N	CC(C)(C)C(=O)OCC(=O)C1CCC2C3CCC4=CC(=O)CCC4(C)C3CCC12C	ok	CC(C)(C)C(=O)OCC(=O)C1CCC2C3CC=C4CC(=O)CCC4(C)C3CCC12C	QCZFFZQOVRRUFF-UHFFFAOYSA-N	C26H38O4
external	VVPRQWTYSNDTEA-UHFFFAOYSA-N	CCCCCC(=O)OC(CC(=O)[O-])C[N+](C)(C)C	ok	CCCCCC(=O)OC(CC(=O)[O-])C[N+](C)(C)C	VVPRQWTYSNDTEA-UHFFFAOYSA-N	C13H25NO4
external	VVTJQHCRBOHFTD-UHFFFAOYSA-N	CCOC(=O)C1=C(C)N=C(C)C(C(=O)OC)C1c1cccc([N+](=O)[O-])c1	ok	CCOC(=O)C1=C(C)N=C(C)C(C(=O)OC)C1c1cccc([N+](=O)[O-])c1	VVTJQHCRBOHFTD-UHFFFAOYSA-N	C18H20N2O6
external	VVUQNTKYPPFMID-UHFFFAOYSA-N	Cc1ccc(S(=O)(=O)Nc2ccnn2-c2ccccc2)cc1	ok	Cc1ccc(S(=O)(=O)Nc2ccnn2-c2ccccc2)cc1	VVUQNTKYPPFMID-UHFFFAOYSA-N	C16H15N3O2S
external	VVUYEFBRTFASAH-UHFFFAOYSA-N	CCN(CCO)CCn1c(Cc2ccccc2)nc2c1c(=O)n(C)c(=O)n2C	ok	CCN(CCO)CCn1c(Cc2ccccc2)nc2c1c(=O)n(C)c(=O)n2C	VVUYEFBRTFASAH-UHFFFAOYSA-N	C20H27N5O3
external	VWCUGCYZZGRKEE-UHFFFAOYSA-N	CCC(OC(C)=O)C(CC(C)NC)(c1ccccc1)c1ccccc1	ok	CCC(OC(C)=O)C(CC(C)NC)(c1ccccc1)c1ccccc1	VWCUGCYZZGRKEE-UHFFFAOYSA-N	C22H29NO2
external	VWPOSFSPZNDTMJ-UHFFFAOYSA-N	CC(C)(C)NCC(O)COc1cccc2c1CC(O)C(O)C2	ok	CC(C)(C)NCC(O)COc1cccc2c1CC(O)C(O)C2	VWPOSFSPZNDTMJ-UHFFFAOYSA-N	C17H27NO4
external	VWQWXZAWFPZJDA-UHFFFAOYSA-N	CC12CCC(=O)C=C1CCC1C2C(O)CC2(C)C1CCC2(O)C(=O)COC(=O)CCC(=O)O	ok	CC12CCC(=O)C=C1CCC1C2C(O)CC2(C)C1CCC2(O)C(=O)COC(=O)CCC(=O)O	VWQWXZAWFPZJDA-UHFFFAOYSA-N	C25H34O8
external	VWUXBMIQPBEWFH-UHFFFAOYSA-N	CC12CCC3c4ccc(O)cc4CC(CCCCCCCCCS(=O)CCCC(F)(F)C(F)(F)F)C3C1CCC2O	ok	CC12CCC3c4ccc(O)cc4CC(CCCCCCCCC[S+]([O-])CCCC(F)(F)C(F)(F)F)C3C1CCC2O	VWUXBMIQPBEWFH-UHFFFAOYSA-N	C32H47F5O3S
external	VXCSHMSBMMIJCN-UHFFFAOYSA-N	CC1=CC(C)C(=O)C(=O)CCC(=O)C23C(O)=NC(C(C)c4c[nH]c5ccccc45)C2C(C)C2(C)OC2C3C=CC1	ok	CC1=CC(C)C(=O)C(=O)CCC(=O)C23C(=O)NC(C(C)c4c[nH]c5ccccc45)C2C(C)C2(C)OC2C3C=CC1	VXCSHMSBMMIJCN-UHFFFAOYSA-N	C33H38N2O5
external	VXIXUWQIVKSKSA-UHFFFAOYSA-N	O=c1cc(O)c2ccccc2o1	ok	O=c1cc(O)c2ccccc2o1	VXIXUWQIVKSKSA-UHFFFAOYSA-N	C9H6O3
external	VXMOONUMYLCFJD-UHFFFAOYSA-N	COC(=O)C1=C(C)NC(C)=C(C(=O)OC2CCN(Cc3ccccc3)C2)C1c1cccc([N+](=O)[O-])c1	ok	COC(=O)C1=C(C)N=C(C)C(C(=O)OC2CCN(Cc3ccccc3)C2)C1c1cccc([N+](=O)[O-])c1	QPOLEIZVZGWOJF-UHFFFAOYSA-N	C27H29N3O6
external	VXOKDLACQICQFA-UHFFFAOYSA-N	CCCCc1oc2ccccc2c1C(=O)c1cc(I)c(OCCNCC)c(I)c1	ok	CCCCc1oc2ccccc2c1C(=O)c1cc(I)c(OCCNCC)c(I)c1	VXOKDLACQICQFA-UHFFFAOYSA-N	C23H25I2NO3
external	VXPWQNBKEIVYIS-UHFFFAOYSA-N	CSc1nc(-c2ccc(F)cc2)c(-c2ccnc(NC(C)c3ccccc3)c2)[nH]1	ok	CSc1nc(-c2ccc(F)cc2)c(-c2ccnc(NC(C)c3ccccc3)c2)[nH]1	VXPWQNBKEIVYIS-UHFFFAOYSA-N	C23H21FN4S
external	VXTGHWHFYNYFFV-UHFFFAOYSA-N	CCCS(=O)c1ccc2nc(N=C(O)OC)[nH]c2c1	ok	CCC[S+]([O-])c1ccc2[nH]c(NC(=O)OC)nc2c1	VXTGHWHFYNYFFV-UHFFFAOYSA-N	C12H15N3O3S
external	VYDBTNADENXYSN-UHFFFAOYSA-N	COc1ccc2c(c1)c(CC(O)=NCCc1ccccc1)c(C)n2C(=O)c1ccc(Cl)cc1	ok	COc1ccc2c(c1)c(CC(=O)NCCc1ccccc1)c(C)n2C(=O)c1ccc(Cl)cc1	VYDBTNADENXYSN-UHFFFAOYSA-N	C27H25ClN2O3
external	VYFYYTLLBUKUHU-UHFFFAOYSA-N	NCCc1ccc(O)c(O)c1	ok	NCCc1ccc(O)c(O)c1	VYFYYTLLBUKUHU-UHFFFAOYSA-N	C8H11NO2
external	VYMDGNCVAMGZFE-UHFFFAOYSA-N	CCCCC1C(=O)N(c2ccccc2)N(c2ccccc2)C1=O	ok	CCCCc1c(O)n(-c2ccccc2)n(-c2ccccc2)c1=O	PKYKNPLSFOKASK-UHFFFAOYSA-N	C19H20N2O2
external	VYOZKWKETGHHDW-UHFFFAOYSA-N	C=C(C)C1CCC(C)(O)C2CCC(C)C2C1	ok	C=C(C)C1CCC(C)(O)C2CCC(C)C2C1	VYOZKWKETGHHDW-UHFFFAOYSA-N	C15H26O
external	VYQXIUVIYICVCM-UHFFFAOYSA-N	COc1cc(O)cc(CCc2cccc(O)c2)c1	ok	COc1cc(O)cc(CCc2cccc(O)c2)c1	VYQXIUVIYICVCM-UHFFFAOYSA-N	C15H16O3
external	VYURQCQMACPHRC-UHFFFAOYSA-N	Oc1ccc2c(c1)OC(c1ccc(O)c(O)c1)C(O)C2c1c(O)c2c(c(C3c4ccc(O)cc4OC(c4ccc(O)c(O)c4)C3O)c1O)OC(c1ccc(O)c(O)c1)C(O)C2	tautomer_MaxTransformsReached			C45H38O16
external	VYWWNRMSAPEJLS-UHFFFAOYSA-N	CCCC(=O)OC1C(C)OC(OC2C(C)OC(OC3C(CC=O)CC(C)C(O)C=CC=CCC(C)OC(=O)CC(O)C3OC)C(O)C2N(C)C)CC1(C)OC(=O)CC	ok	CCCC(=O)OC1C(C)OC(OC2C(C)OC(OC3C(CC=O)CC(C)C(O)C=CC=CCC(C)OC(=O)CC(O)C3OC)C(O)C2N(C)C)CC1(C)OC(=O)CC	VYWWNRMSAPEJLS-UHFFFAOYSA-N	C42H69NO15
external	VYZGQLBKGMFPIP-UHFFFAOYSA-N	CC(=CCCC(C=O)C1CCC2(C)C3=C(CCC12C)C1(C)CCC(O)C(C)(C)C1CC3)C(=O)O	ok	CC(=CCCC(C=O)C1CCC2(C)C3=C(CCC12C)C1(C)CCC(O)C(C)(C)C1CC3)C(=O)O	VYZGQLBKGMFPIP-UHFFFAOYSA-N	C30H46O4
external	VZCYOOQTPOCHFL-UHFFFAOYSA-N	O=C(O)C=CC(=O)O	ok	O=C(O)C=CC(=O)O	VZCYOOQTPOCHFL-UHFFFAOYSA-N	C4H4O4
external	VZGDMQKNWNREIO-UHFFFAOYSA-N	ClC(Cl)(Cl)Cl	ok	ClC(Cl)(Cl)Cl	VZGDMQKNWNREIO-UHFFFAOYSA-N	CCl4
external	VZKHCMVEWLIXIC-UHFFFAOYSA-N	O=C(NCc1cccc(OCCc2ccccc2)c1)c1ccc(O)cc1	ok	O=C(NCc1cccc(OCCc2ccccc2)c1)c1ccc(O)cc1	VZKHCMVEWLIXIC-UHFFFAOYSA-N	C22H21NO3
external	VZWXXKDFACOXNT-UHFFFAOYSA-N	CCCOCCOC(=O)C1=C(C)NC(C)=C(C(=O)OCCOCCC)C1c1cccc([N+](=O)[O-])c1	ok	CCCOCCOC(=O)C1=C(C)N=C(C)C(C(=O)OCCOCCC)C1c1cccc([N+](=O)[O-])c1	AQSVPVSOLRMDQI-UHFFFAOYSA-N	C25H34N2O8
external	VZZJRYRQSPEMTK-UHFFFAOYSA-N	Cc1c(C(O)=Nc2ccc(N3CC(C)OC(C)C3)nc2)cccc1-c1ccc(OC(F)(F)F)cc1	ok	Cc1c(C(=O)Nc2ccc(N3CC(C)OC(C)C3)nc2)cccc1-c1ccc(OC(F)(F)F)cc1	VZZJRYRQSPEMTK-UHFFFAOYSA-N	C26H26F3N3O3
external	WAEXFXRVDQXREF-UHFFFAOYSA-N	ON=C(O)CCCCCCC(O)=Nc1ccccc1	ok	O=C(CCCCCCC(O)=NO)Nc1ccccc1	WAEXFXRVDQXREF-UHFFFAOYSA-N	C14H20N2O3
external	WAXQNWCZJDTGBU-UHFFFAOYSA-N	Cc1ccccc1-c1cc(N2CCN(C)CC2)ncc1N(C)C(=O)C(C)(C)c1cc(C(F)(F)F)cc(C(F)(F)F)c1	ok	Cc1ccccc1-c1cc(N2CCN(C)CC2)ncc1N(C)C(=O)C(C)(C)c1cc(C(F)(F)F)cc(C(F)(F)F)c1	WAXQNWCZJDTGBU-UHFFFAOYSA-N	C30H32F6N4O
external	WBBPRCNXBQTYLF-UHFFFAOYSA-N	CSCCO	ok	CSCCO	WBBPRCNXBQTYLF-UHFFFAOYSA-N	C3H8OS
external	WBGKWQHBNHJJPZ-UHFFFAOYSA-N	CC1(C)OC2CC3C4CCC5=CC(=O)C=CC5(C)C4C(O)CC3(C)C2(C(=O)CO)O1	ok	CC1(C)OC2CC3C4CC=C5CC(=O)C=CC5(C)C4C(O)CC3(C)C2(C(=O)CO)O1	ZMUSCGJNJYXJBP-UHFFFAOYSA-N	C24H32O6
external	WBNQDOYYEUMPFS-UHFFFAOYSA-N	CCN(CC)N=O	ok	CCN(CC)N=O	WBNQDOYYEUMPFS-UHFFFAOYSA-N	C4H10N2O
external	WBXPDJSOTKVWSJ-UHFFFAOYSA-N	N=c1nc(O)c2c(CCc3ccc(C(=O)NC(CCC(=O)O)C(=O)O)cc3)c[nH]c2[nH]1	tautomer_MaxTransformsReached			C20H21N5O6
external	WCCRLLABFCMDBZ-UHFFFAOYSA-N	CN(C)c1ccc(C2=C3C4=C(CCC3C3CCC(O)(CCCO)C3(C)C2)CC(=O)CC4)cc1	ok	CN(C)c1ccc(C2=C3C4=C(CCC3C3CCC(O)(CCCO)C3(C)C2)CC(=O)CC4)cc1	WCCRLLABFCMDBZ-UHFFFAOYSA-N	C29H39NO3
external	WCXZJNBNVYUXJV-UHFFFAOYSA-N	CC=CC=CCC(C)=O	ok	CC=CC=CCC(C)=O	WCXZJNBNVYUXJV-UHFFFAOYSA-N	C8H12O
external	WDEFBBTXULIOBB-UHFFFAOYSA-N	CCOC(=O)C1(c2ccccc2)CCC=CC1N(C)C	ok	CCOC(=O)C1(c2ccccc2)CCC=CC1N(C)C	WDEFBBTXULIOBB-UHFFFAOYSA-N	C17H23NO2
external	WDENQIQQYWYTPO-UHFFFAOYSA-N	CC#CC(=O)N1CCCC1c1nc(-c2ccc(C(=O)Nc3ccccn3)cc2)c2c(N)nccn12	ok	CC#CC(=O)N1CCCC1c1nc(-c2ccc(C(=O)Nc3ccccn3)cc2)c2c(N)nccn12	WDENQIQQYWYTPO-UHFFFAOYSA-N	C26H23N7O2
external	WDJUZGPOPHTGOT-UHFFFAOYSA-N	CC1OC(OC2C(O)CC(OC3C(O)CC(OC4CCC5(C)C(CCC6C5CCC5(C)C(C7=CC(=O)OC7)CCC65O)C4)OC3C)OC2C)CC(O)C1O	ok	CC1OC(OC2C(O)CC(OC3C(O)CC(OC4CCC5(C)C(CCC6C5CCC5(C)C(C7=CC(=O)OC7)CCC65O)C4)OC3C)OC2C)CC(O)C1O	WDJUZGPOPHTGOT-UHFFFAOYSA-N	C41H64O13
external	WDQPAMHFFCXSNU-UHFFFAOYSA-N	CC(C)N=c1cc2n(-c3ccc(Cl)cc3)c3ccccc3nc-2cc1Nc1ccc(Cl)cc1	ok	CC(C)N=c1cc2n(-c3ccc(Cl)cc3)c3ccccc3nc-2cc1Nc1ccc(Cl)cc1	WDQPAMHFFCXSNU-UHFFFAOYSA-N	C27H22Cl2N4
external	WDZCUPBHRAEYDL-UHFFFAOYSA-N	COC1C=COC2(C)Oc3c(C)c(O)c4c(O)c(c(C=NN5CCN(C6CCCC6)CC5)c(O)c4c3C2=O)N=C(O)C(C)=CC=CC(C)C(O)C(C)C(O)C(C)C(OC(C)=O)C1C	tautomer_MaxTransformsReached			C47H64N4O12
external	WDZVGELJXXEGPV-UHFFFAOYSA-N	N=C(N)NN=Cc1c(Cl)cccc1Cl	ok	N=C(N)NN=Cc1c(Cl)cccc1Cl	WDZVGELJXXEGPV-UHFFFAOYSA-N	C8H8Cl2N4
external	WEAJZXNPAWBCOA-UHFFFAOYSA-N	COc1ccc(CN=c2[nH]c(N3CCCC3CO)ncc2C(O)=NCc2ncccn2)cc1Cl	ok	COc1ccc(CNc2nc(N3CCCC3CO)ncc2C(=O)NCc2ncccn2)cc1Cl	WEAJZXNPAWBCOA-UHFFFAOYSA-N	C23H26ClN7O3
external	WEDQXORSDFFRHR-UHFFFAOYSA-N	CCCCCCCCCCCCCCCC(O)C(COC1OC(CO)C(OC2OC(CO)C(O)C(OC3(C(=O)O)CC(O)C(N=C(C)O)C(C(O)C(CO)OC4(C(=O)O)CC(O)C(N=C(C)O)C(C(O)C(CO)OC5(C(=O)O)CC(O)C(N=C(C)O)C(C(O)C(O)CO)O5)O4)O3)C2O)C(O)C1O)N=C(O)CCCCCCCCCCCCC	ok	CCCCCCCCCCCCCCCC(O)C(COC1OC(CO)C(OC2OC(CO)C(O)C(OC3(C(=O)O)CC(O)C(NC(C)=O)C(C(O)C(CO)OC4(C(=O)O)CC(O)C(NC(C)=O)C(C(O)C(CO)OC5(C(=O)O)CC(O)C(NC(C)=O)C(C(O)C(O)CO)O5)O4)O3)C2O)C(O)C1O)NC(=O)CCCCCCCCCCCCC	WEDQXORSDFFRHR-UHFFFAOYSA-N	C77H136N4O37
external	WEEGYLXZBRQIMU-UHFFFAOYSA-N	CC12CCC(CC1)C(C)(C)O2	ok	CC12CCC(CC1)C(C)(C)O2	WEEGYLXZBRQIMU-UHFFFAOYSA-N	C10H18O
external	WEUCDJCFJHYFRL-UHFFFAOYSA-N	CN1CCCN(C(c2ccccc2)c2ccc(Cl)cc2)CC1	ok	CN1CCCN(C(c2ccccc2)c2ccc(Cl)cc2)CC1	WEUCDJCFJHYFRL-UHFFFAOYSA-N	C19H23ClN2
external	WEVYAHXRMPXWCK-UHFFFAOYSA-N	CC#N	ok	CC#N	WEVYAHXRMPXWCK-UHFFFAOYSA-N	C2H3N
external	WEXRUCMBJFQVBZ-UHFFFAOYSA-N	CCCC(C)C1(CC)C(O)=NC(=O)N=C1O	ok	CCCC(C)C1(CC)C(=O)NC(=O)NC1=O	WEXRUCMBJFQVBZ-UHFFFAOYSA-N	C11H18N2O3
external	WEYVCQFUGFRXOM-UHFFFAOYSA-N	CN1CCN(CCCN2c3ccccc3Sc3ccccc32)CC1	ok	CN1CCN(CCCN2c3ccccc3Sc3ccccc32)CC1	WEYVCQFUGFRXOM-UHFFFAOYSA-N	C20H25N3S
external	WFPIAZLQTJBIFN-UHFFFAOYSA-N	OCCN1CCN(CCC=C2c3ccccc3Sc3ccc(Cl)cc32)CC1	ok	OCCN1CCN(CCC=C2c3ccccc3Sc3ccc(Cl)cc32)CC1	WFPIAZLQTJBIFN-UHFFFAOYSA-N	C22H25ClN2OS
external	WFWLQNSHRPWKFK-UHFFFAOYSA-N	O=c1nc(O)c(F)cn1C1CCCO1	ok	O=c1[nH]c(=O)n(C2CCCO2)cc1F	WFWLQNSHRPWKFK-UHFFFAOYSA-N	C8H9FN2O3
external	WGCNASOHLSPBMP-UHFFFAOYSA-N	O=CCO	ok	O=CCO	WGCNASOHLSPBMP-UHFFFAOYSA-N	C2H4O2
external	WGKIDCRTLNUROQ-UHFFFAOYSA-N	N#Cc1cccc2sc(C(=O)NC(=N)N)cc12	ok	N#Cc1cccc2sc(C(=O)N=C(N)N)cc12	WGKIDCRTLNUROQ-UHFFFAOYSA-N	C11H8N4OS
external	WGVKWNUPNGFDFJ-UHFFFAOYSA-N	Cc1cc(O)c(C)c2c1OC(C)(CCCC(C)CCCC(C)CCCC(C)C)CC2	ok	Cc1cc(O)c(C)c2c1OC(C)(CCCC(C)CCCC(C)CCCC(C)C)CC2	WGVKWNUPNGFDFJ-UHFFFAOYSA-N	C28H48O2
external	WHBIGIKBNXZKFE-UHFFFAOYSA-N	CC(C)Nc1cccnc1N1CCN(C(=O)c2cc3cc(NS(C)(=O)=O)ccc3[nH]2)CC1	ok	CC(C)Nc1cccnc1N1CCN(C(=O)c2cc3cc(NS(C)(=O)=O)ccc3[nH]2)CC1	WHBIGIKBNXZKFE-UHFFFAOYSA-N	C22H28N6O3S
external	WHBMMWSBFZVSSR-UHFFFAOYSA-N	CC(O)CC(=O)O	ok	CC(O)CC(=O)O	WHBMMWSBFZVSSR-UHFFFAOYSA-N	C4H8O3
external	WHOZNOZYMBRCBL-UHFFFAOYSA-N	CCCCCCCCCCCC=CC=O	ok	CCCCCCCCCCCC=CC=O	WHOZNOZYMBRCBL-UHFFFAOYSA-N	C14H26O
external	WHQCHUCQKNIQEC-UHFFFAOYSA-N	CCc1oc2ccccc2c1C(=O)c1cc(Br)c(O)c(Br)c1	ok	CCc1oc2ccccc2c1C(=O)c1cc(Br)c(O)c(Br)c1	WHQCHUCQKNIQEC-UHFFFAOYSA-N	C17H12Br2O3
external	WHTVZRBIWZFKQO-UHFFFAOYSA-N	CCN(CC)CCCC(C)Nc1ccnc2cc(Cl)ccc12	ok	CCN(CC)CCCC(C)Nc1ccnc2cc(Cl)ccc12	WHTVZRBIWZFKQO-UHFFFAOYSA-N	C18H26ClN3
external	WHWZLSFABNNENI-UHFFFAOYSA-N	N=C1NCC2c3ccccc3Cc3ccccc3N12	ok	NC1=NCC2c3ccccc3Cc3ccccc3N12	WHWZLSFABNNENI-UHFFFAOYSA-N	C16H15N3
external	WIEOUDNBMYRSRD-UHFFFAOYSA-N	CC(C)c1cc2c(c(O)c1O)C(=O)C1CCCC(C)(C)C1CC2	tautomer_MaxTransformsReached			C20H28O3
external	WIFHAKQJYHVTQK-UHFFFAOYSA-N	CC1=C(C(C)CO)CC2(O)C3(C)CC(=O)OC4(C(O)C(C)CCC34O)C12O	ok	CC1=C(C(C)CO)CC2(O)C3(C)CC(=O)OC4(C(O)C(C)CCC34O)C12O	WIFHAKQJYHVTQK-UHFFFAOYSA-N	C20H30O7
external	WIGIZIANZCJQQY-UHFFFAOYSA-N	CCC1=C(C)CN(C(O)=NCCc2ccc(S(=O)(=O)NC(O)=NC3CCC(C)CC3)cc2)C1=O	ok	CCC1=C(C)CN(C(=O)NCCc2ccc(S(=O)(=O)NC(=O)NC3CCC(C)CC3)cc2)C1=O	WIGIZIANZCJQQY-UHFFFAOYSA-N	C24H34N4O5S
external	WIIZWVCIJKGZOK-UHFFFAOYSA-N	O=[N+]([O-])c1ccc(C(O)C(CO)N=C(O)C(Cl)Cl)cc1	ok	O=C(NC(CO)C(O)c1ccc([N+](=O)[O-])cc1)C(Cl)Cl	WIIZWVCIJKGZOK-UHFFFAOYSA-N	C11H12Cl2N2O5
external	WIJZXSAJMHAVGX-UHFFFAOYSA-N	N#Cc1ccnc(N2C(=O)CCC2C(=O)N(c2cncc(F)c2)C(C(O)=NC2CC(F)(F)C2)c2ccccc2Cl)c1	ok	N#Cc1ccnc(N2C(=O)CCC2C(=O)N(c2cncc(F)c2)C(C(=O)NC2CC(F)(F)C2)c2ccccc2Cl)c1	WIJZXSAJMHAVGX-UHFFFAOYSA-N	C28H22ClF3N6O3
external	WIKYUJGCLQQFNW-UHFFFAOYSA-N	CN1CCN(CCCN2c3ccccc3Sc3ccc(Cl)cc32)CC1	ok	CN1CCN(CCCN2c3ccccc3Sc3ccc(Cl)cc32)CC1	WIKYUJGCLQQFNW-UHFFFAOYSA-N	C20H24ClN3S
external	WINHZLLDWRZWRT-UHFFFAOYSA-N	CCN(CC)CCN=C(O)c1c(C)[nH]c(C=C2C(O)=Nc3ccc(F)cc32)c1C	ok	C=c1c(C(=O)NCCN(CC)CC)c(C)[nH]c1=Cc1c(O)[nH]c2ccc(F)cc12	MAXXXDSMDPPTEE-UHFFFAOYSA-N	C22H27FN4O2
external	WIQRCHMSJFFONW-UHFFFAOYSA-N	NCCC(Oc1ccc(C(F)(F)F)cc1)c1ccccc1	ok	NCCC(Oc1ccc(C(F)(F)F)cc1)c1ccccc1	WIQRCHMSJFFONW-UHFFFAOYSA-N	C16H16F3NO
external	WISFURKNQXSDRA-UHFFFAOYSA-N	CCCCCCC=CCCCCCCCCCC(O)=NC(COC1OC(CO)C(OC2OC(CO)C(OC3OC(CO)C(O)C(OC4OC(CO)C(O)C(O)C4O)C3CC(C)=O)C(OC3(C(=O)O)CC(O)C(N=C(C)O)C(C(O)C(CO)OC4(C(=O)O)CC(O)C(N=C(C)O)C(C(O)C(CO)OC5(C(=O)O)CC(O)C(N=C(C)O)C(C(O)C(O)CO)O5)O4)O3)C2O)C(O)C1O)C(O)C=CCCCCCCCCCCCCC	ok	CCCCCCC=CCCCCCCCCCC(=O)NC(COC1OC(CO)C(OC2OC(CO)C(OC3OC(CO)C(O)C(OC4OC(CO)C(O)C(O)C4O)C3CC(C)=O)C(OC3(C(=O)O)CC(O)C(NC(C)=O)C(C(O)C(CO)OC4(C(=O)O)CC(O)C(NC(C)=O)C(C(O)C(CO)OC5(C(=O)O)CC(O)C(NC(C)=O)C(C(O)C(O)CO)O5)O4)O3)C2O)C(O)C1O)C(O)C=CCCCCCCCCCCCCC	WISFURKNQXSDRA-UHFFFAOYSA-N	C96H164N4O47
external	WITCOKQIPFWQQD-UHFFFAOYSA-N	CC(C)C(N)C(O)=NC(CC(=N)O)C(=O)O	ok	CC(C)C(N)C(=O)NC(CC(N)=O)C(=O)O	WITCOKQIPFWQQD-UHFFFAOYSA-N	C9H17N3O4
external	WJCNZQLZVWNLKY-UHFFFAOYSA-N	c1ccc2[nH]c(-c3cscn3)nc2c1	ok	c1ccc2[nH]c(-c3cscn3)nc2c1	WJCNZQLZVWNLKY-UHFFFAOYSA-N	C10H7N3S
external	WJOHZNCJWYWUJD-UHFFFAOYSA-N	CC(=O)OCC(=O)C12OC(C)(C)OC1CC1C3CC(F)C4=CC(=O)C=CC4(C)C3(F)C(O)CC12C	ok	CC(=O)OCC(=O)C12OC(C)(C)OC1CC1C3CC(F)C4=CC(=O)C=CC4(C)C3(F)C(O)CC12C	WJOHZNCJWYWUJD-UHFFFAOYSA-N	C26H32F2O7
external	WJUSDWNKAATRHW-UHFFFAOYSA-N	CC(CF)NCC(O)COc1cccc2ccccc12	ok	CC(CF)NCC(O)COc1cccc2ccccc12	WJUSDWNKAATRHW-UHFFFAOYSA-N	C16H20FNO2
external	WKEMJKQOLOHJLZ-UHFFFAOYSA-N	CN(C)CCc1c[nH]c2ccc(CS(=O)(=O)N3CCCC3)cc12	ok	CN(C)CCc1c[nH]c2ccc(CS(=O)(=O)N3CCCC3)cc12	WKEMJKQOLOHJLZ-UHFFFAOYSA-N	C17H25N3O2S
external	WKGXYQFOCVYPAC-UHFFFAOYSA-N	N=C(O)OCC(COC(=N)O)c1ccccc1	ok	NC(=O)OCC(COC(N)=O)c1ccccc1	WKGXYQFOCVYPAC-UHFFFAOYSA-N	C11H14N2O4
external	WKRLQDKEXYKHJB-UHFFFAOYSA-N	CC12CCC3C(=CCc4cc(O)ccc43)C1CCC2=O	ok	CC12CCC3C(=CCc4cc(O)ccc43)C1CCC2=O	WKRLQDKEXYKHJB-UHFFFAOYSA-N	C18H20O2
external	WKSAUQYGYAYLPV-UHFFFAOYSA-N	CCc1nc(=N)[nH]c(N)c1-c1ccc(Cl)cc1	ok	CCc1nc(N)nc(N)c1-c1ccc(Cl)cc1	WKSAUQYGYAYLPV-UHFFFAOYSA-N	C12H13ClN4
external	WLCHQSHZHFLMJH-UHFFFAOYSA-N	C=C(C)C1CCC2(C(=O)O)CCC3(C)C(CCC4C5(C)C(C(=O)O)C(O)C(C)(C)C5CCC43C)C12	ok	C=C(C)C1CCC2(C(=O)O)CCC3(C)C(CCC4C5(C)C(C(=O)O)C(O)C(C)(C)C5CCC43C)C12	WLCHQSHZHFLMJH-UHFFFAOYSA-N	C30H46O5
external	WLHQHAUOOXYABV-UHFFFAOYSA-N	CN1C(C(O)=Nc2ccccn2)=C(O)c2sc(Cl)cc2S1(=O)=O	ok	CN1C(C(=O)Nc2ccccn2)C(=O)c2sc(Cl)cc2S1(=O)=O	QOFQTBTZCJVITI-UHFFFAOYSA-N	C13H10ClN3O4S2
external	WLLMYDQRCSWAST-UHFFFAOYSA-N	CCC=CCC=CCC=CCC=CCC=CCC=CCCC(=O)OC(CC(=O)[O-])C[N+](C)(C)C	ok	CCC=CCC=CCC=CCC=CCC=CCC=CCCC(=O)OC(CC(=O)[O-])C[N+](C)(C)C	WLLMYDQRCSWAST-UHFFFAOYSA-N	C29H45NO4
external	WLOHNSSYAXHWNR-UHFFFAOYSA-N	CCC1OC(=O)C(C)C(OC2CC(C)(OC)C(O)C(C)O2)C(C)C(OC2OC(C)CC(N(C)C)C2O)C(C)(O)CC(C)C2NC(COCCOC)OC(C2C)C1(C)O	ok	CCC1OC(=O)C(C)C(OC2CC(C)(OC)C(O)C(C)O2)C(C)C(OC2OC(C)CC(N(C)C)C2O)C(C)(O)CC(C)C2NC(COCCOC)OC(C2C)C1(C)O	WLOHNSSYAXHWNR-UHFFFAOYSA-N	C42H78N2O14
external	WLTXBTSNYDYARD-UHFFFAOYSA-N	CC(C)=CC1CC(C)(O)C2C3CCC4C5(C)CCC(OC6OCC(O)C(OC7OC(CO)C(O)C(O)C7O)C6OC6OC(C)C(O)C(O)C6O)C(C)(C)C5CCC4(C)C34COC2(C4)O1	ok	CC(C)=CC1CC(C)(O)C2C3CCC4C5(C)CCC(OC6OCC(O)C(OC7OC(CO)C(O)C(O)C7O)C6OC6OC(C)C(O)C(O)C6O)C(C)(C)C5CCC4(C)C34COC2(C4)O1	WLTXBTSNYDYARD-UHFFFAOYSA-N	C47H76O17
external	WLWFNJKHKGIJNW-UHFFFAOYSA-N	CN1C(=O)CC(c2ccccc2)C1=O	ok	Cn1c(O)cc(-c2ccccc2)c1O	HKISVIYTVBXSEX-UHFFFAOYSA-N	C11H11NO2
external	WMCMJIGLYZDKRN-UHFFFAOYSA-N	Cn1c(=O)c2c(ncn2CCNCC(O)c2ccc(O)c(O)c2)n(C)c1=O	ok	Cn1c(=O)c2c(ncn2CCNCC(O)c2ccc(O)c(O)c2)n(C)c1=O	WMCMJIGLYZDKRN-UHFFFAOYSA-N	C17H21N5O5
external	WMDSZGFJQKSLLH-UHFFFAOYSA-N	CC1(C)OCC(COC(=O)CCc2ccc(OCC(O)CNCCN=C(O)N3CCOCC3)cc2)O1	ok	CC1(C)OCC(COC(=O)CCc2ccc(OCC(O)CNCCNC(=O)N3CCOCC3)cc2)O1	WMDSZGFJQKSLLH-UHFFFAOYSA-N	C25H39N3O8
external	WMWTYOKRWGGJOA-UHFFFAOYSA-N	CCC(=O)OC1(C(=O)SCF)C(C)CC2C3CC(F)C4=CC(=O)C=CC4(C)C3(F)C(O)CC21C	ok	CCC(=O)OC1(C(=O)SCF)C(C)CC2C3CC(F)C4=CC(=O)C=CC4(C)C3(F)C(O)CC21C	WMWTYOKRWGGJOA-UHFFFAOYSA-N	C25H31F3O5S
external	WNEFHJONOSWJAK-UHFFFAOYSA-N	CC(=O)OC1CC(C)=C2C(=CC(C)C(=O)O)CCC(C)C21	ok	CC(=O)OC1CC(C)=C2C(=CC(C)C(=O)O)CCC(C)C21	WNEFHJONOSWJAK-UHFFFAOYSA-N	C17H24O4
external	WNJBUWVXSNLWEQ-UHFFFAOYSA-N	C=CCOC(=O)C=CC	ok	C=CCOC(=O)C=CC	WNJBUWVXSNLWEQ-UHFFFAOYSA-N	C7H10O2
external	WNMJYKCGWZFFKR-UHFFFAOYSA-N	COc1cc2nc(N(C)CCCN=C(O)C3CCCO3)[nH]c(=N)c2cc1OC	ok	COc1cc2nc(N(C)CCCNC(=O)C3CCCO3)nc(N)c2cc1OC	WNMJYKCGWZFFKR-UHFFFAOYSA-N	C19H27N5O4
external	WNRZHQBJSXRYJK-UHFFFAOYSA-N	N=C(O)c1nnn(Cc2cc(Cl)c(C(=O)c3ccc(Cl)cc3)c(Cl)c2)c1N	ok	NC(=O)c1nnn(Cc2cc(Cl)c(C(=O)c3ccc(Cl)cc3)c(Cl)c2)c1N	WNRZHQBJSXRYJK-UHFFFAOYSA-N	C17H12Cl3N5O2
external	WNYADZVDBIBLJJ-UHFFFAOYSA-N	O=NN1CCCC1	ok	O=NN1CCCC1	WNYADZVDBIBLJJ-UHFFFAOYSA-N	C4H8N2O
external	WNZBBTJFOIOEMP-UHFFFAOYSA-N	OC(CCCN1CCC(O)(c2ccc(Cl)cc2)CC1)c1ccc(F)cc1	ok	OC(CCCN1CCC(O)(c2ccc(Cl)cc2)CC1)c1ccc(F)cc1	WNZBBTJFOIOEMP-UHFFFAOYSA-N	C21H25ClFNO2
external	WOEUPEKLVDSCQN-UHFFFAOYSA-N	CN(C)c1cn(C)n(-c2ccccc2)c1=O	ok	CN(C)c1cn(C)n(-c2ccccc2)c1=O	WOEUPEKLVDSCQN-UHFFFAOYSA-N	C12H15N3O
external	WOFMFGQZHJDGCX-UHFFFAOYSA-N	CC1CC2C3CCC4=CC(=O)C=CC4(C)C3(Cl)C(O)CC2(C)C1(OC(=O)c1ccco1)C(=O)CCl	ok	CC1CC2C3CC=C4CC(=O)C=CC4(C)C3(Cl)C(O)CC2(C)C1(OC(=O)c1ccco1)C(=O)CCl	DQTQVEGUWIUSSO-UHFFFAOYSA-N	C27H30Cl2O6
external	WONYMNWUJVKVII-UHFFFAOYSA-N	O=C(O)CCc1cc(I)c(Oc2ccc(O)cc2)c(I)c1	ok	O=C(O)CCc1cc(I)c(Oc2ccc(O)cc2)c(I)c1	WONYMNWUJVKVII-UHFFFAOYSA-N	C15H12I2O4
external	WOSKHXYHFSIKNG-UHFFFAOYSA-N	COc1cc2nccc(Oc3ccc(NC(O)=NC4CC4)c(Cl)c3)c2cc1C(=N)O	ok	COc1cc2nccc(Oc3ccc(NC(=O)NC4CC4)c(Cl)c3)c2cc1C(N)=O	WOSKHXYHFSIKNG-UHFFFAOYSA-N	C21H19ClN4O4
external	WOUOLAUOZXOLJQ-UHFFFAOYSA-N	CCOC(=O)C(CCc1ccccc1)NC(C)C(=O)N(CC(=O)O)C1Cc2ccccc2C1	ok	CCOC(=O)C(CCc1ccccc1)NC(C)C(=O)N(CC(=O)O)C1Cc2ccccc2C1	WOUOLAUOZXOLJQ-UHFFFAOYSA-N	C26H32N2O5
external	WOXKDUGGOYFFRN-UHFFFAOYSA-N	CN1CC(=O)N2C(Cc3c([nH]c4ccccc34)C2c2ccc3c(c2)OCO3)C1=O	ok	CN1CC(=O)N2C(Cc3c([nH]c4ccccc34)C2c2ccc3c(c2)OCO3)C1=O	WOXKDUGGOYFFRN-UHFFFAOYSA-N	C22H19N3O4
external	WPGPCDVQHXOMQP-UHFFFAOYSA-N	CC1=CCC(C(C)C)CC1=O	ok	CC1=CCC(C(C)C)CC1=O	WPGPCDVQHXOMQP-UHFFFAOYSA-N	C10H16O
external	WPOQYXKDKVBMSB-UHFFFAOYSA-N	CC1=CCCC(=C(C)C)C1	ok	CC1=CCCC(=C(C)C)C1	WPOQYXKDKVBMSB-UHFFFAOYSA-N	C10H16
external	WPPTYUSIXLFOKZ-UHFFFAOYSA-N	CC(=O)OC12COC1CC(O)C1(C)C(=O)C(OC(=O)C3CC3)C3=C(C)C(OC(=O)C(O)C(C=C(C)C)N=C(O)OC(C)(C)C)CC(O)(C(OC(=O)c4ccccc4)C21)C3(C)C	tautomer_MaxTransformsReached			C45H59NO15
external	WPZFUQQBKHILMS-UHFFFAOYSA-N	CCNCc1cc(=O)oc2cc(OC)ccc12	ok	CCNCc1cc(=O)oc2cc(OC)ccc12	WPZFUQQBKHILMS-UHFFFAOYSA-N	C13H15NO3
external	WQODMRNWOXLYKU-UHFFFAOYSA-N	C=CC(C)(O)CC=CC(C)C(=O)OC1OC(CO)C(O)C(O)C1O	ok	C=CC(C)(O)CC=CC(C)C(=O)OC1OC(CO)C(O)C(O)C1O	WQODMRNWOXLYKU-UHFFFAOYSA-N	C16H26O8
external	WQZGKKKJIJFFOK-UHFFFAOYSA-N	OCC1OC(O)C(O)C(O)C1O	ok	OCC1OC(O)C(O)C(O)C1O	WQZGKKKJIJFFOK-UHFFFAOYSA-N	C6H12O6
external	WREGKURFCTUGRC-UHFFFAOYSA-N	N=c1ccn(C2CCC(CO)O2)c(O)n1	ok	Nc1ccn(C2CCC(CO)O2)c(=O)n1	WREGKURFCTUGRC-UHFFFAOYSA-N	C9H13N3O3
external	WRHGORWNJGOVQY-UHFFFAOYSA-N	C=C1CCC(C(C)C)C2C=C(C)CCC12	ok	C=C1CCC(C(C)C)C2C=C(C)CCC12	WRHGORWNJGOVQY-UHFFFAOYSA-N	C15H24
external	WRHGSRWGZMBAFV-UHFFFAOYSA-N	CCCCCCCCCCCCC(O)C(O)CCC(O)C1CCC(CC(O)CCCCCC(O)Cc2cc(C)oc2O)O1	ok	CCCCCCCCCCCCC(O)C(O)CCC(O)C1CCC(CC(O)CCCCCC(O)Cc2cc(C)oc2O)O1	WRHGSRWGZMBAFV-UHFFFAOYSA-N	C35H64O8
external	WRHZVMBBRYBTKZ-UHFFFAOYSA-N	O=C(O)c1ccc[nH]1	ok	O=C(O)c1ccc[nH]1	WRHZVMBBRYBTKZ-UHFFFAOYSA-N	C5H5NO2
external	WRYCMIFVXDQIKN-UHFFFAOYSA-N	O=c1c2ccccc2c(Cc2ccc(Cl)cc2)nn1C1CCCNCC1	ok	O=c1c2ccccc2c(Cc2ccc(Cl)cc2)nn1C1CCCNCC1	WRYCMIFVXDQIKN-UHFFFAOYSA-N	C21H22ClN3O
external	WRZVGHXUPBWIOO-UHFFFAOYSA-N	CNS(=O)(=O)Cc1ccc2[nH]cc(CCCN3CCN(c4ncncc4OC)CC3)c2c1	ok	CNS(=O)(=O)Cc1ccc2[nH]cc(CCCN3CCN(c4ncncc4OC)CC3)c2c1	WRZVGHXUPBWIOO-UHFFFAOYSA-N	C22H30N6O3S
external	WSEQXVZVJXJVFP-UHFFFAOYSA-N	CN(C)CCCC1(c2ccc(F)cc2)OCc2cc(C#N)ccc21	ok	CN(C)CCCC1(c2ccc(F)cc2)OCc2cc(C#N)ccc21	WSEQXVZVJXJVFP-UHFFFAOYSA-N	C20H21FN2O
external	WSFSSNUMVMOOMR-UHFFFAOYSA-N	C=O	ok	C=O	WSFSSNUMVMOOMR-UHFFFAOYSA-N	CH2O
external	WSLDOOZREJYCGB-UHFFFAOYSA-N	ClCCCl	ok	ClCCCl	WSLDOOZREJYCGB-UHFFFAOYSA-N	C2H4Cl2
external	WSMYVTOQOOLQHP-UHFFFAOYSA-N	O=CCC=O	ok	O=CCC=O	WSMYVTOQOOLQHP-UHFFFAOYSA-N	C3H4O2
external	WSORODGWGUUOBO-UHFFFAOYSA-N	CCOC(=O)CC(SP(=O)(OC)OC)C(=O)OCC	ok	CCOC(=O)CC(SP(=O)(OC)OC)C(=O)OCC	WSORODGWGUUOBO-UHFFFAOYSA-N	C10H19O7PS
external	WSPOMRSOLSGNFJ-UHFFFAOYSA-N	CN(C)CCC=C1c2ccccc2Sc2ccc(Cl)cc21	ok	CN(C)CCC=C1c2ccccc2Sc2ccc(Cl)cc21	WSPOMRSOLSGNFJ-UHFFFAOYSA-N	C18H18ClNS
external	WSVOMANDJDYYEY-UHFFFAOYSA-N	C=C1CC2C3CCC4=CC(=O)C=CC4(C)C3C(O)CC2(C)C1(O)C(=O)CO	ok	C=C1CC2C3CC=C4CC(=O)C=CC4(C)C3C(O)CC2(C)C1(O)C(=O)CO	VWYWJSGYSKCGQC-UHFFFAOYSA-N	C22H28O5
external	WTBZNVRBNJWSPF-UHFFFAOYSA-N	CC(=O)OC(C)(C)C=CC(=O)C(C)(O)C1C(O)CC2(C)C3CC=C4C(CC(=O)C(O)C4(C)C)C3(C)C(=O)CC12C	ok	CC(=O)OC(C)(C)C=CC(=O)C(C)(O)C1C(O)CC2(C)C3CC=C4C(CC(=O)C(O)C4(C)C)C3(C)C(=O)CC12C	WTBZNVRBNJWSPF-UHFFFAOYSA-N	C32H46O8
external	WTDRDQBEARUVNC-UHFFFAOYSA-N	NC(Cc1ccc(O)c(O)c1)C(=O)O	ok	NC(Cc1ccc(O)c(O)c1)C(=O)O	WTDRDQBEARUVNC-UHFFFAOYSA-N	C9H11NO4
external	WTFMBIIXZCPCMT-UHFFFAOYSA-N	CC1(CC=O)C2CC3C(C2)C31C	ok	CC1(CC=O)C2CC3C(C2)C31C	WTFMBIIXZCPCMT-UHFFFAOYSA-N	C11H16O
external	WTHRRGMBUAHGNI-UHFFFAOYSA-N	CCC1N=C(O)C(N=C(O)c2ncccc2O)C(C)OC(=O)C(c2ccccc2)N=C(O)C2CC(=O)C(CSC3CN4CCC3CC4)CN2C(=O)C(Cc2ccc(N(C)C)cc2)N(C)C(=O)C2CCCN2C1=O	tautomer_MaxTransformsReached			C53H67N9O10S
external	WTQYWNWRJNXDEG-UHFFFAOYSA-N	CN1C2CC(OC(=O)C(CO)c3ccccc3)CC1C(O)C2	ok	CN1C2CC(OC(=O)C(CO)c3ccccc3)CC1C(O)C2	WTQYWNWRJNXDEG-UHFFFAOYSA-N	C17H23NO4
external	WTRSURIFLHBSLZ-UHFFFAOYSA-N	CC1CCC2(C(=O)O)CCC3(C)C(=CCC4C5(C)CCC(OC(=O)c6ccccc6)C(C)(C)C5C(=O)CC43C)C2C1C	ok	CC1CCC2(C(=O)O)CCC3(C)C(=CCC4C5(C)CCC(OC(=O)c6ccccc6)C(C)(C)C5C(=O)CC43C)C2C1C	WTRSURIFLHBSLZ-UHFFFAOYSA-N	C37H50O5
external	WUADCCWRTIWANL-UHFFFAOYSA-N	COc1ccc(-c2coc3cc(O)cc(O)c3c2=O)cc1	ok	COc1ccc(-c2coc3cc(O)cc(O)c3c2=O)cc1	WUADCCWRTIWANL-UHFFFAOYSA-N	C16H12O5
external	WUTYZMFRCNBCHQ-UHFFFAOYSA-N	CC1OC2(CS1)CN1CCC2CC1	ok	CC1OC2(CS1)CN1CCC2CC1	WUTYZMFRCNBCHQ-UHFFFAOYSA-N	C10H17NOS
external	WUZYKBABMWJHDL-UHFFFAOYSA-N	Cc1cncc(CN2CCC(=C3c4ccc(Cl)cc4CCc4cccnc43)CC2)c1	ok	Cc1cncc(CN2CCC(=C3c4ccc(Cl)cc4CCc4cccnc43)CC2)c1	WUZYKBABMWJHDL-UHFFFAOYSA-N	C26H26ClN3
external	WVDDGKGOMKODPV-UHFFFAOYSA-N	OCc1ccccc1	ok	OCc1ccccc1	WVDDGKGOMKODPV-UHFFFAOYSA-N	C7H8O
external	WVKLERKKJXUPIK-UHFFFAOYSA-N	O=c1cc(C(F)(F)F)c2ccc(OCc3ccccc3)cc2o1	ok	O=c1cc(C(F)(F)F)c2ccc(OCc3ccccc3)cc2o1	WVKLERKKJXUPIK-UHFFFAOYSA-N	C17H11F3O3
external	WVLOADHCBXTIJK-UHFFFAOYSA-N	CN1CCC23c4c5ccc(O)c4OC2C(=O)CCC3C1C5	ok	CN1CCC23c4c5ccc(O)c4OC2C(=O)CCC3C1C5	WVLOADHCBXTIJK-UHFFFAOYSA-N	C17H19NO3
external	WVQBLGZPHOPPFO-UHFFFAOYSA-N	CCc1cccc(C)c1N(C(=O)CCl)C(C)COC	ok	CCc1cccc(C)c1N(C(=O)CCl)C(C)COC	WVQBLGZPHOPPFO-UHFFFAOYSA-N	C15H22ClNO2
external	WVTKBKWTSCPRNU-UHFFFAOYSA-N	COc1ccc2cc1Oc1ccc(cc1)CC1c3cc(c(OC)cc3CCN1C)Oc1c(OC)c(OC)cc3c1C(C2)N(C)CC3	ok	COc1ccc2cc1Oc1ccc(cc1)CC1c3cc(c(OC)cc3CCN1C)Oc1c(OC)c(OC)cc3c1C(C2)N(C)CC3	WVTKBKWTSCPRNU-UHFFFAOYSA-N	C38H42N2O6
external	WVVSZNPYNCNODU-UHFFFAOYSA-N	CC(CO)N=C(O)C1C=C2c3cccc4[nH]cc(c34)CC2N(C)C1	ok	CC(CO)NC(=O)C1C=C2c3cccc4[nH]cc(c34)CC2N(C)C1	WVVSZNPYNCNODU-UHFFFAOYSA-N	C19H23N3O2
external	WVVWYQOPRPVQFM-UHFFFAOYSA-N	CCCCCCCCC=CCCCCCCCCCCCC(O)=NC(COC1OC(CO)C(OC2OC(CO)C(O)C(OC3(C(=O)O)CC(O)C(N=C(C)O)C(C(O)C(O)CO)O3)C2O)C(O)C1O)C(O)C=CCCCCCCCCCCCCC	ok	CCCCCCCCC=CCCCCCCCCCCCC(=O)NC(COC1OC(CO)C(OC2OC(CO)C(O)C(OC3(C(=O)O)CC(O)C(NC(C)=O)C(C(O)C(O)CO)O3)C2O)C(O)C1O)C(O)C=CCCCCCCCCCCCCC	WVVWYQOPRPVQFM-UHFFFAOYSA-N	C63H114N2O21
external	WVVXBPKOIZGVNS-UHFFFAOYSA-N	CC(O)=NCCc1c(Cc2ccccc2)[nH]c2ccccc12	ok	CC(=O)NCCc1c(Cc2ccccc2)[nH]c2ccccc12	WVVXBPKOIZGVNS-UHFFFAOYSA-N	C19H20N2O
external	WWYNJERNGUHSAO-UHFFFAOYSA-N	C#CC1(O)CCC2C3CCC4=CC(=O)CCC4C3CCC21CC	ok	C#CC1(O)CCC2C3CC=C4CC(=O)CCC4C3CCC21CC	LYRBZVWRTAFWPO-UHFFFAOYSA-N	C21H28O2
external	WXCXUHSOUPDCQV-UHFFFAOYSA-N	CN=C(O)c1ccc(N2C(=S)N(c3ccc(C#N)c(C(F)(F)F)c3)C(=O)C2(C)C)cc1F	ok	CNC(=O)c1ccc(N2C(=S)N(c3ccc(C#N)c(C(F)(F)F)c3)C(=O)C2(C)C)cc1F	WXCXUHSOUPDCQV-UHFFFAOYSA-N	C21H16F4N4O2S
external	WXTMDXOMEHJXQO-UHFFFAOYSA-N	O=C(O)c1cc(O)ccc1O	ok	O=C(O)c1cc(O)ccc1O	WXTMDXOMEHJXQO-UHFFFAOYSA-N	C7H6O4
external	WXURHACBFYSXBI-UHFFFAOYSA-N	CC1CC2C3CC(F)C4=CC(=O)C=CC4(C)C3(F)C(O)CC2(C)C1(O)C(=O)CO	ok	CC1CC2C3CC(F)C4=CC(=O)C=CC4(C)C3(F)C(O)CC2(C)C1(O)C(=O)CO	WXURHACBFYSXBI-UHFFFAOYSA-N	C22H28F2O5
external	WXXSNCNJFUAIDG-UHFFFAOYSA-N	COC(=O)N(C)c1c(N)nc(-c2nn(Cc3ccccc3F)c3ncccc23)[nH]c1=N	ok	COC(=O)N(C)c1c(N)nc(-c2nn(Cc3ccccc3F)c3ncccc23)nc1N	WXXSNCNJFUAIDG-UHFFFAOYSA-N	C20H19FN8O2
external	WYFYRQBBNVSDHV-UHFFFAOYSA-N	CCOC(S)=NCc1ccc(OC2OC(C)C(OC(C)=O)C(OC(C)=O)C2OC(C)=O)cc1	ok	CCOC(=S)NCc1ccc(OC2OC(C)C(OC(C)=O)C(OC(C)=O)C2OC(C)=O)cc1	WYFYRQBBNVSDHV-UHFFFAOYSA-N	C22H29NO9S
external	WYMSBXTXOHUIGT-UHFFFAOYSA-N	CCOP(=O)(OCC)Oc1ccc([N+](=O)[O-])cc1	ok	CCOP(=O)(OCC)Oc1ccc([N+](=O)[O-])cc1	WYMSBXTXOHUIGT-UHFFFAOYSA-N	C10H14NO6P
external	WYQFJHHDOKWSHR-UHFFFAOYSA-N	CCC1CN(C(O)=NCC(F)(F)F)CC1c1cnc2cnc3[nH]ccc3n12	ok	CCC1CN(C(=O)NCC(F)(F)F)CC1c1cnc2cnc3[nH]ccc3n12	WYQFJHHDOKWSHR-UHFFFAOYSA-N	C17H19F3N6O
external	WYQPLTPSGFELIB-UHFFFAOYSA-N	CCCC(=O)OC1(C(=O)COC(C)=O)CCC2C3CC(F)C4=CC(=O)C=CC4(C)C3(F)C(O)CC21C	ok	CCCC(=O)OC1(C(=O)COC(C)=O)CCC2C3CC(F)C4=CC(=O)C=CC4(C)C3(F)C(O)CC21C	WYQPLTPSGFELIB-UHFFFAOYSA-N	C27H34F2O7
external	WYUBYHGDUPOTPG-UHFFFAOYSA-N	O=C(C=Cc1ccccc1)c1ccc(O)c(O)c1	ok	O=C(C=Cc1ccccc1)c1ccc(O)c(O)c1	WYUBYHGDUPOTPG-UHFFFAOYSA-N	C15H12O3
external	WZAMDSBJONFHAO-UHFFFAOYSA-N	C=C(CCC=C(C)C)C1CCC2(C)C1CCC1C3(C)CCC(O)C(C)(C)C3CCC12C	ok	C=C(CCC=C(C)C)C1CCC2(C)C1CCC1C3(C)CCC(O)C(C)(C)C3CCC12C	WZAMDSBJONFHAO-UHFFFAOYSA-N	C30H50O
external	WZBNEZWCNKUOSM-UHFFFAOYSA-N	O=C(O)c1[nH]c2cc(Cl)cc(Cl)c2c1C=CC(O)=Nc1ccccc1	ok	O=C(C=Cc1c(C(=O)O)[nH]c2cc(Cl)cc(Cl)c12)Nc1ccccc1	WZBNEZWCNKUOSM-UHFFFAOYSA-N	C18H12Cl2N2O3
external	WZHCOOQXZCIUNC-UHFFFAOYSA-N	CC1CC(OC(=O)C(O)c2ccccc2)CC(C)(C)C1	ok	CC1CC(OC(=O)C(O)c2ccccc2)CC(C)(C)C1	WZHCOOQXZCIUNC-UHFFFAOYSA-N	C17H24O3
external	WZPBZJONDBGPKJ-UHFFFAOYSA-N	CC1C(NC(=O)C(=NOC(C)(C)C(=O)O)c2csc(=N)[nH]2)C(=O)N1S(=O)(=O)O	ok	CC1C(=NC(=O)C(NOC(C)(C)C(=O)O)c2csc(N)n2)C(=O)N1S(=O)(=O)O	FLMIOANAVARRAD-UHFFFAOYSA-N	C13H17N5O8S2
external	WZXHSWVDAYOFPE-UHFFFAOYSA-N	COc1cc(Br)c2oc(C3CCNCC3)cc2c1	ok	COc1cc(Br)c2oc(C3CCNCC3)cc2c1	WZXHSWVDAYOFPE-UHFFFAOYSA-N	C14H16BrNO2
external	XADCESSVHJOZHK-UHFFFAOYSA-N	CCOC(=O)C1(c2ccccc2)CCN(C)CC1	ok	CCOC(=O)C1(c2ccccc2)CCN(C)CC1	XADCESSVHJOZHK-UHFFFAOYSA-N	C15H21NO2
external	XALRSJNOMCWQJW-UHFFFAOYSA-N	CC1C(O)CCC2(C)CCC(C(C)(C)O)CC12	ok	CC1C(O)CCC2(C)CCC(C(C)(C)O)CC12	XALRSJNOMCWQJW-UHFFFAOYSA-N	C15H28O2
external	XAPRFLSJBSXESP-UHFFFAOYSA-N	O=C(O)c1c(O)c(-c2ccccc2)nc2ccccc12	ok	O=C(O)c1c(O)c(-c2ccccc2)nc2ccccc12	XAPRFLSJBSXESP-UHFFFAOYSA-N	C16H11NO3
external	XAUDJQYHKZQPEU-UHFFFAOYSA-N	N=c1ncn(C2CC(O)C(CO)O2)c(O)n1	ok	Nc1ncn(C2CC(O)C(CO)O2)c(=O)n1	XAUDJQYHKZQPEU-UHFFFAOYSA-N	C8H12N4O4
external	XBCIOBSQHJYVBQ-UHFFFAOYSA-N	NNc1cccc2ccccc12	ok	NNc1cccc2ccccc12	XBCIOBSQHJYVBQ-UHFFFAOYSA-N	C10H10N2
external	XBDQKXXYIPTUBI-UHFFFAOYSA-N	CCC(=O)O	ok	CCC(=O)O	XBDQKXXYIPTUBI-UHFFFAOYSA-N	C3H6O2
external	XBMIVRRWGCYBTQ-UHFFFAOYSA-N	CCC(OC(C)=O)C(CC(C)N(C)C)(c1ccccc1)c1ccccc1	ok	CCC(OC(C)=O)C(CC(C)N(C)C)(c1ccccc1)c1ccccc1	XBMIVRRWGCYBTQ-UHFFFAOYSA-N	C23H31NO2
external	XBPVWACQUMEORV-UHFFFAOYSA-N	COc1c2c(c(C)c3c1C(=O)OC3)OC1(C)CC(OC(C)=O)C3C(C)(C)OC(=O)CCC3(C)C1C2	ok	COc1c2c(c(C)c3c1C(=O)OC3)OC1(C)CC(OC(C)=O)C3C(C)(C)OC(=O)CCC3(C)C1C2	XBPVWACQUMEORV-UHFFFAOYSA-N	C27H34O8
external	XBYJEPZKXGPIKK-UHFFFAOYSA-N	CC1(C)C=CC2(C=CC(C)(C)O2)O1	ok	CC1(C)C=CC2(C=CC(C)(C)O2)O1	XBYJEPZKXGPIKK-UHFFFAOYSA-N	C11H16O2
external	XCCTYIAWTASOJW-UHFFFAOYSA-N	O=c1nc(O)ccn1C1OC(COP(=O)(O)OP(=O)(O)O)C(O)C1O	ok	O=c1ccn(C2OC(COP(=O)(O)OP(=O)(O)O)C(O)C2O)c(=O)[nH]1	XCCTYIAWTASOJW-UHFFFAOYSA-N	C9H14N2O12P2
external	XCGSFFUVFURLIX-UHFFFAOYSA-N	CN1CC(C(O)=NC2(C)OC3(O)C4CCCN4C(=O)C(Cc4ccccc4)N3C2=O)C=C2c3cccc4[nH]cc(c34)CC21	ok	CN1CC(C(=O)NC2(C)OC3(O)C4CCCN4C(=O)C(Cc4ccccc4)N3C2=O)C=C2c3cccc4[nH]cc(c34)CC21	XCGSFFUVFURLIX-UHFFFAOYSA-N	C33H35N5O5
external	XCGYUJZMCCFSRP-UHFFFAOYSA-N	CC(C)NCC1CCc2cc(CO)c([N+](=O)[O-])cc2N1	ok	CC(C)NCC1CCc2cc(CO)c([N+](=O)[O-])cc2N1	XCGYUJZMCCFSRP-UHFFFAOYSA-N	C14H21N3O3
external	XCPGHVQEEXUHNC-UHFFFAOYSA-N	COc1cc(NS(C)(=O)=O)ccc1N=c1c2ccccc2[nH]c2ccccc12	ok	COc1cc(NS(C)(=O)=O)ccc1Nc1c2ccccc2nc2ccccc12	XCPGHVQEEXUHNC-UHFFFAOYSA-N	C21H19N3O3S
external	XCSGPAVHZFQHGE-UHFFFAOYSA-N	CCc1cccc(CC)c1N(COC)C(=O)CCl	ok	CCc1cccc(CC)c1N(COC)C(=O)CCl	XCSGPAVHZFQHGE-UHFFFAOYSA-N	C14H20ClNO2
external	XCTHZFGSVQBHBW-UHFFFAOYSA-N	CC(C)CC(N=C(O)C(N)C(C)C)C(=O)O	ok	CC(C)CC(NC(=O)C(N)C(C)C)C(=O)O	XCTHZFGSVQBHBW-UHFFFAOYSA-N	C11H22N2O3
external	XCXVIRAAVALBFW-UHFFFAOYSA-N	Cc1ccccc1-c1cc(=O)c2ccccc2o1	ok	Cc1ccccc1-c1cc(=O)c2ccccc2o1	XCXVIRAAVALBFW-UHFFFAOYSA-N	C16H12O2
external	XDAOLTSRNUSPPH-UHFFFAOYSA-N	CC1(COc2ccc(N3CCC(Oc4ccc(OC(F)(F)F)cc4)CC3)cc2)Cn2cc([N+](=O)[O-])nc2O1	ok	CC1(COc2ccc(N3CCC(Oc4ccc(OC(F)(F)F)cc4)CC3)cc2)Cn2cc([N+](=O)[O-])nc2O1	XDAOLTSRNUSPPH-UHFFFAOYSA-N	C25H25F3N4O6
external	XDDJGVMJFWAHJX-UHFFFAOYSA-N	O=C(O)C1N=C(c2ccccc2)c2cc(Cl)ccc2N=C1O	ok	O=C(O)C1N=C(c2ccccc2)c2cc(Cl)ccc2NC1=O	XDDJGVMJFWAHJX-UHFFFAOYSA-N	C16H11ClN2O3
external	XDOFQFKRPWOURC-UHFFFAOYSA-N	CC(C)CCCCCCCCCCCCCCC(=O)O	ok	CC(C)CCCCCCCCCCCCCCC(=O)O	XDOFQFKRPWOURC-UHFFFAOYSA-N	C18H36O2
external	XDRYMKDFEDOLFX-UHFFFAOYSA-N	N=C(N)c1ccc(OCCCCCOc2ccc(C(=N)N)cc2)cc1	ok	N=C(N)c1ccc(OCCCCCOc2ccc(C(=N)N)cc2)cc1	XDRYMKDFEDOLFX-UHFFFAOYSA-N	C19H24N4O2
external	XDXDZDZNSLXDNA-UHFFFAOYSA-N	CC(=O)C1(O)Cc2c(O)c3c(c(O)c2C(OC2CC(N)C(O)C(C)O2)C1)C(=O)c1ccccc1C3=O	ok	CC(=O)C1(O)C=C2C(=O)c3c(c(O)c4ccccc4c3O)C(=O)C2C(OC2CC(N)C(O)C(C)O2)C1	SZWGDFGULWLMIP-UHFFFAOYSA-N	C26H27NO9
external	XEEDURHPFVXALT-UHFFFAOYSA-N	OC1=NC(c2ccccc2)(c2ccc(O)cc2)C(O)=N1	ok	O=C1NC(=O)C(c2ccccc2)(c2ccc(O)cc2)N1	XEEDURHPFVXALT-UHFFFAOYSA-N	C15H12N2O3
external	XEEQGYMUWCZPDN-UHFFFAOYSA-N	OC(c1cc(C(F)(F)F)nc2c(C(F)(F)F)cccc12)C1CCCCN1	ok	OC(c1cc(C(F)(F)F)nc2c(C(F)(F)F)cccc12)C1CCCCN1	XEEQGYMUWCZPDN-UHFFFAOYSA-N	C17H16F6N2O
external	XEJGJTYRUWUFFD-UHFFFAOYSA-N	CC=CC(=O)C1C(C)C=CCC1(C)C	ok	CC=CC(=O)C1C(C)C=CCC1(C)C	XEJGJTYRUWUFFD-UHFFFAOYSA-N	C13H20O
external	XERVTTUAMKCJIM-UHFFFAOYSA-N	CC1CCC2(OC1)OC1CC3C4CCC5CC(OC6OC(COC7OC(CO)C(O)C(O)C7O)C(O)C(O)C6O)CCC5(C)C4CCC3(C)C1C2C	ok	CC1CCC2(OC1)OC1CC3C4CCC5CC(OC6OC(COC7OC(CO)C(O)C(O)C7O)C(O)C(O)C6O)CCC5(C)C4CCC3(C)C1C2C	XERVTTUAMKCJIM-UHFFFAOYSA-N	C39H64O13
external	XEUPFPHHPCQXFV-UHFFFAOYSA-N	CCCCCCCC1OC1CC#CC#CC(=O)CCO	ok	CCCCCCCC1OC1CC#CC#CC(=O)CCO	XEUPFPHHPCQXFV-UHFFFAOYSA-N	C17H24O3
external	XEYBRNLFEZDVAW-UHFFFAOYSA-N	CCCCCC(O)C=CC1C(O)CC(=O)C1CC=CCCCC(=O)O	ok	CCCCCC(O)C=CC1C(O)CC(=O)C1CC=CCCCC(=O)O	XEYBRNLFEZDVAW-UHFFFAOYSA-N	C20H32O5
external	XFCLJVABOIYOMF-UHFFFAOYSA-N	CN(C)CCOc1ccc(C(=C(CCCl)c2ccccc2)c2ccccc2)cc1	ok	CN(C)CCOc1ccc(C(=C(CCCl)c2ccccc2)c2ccccc2)cc1	XFCLJVABOIYOMF-UHFFFAOYSA-N	C26H28ClNO
external	XFESAOYVWBMFSJ-UHFFFAOYSA-N	CC(NCC(O)COc1cccc2ccccc12)C(C)(C)C	ok	CC(NCC(O)COc1cccc2ccccc12)C(C)(C)C	XFESAOYVWBMFSJ-UHFFFAOYSA-N	C19H27NO2
external	XFLVBMBRLSCJAI-UHFFFAOYSA-N	N=C(O)CCCCC1SCC2N=C(O)NC21	ok	NC(=O)CCCCC1SCC2NC(=O)NC21	XFLVBMBRLSCJAI-UHFFFAOYSA-N	C10H17N3O2S
external	XFYDIVBRZNQMJC-UHFFFAOYSA-N	Clc1ccc2nsnc2c1NC1=NCCN1	ok	Clc1ccc2nsnc2c1NC1=NCCN1	XFYDIVBRZNQMJC-UHFFFAOYSA-N	C9H8ClN5S
external	XGALLCVXEZPNRQ-UHFFFAOYSA-N	COc1cc2ncnc(Nc3ccc(F)c(Cl)c3)c2cc1OCCCN1CCOCC1	ok	COc1cc2ncnc(Nc3ccc(F)c(Cl)c3)c2cc1OCCCN1CCOCC1	XGALLCVXEZPNRQ-UHFFFAOYSA-N	C22H24ClFN4O3
external	XGHOVGYJHWQGCC-UHFFFAOYSA-N	CC(C)(C(=O)O)c1ccc(C(=O)CCCN2CCC(OC(c3ccccc3)c3ccccc3)CC2)cc1	ok	CC(C)(C(=O)O)c1ccc(C(=O)CCCN2CCC(OC(c3ccccc3)c3ccccc3)CC2)cc1	XGHOVGYJHWQGCC-UHFFFAOYSA-N	C32H37NO4
external	XGIODORTBODPTQ-UHFFFAOYSA-N	CCc1nn(CCCN2CCN(c3ccc(O)c(Cl)c3)CC2)c(=O)n1CCOc1ccccc1	ok	CCc1nn(CCCN2CCN(c3ccc(O)c(Cl)c3)CC2)c(=O)n1CCOc1ccccc1	XGIODORTBODPTQ-UHFFFAOYSA-N	C25H32ClN5O3
external	XGOYIMQSIKSOBS-UHFFFAOYSA-N	Cc1ccc2c(=O)c3cccc(CC(=O)O)c3oc2c1C	ok	Cc1ccc2c(=O)c3cccc(CC(=O)O)c3oc2c1C	XGOYIMQSIKSOBS-UHFFFAOYSA-N	C17H14O4
external	XIEAUEYXHINALS-UHFFFAOYSA-N	CCC(C=CC(C)C1CCC2=C3CC(=O)C4CC(=O)CCC4(C)C3CCC21C)C(C)C	ok	CCC(C=CC(C)C1CCC2=C3CC(=O)C4CC(=O)CCC4(C)C3CCC21C)C(C)C	XIEAUEYXHINALS-UHFFFAOYSA-N	C29H44O2
external	XIGFNCYVSHOLIF-UHFFFAOYSA-N	C=CC1(C)CCC(C(=C)C)O1	ok	C=CC1(C)CCC(C(=C)C)O1	XIGFNCYVSHOLIF-UHFFFAOYSA-N	C10H16O
external	XIIOFHFUYBLOLW-UHFFFAOYSA-N	COc1ccc(CN2C3CC2CN(c2ccc(-c4cc(OCC(C)(C)O)cn5ncc(C#N)c45)cn2)C3)cn1	ok	COc1ccc(CN2C3CC2CN(c2ccc(-c4cc(OCC(C)(C)O)cn5ncc(C#N)c45)cn2)C3)cn1	XIIOFHFUYBLOLW-UHFFFAOYSA-N	C29H31N7O3
external	XIQVNETUBQGFHX-UHFFFAOYSA-N	CCN(CC)CC#CCOC(=O)C(O)(c1ccccc1)C1CCCCC1	ok	CCN(CC)CC#CCOC(=O)C(O)(c1ccccc1)C1CCCCC1	XIQVNETUBQGFHX-UHFFFAOYSA-N	C22H31NO3
external	XISKMNBBUQQBBE-UHFFFAOYSA-N	CC=C1CN2CCC34c5ccccc5N5C=C6C7CC8N(CCC89c8ccccc8N(C=C(C1CC23)C54)C69)CC7=CC	ok	CC=C1CN2CCC34c5ccccc5N5C=C6C7CC8N(CCC89c8ccccc8N(C=C(C1CC23)C54)C69)CC7=CC	XISKMNBBUQQBBE-UHFFFAOYSA-N	C38H40N4
external	XJNGQIYBMXBCRU-UHFFFAOYSA-N	CC(C)CC(c1c(O)c(C=O)c(O)c(C=O)c1O)C1CCC(C)C2=CC(C(C)(C)O)CCC21C	ok	CC(C)CC(c1c(O)c(C=O)c(O)c(C=O)c1O)C1CCC(C)C2=CC(C(C)(C)O)CCC21C	XJNGQIYBMXBCRU-UHFFFAOYSA-N	C28H40O6
external	XJNPNXSISMKQEX-UHFFFAOYSA-N	O=[N+]([O-])c1ccc(O)c(O)c1	ok	O=[N+]([O-])c1ccc(O)c(O)c1	XJNPNXSISMKQEX-UHFFFAOYSA-N	C6H5NO4
external	XJSFLOJWULLJQS-UHFFFAOYSA-N	COC1C(OC(C)=O)CC(=O)OC(C)CC=CC=CC(O)C(C)CC(CC=O)C1OC1OC(C)C(OC2CC(C)(O)C(OC(=O)CC(C)C)C(C)O2)C(N(C)C)C1O	ok	COC1C(OC(C)=O)CC(=O)OC(C)CC=CC=CC(O)C(C)CC(CC=O)C1OC1OC(C)C(OC2CC(C)(O)C(OC(=O)CC(C)C)C(C)O2)C(N(C)C)C1O	XJSFLOJWULLJQS-UHFFFAOYSA-N	C42H69NO15
external	XJUZRXYOEPSWMB-UHFFFAOYSA-N	COCCl	ok	COCCl	XJUZRXYOEPSWMB-UHFFFAOYSA-N	C2H5ClO
external	XJZGNVBLVFOSKJ-UHFFFAOYSA-N	CC(CO)CCCC(C)C1CCC2C3C(O)CC4CC(O)CCC4(C)C3CC(O)C12C	ok	CC(CO)CCCC(C)C1CCC2C3C(O)CC4CC(O)CCC4(C)C3CC(O)C12C	XJZGNVBLVFOSKJ-UHFFFAOYSA-N	C27H48O4
external	XKABJYQDMJTNGQ-UHFFFAOYSA-N	O=NN1CCCC1c1cccnc1	ok	O=NN1CCCC1c1cccnc1	XKABJYQDMJTNGQ-UHFFFAOYSA-N	C9H11N3O
external	XKLJHFLUAHKGGU-UHFFFAOYSA-N	N=NO	ok	NN=O	XKLJHFLUAHKGGU-UHFFFAOYSA-N	H2N2O
external	XKLMZUWKNUAPSZ-UHFFFAOYSA-N	COc1ccccc1OCC(O)CN1CCN(CC(O)=Nc2c(C)cccc2C)CC1	ok	COc1ccccc1OCC(O)CN1CCN(CC(=O)Nc2c(C)cccc2C)CC1	XKLMZUWKNUAPSZ-UHFFFAOYSA-N	C24H33N3O4
external	XKRVXEKRWHROIF-UHFFFAOYSA-N	CC(C)=CCCC(C)(OC1OC(COC2OC(C)C(O)C(O)C2O)C(O)C(O)C1OC1OC(CO)C(O)C(O)C1O)C1(O)CCC2(C)C1C(O)CC1C3(C)CCC(O)C(C)(C)C3C(OC3OC(CO)C(O)C(O)C3O)CC12C	ok	CC(C)=CCCC(C)(OC1OC(COC2OC(C)C(O)C(O)C2O)C(O)C(O)C1OC1OC(CO)C(O)C(O)C1O)C1(O)CCC2(C)C1C(O)CC1C3(C)CCC(O)C(C)(C)C3C(OC3OC(CO)C(O)C(O)C3O)CC12C	XKRVXEKRWHROIF-UHFFFAOYSA-N	C54H92O24
external	XKWSWANXMRXDES-UHFFFAOYSA-N	CCCCCCCC(=O)OCCC(C)C	ok	CCCCCCCC(=O)OCCC(C)C	XKWSWANXMRXDES-UHFFFAOYSA-N	C13H26O2
external	XLMALTXPSGQGBX-UHFFFAOYSA-N	CCC(=O)OC(Cc1ccccc1)(c1ccccc1)C(C)CN(C)C	ok	CCC(=O)OC(Cc1ccccc1)(c1ccccc1)C(C)CN(C)C	XLMALTXPSGQGBX-UHFFFAOYSA-N	C22H29NO2
external	XLMPPFTZALNBFS-UHFFFAOYSA-N	Cn1nnc2ccc(C(c3ccc(Cl)cc3)n3cncn3)cc21	ok	Cn1nnc2ccc(C(c3ccc(Cl)cc3)n3cncn3)cc21	XLMPPFTZALNBFS-UHFFFAOYSA-N	C16H13ClN6
external	XLOMZPUITCYLMJ-UHFFFAOYSA-N	C=CCC1(C(C)CCC)C(O)=NC(=S)N=C1O	ok	C=CCC1(C(C)CCC)C(=O)NC(=S)NC1=O	XLOMZPUITCYLMJ-UHFFFAOYSA-N	C12H18N2O2S
external	XLSMFKSTNGKWQX-UHFFFAOYSA-N	CC(=O)CO	ok	CC(=O)CO	XLSMFKSTNGKWQX-UHFFFAOYSA-N	C3H6O2
external	XLYOFNOQVPJJNP-UHFFFAOYSA-N	O	ok	O	XLYOFNOQVPJJNP-UHFFFAOYSA-N	H2O
external	XMAUFHMAAVTODF-UHFFFAOYSA-N	NC(Cc1cnc[nH]1)C(O)=NC(Cc1ccccc1)C(=O)O	ok	NC(Cc1c[nH]cn1)C(=O)NC(Cc1ccccc1)C(=O)O	XMAUFHMAAVTODF-UHFFFAOYSA-N	C15H18N4O3
external	XMAYWYJOQHXEEK-UHFFFAOYSA-N	CC(=O)N1CCN(c2ccc(OCC3COC(Cn4ccnc4)(c4ccc(Cl)cc4Cl)O3)cc2)CC1	ok	CC(=O)N1CCN(c2ccc(OCC3COC(Cn4ccnc4)(c4ccc(Cl)cc4Cl)O3)cc2)CC1	XMAYWYJOQHXEEK-UHFFFAOYSA-N	C26H28Cl2N4O4
external	XMGQYMWWDOXHJM-UHFFFAOYSA-N	C=C(C)C1CC=C(C)CC1	ok	C=C(C)C1CC=C(C)CC1	XMGQYMWWDOXHJM-UHFFFAOYSA-N	C10H16
external	XMRPGKVKISIQBV-UHFFFAOYSA-N	CC(=O)C1CCC2C3CCC4CC(=O)CCC4(C)C3CCC12C	ok	CC(=O)C1CCC2C3CCC4CC(=O)CCC4(C)C3CCC12C	XMRPGKVKISIQBV-UHFFFAOYSA-N	C21H32O2
external	XMSXOLDPMGMWTH-UHFFFAOYSA-N	COc1ccc2nc(COc3ccc(CC4SC(=O)N=C4O)cc3)n(C)c2c1	ok	COc1ccc2nc(COc3ccc(Cc4sc(=O)[nH]c4O)cc3)n(C)c2c1	RNMZCSRHMZKSFL-UHFFFAOYSA-N	C20H19N3O4S
external	XMTQQYYKAHVGBJ-UHFFFAOYSA-N	CN(C)C(O)=Nc1ccc(Cl)c(Cl)c1	ok	CN(C)C(=O)Nc1ccc(Cl)c(Cl)c1	XMTQQYYKAHVGBJ-UHFFFAOYSA-N	C9H10Cl2N2O
external	XMXHEBAFVSFQEX-UHFFFAOYSA-N	COc1cc(C(C)=O)ccc1OCCCN1CCC(c2noc3cc(F)ccc23)CC1	ok	COc1cc(C(C)=O)ccc1OCCCN1CCC(c2noc3cc(F)ccc23)CC1	XMXHEBAFVSFQEX-UHFFFAOYSA-N	C24H27FN2O4
external	XNKCCCKFOQNXKV-UHFFFAOYSA-N	C=CCN1CCC23c4c5ccc(O)c4OC2C(OCCOCCOCCOCCOCCOCCOCCOC)CCC3(O)C1C5	ok	C=CCN1CCC23c4c5ccc(O)c4OC2C(OCCOCCOCCOCCOCCOCCOCCOC)CCC3(O)C1C5	XNKCCCKFOQNXKV-UHFFFAOYSA-N	C34H53NO11
external	XNYVGGJJENHRBZ-UHFFFAOYSA-N	N#Cc1ccc(=NCCNCC(=O)N2N=CCC2C#N)[nH]c1	ok	N#Cc1ccc(NCCNCC(=O)N2N=CCC2C#N)nc1	XNYVGGJJENHRBZ-UHFFFAOYSA-N	C14H15N7O
external	XNZOTQPMYMCTBZ-UHFFFAOYSA-N	C=CCSSC	ok	C=CCSSC	XNZOTQPMYMCTBZ-UHFFFAOYSA-N	C4H8S2
external	XNZRYTITWLGTJS-UHFFFAOYSA-N	O=c1ccc2nc3ccc(OCc4ccccc4)cc3oc-2c1	ok	O=c1ccc2nc3ccc(OCc4ccccc4)cc3oc-2c1	XNZRYTITWLGTJS-UHFFFAOYSA-N	C19H13NO3
external	XOEUHCONYHZURQ-UHFFFAOYSA-N	CCC1OC(=O)C(C)C(OC2CC(C)(OC)C(O)C(C)O2)C(C)C(OC2OC(C)CC(N(C)C)C2O)C(C)(O)CC(C)(F)C(=O)C(C)C(O)C1(C)O	ok	CCC1OC(=O)C(C)C(OC2CC(C)(OC)C(O)C(C)O2)C(C)C(OC2OC(C)CC(N(C)C)C2O)C(C)(O)CC(C)(F)C(=O)C(C)C(O)C1(C)O	XOEUHCONYHZURQ-UHFFFAOYSA-N	C37H66FNO13
external	XOFDOXJFXCEFDE-UHFFFAOYSA-N	CC1=CC=C2C(C)(C)CC=CC12C	ok	CC1=CC=C2C(C)(C)CC=CC12C	XOFDOXJFXCEFDE-UHFFFAOYSA-N	C13H18
external	XOFYZVNMUHMLCC-UHFFFAOYSA-N	CC12C=CC(=O)C=C1CCC1C2C(=O)CC2(C)C1CCC2(O)C(=O)CO	ok	CC12C=CC(=O)C=C1CCC1C2C(=O)CC2(C)C1CCC2(O)C(=O)CO	XOFYZVNMUHMLCC-UHFFFAOYSA-N	C21H26O5
external	XPMACCNVZKHGPT-UHFFFAOYSA-N	CNCc1nnc2n1-c1ccc(Cl)cc1C(c1ccccc1)=NC2	ok	CNCc1nnc2n1-c1ccc(Cl)cc1C(c1ccccc1)=NC2	XPMACCNVZKHGPT-UHFFFAOYSA-N	C18H16ClN5
external	XPNMCDYOYIKVGB-UHFFFAOYSA-N	COc1ccc(C(C)C)cc1CNC1C2CCN(CC2)C1C(c1ccccc1)c1ccccc1	ok	COc1ccc(C(C)C)cc1CNC1C2CCN(CC2)C1C(c1ccccc1)c1ccccc1	XPNMCDYOYIKVGB-UHFFFAOYSA-N	C31H38N2O
external	XPOQHMRABVBWPR-UHFFFAOYSA-N	OC1=Nc2ccc(Cl)cc2C(C#CC2CC2)(C(F)(F)F)O1	ok	O=C1Nc2ccc(Cl)cc2C(C#CC2CC2)(C(F)(F)F)O1	XPOQHMRABVBWPR-UHFFFAOYSA-N	C14H9ClF3NO2
external	XPSQPHWEGNHMSK-UHFFFAOYSA-N	CNC1CCc2[nH]c3ccc(C(=N)O)cc3c2C1	ok	CNC1CCc2[nH]c3ccc(C(N)=O)cc3c2C1	XPSQPHWEGNHMSK-UHFFFAOYSA-N	C14H17N3O
external	XQGZSYKGWHUSDH-UHFFFAOYSA-N	O=C(O)c1ccc(OCCn2ccnc2)cc1	ok	O=C(O)c1ccc(OCCn2ccnc2)cc1	XQGZSYKGWHUSDH-UHFFFAOYSA-N	C12H12N2O3
external	XQLWNAFCTODIRK-UHFFFAOYSA-N	COc1ccc(CCN(C)CCCC(C#N)(c2cc(OC)c(OC)c(OC)c2)C(C)C)cc1OC	ok	COc1ccc(CCN(C)CCCC(C#N)(c2cc(OC)c(OC)c(OC)c2)C(C)C)cc1OC	XQLWNAFCTODIRK-UHFFFAOYSA-N	C28H40N2O5
external	XQTARQNQIVVBRX-UHFFFAOYSA-N	CCCCOC(=O)C(=O)Nc1cccc(-c2nn[nH]n2)c1	ok	CCCCOC(=O)C(=O)Nc1cccc(-c2nn[nH]n2)c1	XQTARQNQIVVBRX-UHFFFAOYSA-N	C13H15N5O3
external	XQYZDYMELSJDRZ-UHFFFAOYSA-N	COc1ccc(Cc2nccc3cc(OC)c(OC)cc23)cc1OC	ok	COc1ccc(Cc2nccc3cc(OC)c(OC)cc23)cc1OC	XQYZDYMELSJDRZ-UHFFFAOYSA-N	C20H21NO4
external	XRECTZIEBJDKEO-UHFFFAOYSA-N	N=c1[nH]c(O)ncc1F	ok	Nc1[nH]c(=O)ncc1F	XRECTZIEBJDKEO-UHFFFAOYSA-N	C4H4FN3O
external	XRLVMZVXPMYCSF-UHFFFAOYSA-N	CC(CCC1OC1(C)CO)C1CCC2(C)C3=C(CCC12C)C1(C)CCC(=O)C(C)(C)C1CC3O	ok	CC(CCC1OC1(C)CO)C1CCC2(C)C3=C(CCC12C)C1(C)CCC(=O)C(C)(C)C1CC3O	XRLVMZVXPMYCSF-UHFFFAOYSA-N	C30H48O4
external	XROYFEWIXXCPAW-UHFFFAOYSA-N	CC(C(=O)[O-])C(=O)OC(CC(=O)O)C[N+](C)(C)C	ok	CC(C(=O)[O-])C(=O)OC(CC(=O)O)C[N+](C)(C)C	XROYFEWIXXCPAW-UHFFFAOYSA-N	C11H19NO6
external	XRSKAICFHVAEAV-UHFFFAOYSA-N	CC(C)CCCC(C)C1CCC2C3=CC=C4CC(=O)CCC4(C)C3CCC21C	ok	CC(C)CCCC(C)C1CCC2C3=CC=C4CC(=O)CCC4(C)C3CCC21C	XRSKAICFHVAEAV-UHFFFAOYSA-N	C27H42O
external	XRVDGNKRPOAQTN-UHFFFAOYSA-N	CC(C)Oc1ccc(-c2nc(-c3cccc4c3CCC4NCCO)no2)cc1C#N	ok	CC(C)Oc1ccc(-c2nc(-c3cccc4c3CCC4NCCO)no2)cc1C#N	XRVDGNKRPOAQTN-UHFFFAOYSA-N	C23H24N4O3
external	XRWSZZJLZRKHHD-UHFFFAOYSA-N	C=CC1CC1(N=C(O)C1CC(Oc2ncc(OC)c3ccc(Cl)cc23)CN1C(=O)C(N=C(O)OC(C)(C)C)C(C)(C)C)C(O)=NS(=O)(=O)C1CC1	ok	C=CC1CC1(NC(=O)C1CC(Oc2ncc(OC)c3ccc(Cl)cc23)CN1C(=O)C(NC(=O)OC(C)(C)C)C(C)(C)C)C(=O)NS(=O)(=O)C1CC1	XRWSZZJLZRKHHD-UHFFFAOYSA-N	C35H46ClN5O9S
external	XSAYZAUNJMRRIR-UHFFFAOYSA-N	CC(=O)c1ccc2ccccc2c1	ok	CC(=O)c1ccc2ccccc2c1	XSAYZAUNJMRRIR-UHFFFAOYSA-N	C12H10O
external	XSFJVAJPIHIPKU-UHFFFAOYSA-N	CC1(C)OC2CC3C4CC(F)C5=CC(=O)C=CC5(C)C4C(O)CC3(C)C2(C(=O)CO)O1	ok	CC1(C)OC2CC3C4CC(F)C5=CC(=O)C=CC5(C)C4C(O)CC3(C)C2(C(=O)CO)O1	XSFJVAJPIHIPKU-UHFFFAOYSA-N	C24H31FO6
external	XSOUHEXVEOQRKJ-UHFFFAOYSA-N	Fc1cccc2c1OC1CNCC1O2	ok	Fc1cccc2c1OC1CNCC1O2	XSOUHEXVEOQRKJ-UHFFFAOYSA-N	C10H10FNO2
external	XSQUKJJJFZCRTK-UHFFFAOYSA-N	N=C(N)O	ok	NC(N)=O	XSQUKJJJFZCRTK-UHFFFAOYSA-N	CH4N2O
external	XSTXAVWGXDQKEL-UHFFFAOYSA-N	ClC=C(Cl)Cl	ok	ClC=C(Cl)Cl	XSTXAVWGXDQKEL-UHFFFAOYSA-N	C2HCl3
external	XSVMFMHYUFZWBK-UHFFFAOYSA-N	CCN(C)C(=O)Oc1cccc(C(C)N(C)C)c1	ok	CCN(C)C(=O)Oc1cccc(C(C)N(C)C)c1	XSVMFMHYUFZWBK-UHFFFAOYSA-N	C14H22N2O2
external	XTFPDGZNWTZCMF-UHFFFAOYSA-N	COC(=O)C1=C(C)NC(C)=C(C(=O)OCC=Cc2ccccc2)C1c1cccc([N+](=O)[O-])c1	ok	COC(=O)C1=C(C)N=C(C)C(C(=O)OCC=Cc2ccccc2)C1c1cccc([N+](=O)[O-])c1	ISBYPYUIOMMYGS-UHFFFAOYSA-N	C25H24N2O6
external	XTNGUQKDFGDXSJ-UHFFFAOYSA-N	Cc1ccc(C2OC(CO)C(O)C(O)C2O)cc1Cc1ccc(-c2ccc(F)cc2)s1	ok	Cc1ccc(C2OC(CO)C(O)C(O)C2O)cc1Cc1ccc(-c2ccc(F)cc2)s1	XTNGUQKDFGDXSJ-UHFFFAOYSA-N	C24H25FO5S
external	XTTZERNUQAFMOF-UHFFFAOYSA-N	CC1CNCCc2ccc(Cl)cc21	ok	CC1CNCCc2ccc(Cl)cc21	XTTZERNUQAFMOF-UHFFFAOYSA-N	C11H14ClN
external	XTULMSXFIHGYFS-UHFFFAOYSA-N	CC1CC2C3CC(F)C4=CC(=O)C=CC4(C)C3(F)C(O)CC2(C)C1(OC(=O)c1ccco1)C(=O)SCF	ok	CC1CC2C3CC(F)C4=CC(=O)C=CC4(C)C3(F)C(O)CC2(C)C1(OC(=O)c1ccco1)C(=O)SCF	XTULMSXFIHGYFS-UHFFFAOYSA-N	C27H29F3O6S
external	XTUXQFVSYNSZST-UHFFFAOYSA-N	CCCCCCCCCCCCCCC(O)C1CCC(C(O)CCCCCCCCCCCCc2cc(C)oc2O)O1	ok	CCCCCCCCCCCCCCC(O)C1CCC(C(O)CCCCCCCCCCCCc2cc(C)oc2O)O1	XTUXQFVSYNSZST-UHFFFAOYSA-N	C37H68O5
external	XTXDDQDHRPTBJS-UHFFFAOYSA-N	O=C(O)C=C1C2=NC(=C1CCC(=O)O)C=c1[nH]c(c(CC(=O)O)c1CCC(=O)OO)=Cc1[nH]c(c(CCC(=O)O)c1CC(=O)O)C=c1[nH]c(c(CCC(=O)O)c1CC(=O)O)=C2	tautomer_MaxTransformsReached			C40H38N4O17
external	XTXRWKRVRITETP-UHFFFAOYSA-N	C=COC(C)=O	ok	C=COC(C)=O	XTXRWKRVRITETP-UHFFFAOYSA-N	C4H6O2
external	XUBOMFCQGDBHNK-UHFFFAOYSA-N	COc1c(N2CCNC(C)C2)c(F)cc2c(=O)c(C(=O)O)cn(C3CC3)c12	ok	COc1c(N2CCNC(C)C2)c(F)cc2c(=O)c(C(=O)O)cn(C3CC3)c12	XUBOMFCQGDBHNK-UHFFFAOYSA-N	C19H22FN3O4
external	XUCNUKMRBVNAPB-UHFFFAOYSA-N	C=CF	ok	C=CF	XUCNUKMRBVNAPB-UHFFFAOYSA-N	C2H3F
external	XUEHVOLRMXNRKQ-UHFFFAOYSA-N	CC1=CCC23C(C)CCC(C(C)C)C2C13	ok	CC1=CCC23C(C)CCC(C(C)C)C2C13	XUEHVOLRMXNRKQ-UHFFFAOYSA-N	C15H24
external	XUFQPHANEAPEMJ-UHFFFAOYSA-N	N=C(N)Nc1nc(CSCCC(=N)NS(N)(=O)=O)cs1	ok	N=C(CCSCc1csc(N=C(N)N)n1)NS(N)(=O)=O	XUFQPHANEAPEMJ-UHFFFAOYSA-N	C8H15N7O2S3
external	XUIIKFGFIJCVMT-UHFFFAOYSA-N	NC(Cc1cc(I)c(Oc2cc(I)c(O)c(I)c2)c(I)c1)C(=O)O	ok	NC(Cc1cc(I)c(Oc2cc(I)c(O)c(I)c2)c(I)c1)C(=O)O	XUIIKFGFIJCVMT-UHFFFAOYSA-N	C15H11I4NO4
external	XUJNEKJLAYXESH-UHFFFAOYSA-N	NC(CS)C(=O)O	ok	NC(CS)C(=O)O	XUJNEKJLAYXESH-UHFFFAOYSA-N	C3H7NO2S
external	XUKUURHRXDUEBC-UHFFFAOYSA-N	CC(C)c1c(C(O)=Nc2ccccc2)c(-c2ccccc2)c(-c2ccc(F)cc2)n1CCC(O)CC(O)CC(=O)O	ok	CC(C)c1c(C(=O)Nc2ccccc2)c(-c2ccccc2)c(-c2ccc(F)cc2)n1CCC(O)CC(O)CC(=O)O	XUKUURHRXDUEBC-UHFFFAOYSA-N	C33H35FN2O5
external	XUXWOYRIGVQFMU-UHFFFAOYSA-N	O=C1C(CO)OC(O)C(O)C1O	ok	O=C1OC(CO)C(O)C(O)C1O	PHOQVHQSTUBQQK-UHFFFAOYSA-N	C6H10O6
external	XUZMWHLSFXCVMG-UHFFFAOYSA-N	CCS(=O)(=O)N1CC(CC#N)(n2cc(-c3nc[nH]c4nccc3-4)cn2)C1	ok	CCS(=O)(=O)N1CC(CC#N)(n2cc(-c3ncnc4[nH]ccc34)cn2)C1	XUZMWHLSFXCVMG-UHFFFAOYSA-N	C16H17N7O2S
external	XVAIDCNLVLTVFM-UHFFFAOYSA-N	COc1ccc(N=C(C)O)cc1	ok	COc1ccc(NC(C)=O)cc1	XVAIDCNLVLTVFM-UHFFFAOYSA-N	C9H11NO2
external	XVGOZDAJGBALKS-UHFFFAOYSA-N	CCN1CCN(c2cc(-c3ccc(F)cc3)c3c(n2)CCCCCC3)CC1	ok	CCN1CCN(c2cc(-c3ccc(F)cc3)c3c(n2)CCCCCC3)CC1	XVGOZDAJGBALKS-UHFFFAOYSA-N	C23H30FN3
external	XVQDCCGQSOTQBN-UHFFFAOYSA-N	CC(C=CC=C(C)C=CC1=C(C)CC(O)CC1(C)C)=CC=CC=C(C)CO	ok	CC(C=CC=C(C)C=CC1=C(C)CC(O)CC1(C)C)=CC=CC=C(C)CO	XVQDCCGQSOTQBN-UHFFFAOYSA-N	C25H36O2
external	XVSZRAWFCDHCBP-UHFFFAOYSA-N	CCCCCC(=O)OCCC(C)C	ok	CCCCCC(=O)OCCC(C)C	XVSZRAWFCDHCBP-UHFFFAOYSA-N	C11H22O2
external	XVULBTBTFGYVRC-UHFFFAOYSA-N	C=CC(C)(O)CCC1C(C)(O)CCC2C(C)(C)CCCC21C	ok	C=CC(C)(O)CCC1C(C)(O)CCC2C(C)(C)CCCC21C	XVULBTBTFGYVRC-UHFFFAOYSA-N	C20H36O2
external	XWALNWXLMVGSFR-UHFFFAOYSA-N	CC12C=CC(=O)C=C1CCC1C2CCC2(C)C1CCC2(C)O	ok	CC12C=CC(=O)C=C1CCC1C2CCC2(C)C1CCC2(C)O	XWALNWXLMVGSFR-UHFFFAOYSA-N	C20H28O2
external	XWBWIAOWSABHFI-UHFFFAOYSA-N	CCCCCCCCCCCCCC=CC(O)C(CO)N=C(O)CCCCCCCCCCCCCCCCCCC	ok	CCCCCCCCCCCCCC=CC(O)C(CO)NC(=O)CCCCCCCCCCCCCCCCCCC	XWBWIAOWSABHFI-UHFFFAOYSA-N	C38H75NO3
external	XWJCPIDSQDMGHG-UHFFFAOYSA-N	N=C(C=CCC(=O)O)C(=O)O	ok	N=C(C=CCC(=O)O)C(=O)O	XWJCPIDSQDMGHG-UHFFFAOYSA-N	C6H7NO4
external	XWLUWCNOOVRFPX-UHFFFAOYSA-N	O=C1N(COP(=O)(O)O)C(O)=NC1(c1ccccc1)c1ccccc1	ok	O=C1NC(c2ccccc2)(c2ccccc2)C(=O)N1COP(=O)(O)O	XWLUWCNOOVRFPX-UHFFFAOYSA-N	C16H15N2O6P
external	XWLXKKNPFMNSFA-UHFFFAOYSA-N	CCC(C)(C)C(=O)OC1CC(C)C=C2C=CC(C)C(CCC(O)CC(O)CC(=O)O)C21	ok	CCC(C)(C)C(=O)OC1CC(C)C=C2C=CC(C)C(CCC(O)CC(O)CC(=O)O)C21	XWLXKKNPFMNSFA-UHFFFAOYSA-N	C25H40O6
external	XWNRORKBBGYRMR-UHFFFAOYSA-N	NC(CS)C(O)=NC(C=O)C(O)O	ok	NC(CS)C(=O)NC(C=O)C(O)O	XWNRORKBBGYRMR-UHFFFAOYSA-N	C6H12N2O4S
external	XWORXFNMQCQKKK-UHFFFAOYSA-N	N=c1nc(O)c2c([nH]1)N(O)C(O)C(O)(C(O)C(O)CO)N2O	ok	Nc1nc(=O)c2c([nH]1)N(O)C(O)C(O)(C(O)C(O)CO)N2O	XWORXFNMQCQKKK-UHFFFAOYSA-N	C9H15N5O8
external	XWTYSIMOBUGWOL-UHFFFAOYSA-N	CC(C)(C)NCC(O)c1cc(O)cc(O)c1	ok	CC(C)(C)NCC(O)c1cc(O)cc(O)c1	XWTYSIMOBUGWOL-UHFFFAOYSA-N	C12H19NO3
external	XWWMJXAFEKOGFK-UHFFFAOYSA-N	COc1ccc2[nH]c(CCN)cc2c1	ok	COc1ccc2[nH]c(CCN)cc2c1	XWWMJXAFEKOGFK-UHFFFAOYSA-N	C11H14N2O
external	XWXYUMMDTVBTOU-UHFFFAOYSA-N	CC1(C)N=C(O)N(c2ccc([N+](=O)[O-])c(C(F)(F)F)c2)C1=O	ok	CC1(C)NC(=O)N(c2ccc([N+](=O)[O-])c(C(F)(F)F)c2)C1=O	XWXYUMMDTVBTOU-UHFFFAOYSA-N	C12H10F3N3O4
external	XXDVDTMEVBYRPK-UHFFFAOYSA-N	CC(C)C(N)C(O)=NC(CCC(=N)O)C(=O)O	ok	CC(C)C(N)C(=O)NC(CCC(N)=O)C(=O)O	XXDVDTMEVBYRPK-UHFFFAOYSA-N	C10H19N3O4
external	XXFACTAYGKKOQB-UHFFFAOYSA-N	CC(CO)CCNc1nc[nH]c2ncnc1-2	ok	CC(CO)CCNc1ncnc2[nH]cnc12	XXFACTAYGKKOQB-UHFFFAOYSA-N	C10H15N5O
external	XXHPBAVKFNFEEE-UHFFFAOYSA-N	CCCC(C)C(=N)C(=O)O	ok	CCCC(C)C(=N)C(=O)O	XXHPBAVKFNFEEE-UHFFFAOYSA-N	C7H13NO2
external	XXIFVOHLGBURIG-UHFFFAOYSA-N	CC1CC2C3CCC4=CC(=O)C=CC4(C)C3(F)C(=O)CC2(C)C1(O)C(=O)CCl	ok	CC1CC2C3CC=C4CC(=O)C=CC4(C)C3(F)C(=O)CC2(C)C1(O)C(=O)CCl	NYFKHZXPXCEMIV-UHFFFAOYSA-N	C22H26ClFO4
external	XXMULGPNDWROEN-UHFFFAOYSA-N	Cc1cccc(C)c1OCC(C)NOC1OC(C(=O)O)C(O)C(O)C1O	ok	Cc1cccc(C)c1OCC(C)NOC1OC(C(=O)O)C(O)C(O)C1O	XXMULGPNDWROEN-UHFFFAOYSA-N	C17H25NO8
external	XXQDOHPCGGBWFU-UHFFFAOYSA-N	CC12CCc3c(ccc4c3CCC(=O)C4O)C1CCC2=O	ok	CC12CCc3c(ccc4c3CCC(=O)C4O)C1CCC2=O	XXQDOHPCGGBWFU-UHFFFAOYSA-N	C18H20O3
external	XXSMGPRMXLTPCZ-UHFFFAOYSA-N	CCN(CCO)CCCC(C)Nc1ccnc2cc(Cl)ccc12	ok	CCN(CCO)CCCC(C)Nc1ccnc2cc(Cl)ccc12	XXSMGPRMXLTPCZ-UHFFFAOYSA-N	C18H26ClN3O
external	XXSPOWNRZKCIRF-UHFFFAOYSA-N	CC#Cc1ccc(C=CC(=O)OC)s1	ok	CC#Cc1ccc(C=CC(=O)OC)s1	XXSPOWNRZKCIRF-UHFFFAOYSA-N	C11H10O2S
external	XXYTXQGCRQLRHA-UHFFFAOYSA-N	Cc1ccc(S(=O)(=O)NC(O)=NC2CCCCC2)cc1N	ok	Cc1ccc(S(=O)(=O)NC(=O)NC2CCCCC2)cc1N	XXYTXQGCRQLRHA-UHFFFAOYSA-N	C14H21N3O3S
external	XYCMOTOFHFTUIU-UHFFFAOYSA-N	CC(C)(C)NCC(O)COc1cc(Cl)ccc1Cl	ok	CC(C)(C)NCC(O)COc1cc(Cl)ccc1Cl	XYCMOTOFHFTUIU-UHFFFAOYSA-N	C13H19Cl2NO2
external	XYFPWWZEPKGCCK-UHFFFAOYSA-N	C=CC(=O)N1CCCC(n2nc(-c3ccc(Oc4ccccc4)cc3)c3c(N)ncnc32)C1	ok	C=CC(=O)N1CCCC(n2nc(-c3ccc(Oc4ccccc4)cc3)c3c(N)ncnc32)C1	XYFPWWZEPKGCCK-UHFFFAOYSA-N	C25H24N6O2
external	XYFZZOKPDQAJPG-UHFFFAOYSA-N	O=C1C=NC(c2ccccc2)c2cc(Cl)ccc2N1	ok	O=C1C=NC(c2ccccc2)c2cc(Cl)ccc2N1	XYFZZOKPDQAJPG-UHFFFAOYSA-N	C15H11ClN2O
external	XYIBRDXRRQCHLP-UHFFFAOYSA-N	CCOC(=O)CC(C)=O	ok	CCOC(=O)CC(C)=O	XYIBRDXRRQCHLP-UHFFFAOYSA-N	C6H10O3
external	XYLWKHKCYHMVMA-UHFFFAOYSA-N	CCCCCCCCC=CCCCCCCCC(O)=NC(COP(=O)([O-])OCC[N+](C)(C)C)C(O)CCCCCCCCCCCCCCC	ok	CCCCCCCCC=CCCCCCCCC(=O)NC(COP(=O)([O-])OCC[N+](C)(C)C)C(O)CCCCCCCCCCCCCCC	XYLWKHKCYHMVMA-UHFFFAOYSA-N	C41H83N2O6P
external	XYWDPYKBIRQXQS-UHFFFAOYSA-N	CC(C)SC(C)C	ok	CC(C)SC(C)C	XYWDPYKBIRQXQS-UHFFFAOYSA-N	C6H14S
external	XZAFZXJXZHRNAQ-UHFFFAOYSA-N	CNC1CN(c2ccc3c(=O)c(C(=O)O)cn(-c4nccs4)c3n2)CC1OC	ok	CNC1CN(c2ccc3c(=O)c(C(=O)O)cn(-c4nccs4)c3n2)CC1OC	XZAFZXJXZHRNAQ-UHFFFAOYSA-N	C18H19N5O4S
external	XZDDMPMZGYEESG-UHFFFAOYSA-N	CC=CCC(C)C(O)C1C(O)=NC(CC)C(=O)N(C)CC(=O)N(C)C(CC(C)C)C(O)=NC(C(C)C)C(=O)N(C)C(CC(C)C)C(O)=NC(C)C(O)=NC(COCCO)C(=O)N(C)C(CC(C)C)C(=O)N(C)C(CC(C)C)C(=O)N(C)C(C(C)C)C(=O)N1C	tautomer_MaxTransformsReached			C64H115N11O14
external	XZRVRYFILCSYSP-UHFFFAOYSA-N	C=C(CCC=C(C)C)C1CC=C(C)CC1	ok	C=C(CCC=C(C)C)C1CC=C(C)CC1	XZRVRYFILCSYSP-UHFFFAOYSA-N	C15H24
external	XZWYZXLIPXDOLR-UHFFFAOYSA-N	CN(C)C(=N)NC(=N)N	ok	CN(C)C(N)=NC(=N)N	XZWYZXLIPXDOLR-UHFFFAOYSA-N	C4H11N5
external	YACLQRRMGMJLJV-UHFFFAOYSA-N	C=CC(=C)Cl	ok	C=CC(=C)Cl	YACLQRRMGMJLJV-UHFFFAOYSA-N	C4H5Cl
external	YAFGHMIAFYQSCF-UHFFFAOYSA-N	CCOc1ccc2cc(C#N)c(=O)oc2c1	ok	CCOc1ccc2cc(C#N)c(=O)oc2c1	YAFGHMIAFYQSCF-UHFFFAOYSA-N	C12H9NO3
external	YAGBSNMZQKEFCO-UHFFFAOYSA-N	CCNC(C)Cc1ccccc1	ok	CCNC(C)Cc1ccccc1	YAGBSNMZQKEFCO-UHFFFAOYSA-N	C11H17N
external	YAHNGTQFNICUIJ-UHFFFAOYSA-N	C=C(C)C1C=CC(C)C(=O)C1	ok	C=C(C)C1C=CC(C)C(=O)C1	YAHNGTQFNICUIJ-UHFFFAOYSA-N	C10H14O
external	YAPQBXQYLJRXSA-UHFFFAOYSA-N	Cn1cnc2c1c(O)nc(=O)n2C	ok	Cn1cnc2c1c(=O)[nH]c(=O)n2C	YAPQBXQYLJRXSA-UHFFFAOYSA-N	C7H8N4O2
external	YARKMNAWFIMDKV-UHFFFAOYSA-N	N#Cc1ccccc1OCC(O)CNCCN=C(O)Cc1ccc(O)cc1	ok	N#Cc1ccccc1OCC(O)CNCCNC(=O)Cc1ccc(O)cc1	YARKMNAWFIMDKV-UHFFFAOYSA-N	C20H23N3O4
external	YASAKCUCGLMORW-UHFFFAOYSA-N	CN(CCOc1ccc(CC2SC(=O)N=C2O)cc1)c1ccccn1	ok	CN(CCOc1ccc(Cc2sc(=O)[nH]c2O)cc1)c1ccccn1	FLDPBMANMDLQTH-UHFFFAOYSA-N	C18H19N3O3S
external	YBBLVLTVTVSKRW-UHFFFAOYSA-N	CC(C)(C#N)c1cc(Cn2cncn2)cc(C(C)(C)C#N)c1	ok	CC(C)(C#N)c1cc(Cn2cncn2)cc(C(C)(C)C#N)c1	YBBLVLTVTVSKRW-UHFFFAOYSA-N	C17H19N5
external	YBDUXZKWDIUNSG-UHFFFAOYSA-N	C=CC(C)(O)CCC1(C)C(C)CCC2(C)C(C)=CCCC21	ok	C=CC(C)(O)CCC1(C)C(C)CCC2(C)C(C)=CCCC21	YBDUXZKWDIUNSG-UHFFFAOYSA-N	C20H34O
external	YBLIQJGXRLZBCZ-UHFFFAOYSA-N	CCCN(CCC)CCc1ccc(OC)c(OCCc2ccccc2)c1	ok	CCCN(CCC)CCc1ccc(OC)c(OCCc2ccccc2)c1	YBLIQJGXRLZBCZ-UHFFFAOYSA-N	C23H33NO2
external	YCCILVSKPBXVIP-UHFFFAOYSA-N	OCCc1ccc(O)cc1	ok	OCCc1ccc(O)cc1	YCCILVSKPBXVIP-UHFFFAOYSA-N	C8H10O2
external	YCFJXOFFQLPCHD-UHFFFAOYSA-N	O=C(O)C1Cc2nc[nH]c2CN1	ok	O=C(O)C1Cc2[nH]cnc2CN1	YCFJXOFFQLPCHD-UHFFFAOYSA-N	C7H9N3O2
external	YCIMNLLNPGFGHC-UHFFFAOYSA-N	Oc1ccccc1O	ok	Oc1ccccc1O	YCIMNLLNPGFGHC-UHFFFAOYSA-N	C6H6O2
external	YCSBALJAGZKWFF-UHFFFAOYSA-N	Nc1ccc2cc3ccccc3cc2c1	ok	Nc1ccc2cc3ccccc3cc2c1	YCSBALJAGZKWFF-UHFFFAOYSA-N	C14H11N
external	YCWUVLPMLLBDCU-UHFFFAOYSA-N	N=CN1c2c(O)nc(=N)[nH]c2NCC1CNc1ccc(C(=O)NC(CCC(=O)O)C(=O)O)cc1	tautomer_MaxTransformsReached			C20H24N8O6
external	YDKNDJWHERPREZ-UHFFFAOYSA-N	O=C(O)C(=O)C(=O)C(O)O	ok	O=C(O)C(=O)C(O)C(=O)O	RMHHUKGVZFVHED-UHFFFAOYSA-N	C4H4O6
external	YDNKGFDKKRUKPY-UHFFFAOYSA-N	CCCCCCCCCCCCCC=CC(O)C(CO)N=C(O)CCCCCCCCCCCCCCC	ok	CCCCCCCCCCCCCC=CC(O)C(CO)NC(=O)CCCCCCCCCCCCCCC	YDNKGFDKKRUKPY-UHFFFAOYSA-N	C34H67NO3
external	YDOIFHVUBCIUHF-UHFFFAOYSA-N	Cc1cc(=O)c2c(O)c3c(O)cc(O)c4c5c(O)cc(O)c6c(O)c7c(=O)cc(C)c8c1c2c(c34)c(c65)c78	tautomer_MaxTransformsReached			C30H16O8
external	YDXRLMMGARHIIC-UHFFFAOYSA-N	OC1C=Cc2c(cc3ccc4cccc5ccc2c3c45)C1O	ok	OC1C=Cc2c(cc3ccc4cccc5ccc2c3c45)C1O	YDXRLMMGARHIIC-UHFFFAOYSA-N	C20H14O2
external	YECBIJXISLIIDS-UHFFFAOYSA-N	COc1ccc(CN(CCN(C)C)c2ccccn2)cc1	ok	COc1ccc(CN(CCN(C)C)c2ccccn2)cc1	YECBIJXISLIIDS-UHFFFAOYSA-N	C17H23N3O
external	YEEZWCHGZNKEEK-UHFFFAOYSA-N	COc1cc(C(O)=NS(=O)(=O)c2ccccc2C)ccc1Cc1cn(C)c2ccc(N=C(O)OC3CCCC3)cc12	ok	COc1cc(C(=O)NS(=O)(=O)c2ccccc2C)ccc1Cc1cn(C)c2ccc(NC(=O)OC3CCCC3)cc12	YEEZWCHGZNKEEK-UHFFFAOYSA-N	C31H33N3O6S
external	YEHCICAEULNIGD-UHFFFAOYSA-N	CCCN1CC(CSC)CC2c3cccc4[nH]cc(c34)CC21	ok	CCCN1CC(CSC)CC2c3cccc4[nH]cc(c34)CC21	YEHCICAEULNIGD-UHFFFAOYSA-N	C19H26N2S
external	YEJCDKJIEMIWRQ-UHFFFAOYSA-N	O=C1N(c2ccccc2)c2ccccc2C1(Cc1ccncc1)Cc1ccncc1	ok	O=C1N(c2ccccc2)c2ccccc2C1(Cc1ccncc1)Cc1ccncc1	YEJCDKJIEMIWRQ-UHFFFAOYSA-N	C26H21N3O
external	YEJRWHAVMIAJKC-UHFFFAOYSA-N	O=C1CCCO1	ok	O=C1CCCO1	YEJRWHAVMIAJKC-UHFFFAOYSA-N	C4H6O2
external	YEKZYRCPUZIPAI-UHFFFAOYSA-N	CC1CCC2(OC1)OC1CC3C4CCC5CC(OC6OC(CO)C(OC7OC(CO)C(O)C(O)C7O)C(O)C6O)CCC5(C)C4CC(=O)C3(C)C1C2C	ok	CC1CCC2(OC1)OC1CC3C4CCC5CC(OC6OC(CO)C(OC7OC(CO)C(O)C(O)C7O)C(O)C6O)CCC5(C)C4CC(=O)C3(C)C1C2C	YEKZYRCPUZIPAI-UHFFFAOYSA-N	C39H62O14
external	YEZNLOUZAIOMLT-UHFFFAOYSA-N	Cc1c(Cl)cccc1Nc1ccccc1C(=O)O	ok	Cc1c(Cl)cccc1Nc1ccccc1C(=O)O	YEZNLOUZAIOMLT-UHFFFAOYSA-N	C14H12ClNO2
external	YFBPRJGDJKVWAH-UHFFFAOYSA-N	CN=C(O)Oc1cc(C)c(SC)c(C)c1	ok	CNC(=O)Oc1cc(C)c(SC)c(C)c1	YFBPRJGDJKVWAH-UHFFFAOYSA-N	C11H15NO2S
external	YFGHCGITMMYXAQ-UHFFFAOYSA-N	N=C(O)CS(=O)C(c1ccccc1)c1ccccc1	ok	NC(=O)C[S+]([O-])C(c1ccccc1)c1ccccc1	YFGHCGITMMYXAQ-UHFFFAOYSA-N	C15H15NO2S
external	YFSXBSRGIRSXAD-UHFFFAOYSA-N	O=C1CN=C(c2ccccc2F)c2cc(Cl)ccc2N1CC(F)(F)F	ok	O=C1CN=C(c2ccccc2F)c2cc(Cl)ccc2N1CC(F)(F)F	YFSXBSRGIRSXAD-UHFFFAOYSA-N	C17H11ClF4N2O
external	YFTBALWTXJWGFU-UHFFFAOYSA-N	CCCCCCCCCCCCCCCCCCCCCCCCCC(O)=NCC(C)C	ok	CCCCCCCCCCCCCCCCCCCCCCCCCC(=O)NCC(C)C	YFTBALWTXJWGFU-UHFFFAOYSA-N	C30H61NO
external	YGCODSQDUUUKIV-UHFFFAOYSA-N	N=c1[nH]c2cc(Cl)ccc2o1	ok	Nc1nc2cc(Cl)ccc2o1	YGCODSQDUUUKIV-UHFFFAOYSA-N	C7H5ClN2O
external	YGJHZCLPZAZIHH-UHFFFAOYSA-N	CCCCN(CCCC)N=O	ok	CCCCN(CCCC)N=O	YGJHZCLPZAZIHH-UHFFFAOYSA-N	C8H18N2O
external	YGQHQTMRZPHIBB-UHFFFAOYSA-N	COc1cc(CC(=O)C(=O)O)ccc1O	ok	COc1cc(CC(=O)C(=O)O)ccc1O	YGQHQTMRZPHIBB-UHFFFAOYSA-N	C10H10O5
external	YGSDEFSMJLZEOE-UHFFFAOYSA-M	O=C(O)c1ccccc1[O-]	ok	O=C(O)c1ccccc1O	YGSDEFSMJLZEOE-UHFFFAOYSA-N	C7H6O3
external	YGSDEFSMJLZEOE-UHFFFAOYSA-N	O=C(O)c1ccccc1O	ok	O=C(O)c1ccccc1O	YGSDEFSMJLZEOE-UHFFFAOYSA-N	C7H6O3
external	YGVOMEFPHQJTOZ-UHFFFAOYSA-N	CC(CCC(=O)O)C1CCC2C3=CC=C4CC(=O)CCC4(C)C3CC(O)C21C	ok	CC(CCC(=O)O)C1CCC2C3=CC=C4CC(=O)CCC4(C)C3CC(O)C21C	YGVOMEFPHQJTOZ-UHFFFAOYSA-N	C24H34O4
external	YGWKXXYGDYYFJU-UHFFFAOYSA-N	Cc1coc2c1CCC(C)C2	ok	Cc1coc2c1CCC(C)C2	YGWKXXYGDYYFJU-UHFFFAOYSA-N	C10H14O
external	YGYBFMRFXNDIPO-UHFFFAOYSA-N	O=C1c2ccccc2S(=O)(=O)N1CCCCNCC1CCc2ccccc2O1	ok	O=C1c2ccccc2S(=O)(=O)N1CCCCNCC1CCc2ccccc2O1	YGYBFMRFXNDIPO-UHFFFAOYSA-N	C21H24N2O4S
external	YHBTXTFFTYXOFV-UHFFFAOYSA-N	c1cc2ccsc2s1	ok	c1cc2ccsc2s1	YHBTXTFFTYXOFV-UHFFFAOYSA-N	C6H4S2
external	YHJQTKZJFHLHOA-UHFFFAOYSA-N	COC1=C(C)C2CC(=O)OC3CC4C(C)=CC(OC)C(=O)C4(C)C(C1=O)C32C	ok	COC1=C(C)C2CC(=O)OC3CC4C(C)=CC(OC)C(=O)C4(C)C(C1=O)C32C	YHJQTKZJFHLHOA-UHFFFAOYSA-N	C22H28O6
external	YHMQXWQYGOPVLE-UHFFFAOYSA-N	N=C(O)c1c(Cl)c(-c2cccnc2)n2c1C(O)CCC2	ok	NC(=O)c1c(Cl)c(-c2cccnc2)n2c1C(O)CCC2	YHMQXWQYGOPVLE-UHFFFAOYSA-N	C14H14ClN3O2
external	YHXISWVBGDMDLQ-UHFFFAOYSA-N	O=C(NCCN1CCOCC1)c1ccc(Cl)cc1	ok	O=C(NCCN1CCOCC1)c1ccc(Cl)cc1	YHXISWVBGDMDLQ-UHFFFAOYSA-N	C13H17ClN2O2
external	YIBNHAJFJUQSRA-UHFFFAOYSA-N	CCCCCC(O)C=CC1C2CC(OO2)C1CC=CCCCC(=O)O	ok	CCCCCC(O)C=CC1C2CC(OO2)C1CC=CCCCC(=O)O	YIBNHAJFJUQSRA-UHFFFAOYSA-N	C20H32O5
external	YIBOMRUWOWDFLG-UHFFFAOYSA-N	Cc1cc(C=CC#N)cc(C)c1N=c1ccnc(Nc2ccc(C#N)cc2)[nH]1	ok	Cc1cc(C=CC#N)cc(C)c1Nc1ccnc(Nc2ccc(C#N)cc2)n1	YIBOMRUWOWDFLG-UHFFFAOYSA-N	C22H18N6
external	YIKYNHJUKRTCJL-UHFFFAOYSA-N	CCc1occc(=O)c1O	ok	CCc1occc(=O)c1O	YIKYNHJUKRTCJL-UHFFFAOYSA-N	C7H8O3
external	YJBYRYVLFAUXBJ-UHFFFAOYSA-N	CC12CCC3C(=CCc4cc(OS(=O)(=O)O)ccc43)C1CCC2=O	ok	CC12CCC3C(=CCc4cc(OS(=O)(=O)O)ccc43)C1CCC2=O	YJBYRYVLFAUXBJ-UHFFFAOYSA-N	C18H20O5S
external	YJDYDFNKCBANTM-UHFFFAOYSA-N	CC=CCC(C)C(=O)C1C(O)=NC(C(C)C)C(=O)N(C)CC(=O)N(C)C(CC(C)C)C(O)=NC(C(C)C)C(=O)N(C)C(CC(C)C)C(O)=NC(C)C(O)=NC(C)C(=O)N(C)C(CC(C)C)C(=O)N(C)C(CC(C)C)C(=O)N(C)C(C(C)C)C(=O)N1C	tautomer_MaxTransformsReached			C63H111N11O12
external	YJGVMLPVUAXIQN-UHFFFAOYSA-N	COc1cc(C2c3cc4c(cc3C(O)C3COC(=O)C23)OCO4)cc(OC)c1OC	ok	COc1cc(C2c3cc4c(cc3C(O)C3COC(=O)C23)OCO4)cc(OC)c1OC	YJGVMLPVUAXIQN-UHFFFAOYSA-N	C22H22O8
external	YJSTYQGZKJHXLN-UHFFFAOYSA-N	C#CC1(O)C=CC2C3CCC4=CC(=O)CCC4C3C(=C)CC21C	ok	C#CC1(O)C=CC2C3CC=C4CC(=O)CCC4C3C(=C)CC21C	DWMIJMCXKMVIAF-UHFFFAOYSA-N	C21H24O2
external	YJYPHIXNFHFHND-UHFFFAOYSA-N	COc1ccc2cccc(CCN=C(C)O)c2c1	ok	COc1ccc2cccc(CCNC(C)=O)c2c1	YJYPHIXNFHFHND-UHFFFAOYSA-N	C15H17NO2
external	YJZOIBYRKVITQF-UHFFFAOYSA-N	CC1CC2OC3C(O)C(O)C(C)(C34CO4)C2(CO)C(=O)C1=O	ok	CC1CC2OC3C(O)C(O)C(C)(C34CO4)C2(CO)C(=O)C1=O	YJZOIBYRKVITQF-UHFFFAOYSA-N	C15H20O7
external	YKPUWZUDDOIDPM-UHFFFAOYSA-N	COc1cc(CN=C(O)CCCCC=CC(C)C)ccc1O	ok	COc1cc(CNC(=O)CCCCC=CC(C)C)ccc1O	YKPUWZUDDOIDPM-UHFFFAOYSA-N	C18H27NO3
external	YLCHTSSXNSNXSW-UHFFFAOYSA-N	CCCCC(=O)OC1CCCCC1	ok	CCCCC(=O)OC1CCCCC1	YLCHTSSXNSNXSW-UHFFFAOYSA-N	C11H20O2
external	YLCXGBZIZBEVPZ-UHFFFAOYSA-N	CN1CCN=C(c2ccccc2)c2cc(Cl)ccc21	ok	CN1CCN=C(c2ccccc2)c2cc(Cl)ccc21	YLCXGBZIZBEVPZ-UHFFFAOYSA-N	C16H15ClN2
external	YLGXILFCIXHCMC-UHFFFAOYSA-N	COCC1OC(OC2C(COC)OC(OC)C(OC)C2OC)C(OC)C(OC)C1OC	ok	COCC1OC(OC2C(COC)OC(OC)C(OC)C2OC)C(OC)C(OC)C1OC	YLGXILFCIXHCMC-UHFFFAOYSA-N	C20H38O11
external	YLHIVIHHVKLKEI-UHFFFAOYSA-N	CC1(C(=O)O)CCC2(C)CCC3(C)C(=C2C1)CC(=O)C1C2(C)CCC(O)C(C)(C)C2CCC13C	ok	CC1(C(=O)O)CCC2(C)CCC3(C)C(=C2C1)CC(=O)C1C2(C)CCC(O)C(C)(C)C2CCC13C	YLHIVIHHVKLKEI-UHFFFAOYSA-N	C30H46O4
external	YLJREFDVOIBQDA-UHFFFAOYSA-N	N=c1c2c([nH]c3ccccc13)CCCC2	ok	Nc1c2c(nc3ccccc13)CCCC2	YLJREFDVOIBQDA-UHFFFAOYSA-N	C13H14N2
external	YLKFDHTUAUWZPQ-UHFFFAOYSA-N	CCCN(CCC)N=O	ok	CCCN(CCC)N=O	YLKFDHTUAUWZPQ-UHFFFAOYSA-N	C6H14N2O
external	YLPOFTFBOIPYLE-UHFFFAOYSA-N	CC(C)C1=CC2=C(CCC2C)C(C)CC1	ok	CC(C)C1=CC2=C(CCC2C)C(C)CC1	YLPOFTFBOIPYLE-UHFFFAOYSA-N	C15H24
external	YLQBMQCUIZJEEH-UHFFFAOYSA-N	c1ccoc1	ok	c1ccoc1	YLQBMQCUIZJEEH-UHFFFAOYSA-N	C4H4O
external	YLXBZBPHTNJZQE-UHFFFAOYSA-N	CCC(C)(C)C1C(=O)N2CCCC2C2(O)OC(N=C(O)C3CC4c5cccc6[nH]cc(c56)CC4N(C)C3)(C(C)C)C(=O)N12	ok	CCC(C)(C)C1C(=O)N2CCCC2C2(O)OC(NC(=O)C3CC4c5cccc6[nH]cc(c56)CC4N(C)C3)(C(C)C)C(=O)N12	YLXBZBPHTNJZQE-UHFFFAOYSA-N	C33H45N5O5
external	YLXDSYKOBKBWJQ-UHFFFAOYSA-N	CCC(O)=NCCC1CCc2ccc3c(c21)CCO3	ok	CCC(=O)NCCC1CCc2ccc3c(c21)CCO3	YLXDSYKOBKBWJQ-UHFFFAOYSA-N	C16H21NO2
external	YMARZQAQMVYCKC-UHFFFAOYSA-N	CC(C)CN(CC(O)C(Cc1ccccc1)N=C(O)OC1CCOC1)S(=O)(=O)c1ccc(N)cc1	ok	CC(C)CN(CC(O)C(Cc1ccccc1)NC(=O)OC1CCOC1)S(=O)(=O)c1ccc(N)cc1	YMARZQAQMVYCKC-UHFFFAOYSA-N	C25H35N3O6S
external	YMCDOXNQLVDSQL-UHFFFAOYSA-N	CCCCCCCCC=CCCCCCCCCCCCCCC(O)=NC(COC1OC(CO)C(OC2OC(CO)C(O)C(OC3(C(=O)O)CC(O)C(N=C(C)O)C(C(O)C(O)CO)O3)C2O)C(O)C1O)C(O)CCCCCCCCCCCCCCC	ok	CCCCCCCCC=CCCCCCCCCCCCCCC(=O)NC(COC1OC(CO)C(OC2OC(CO)C(O)C(OC3(C(=O)O)CC(O)C(NC(C)=O)C(C(O)C(O)CO)O3)C2O)C(O)C1O)C(O)CCCCCCCCCCCCCCC	YMCDOXNQLVDSQL-UHFFFAOYSA-N	C65H120N2O21
external	YMIHAYABXZORPU-UHFFFAOYSA-N	C=CC1(C)CCC(C(C)C)C(=O)C1=C(C)C	ok	C=CC1(C)CCC(C(C)C)C(=O)C1=C(C)C	YMIHAYABXZORPU-UHFFFAOYSA-N	C15H24O
external	YMMXHEYLRHNXAB-UHFFFAOYSA-N	CON=CC1=CCCN(C)C1	ok	CON=CC1=CCCN(C)C1	YMMXHEYLRHNXAB-UHFFFAOYSA-N	C8H14N2O
external	YMNKUHIVVMFOFO-UHFFFAOYSA-N	O=Cc1c2ccccc2cc2ccccc12	ok	O=Cc1c2ccccc2cc2ccccc12	YMNKUHIVVMFOFO-UHFFFAOYSA-N	C15H10O
external	YMTINGFKWWXKFG-UHFFFAOYSA-N	CC(C)OC(=O)C(C)(C)Oc1ccc(C(=O)c2ccc(Cl)cc2)cc1	ok	CC(C)OC(=O)C(C)(C)Oc1ccc(C(=O)c2ccc(Cl)cc2)cc1	YMTINGFKWWXKFG-UHFFFAOYSA-N	C20H21ClO4
external	YMWUJEATGCHHMB-UHFFFAOYSA-N	ClCCl	ok	ClCCl	YMWUJEATGCHHMB-UHFFFAOYSA-N	CH2Cl2
external	YNNUSGIPVFPVBX-UHFFFAOYSA-N	CN1CCCC1CCOC(C)(c1ccccc1)c1ccc(Cl)cc1	ok	CN1CCCC1CCOC(C)(c1ccccc1)c1ccc(Cl)cc1	YNNUSGIPVFPVBX-UHFFFAOYSA-N	C21H26ClNO
external	YNPNZTXNASCQKK-UHFFFAOYSA-N	c1ccc2c(c1)ccc1ccccc12	ok	c1ccc2c(c1)ccc1ccccc12	YNPNZTXNASCQKK-UHFFFAOYSA-N	C14H10
external	YNQLUTRBYVCPMQ-UHFFFAOYSA-N	CCc1ccccc1	ok	CCc1ccccc1	YNQLUTRBYVCPMQ-UHFFFAOYSA-N	C8H10
external	YNVGQYHLRCDXFQ-UHFFFAOYSA-N	C#CC1(O)CCC2C3CCC4=CCCCC4C3CCC21C	ok	C#CC1(O)CCC2C3CCC4=CCCCC4C3CCC21C	YNVGQYHLRCDXFQ-UHFFFAOYSA-N	C20H28O
external	YNZFUWZUGRBMHL-UHFFFAOYSA-N	OCCN1CCN(CCCN2c3ccccc3C=Cc3ccccc32)CC1	ok	OCCN1CCN(CCCN2c3ccccc3C=Cc3ccccc32)CC1	YNZFUWZUGRBMHL-UHFFFAOYSA-N	C23H29N3O
external	YOBYAKWFGPDGHG-UHFFFAOYSA-N	C=CCCCn1c(=O)c2c(ncn2C)n(C)c1=O	ok	C=CCCCn1c(=O)c2c(ncn2C)n(C)c1=O	YOBYAKWFGPDGHG-UHFFFAOYSA-N	C12H16N4O2
external	YOMLDISQSWWYOT-UHFFFAOYSA-N	CNCCN1C(=O)C(OC(C)=O)C(c2ccc(OC)cc2)Sc2ccccc21	ok	CNCCN1C(=O)C(OC(C)=O)C(c2ccc(OC)cc2)Sc2ccccc21	YOMLDISQSWWYOT-UHFFFAOYSA-N	C21H24N2O4S
external	YOOPHLDCWPOWDX-UHFFFAOYSA-N	O=C(O)C1OC(OCC2OC(O)C(O)C(O)C2O)C(O)C(O)C1O	ok	O=C(O)C1OC(OCC2OC(O)C(O)C(O)C2O)C(O)C(O)C1O	YOOPHLDCWPOWDX-UHFFFAOYSA-N	C12H20O12
external	YOSANFHYUVSQIJ-UHFFFAOYSA-N	NS(=O)(=O)c1ccc(C2=C(c3ccc(F)cc3)C(=O)OC23CCCC3)cc1	ok	NS(=O)(=O)c1ccc(C2=C(c3ccc(F)cc3)C(=O)OC23CCCC3)cc1	YOSANFHYUVSQIJ-UHFFFAOYSA-N	C20H18FNO4S
external	YOSHYTLCDANDAN-UHFFFAOYSA-N	CCCCC1=NC2(CCCC2)C(=O)N1Cc1ccc(-c2ccccc2-c2nn[nH]n2)cc1	ok	CCCCC1=NC2(CCCC2)C(=O)N1Cc1ccc(-c2ccccc2-c2nn[nH]n2)cc1	YOSHYTLCDANDAN-UHFFFAOYSA-N	C25H28N6O
external	YOYAIZYFCNQIRF-UHFFFAOYSA-N	N#Cc1c(Cl)cccc1Cl	ok	N#Cc1c(Cl)cccc1Cl	YOYAIZYFCNQIRF-UHFFFAOYSA-N	C7H3Cl2N
external	YPELFRMCRYSPKZ-UHFFFAOYSA-N	CCOc1cc(N)c(Cl)cc1C(O)=NCC1CN(Cc2ccc(F)cc2)CCO1	ok	CCOc1cc(N)c(Cl)cc1C(=O)NCC1CN(Cc2ccc(F)cc2)CCO1	YPELFRMCRYSPKZ-UHFFFAOYSA-N	C21H25ClFN3O3
external	YPGCWEMNNLXISK-UHFFFAOYSA-N	CC(C(=O)O)c1ccccc1	ok	CC(C(=O)O)c1ccccc1	YPGCWEMNNLXISK-UHFFFAOYSA-N	C9H10O2
external	YPQLFJODEKMJEF-UHFFFAOYSA-N	CC(C)(O)C(O)=Nc1ccc([N+](=O)[O-])c(C(F)(F)F)c1	ok	CC(C)(O)C(=O)Nc1ccc([N+](=O)[O-])c(C(F)(F)F)c1	YPQLFJODEKMJEF-UHFFFAOYSA-N	C11H11F3N2O4
external	YQDZGFAYWGWSJK-UHFFFAOYSA-N	CC12CCC(=O)C=C1CCC1C2C(O)CC2(C)C(O)CCC12	ok	CC12CCC(=O)C=C1CCC1C2C(O)CC2(C)C(O)CCC12	YQDZGFAYWGWSJK-UHFFFAOYSA-N	C19H28O3
external	YQEZLKZALYSWHR-UHFFFAOYSA-N	CNC1(c2ccccc2Cl)CCCCC1=O	ok	CNC1(c2ccccc2Cl)CCCCC1=O	YQEZLKZALYSWHR-UHFFFAOYSA-N	C13H16ClNO
external	YQNWZWMKLDQSAC-UHFFFAOYSA-N	Cc1ccc(Sc2ccccc2N2CCNCC2)c(C)c1	ok	Cc1ccc(Sc2ccccc2N2CCNCC2)c(C)c1	YQNWZWMKLDQSAC-UHFFFAOYSA-N	C18H22N2S
external	YQXCVAGCMNFUMQ-UHFFFAOYSA-N	CC(C)c1nc(COC(=N)O)n(Cc2ccncc2)c1Sc1cc(Cl)cc(Cl)c1	ok	CC(C)c1nc(COC(N)=O)n(Cc2ccncc2)c1Sc1cc(Cl)cc(Cl)c1	YQXCVAGCMNFUMQ-UHFFFAOYSA-N	C20H20Cl2N4O2S
external	YREYEVIYCVEVJK-UHFFFAOYSA-N	COCCCOc1ccnc(CS(=O)c2nc3ccccc3[nH]2)c1C	ok	COCCCOc1ccnc(C[S+]([O-])c2nc3ccccc3[nH]2)c1C	YREYEVIYCVEVJK-UHFFFAOYSA-N	C18H21N3O3S
external	YROXIXLRRCOBKF-UHFFFAOYSA-N	N=C(O)N=S(=O)=O	ok	NC(=O)N=S(=O)=O	YROXIXLRRCOBKF-UHFFFAOYSA-N	CH2N2O3S
external	YSAUAVHXTIETRK-UHFFFAOYSA-N	CN1CCCN=C1C=Cc1cccs1	ok	CN1CCCN=C1C=Cc1cccs1	YSAUAVHXTIETRK-UHFFFAOYSA-N	C11H14N2S
external	YSEXMKHXIOCEJA-UHFFFAOYSA-N	COC12CC(COC(=O)c3cncc(Br)c3)CN(C)C1Cc1cn(C)c3cccc2c13	ok	COC12CC(COC(=O)c3cncc(Br)c3)CN(C)C1Cc1cn(C)c3cccc2c13	YSEXMKHXIOCEJA-UHFFFAOYSA-N	C24H26BrN3O3
external	YSGASDXSLKIKOD-UHFFFAOYSA-N	CC(Cc1ccccc1)(N=C(O)CN)c1ccccc1	ok	CC(Cc1ccccc1)(NC(=O)CN)c1ccccc1	YSGASDXSLKIKOD-UHFFFAOYSA-N	C17H20N2O
external	YSPZBZPFWJQSQN-UHFFFAOYSA-N	CC(=O)OC1CC2C(C)(CO)CCCC2(C)C2CCC3CC12C1OC31C	ok	CC(=O)OC1CC2C(C)(CO)CCCC2(C)C2CCC3CC12C1OC31C	YSPZBZPFWJQSQN-UHFFFAOYSA-N	C22H34O4
external	YSQMCHDYZPIFEM-UHFFFAOYSA-N	CCCCCCCCC=CCCCCCCCCCCCCCC(O)=NC(COC1OC(CO)C(OC2OC(CO)C(OC3OC(CO)C(O)C(O)C3CC(C)=O)C(OC3(C(=O)O)CC(O)C(N=C(C)O)C(C(O)C(O)CO)O3)C2O)C(O)C1O)C(O)CCCCCCCCCCCCCCC	ok	CCCCCCCCC=CCCCCCCCCCCCCCC(=O)NC(COC1OC(CO)C(OC2OC(CO)C(OC3OC(CO)C(O)C(O)C3CC(C)=O)C(OC3(C(=O)O)CC(O)C(NC(C)=O)C(C(O)C(O)CO)O3)C2O)C(O)C1O)C(O)CCCCCCCCCCCCCCC	YSQMCHDYZPIFEM-UHFFFAOYSA-N	C74H134N2O26
external	YSWHPLCDIMUKFE-UHFFFAOYSA-N	NC(CCC(=O)O)C(O)=NC(Cc1ccc(O)cc1)C(=O)O	ok	NC(CCC(=O)O)C(=O)NC(Cc1ccc(O)cc1)C(=O)O	YSWHPLCDIMUKFE-UHFFFAOYSA-N	C14H18N2O6
external	YSXKPIUOCJLQIE-UHFFFAOYSA-N	OC(CCN1CCCCC1)(c1ccccc1)C1CC2C=CC1C2	ok	OC(CCN1CCCCC1)(c1ccccc1)C1CC2C=CC1C2	YSXKPIUOCJLQIE-UHFFFAOYSA-N	C21H29NO
external	YTAOBBFIOAEMLL-UHFFFAOYSA-N	N#CC(=C1SCC(c2ccc(Cl)cc2Cl)S1)n1ccnc1	ok	N#CC(=C1SCC(c2ccc(Cl)cc2Cl)S1)n1ccnc1	YTAOBBFIOAEMLL-UHFFFAOYSA-N	C14H9Cl2N3S2
external	YTBDMVHTAWZMMS-UHFFFAOYSA-N	COC(=O)C(c1ccccc1Cl)N1CCc2sc(O)cc2C1	ok	COC(=O)C(c1ccccc1Cl)N1CCc2sc(O)cc2C1	YTBDMVHTAWZMMS-UHFFFAOYSA-N	C16H16ClNO3S
external	YTBRNEUEFCNVHC-UHFFFAOYSA-N	Clc1ccc(-c2ccc(Cl)cc2)cc1	ok	Clc1ccc(-c2ccc(Cl)cc2)cc1	YTBRNEUEFCNVHC-UHFFFAOYSA-N	C12H8Cl2
external	YTKUWDBFDASYHO-UHFFFAOYSA-N	Cn1c(CCCC(=O)O)nc2cc(N(CCCl)CCCl)ccc21	ok	Cn1c(CCCC(=O)O)nc2cc(N(CCCl)CCCl)ccc21	YTKUWDBFDASYHO-UHFFFAOYSA-N	C16H21Cl2N3O2
external	YUCYEVHMFBEBSC-UHFFFAOYSA-N	CC(C)C1=C2C3CC=C4C(O)C5(O)COC6OC(C4C6(O)C5O)C3(C)CCC2(C)CC1	ok	CC(C)C1=C2C3CC=C4C(O)C5(O)COC6OC(C4C6(O)C5O)C3(C)CCC2(C)CC1	YUCYEVHMFBEBSC-UHFFFAOYSA-N	C25H36O6
external	YUGCAAVRZWBXEQ-UHFFFAOYSA-N	CC1=C(C=CC2=CCCC3(C)C2CCC3C(C)CCCC(C)C)CC(O)CC1	ok	CC1=C(C=CC2=CCCC3(C)C2CCC3C(C)CCCC(C)C)CC(O)CC1	YUGCAAVRZWBXEQ-UHFFFAOYSA-N	C27H44O
external	YUKQRDCYNOVPGJ-UHFFFAOYSA-N	CC(=N)S	ok	CC(N)=S	YUKQRDCYNOVPGJ-UHFFFAOYSA-N	C2H5NS
external	YVHXHNGGPURVOS-UHFFFAOYSA-N	C=C1CC2C3CCC4=CC(=O)C=CC4(C)C3(F)C(O)CC2(C)C1(O)C(=O)CO	ok	C=C1CC2C3CC=C4CC(=O)C=CC4(C)C3(F)C(O)CC2(C)C1(O)C(=O)CO	SPRPVTOTZHBNOQ-UHFFFAOYSA-N	C22H27FO5
external	YVLPJIGOMTXXLP-UHFFFAOYSA-N	CC(C)=CCCC(C)=CCCC(C)=CCCC(C)=CC=CC=C(C)CCC=C(C)CCC=C(C)CCC=C(C)C	ok	CC(C)=CCCC(C)=CCCC(C)=CCCC(C)=CC=CC=C(C)CCC=C(C)CCC=C(C)CCC=C(C)C	YVLPJIGOMTXXLP-UHFFFAOYSA-N	C40H64
external	YVUQSNJEYSNKRX-UHFFFAOYSA-N	Oc1nc2ccccc2n1C1CCN(CCCC(c2ccc(F)cc2)c2ccc(F)cc2)CC1	ok	O=c1[nH]c2ccccc2n1C1CCN(CCCC(c2ccc(F)cc2)c2ccc(F)cc2)CC1	YVUQSNJEYSNKRX-UHFFFAOYSA-N	C28H29F2N3O
external	YWTYJOPNNQFBPC-UHFFFAOYSA-N	O=[N+]([O-])NC1=NCCN1Cc1ccc(Cl)nc1	ok	O=[N+]([O-])NC1=NCCN1Cc1ccc(Cl)nc1	YWTYJOPNNQFBPC-UHFFFAOYSA-N	C9H10ClN5O2
external	YWVYEZNFPRWGMM-UHFFFAOYSA-N	CC(CC(=O)O)CC1(O)CC2CCC1CN2C	ok	CC(CC(=O)O)CC1(O)CC2CCC1CN2C	YWVYEZNFPRWGMM-UHFFFAOYSA-N	C13H23NO3
external	YWXYYJSYQOXTPL-UHFFFAOYSA-N	O=[N+]([O-])OC1COC2C(O)COC12	ok	O=[N+]([O-])OC1COC2C(O)COC12	YWXYYJSYQOXTPL-UHFFFAOYSA-N	C6H9NO6
external	YXEBKWHSNZQQPQ-UHFFFAOYSA-N	C=CCNCCCCCC[N+](C)(C)C	ok	C=CCNCCCCCC[N+](C)(C)C	YXEBKWHSNZQQPQ-UHFFFAOYSA-N	C12H27N2+
external	YXFVVABEGXRONW-UHFFFAOYSA-N	Cc1ccccc1	ok	Cc1ccccc1	YXFVVABEGXRONW-UHFFFAOYSA-N	C7H8
external	YXHGUDNCEHLARB-UHFFFAOYSA-N	CNCC1=CC(=O)OC2=CC(OC)=CCC12	ok	CNCC1=CC(=O)OC2=CC(OC)=CCC12	YXHGUDNCEHLARB-UHFFFAOYSA-N	C12H15NO3
external	YXKTVDFXDRQTKV-UHFFFAOYSA-N	CC(Cc1ccccc1)N(C)Cc1ccccc1	ok	CC(Cc1ccccc1)N(C)Cc1ccccc1	YXKTVDFXDRQTKV-UHFFFAOYSA-N	C17H21N
external	YXNIWVFDFGNCED-UHFFFAOYSA-N	CC1(C)Cc2c(-c3ccccc3)c(-c3ccc(Cl)cc3)c(CC(=O)OCC3OC(O)C(O)C(O)C3O)n2C1	ok	CC1(C)Cc2c(-c3ccccc3)c(-c3ccc(Cl)cc3)c(CC(=O)OCC3OC(O)C(O)C(O)C3O)n2C1	YXNIWVFDFGNCED-UHFFFAOYSA-N	C29H32ClNO7
external	YXOLAZRVSSWPPT-UHFFFAOYSA-N	O=c1c(O)c(-c2ccc(O)cc2O)oc2cc(O)cc(O)c12	tautomer_MaxTransformsReached			C15H10O7
external	YYGGQNGAVIATMP-UHFFFAOYSA-N	C=C1CCC2CC=C(C#CC#CCC3OC3CCCCCCC)OC2(C)CCC2C1CC2(C)C	ok	C=C1CCC2CC=C(C#CC#CCC3OC3CCCCCCC)OC2(C)CCC2C1CC2(C)C	YYGGQNGAVIATMP-UHFFFAOYSA-N	C32H46O2
external	YYGQSWCERNMFNH-UHFFFAOYSA-N	CC1C2C3=CCC4C5(C)CC(=O)C(O)C(C)(C)C5CCC4(C)C3(C)CCC2(C(=O)O)CCC1(C)O	ok	CC1C2C3=CCC4C5(C)CC(=O)C(O)C(C)(C)C5CCC4(C)C3(C)CCC2(C(=O)O)CCC1(C)O	YYGQSWCERNMFNH-UHFFFAOYSA-N	C30H46O5
external	YYMCVDNIIFNDJK-UHFFFAOYSA-N	Fc1cccc(C=NN=Cc2cccc(F)c2)c1	ok	Fc1cccc(C=NN=Cc2cccc(F)c2)c1	YYMCVDNIIFNDJK-UHFFFAOYSA-N	C14H10F2N2
external	YYPINKULTUCCJA-UHFFFAOYSA-N	CC(c1ccccc1)N(C)C=O	ok	CC(c1ccccc1)N(C)C=O	YYPINKULTUCCJA-UHFFFAOYSA-N	C10H13NO
external	YYTVGIBSAJVHGD-UHFFFAOYSA-N	COCC(C)(O)C1Cc2c(cc(O)c3c(=O)c4ccccc4n(C)c23)O1	ok	COCC(C)(O)C1Cc2c(cc(O)c3c(=O)c4ccccc4n(C)c23)O1	YYTVGIBSAJVHGD-UHFFFAOYSA-N	C20H21NO5
external	YZBAXVICWUUHGG-UHFFFAOYSA-N	C[N+](C)([O-])CCNc1ccc(NCC[N+](C)(C)[O-])c2c1C(=O)c1c(O)ccc(O)c1C2=O	ok	C[N+](C)([O-])CCNc1ccc(NCC[N+](C)(C)[O-])c2c(O)c3c(c(O)c12)C(=O)C=CC3=O	FOALFYDLPRPLMJ-UHFFFAOYSA-N	C22H28N4O6
external	YZBNXQLCEJJXSC-UHFFFAOYSA-N	COC1CCC2(C)C(CCC3(C)C2CCC2C4=CC(C)(C)CCC4(C)CCC23C)C1(C)C	ok	COC1CCC2(C)C(CCC3(C)C2CCC2C4=CC(C)(C)CCC4(C)CCC23C)C1(C)C	YZBNXQLCEJJXSC-UHFFFAOYSA-N	C31H52O
external	YZFWTZACSRHJQD-UHFFFAOYSA-N	CC1(COc2ccc(CC3SC(=O)N=C3O)cc2)CCCCC1	ok	CC1(COc2ccc(Cc3sc(=O)[nH]c3O)cc2)CCCCC1	YNQLJZYIOAPXMU-UHFFFAOYSA-N	C18H23NO3S
external	YZJBMONDZNACEV-UHFFFAOYSA-N	CC(C)=CCCC(C)=CCOC1OC(COC2OC(C)C(O)C(O)C2O)C(O)C(O)C1O	ok	CC(C)=CCCC(C)=CCOC1OC(COC2OC(C)C(O)C(O)C2O)C(O)C(O)C1O	YZJBMONDZNACEV-UHFFFAOYSA-N	C22H38O10
external	YZJGKSLPSGPFEV-UHFFFAOYSA-N	O=C(OCc1ccccc1)c1ccccc1-c1c2ccc(=O)cc-2oc2cc(OCc3ccccc3)ccc12	ok	O=C(OCc1ccccc1)c1ccccc1-c1c2ccc(=O)cc-2oc2cc(OCc3ccccc3)ccc12	YZJGKSLPSGPFEV-UHFFFAOYSA-N	C34H24O5
external	YZQLWPMZQVHJED-UHFFFAOYSA-N	CCC(CC)CC1(C(O)=Nc2ccccc2SC(=O)C(C)C)CCCCC1	ok	CCC(CC)CC1(C(=O)Nc2ccccc2SC(=O)C(C)C)CCCCC1	YZQLWPMZQVHJED-UHFFFAOYSA-N	C23H35NO2S
external	YZVWKHVRBDQPMQ-UHFFFAOYSA-N	Nc1ccc2ccc3cccc4ccc1c2c34	ok	Nc1ccc2ccc3cccc4ccc1c2c34	YZVWKHVRBDQPMQ-UHFFFAOYSA-N	C16H11N
external	YZXBAPSDXZZRGB-UHFFFAOYSA-N	CCCCCC=CCC=CCC=CCC=CCCCC(=O)O	ok	CCCCCC=CCC=CCC=CCC=CCCCC(=O)O	YZXBAPSDXZZRGB-UHFFFAOYSA-N	C20H32O2
external	ZAFYATHCZYHLPB-UHFFFAOYSA-N	Cc1ccc(-c2nc3ccc(C)cn3c2CC(=O)N(C)C)cc1	ok	Cc1ccc(-c2nc3ccc(C)cn3c2CC(=O)N(C)C)cc1	ZAFYATHCZYHLPB-UHFFFAOYSA-N	C19H21N3O
external	ZAHQBPYQBHTECE-UHFFFAOYSA-N	Cc1cnc(N=C(O)C2C(=O)c3ccccc3S(=O)(=O)N2C)s1	ok	Cc1cnc(NC(=O)C2C(=O)c3ccccc3S(=O)(=O)N2C)s1	ZAHQBPYQBHTECE-UHFFFAOYSA-N	C14H13N3O4S2
external	ZAIPMKNFIOOWCQ-UHFFFAOYSA-N	CC1=C(C(=O)O)N2C(=O)C(N=C(O)C(N)c3ccccc3)C2SC1	ok	CC1=C(C(=O)O)N2C(=O)C(NC(=O)C(N)c3ccccc3)C2SC1	ZAIPMKNFIOOWCQ-UHFFFAOYSA-N	C16H17N3O4S
external	ZAKOWWREFLAJOT-UHFFFAOYSA-N	CC(=O)Oc1c(C)c(C)c2c(c1C)CCC(C)(CCCC(C)CCCC(C)CCCC(C)C)O2	ok	CC(=O)Oc1c(C)c(C)c2c(c1C)CCC(C)(CCCC(C)CCCC(C)CCCC(C)C)O2	ZAKOWWREFLAJOT-UHFFFAOYSA-N	C31H52O3
external	ZAOGJXDWOQXFBW-UHFFFAOYSA-N	N=c1nc(O)c2c([nH]1)NCC(CNc1ccc(C(=O)NC(CCC(O)=NC(CCC(=O)O)C(=O)O)C(=O)O)cc1)N2	tautomer_MaxTransformsReached			C24H30N8O9
external	ZARXTZFGQZBYFO-UHFFFAOYSA-N	NC(CC(=O)O)C(O)=NC(Cc1c[nH]c2ccccc12)C(=O)O	ok	NC(CC(=O)O)C(=O)NC(Cc1c[nH]c2ccccc12)C(=O)O	ZARXTZFGQZBYFO-UHFFFAOYSA-N	C15H17N3O5
external	ZBBHBTPTTSWHBA-UHFFFAOYSA-N	COC(=O)C1=C(C)NC(C)=C(C(=O)OCCN(C)Cc2ccccc2)C1c1cccc([N+](=O)[O-])c1	ok	COC(=O)C1=C(C)N=C(C)C(C(=O)OCCN(C)Cc2ccccc2)C1c1cccc([N+](=O)[O-])c1	UXVSDVSUISWXKD-UHFFFAOYSA-N	C26H29N3O6
external	ZBEOTAUYLFQRMF-UHFFFAOYSA-N	CCCCCCCCCCCCCC=CC(O)C(COC1OC(CO)C(OC2OC(CO)C(OC3OC(CO)C(O)C(OC4OC(CO)C(O)C(OC5(C(=O)O)CC(O)C(N=C(C)O)C(C(O)C(O)CO)O5)C4O)C3CC(C)=O)C(OC3(C(=O)O)CC(O)C(N=C(C)O)C(C(O)C(O)CO)O3)C2O)C(O)C1O)N=C(O)CCCCCCCCCCCCCCC	ok	CCCCCCCCCCCCCC=CC(O)C(COC1OC(CO)C(OC2OC(CO)C(OC3OC(CO)C(O)C(OC4OC(CO)C(O)C(OC5(C(=O)O)CC(O)C(NC(C)=O)C(C(O)C(O)CO)O5)C4O)C3CC(C)=O)C(OC3(C(=O)O)CC(O)C(NC(C)=O)C(C(O)C(O)CO)O3)C2O)C(O)C1O)NC(=O)CCCCCCCCCCCCCCC	ZBEOTAUYLFQRMF-UHFFFAOYSA-N	C83H145N3O39
external	ZBGXUVOIWDMMJE-UHFFFAOYSA-N	CCOC(O)=NC1CCC2C(C1)CC1C(=O)OC(C)C1C2C=Cc1ccc(-c2cccc(F)c2)cn1	ok	CCOC(=O)NC1CCC2C(C1)CC1C(=O)OC(C)C1C2C=Cc1ccc(-c2cccc(F)c2)cn1	ZBGXUVOIWDMMJE-UHFFFAOYSA-N	C29H33FN2O4
external	ZBIAKUMOEKILTF-UHFFFAOYSA-N	Cc1cccc(C)c1N=C(O)CN1CCN(CCCC(c2ccc(F)cc2)c2ccc(F)cc2)CC1	ok	Cc1cccc(C)c1NC(=O)CN1CCN(CCCC(c2ccc(F)cc2)c2ccc(F)cc2)CC1	ZBIAKUMOEKILTF-UHFFFAOYSA-N	C30H35F2N3O
external	ZBILSSSEXRZGKS-UHFFFAOYSA-N	c1ccc2c(c1)Cc1ccccc1N1CCNCC21	ok	c1ccc2c(c1)Cc1ccccc1N1CCNCC21	ZBILSSSEXRZGKS-UHFFFAOYSA-N	C17H18N2
external	ZBJCYZPANVLBRK-UHFFFAOYSA-N	CC1CCC(C(C)C)C2(C1)OCC(CO)O2	ok	CC1CCC(C(C)C)C2(C1)OCC(CO)O2	ZBJCYZPANVLBRK-UHFFFAOYSA-N	C13H24O3
external	ZBMZVLHSJCTVON-UHFFFAOYSA-N	CC(C)NCC(O)c1ccc(NS(C)(=O)=O)cc1	ok	CC(C)NCC(O)c1ccc(NS(C)(=O)=O)cc1	ZBMZVLHSJCTVON-UHFFFAOYSA-N	C12H20N2O3S
external	ZBNZXTGUTAYRHI-UHFFFAOYSA-N	Cc1nc(Nc2ncc(C(O)=Nc3c(C)cccc3Cl)s2)cc(N2CCN(CCO)CC2)n1	ok	Cc1nc(Nc2ncc(C(=O)Nc3c(C)cccc3Cl)s2)cc(N2CCN(CCO)CC2)n1	ZBNZXTGUTAYRHI-UHFFFAOYSA-N	C22H26ClN7O2S
external	ZBVKEHDGYSLCCC-UHFFFAOYSA-N	CC1=C(C)C(=O)C(C(CCCCCC(=O)O)c2ccccc2)=C(C)C1=O	ok	Cc1c(C)c(O)c(C(=CCCCCC(=O)O)c2ccccc2)c(C)c1O	RADRBZBLNXVQEU-UHFFFAOYSA-N	C22H26O4
external	ZCBUQCWBWNUWSU-UHFFFAOYSA-N	CN(C)CC1CCn2cc(c3ccccc32)C2=C(C(=O)N=C2O)c2cn(c3ccccc23)CCO1	ok	CN(C)CC1CCn2cc(c3ccccc32)C2=C(C(=O)NC2=O)c2cn(c3ccccc23)CCO1	ZCBUQCWBWNUWSU-UHFFFAOYSA-N	C28H28N4O3
external	ZCCUUQDIBDJBTK-UHFFFAOYSA-N	O=c1ccc2cc3ccoc3cc2o1	ok	O=c1ccc2cc3ccoc3cc2o1	ZCCUUQDIBDJBTK-UHFFFAOYSA-N	C11H6O3
external	ZCDKJIRLFSPIQI-UHFFFAOYSA-N	CC(CC=CC(C)(C)O)CCOC1OC(CO)C(O)C(O)C1O	ok	CC(CC=CC(C)(C)O)CCOC1OC(CO)C(O)C(O)C1O	ZCDKJIRLFSPIQI-UHFFFAOYSA-N	C16H30O7
external	ZCIGNRJZKPOIKD-UHFFFAOYSA-N	CC(C)c1nc(CN(C)C(O)=NC(CCN2CCOCC2)C(O)=NC(CCC(Cc2ccccc2)N=C(O)OCc2cncs2)Cc2ccccc2)cs1	ok	CC(C)c1nc(CN(C)C(=O)NC(CCN2CCOCC2)C(=O)NC(CCC(Cc2ccccc2)NC(=O)OCc2cncs2)Cc2ccccc2)cs1	ZCIGNRJZKPOIKD-UHFFFAOYSA-N	C40H53N7O5S2
external	ZCRLGANQNRMURE-UHFFFAOYSA-N	C=C1CC23CC1C(O)CC2C12CCCC(C)(C(=O)OC1)C2C3C(=O)O	ok	C=C1CC23CC1C(O)CC2C12CCCC(C)(C(=O)OC1)C2C3C(=O)O	ZCRLGANQNRMURE-UHFFFAOYSA-N	C20H26O5
external	ZCVAOQKBXKSDMS-UHFFFAOYSA-N	C=CCC1=C(C)C(OC(=O)C2C(C=C(C)C)C2(C)C)CC1=O	ok	C=CCC1=C(C)C(OC(=O)C2C(C=C(C)C)C2(C)C)CC1=O	ZCVAOQKBXKSDMS-UHFFFAOYSA-N	C19H26O3
external	ZCWVJVNYHGWIEF-UHFFFAOYSA-N	COC(=O)C12CCC(C)C(C)(O)C1C1=CCC3C4(C)CCC(OC5OCC(O)C(O)C5O)C(C)(C)C4CCC3(C)C1(C)CC2	ok	COC(=O)C12CCC(C)C(C)(O)C1C1=CCC3C4(C)CCC(OC5OCC(O)C(O)C5O)C(C)(C)C4CCC3(C)C1(C)CC2	ZCWVJVNYHGWIEF-UHFFFAOYSA-N	C36H58O8
external	ZCZCOXLLICTZAH-UHFFFAOYSA-N	N#CSO	ok	N#CSO	ZCZCOXLLICTZAH-UHFFFAOYSA-N	CHNOS
external	ZDIGNSYAACHWNL-UHFFFAOYSA-N	CN(C)CCC(c1ccc(Br)cc1)c1ccccn1	ok	CN(C)CCC(c1ccc(Br)cc1)c1ccccn1	ZDIGNSYAACHWNL-UHFFFAOYSA-N	C16H19BrN2
external	ZDKZHVNKFOXMND-UHFFFAOYSA-N	CC1=COC(=O)C2C(C)CCC12	ok	CC1=COC(=O)C2C(C)CCC12	ZDKZHVNKFOXMND-UHFFFAOYSA-N	C10H14O2
external	ZDLBNXXKDMLZMF-UHFFFAOYSA-N	CCOc1cc(N)c([N+](=O)[O-])cc1C(O)=NC1CCN(CC2CC=CCC2)CC1	ok	CCOc1cc(N)c([N+](=O)[O-])cc1C(=O)NC1CCN(CC2CC=CCC2)CC1	ZDLBNXXKDMLZMF-UHFFFAOYSA-N	C21H30N4O4
external	ZDSJDEUSYYXIOG-UHFFFAOYSA-N	CC1Cc2c(O)oc(O)c2C(=O)C2CC(C)(C)CC12	ok	CC1Cc2c(O)oc(O)c2C(=O)C2CC(C)(C)CC12	ZDSJDEUSYYXIOG-UHFFFAOYSA-N	C15H20O4
external	ZDUCZNBELWPNRH-UHFFFAOYSA-N	OC(CCCN1CCC(O)(c2ccc(Br)cc2)CC1)c1ccc(F)cc1	ok	OC(CCCN1CCC(O)(c2ccc(Br)cc2)CC1)c1ccc(F)cc1	ZDUCZNBELWPNRH-UHFFFAOYSA-N	C21H25BrFNO2
external	ZDUZYDDAHVZGCI-UHFFFAOYSA-N	Cc1c2ccnc(C(=O)NCCN(C)C)c2cc2c3cc(O)ccc3n(C)c12	ok	Cc1c2ccnc(C(=O)NCCN(C)C)c2cc2c3cc(O)ccc3n(C)c12	ZDUZYDDAHVZGCI-UHFFFAOYSA-N	C22H24N4O2
external	ZDXUKAKRHYTAKV-UHFFFAOYSA-N	COC(=O)C1=C(C)NC(C)=C(C(=O)OC(C)(C)CN(C)CCC(c2ccccc2)c2ccccc2)C1c1cccc([N+](=O)[O-])c1	ok	COC(=O)C1=C(C)N=C(C)C(C(=O)OC(C)(C)CN(C)CCC(c2ccccc2)c2ccccc2)C1c1cccc([N+](=O)[O-])c1	PHOGQKDIVUJGMJ-UHFFFAOYSA-N	C36H41N3O6
external	ZDZOTLJHXYCWBA-UHFFFAOYSA-N	CC(=O)OC12COC1CC(O)C1(C)C(=O)C(O)C3=C(C)C(OC(=O)C(O)C(N=C(O)OC(C)(C)C)c4ccccc4)CC(O)(C(OC(=O)c4ccccc4)C21)C3(C)C	ok	CC(=O)OC12COC1CC(O)C1(C)C(=O)C(=O)C3C(C)C(OC(=O)C(O)C(NC(=O)OC(C)(C)C)c4ccccc4)CC(O)(C(OC(=O)c4ccccc4)C21)C3(C)C	ROQZUJKOMJECOM-UHFFFAOYSA-N	C43H53NO14
external	ZEAPBLQYYQTNCR-UHFFFAOYSA-N	Cc1c(O)oc2c1C(OC(=O)C1(C)OC1C)C1(C)C(CCC(O)C1C)C2	ok	Cc1c(O)oc2c1C(OC(=O)C1(C)OC1C)C1(C)C(CCC(O)C1C)C2	ZEAPBLQYYQTNCR-UHFFFAOYSA-N	C20H28O6
external	ZEKZLJVOYLTDKK-UHFFFAOYSA-N	CCn1cc(C(=O)O)c(=O)c2cc(F)c(N3CCNC(C)C3)c(F)c21	ok	CCn1cc(C(=O)O)c(=O)c2cc(F)c(N3CCNC(C)C3)c(F)c21	ZEKZLJVOYLTDKK-UHFFFAOYSA-N	C17H19F2N3O3
external	ZEPNVCGPJXYABB-UHFFFAOYSA-N	C=C(CCC(C)C1CCC2C3=CC=C4CC(O)CCC4(C)C3CCC21C)C(C)C	ok	C=C(CCC(C)C1CCC2C3=CC=C4CC(O)CCC4(C)C3CCC21C)C(C)C	ZEPNVCGPJXYABB-UHFFFAOYSA-N	C28H44O
external	ZEQYDMUNUYOURN-UHFFFAOYSA-N	CN(C)c1ccc(C2=C3C4=C(CCC3C3CCC(O)(C=CCO)C3(C)C2)CC(=O)CC4)cc1	ok	CN(C)c1ccc(C2=C3C4=C(CCC3C3CCC(O)(C=CCO)C3(C)C2)CC(=O)CC4)cc1	ZEQYDMUNUYOURN-UHFFFAOYSA-N	C29H37NO3
external	ZEUITGRIYCTCEM-UHFFFAOYSA-N	CNCCC(Oc1cccc2ccccc12)c1cccs1	ok	CNCCC(Oc1cccc2ccccc12)c1cccs1	ZEUITGRIYCTCEM-UHFFFAOYSA-N	C18H19NOS
external	ZEVJZHRJNZKVGI-UHFFFAOYSA-N	CCCCCCCCCCCC(=O)OC1C(C)OC(OC2C(C)OC(OC3C(C)OC4OC5C(OC(CCCCC)CCCCCCCCCC(=O)OC4C3O)OC(CO)C(O)C5O)C(OC(=O)C(C)CC)C2OC2OC(C)C(O)C(O)C2O)C(O)C1O	ok	CCCCCCCCCCCC(=O)OC1C(C)OC(OC2C(C)OC(OC3C(C)OC4OC5C(OC(CCCCC)CCCCCCCCCC(=O)OC4C3O)OC(CO)C(O)C5O)C(OC(=O)C(C)CC)C2OC2OC(C)C(O)C(O)C2O)C(O)C1O	ZEVJZHRJNZKVGI-UHFFFAOYSA-N	C63H110O25
external	ZEWQUBUPAILYHI-UHFFFAOYSA-N	CN1CCN(CCCN2c3ccccc3Sc3ccc(C(F)(F)F)cc32)CC1	ok	CN1CCN(CCCN2c3ccccc3Sc3ccc(C(F)(F)F)cc32)CC1	ZEWQUBUPAILYHI-UHFFFAOYSA-N	C21H24F3N3S
external	ZFDXQUVDLKGYIL-UHFFFAOYSA-N	COc1ccc(N2CCc3c2c2cccc(OC(F)(F)F)c2[nH]c3=NCCO)c(C)c1	ok	COc1ccc(N2CCc3c(NCCO)nc4c(OC(F)(F)F)cccc4c32)c(C)c1	ZFDXQUVDLKGYIL-UHFFFAOYSA-N	C22H22F3N3O3
external	ZFLWDHHVRRZMEI-UHFFFAOYSA-N	COC(=O)C1=C(C)NC(C)=C([N+](=O)[O-])C1c1ccccc1C(F)(F)F	ok	COC(=O)C1=C(C)N=C(C)C([N+](=O)[O-])C1c1ccccc1C(F)(F)F	HLQRHTWAVXFDBJ-UHFFFAOYSA-N	C16H15F3N2O4
external	ZFMSMUAANRJZFM-UHFFFAOYSA-N	C=CCc1ccc(OC)cc1	ok	C=CCc1ccc(OC)cc1	ZFMSMUAANRJZFM-UHFFFAOYSA-N	C10H12O
external	ZFRKQXVRDFCRJG-UHFFFAOYSA-N	Cc1c[nH]c2ccccc12	ok	Cc1c[nH]c2ccccc12	ZFRKQXVRDFCRJG-UHFFFAOYSA-N	C9H9N
external	ZFXYFBGIUFBOJW-UHFFFAOYSA-N	Cn1c(=O)c2nc[nH]c2n(C)c1=O	ok	Cn1c(=O)c2[nH]cnc2n(C)c1=O	ZFXYFBGIUFBOJW-UHFFFAOYSA-N	C7H8N4O2
external	ZGDKVKUWTCGYOA-UHFFFAOYSA-N	CCON=C(c1ccc(Br)cc1)C1CCN(C2(C)CCN(C(=O)c3c(C)cc[n+]([O-])c3C)CC2)CC1	ok	CCON=C(c1ccc(Br)cc1)C1CCN(C2(C)CCN(C(=O)c3c(C)cc[n+]([O-])c3C)CC2)CC1	ZGDKVKUWTCGYOA-UHFFFAOYSA-N	C28H37BrN4O3
external	ZGHAVKULRAPSKM-UHFFFAOYSA-N	C=C1CC23CC1CCC2C12OC(=O)C(C)(C(O)CC1O)C2C3C(=O)O	ok	C=C1CC23CC1CCC2C12OC(=O)C(C)(C(O)CC1O)C2C3C(=O)O	ZGHAVKULRAPSKM-UHFFFAOYSA-N	C19H24O6
external	ZGKMOBGNUPSVFU-UHFFFAOYSA-N	CC(O)=NC1C(O)CC(OC2C(O)C(CO)OC(OC(C(=O)C(O)CO)C(O)CO)C2O)(C(=O)O)OC1C(O)C(O)CO	ok	CC(=O)NC1C(O)CC(OC2C(O)C(CO)OC(OC(C(=O)C(O)CO)C(O)CO)C2O)(C(=O)O)OC1C(O)C(O)CO	ZGKMOBGNUPSVFU-UHFFFAOYSA-N	C23H39NO19
external	ZGLHBRQAEXKACO-UHFFFAOYSA-N	C=C1C(=CC=C2CCCC3(C)C2CCC3C(C)C=CC(C)C(C)(C)O)CC(O)CC1O	ok	C=C1C(=CC=C2CCCC3(C)C2CCC3C(C)C=CC(C)C(C)(C)O)CC(O)CC1O	ZGLHBRQAEXKACO-UHFFFAOYSA-N	C28H44O3
external	ZGLXUQQMLLIKAN-UHFFFAOYSA-N	COc1cc(C2c3cc4c(cc3CC3COC(=O)C32)OCO4)cc(OC)c1OC	ok	COc1cc(C2c3cc4c(cc3CC3COC(=O)C32)OCO4)cc(OC)c1OC	ZGLXUQQMLLIKAN-UHFFFAOYSA-N	C22H22O7
external	ZGPDFGRHCXLZIF-UHFFFAOYSA-N	CCCCCCCCCCCCCC=CC(O)C(COC1OC(CO)C(OC2OC(CO)C(OC3OC(CO)C(O)C(OC4OC(CO)C(O)C(OC5(C(=O)O)CC(O)C(N=C(C)O)C(C(O)C(O)CO)O5)C4O)C3CC(C)=O)C(OC3(C(=O)O)CC(O)C(N=C(C)O)C(C(O)C(CO)OC4(C(=O)O)CC(O)C(N=C(C)O)C(C(O)C(CO)OC5(C(=O)O)CC(O)C(N=C(C)O)C(C(O)C(O)CO)O5)O4)O3)C2O)C(O)C1O)N=C(O)CCCCCCCCCCC	tautomer_MaxTransformsReached			C101H171N5O55
external	ZGUGWUXLJSTTMA-UHFFFAOYSA-N	CN(C)CCCN1c2ccccc2Sc2ccccc21	ok	CN(C)CCCN1c2ccccc2Sc2ccccc21	ZGUGWUXLJSTTMA-UHFFFAOYSA-N	C17H20N2S
external	ZGVRGXGXZKITGK-UHFFFAOYSA-N	CC1CCC2(OC1)OC1CC3C4CCC5CC(OC6OC(CO)C(O)C(O)C6OC6OC(CO)C(O)C(O)C6O)C(O)CC5(C)C4CCC3(C)C1C2C	ok	CC1CCC2(OC1)OC1CC3C4CCC5CC(OC6OC(CO)C(O)C(O)C6OC6OC(CO)C(O)C(O)C6O)C(O)CC5(C)C4CCC3(C)C1C2C	ZGVRGXGXZKITGK-UHFFFAOYSA-N	C39H64O14
external	ZHCAAZIHTDCFJX-UHFFFAOYSA-N	CC(CCC(=O)O)C1CCC2C3C(O)CC4CCCCC4(C)C3CC(O)C12C	ok	CC(CCC(=O)O)C1CCC2C3C(O)CC4CCCCC4(C)C3CC(O)C12C	ZHCAAZIHTDCFJX-UHFFFAOYSA-N	C24H40O4
external	ZHDMPVIDHWJGTN-UHFFFAOYSA-N	COc1ccc(C2Oc3cc(O)cc(O)c3CC2O)cc1O	ok	COc1ccc(C2Oc3cc(O)cc(O)c3CC2O)cc1O	ZHDMPVIDHWJGTN-UHFFFAOYSA-N	C16H16O6
external	ZIAOVIPSKUPPQW-UHFFFAOYSA-N	Cn1c(O)nnc1Cn1ccc(C(F)(F)F)c(Oc2cc(Cl)cc(C#N)c2)c1=O	ok	Cn1c(Cn2ccc(C(F)(F)F)c(Oc3cc(Cl)cc(C#N)c3)c2=O)n[nH]c1=O	ZIAOVIPSKUPPQW-UHFFFAOYSA-N	C17H11ClF3N5O3
external	ZIGUFUZHKPIMCR-UHFFFAOYSA-N	O=C(N=C(O)c1ccccc1)C(O)O	ok	O=C(NC(=O)C(O)O)c1ccccc1	ZIGUFUZHKPIMCR-UHFFFAOYSA-N	C9H9NO4
external	ZIMGGGWCDYVHOY-UHFFFAOYSA-N	N=c1nc(N2CCCCC2)cc(N)n1O	ok	N=c1cc(N2CCCCC2)nc(N)n1O	IHGXBAMAHRLAOP-UHFFFAOYSA-N	C9H15N5O
external	ZIWFCOIGUNPHPM-UHFFFAOYSA-N	COc1ccc(OC(F)(F)F)cc1CNC1CCCNC1c1ccccc1	ok	COc1ccc(OC(F)(F)F)cc1CNC1CCCNC1c1ccccc1	ZIWFCOIGUNPHPM-UHFFFAOYSA-N	C20H23F3N2O2
external	ZIZODWXWMZVEEM-UHFFFAOYSA-N	CC=C(CCC(C)C1CCC2(C)C3CCC4C(C)C(O)CCC4(C)C3=CCC12C)C(C)C	ok	CC=C(CCC(C)C1CCC2(C)C3CCC4C(C)C(O)CCC4(C)C3=CCC12C)C(C)C	ZIZODWXWMZVEEM-UHFFFAOYSA-N	C31H52O
external	ZJFZKWFGTZZRRT-UHFFFAOYSA-N	CCCCCCCCCCCCC=CC=CCC(O)=NCC(C)C	ok	CCCCCCCCCCCCC=CC=CCC(=O)NCC(C)C	ZJFZKWFGTZZRRT-UHFFFAOYSA-N	C22H41NO
external	ZJJXGWJIGJFDTL-UHFFFAOYSA-N	Cc1cnc(C(O)=NCCc2ccc(S(=O)(=O)NC(O)=NC3CCCCC3)cc2)cn1	ok	Cc1cnc(C(=O)NCCc2ccc(S(=O)(=O)NC(=O)NC3CCCCC3)cc2)cn1	ZJJXGWJIGJFDTL-UHFFFAOYSA-N	C21H27N5O4S
external	ZJOFAFWTOKDIFH-UHFFFAOYSA-N	O=NN1CC=CCC1c1cccnc1	ok	O=NN1CC=CCC1c1cccnc1	ZJOFAFWTOKDIFH-UHFFFAOYSA-N	C10H11N3O
external	ZJUKTBDSGOFHSH-UHFFFAOYSA-N	Nc1ncnc2c1ncn2C1OC(CSCCC(N)C(=O)O)C(O)C1O	ok	Nc1ncnc2c1ncn2C1OC(CSCCC(N)C(=O)O)C(O)C1O	ZJUKTBDSGOFHSH-UHFFFAOYSA-N	C14H20N6O5S
external	ZKFQEACEUNWPMT-UHFFFAOYSA-N	CC1=C(C(=O)OC(C)C)C(c2cccc([N+](=O)[O-])c2)C(C(=O)OC2CN(C(c3ccccc3)c3ccccc3)C2)=C(N)N1	ok	CC1=NC(=N)C(C(=O)OC2CN(C(c3ccccc3)c3ccccc3)C2)C(c2cccc([N+](=O)[O-])c2)C1C(=O)OC(C)C	VWQKBXQRFVPFAL-UHFFFAOYSA-N	C33H34N4O6
external	ZKIAIYBUSXZPLP-UHFFFAOYSA-N	Oc1ccc2ccc(OCCCCN3CCN(c4cccc5sccc45)CC3)cc2n1	ok	O=c1ccc2ccc(OCCCCN3CCN(c4cccc5sccc45)CC3)cc2[nH]1	ZKIAIYBUSXZPLP-UHFFFAOYSA-N	C25H27N3O2S
external	ZKLPARSLTMPFCP-UHFFFAOYSA-N	O=C(O)COCCN1CCN(C(c2ccccc2)c2ccc(Cl)cc2)CC1	ok	O=C(O)COCCN1CCN(C(c2ccccc2)c2ccc(Cl)cc2)CC1	ZKLPARSLTMPFCP-UHFFFAOYSA-N	C21H25ClN2O3
external	ZKMNUMMKYBVTFN-UHFFFAOYSA-N	CCCN1CCCCC1C(O)=Nc1c(C)cccc1C	ok	CCCN1CCCCC1C(=O)Nc1c(C)cccc1C	ZKMNUMMKYBVTFN-UHFFFAOYSA-N	C17H26N2O
external	ZKTQSWBSOLFYDL-UHFFFAOYSA-N	CC1(C)CC(O)C2(C)CCC3(C)C(=CCC4C5(C)CCC(OC6OC(CO)C(OC7OC(CO)C(O)C(O)C7O)C(OC7OC(CO)C(O)C(O)C7O)C6O)C(C)(CO)C5CCC43C)C2C1	ok	CC1(C)CC(O)C2(C)CCC3(C)C(=CCC4C5(C)CCC(OC6OC(CO)C(OC7OC(CO)C(O)C(O)C7O)C(OC7OC(CO)C(O)C(O)C7O)C6O)C(C)(CO)C5CCC43C)C2C1	ZKTQSWBSOLFYDL-UHFFFAOYSA-N	C48H80O18
external	ZKUDBRCEOBOWLF-UHFFFAOYSA-N	Cc1cc(C(=O)NCCc2ccc(S(=O)(=O)NC(O)=NN3CCCCCC3)cc2)no1	ok	Cc1cc(C(=O)NCCc2ccc(S(=O)(=O)NC(=O)NN3CCCCCC3)cc2)no1	ZKUDBRCEOBOWLF-UHFFFAOYSA-N	C20H27N5O5S
external	ZKXDGKXYMTYWTB-UHFFFAOYSA-N	O=NN1CCOCC1	ok	O=NN1CCOCC1	ZKXDGKXYMTYWTB-UHFFFAOYSA-N	C4H8N2O2
external	ZLHZLMOSPGACSZ-UHFFFAOYSA-N	O=[N+]([O-])c1cn2c(n1)OCC(OCc1ccc(OC(F)(F)F)cc1)C2	ok	O=[N+]([O-])c1cn2c(n1)OCC(OCc1ccc(OC(F)(F)F)cc1)C2	ZLHZLMOSPGACSZ-UHFFFAOYSA-N	C14H12F3N3O5
external	ZLYIWYCHNAZAQI-UHFFFAOYSA-N	O=C(C=Cc1ccc(O)c(O)c1)OC1CC2(O)CC(OC2=O)C1OC(=O)C=Cc1ccc(O)c(O)c1	tautomer_MaxTransformsReached			C25H22O11
external	ZMISODWVFHHWNR-UHFFFAOYSA-N	OC(c1ccccc1)(c1ccccc1)C1CCNCC1	ok	OC(c1ccccc1)(c1ccccc1)C1CCNCC1	ZMISODWVFHHWNR-UHFFFAOYSA-N	C18H21NO
external	ZMKGDQSIRSGUDJ-UHFFFAOYSA-N	CC=CCC(C)C(O)C1C(O)=NC(CCC)C(=O)N(C)CC(=O)N(C)C(CC(C)C)C(O)=NC(C(C)C)C(=O)N(C)C(CC(C)C)C(O)=NC(C)C(O)=NC(C)C(=O)N(C)C(CC(C)C)C(=O)N(C)C(CC(C)C)C(=O)N(C)C(C(C)C)C(=O)N1C	tautomer_MaxTransformsReached			C63H113N11O12
external	ZMQAAUBTXCXRIC-UHFFFAOYSA-N	C=CCc1ccc2c(c1)OCO2	ok	C=CCc1ccc2c(c1)OCO2	ZMQAAUBTXCXRIC-UHFFFAOYSA-N	C10H10O2
external	ZMXDDKWLCZADIW-UHFFFAOYSA-N	CN(C)C=O	ok	CN(C)C=O	ZMXDDKWLCZADIW-UHFFFAOYSA-N	C3H7NO
external	ZNMWUMGOSWLWOH-UHFFFAOYSA-N	Cc1[nH]c2cccc3c2c1CC1C3CC(N=C(O)C(C)(C)C)CN1C	ok	Cc1[nH]c2cccc3c2c1CC1C3CC(NC(=O)C(C)(C)C)CN1C	ZNMWUMGOSWLWOH-UHFFFAOYSA-N	C21H29N3O
external	ZNNLBTZKUZBEKO-UHFFFAOYSA-N	COc1ccc(Cl)cc1C(O)=NCCc1ccc(S(=O)(=O)NC(O)=NC2CCCCC2)cc1	ok	COc1ccc(Cl)cc1C(=O)NCCc1ccc(S(=O)(=O)NC(=O)NC2CCCCC2)cc1	ZNNLBTZKUZBEKO-UHFFFAOYSA-N	C23H28ClN3O5S
external	ZNQVEEAIQZEUHB-UHFFFAOYSA-N	CCOCCO	ok	CCOCCO	ZNQVEEAIQZEUHB-UHFFFAOYSA-N	C4H10O2
external	ZNRGQMMCGHDTEI-UHFFFAOYSA-N	CN1C2CCC1CC(OC(=O)c1c[nH]c3ccccc13)C2	ok	CN1C2CCC1CC(OC(=O)c1c[nH]c3ccccc13)C2	ZNRGQMMCGHDTEI-UHFFFAOYSA-N	C17H20N2O2
external	ZNXXWTPQHVLMQT-UHFFFAOYSA-N	O=C1CCC(Cc2ccc(O)c(O)c2)O1	ok	O=C1CCC(Cc2ccc(O)c(O)c2)O1	ZNXXWTPQHVLMQT-UHFFFAOYSA-N	C11H12O4
external	ZOCSXAVNDGMNBV-UHFFFAOYSA-N	N#Cc1nn(-c2c(Cl)cc(C(F)(F)F)cc2Cl)c(N)c1S(=O)C(F)(F)F	ok	N#Cc1nn(-c2c(Cl)cc(C(F)(F)F)cc2Cl)c(N)c1[S+]([O-])C(F)(F)F	ZOCSXAVNDGMNBV-UHFFFAOYSA-N	C12H4Cl2F6N4OS
external	ZOIAMMQYAZSWRX-UHFFFAOYSA-N	COC(S)=NCc1ccc(OC2OC(C)C(O)C(O)C2O)cc1	ok	COC(=S)NCc1ccc(OC2OC(C)C(O)C(O)C2O)cc1	ZOIAMMQYAZSWRX-UHFFFAOYSA-N	C15H21NO6S
external	ZONTWFMTDBGILI-UHFFFAOYSA-N	CC(O)=NC(CSC(F)(F)C(OCF)C(F)F)C(=O)O	ok	CC(=O)NC(CSC(F)(F)C(OCF)C(F)F)C(=O)O	ZONTWFMTDBGILI-UHFFFAOYSA-N	C9H12F5NO4S
external	ZOWKQQIGQBVKSV-UHFFFAOYSA-N	CC(=O)OC1CC2(C)C(CCC(O)C2(C)O)C(C=O)(CC(O)c2ccoc2)C1C	ok	CC(=O)OC1CC2(C)C(CCC(O)C2(C)O)C(C=O)(CC(O)c2ccoc2)C1C	ZOWKQQIGQBVKSV-UHFFFAOYSA-N	C22H32O7
external	ZOYASYRPGHCQHW-UHFFFAOYSA-N	CCCSSSC	ok	CCCSSSC	ZOYASYRPGHCQHW-UHFFFAOYSA-N	C4H10S3
external	ZPEIMTDSQAKGNT-UHFFFAOYSA-N	CN(C)CCCN1c2ccccc2Sc2ccc(Cl)cc21	ok	CN(C)CCCN1c2ccccc2Sc2ccc(Cl)cc21	ZPEIMTDSQAKGNT-UHFFFAOYSA-N	C17H19ClN2S
external	ZPMNHBXQOOVQJL-UHFFFAOYSA-N	COCCCN1CCC(N=C(O)c2cc(Cl)c(N)c3c2OCC3)CC1	ok	COCCCN1CCC(NC(=O)c2cc(Cl)c(N)c3c2OCC3)CC1	ZPMNHBXQOOVQJL-UHFFFAOYSA-N	C18H26ClN3O3
external	ZPQPDBIHYCBNIG-UHFFFAOYSA-N	CC(=O)c1cc2cccc(OCC(O)CNC(C)C)c2o1	ok	CC(=O)c1cc2cccc(OCC(O)CNC(C)C)c2o1	ZPQPDBIHYCBNIG-UHFFFAOYSA-N	C16H21NO4
external	ZPSOKQFFOYYPKC-UHFFFAOYSA-N	CCCCCOc1ccc2nc3ccc(=O)cc-3oc2c1	ok	CCCCCOc1ccc2nc3ccc(=O)cc-3oc2c1	ZPSOKQFFOYYPKC-UHFFFAOYSA-N	C17H17NO3
external	ZPUCINDJVBIVPJ-UHFFFAOYSA-N	COC(=O)C1C(OC(=O)c2ccccc2)CC2CCC1N2C	ok	COC(=O)C1C(OC(=O)c2ccccc2)CC2CCC1N2C	ZPUCINDJVBIVPJ-UHFFFAOYSA-N	C17H21NO4
external	ZPVXZDCYCDBKAJ-UHFFFAOYSA-N	O=C(CCc1ccc(O)cc1)c1c(O)cc(O)cc1OC1OC(CO)C(O)C(O)C1OC1OC(CO)C(O)C1O	ok	O=C(CCc1ccc(O)cc1)c1c(O)cc(O)cc1OC1OC(CO)C(O)C(O)C1OC1OC(CO)C(O)C1O	ZPVXZDCYCDBKAJ-UHFFFAOYSA-N	C26H32O14
external	ZQDWXGKKHFNSQK-UHFFFAOYSA-N	OCCOCCN1CCN(C(c2ccccc2)c2ccc(Cl)cc2)CC1	ok	OCCOCCN1CCN(C(c2ccccc2)c2ccc(Cl)cc2)CC1	ZQDWXGKKHFNSQK-UHFFFAOYSA-N	C21H27ClN2O2
external	ZQEKBPUAGJKEQO-UHFFFAOYSA-N	CC1CCC2(OC1)OC1CC3C4CC(O)C5CC(OC6OC(CO)C(OC7OC(CO)C(O)C(OC8OC(CO)C(O)C(O)C8O)C7OC7OC(CO)C(O)C(O)C7O)C(O)C6O)CCC5(C)C4CCC3(C)C1C2C	ok	CC1CCC2(OC1)OC1CC3C4CC(O)C5CC(OC6OC(CO)C(OC7OC(CO)C(O)C(OC8OC(CO)C(O)C(O)C8O)C7OC7OC(CO)C(O)C(O)C7O)C(O)C6O)CCC5(C)C4CCC3(C)C1C2C	ZQEKBPUAGJKEQO-UHFFFAOYSA-N	C51H84O24
external	ZQHFZHPUZXNPMF-UHFFFAOYSA-N	N=C(N)Nc1nc(CSCCN=CNS(=O)(=O)c2ccc(Br)cc2)cs1	ok	N=C(N)N=c1[nH]c(CSCCN=CNS(=O)(=O)c2ccc(Br)cc2)cs1	ZQHFZHPUZXNPMF-UHFFFAOYSA-N	C14H17BrN6O2S3
external	ZQIULKXWJGSFAC-UHFFFAOYSA-N	C=C(CO)C1CCC2(C)CCC3(C)C(=CCC4C5(C)C=CC(=O)C(C)(C)C5CCC43C)C12	ok	C=C(CO)C1CCC2(C)CCC3(C)C(=CCC4C5(C)C=CC(=O)C(C)(C)C5CCC43C)C12	ZQIULKXWJGSFAC-UHFFFAOYSA-N	C30H44O2
external	ZQPPMHVWECSIRJ-UHFFFAOYSA-N	CCCCCCCCC=CCCCCCCCC(=O)O	ok	CCCCCCCCC=CCCCCCCCC(=O)O	ZQPPMHVWECSIRJ-UHFFFAOYSA-N	C18H34O2
external	ZQRBOBGLJZHCAN-UHFFFAOYSA-N	Cc1nnc(SC=C2CSC3C(N=C(O)Cn4cnnn4)C(=O)N3C2C(=O)O)s1	ok	Cc1nnc(SC=C2CSC3C(NC(=O)Cn4cnnn4)C(=O)N3C2C(=O)O)s1	ZQRBOBGLJZHCAN-UHFFFAOYSA-N	C14H14N8O4S3
external	ZQRKCRBPNDLUPZ-UHFFFAOYSA-N	CC[N+](C)(CC)CCc1c(C(F)(F)F)c2ccc(OC)cc2oc1=O	ok	CC[N+](C)(CC)CCc1c(C(F)(F)F)c2ccc(OC)cc2oc1=O	ZQRKCRBPNDLUPZ-UHFFFAOYSA-N	C18H23F3NO3+
external	ZQSIJRDFPHDXIC-UHFFFAOYSA-N	O=c1c(-c2ccc(O)cc2)coc2cc(O)ccc12	ok	O=c1c(-c2ccc(O)cc2)coc2cc(O)ccc12	ZQSIJRDFPHDXIC-UHFFFAOYSA-N	C15H10O4
external	ZQTNQVWKHCQYLQ-UHFFFAOYSA-N	CCCCc1oc2ccc(NS(C)(=O)=O)cc2c1C(=O)c1ccc(OCCCN(CCCC)CCCC)cc1	ok	CCCCc1oc2ccc(NS(C)(=O)=O)cc2c1C(=O)c1ccc(OCCCN(CCCC)CCCC)cc1	ZQTNQVWKHCQYLQ-UHFFFAOYSA-N	C31H44N2O5S
external	ZQZFYGIXNQKOAV-UHFFFAOYSA-N	CCC(=C(c1ccc(OCCN(C)C)cc1)c1cccc(O)c1)c1ccccc1	ok	CCC(=C(c1ccc(OCCN(C)C)cc1)c1cccc(O)c1)c1ccccc1	ZQZFYGIXNQKOAV-UHFFFAOYSA-N	C26H29NO2
external	ZRALSGWEFCBTJO-UHFFFAOYSA-N	N=C(N)N	ok	N=C(N)N	ZRALSGWEFCBTJO-UHFFFAOYSA-N	CH5N3
external	ZRJBHWIHUMBLCN-UHFFFAOYSA-N	CC=C1C2C=C(C)CC1(N)c1ccc(O)nc1C2	ok	CC=C1C2C=C(C)CC1(N)c1ccc(=O)[nH]c1C2	ZRJBHWIHUMBLCN-UHFFFAOYSA-N	C15H18N2O
external	ZRVUJXDFFKFLMG-UHFFFAOYSA-N	Cc1cnc(N=C(O)C2=C(O)c3ccccc3S(=O)(=O)N2C)s1	ok	Cc1cnc(NC(=O)C2C(=O)c3ccccc3S(=O)(=O)N2C)s1	ZAHQBPYQBHTECE-UHFFFAOYSA-N	C14H13N3O4S2
external	ZRZLPBMRQBPBKQ-UHFFFAOYSA-N	CCCCCCCCC=CCCCCCCCCCCCC(O)=NC(COC1OC(CO)C(OC2OC(CO)C(O)C(OC3(C(=O)O)CC(O)C(N=C(C)O)C(C(O)C(CO)OC4(C(=O)O)CC(O)C(N=C(C)O)C(C(O)C(CO)OC5(C(=O)O)CC(O)C(N=C(C)O)C(C(O)C(O)CO)O5)O4)O3)C2O)C(O)C1O)C(O)CCCCCCCCCCCCCCC	ok	CCCCCCCCC=CCCCCCCCCCCCC(=O)NC(COC1OC(CO)C(OC2OC(CO)C(O)C(OC3(C(=O)O)CC(O)C(NC(C)=O)C(C(O)C(CO)OC4(C(=O)O)CC(O)C(NC(C)=O)C(C(O)C(CO)OC5(C(=O)O)CC(O)C(NC(C)=O)C(C(O)C(O)CO)O5)O4)O3)C2O)C(O)C1O)C(O)CCCCCCCCCCCCCCC	ZRZLPBMRQBPBKQ-UHFFFAOYSA-N	C85H150N4O37
external	ZSBOMTDTBDDKMP-UHFFFAOYSA-N	Cn1c(=O)cc(N2CCCC(N)C2)n(Cc2ccccc2C#N)c1=O	ok	Cn1c(=O)cc(N2CCCC(N)C2)n(Cc2ccccc2C#N)c1=O	ZSBOMTDTBDDKMP-UHFFFAOYSA-N	C18H21N5O2
external	ZSCDBOWYZJWBIY-UHFFFAOYSA-N	CC(CN(C)C)CN1c2ccccc2CCc2ccccc21	ok	CC(CN(C)C)CN1c2ccccc2CCc2ccccc21	ZSCDBOWYZJWBIY-UHFFFAOYSA-N	C20H26N2
external	ZSTKHSQDNIGFLM-UHFFFAOYSA-N	COc1ccc2[nH]cc(CCN(C)C)c2c1	ok	COc1ccc2[nH]cc(CCN(C)C)c2c1	ZSTKHSQDNIGFLM-UHFFFAOYSA-N	C13H18N2O
external	ZSYPIPFQOQGYHH-UHFFFAOYSA-N	O=c1cc(-c2ccc(O)cc2O)oc2cc(O)cc(O)c12	tautomer_MaxTransformsReached			C15H10O6
external	ZTISORAUJJGACZ-UHFFFAOYSA-N	COc1cc([N+](=O)[O-])ccc1N=NC(C(C)=O)C(O)=Nc1ccccc1OC	ok	COc1cc([N+](=O)[O-])ccc1NN=C(C(C)=O)C(=O)Nc1ccccc1OC	KWEMUXODTDSRRP-UHFFFAOYSA-N	C18H18N4O6
external	ZTQSAGDEMFDKMZ-UHFFFAOYSA-N	CCCC=O	ok	CCCC=O	ZTQSAGDEMFDKMZ-UHFFFAOYSA-N	C4H8O
external	ZTUJKPWRKVDGPL-UHFFFAOYSA-N	COC(C)(C)c1cc2c(ccc3ccc(=O)oc32)o1	ok	COC(C)(C)c1cc2c(ccc3ccc(=O)oc32)o1	ZTUJKPWRKVDGPL-UHFFFAOYSA-N	C15H14O4
external	ZTULNMNIVVMLIU-UHFFFAOYSA-N	CCCC(C)C(=O)OC	ok	CCCC(C)C(=O)OC	ZTULNMNIVVMLIU-UHFFFAOYSA-N	C7H14O2
external	ZUTQCPBDRJBADG-UHFFFAOYSA-N	Fc1cccc(CCN2CCN(CCCc3c[nH]c4ccc(-n5cnnc5)cc34)CC2)c1	ok	Fc1cccc(CCN2CCN(CCCc3c[nH]c4ccc(-n5cnnc5)cc34)CC2)c1	ZUTQCPBDRJBADG-UHFFFAOYSA-N	C25H29FN6
external	ZVNYJIZDIRKMBF-UHFFFAOYSA-N	COc1ccc(C(=O)N2CCN(c3ccc4c(c3)CCC(=O)N4)CC2)cc1OC	ok	COc1ccc(C(=O)N2CCN(c3ccc4c(c3)CCC(=O)N4)CC2)cc1OC	ZVNYJIZDIRKMBF-UHFFFAOYSA-N	C22H25N3O4
external	ZVQUCWXZCKWZBP-UHFFFAOYSA-N	COc1cccc(C(C)NCCCc2ccccc2Cl)c1	ok	COc1cccc(C(C)NCCCc2ccccc2Cl)c1	ZVQUCWXZCKWZBP-UHFFFAOYSA-N	C18H22ClNO
external	ZWAMZDRREBOHIO-UHFFFAOYSA-N	CCc1ccc2ccc3cccc4ccc1c2c34	ok	CCc1ccc2ccc3cccc4ccc1c2c34	ZWAMZDRREBOHIO-UHFFFAOYSA-N	C18H14
external	ZWBTYMGEBZUQTK-UHFFFAOYSA-N	COC1C=COC2(C)Oc3c(C)c(O)c4c(O)c(c5c(c4c3C2=O)NC2(CCN(CC(C)C)CC2)N=5)=NC(=O)C(C)=CC=CC(C)C(O)C(C)C(O)C(C)C(OC(C)=O)C1C	tautomer_MaxTransformsReached			C46H62N4O11
external	ZWJKFSZYIOCMGF-UHFFFAOYSA-N	CCCCCCC(C)CC(C)(C)C	ok	CCCCCCC(C)CC(C)(C)C	ZWJKFSZYIOCMGF-UHFFFAOYSA-N	C13H28
external	ZXERDUOLZKYMJM-UHFFFAOYSA-N	CCC1C(O)C2C3CCC(C(C)CCC(=O)O)C3(C)CCC2C2(C)CCC(O)CC12	ok	CCC1C(O)C2C3CCC(C(C)CCC(=O)O)C3(C)CCC2C2(C)CCC(O)CC12	ZXERDUOLZKYMJM-UHFFFAOYSA-N	C26H44O4
external	ZXEXAUWPQPJYJZ-UHFFFAOYSA-N	COC1=CC(C)C2CC3OC(O)CC4C(C)C(=O)C(O)C(C2(C)C1=O)C34C	ok	COC1=CC(C)C2CC3OC(O)CC4C(C)C(=O)C(O)C(C2(C)C1=O)C34C	ZXEXAUWPQPJYJZ-UHFFFAOYSA-N	C21H30O6
external	ZXIBCJHYVWYIKI-UHFFFAOYSA-N	CCOC(=O)CNC(C(=O)N1CCC1C(O)=NCc1ccc(C(N)=NO)cc1)C1CCCCC1	ok	CCOC(=O)CNC(C(=O)N1CCC1C(=O)NCc1ccc(C(N)=NO)cc1)C1CCCCC1	ZXIBCJHYVWYIKI-UHFFFAOYSA-N	C24H35N5O5
external	ZXJJBDHPUHUUHD-UHFFFAOYSA-N	COc1ccc(-c2cc(=O)c3c(OC)cc(OC)cc3o2)cc1	ok	COc1ccc(-c2cc(=O)c3c(OC)cc(OC)cc3o2)cc1	ZXJJBDHPUHUUHD-UHFFFAOYSA-N	C18H16O5
external	ZXTKKUHKNXKMEL-UHFFFAOYSA-N	C=C1CC23CC1(OC1OC(CO)C(O)C(O)C1O)CCC2C12CCCC(C)(C(=O)O1)C2C3C(=O)O	ok	C=C1CC23CC1(OC1OC(CO)C(O)C(O)C1O)CCC2C12CCCC(C)(C(=O)O1)C2C3C(=O)O	ZXTKKUHKNXKMEL-UHFFFAOYSA-N	C25H34O10
external	ZXVNMYWKKDOREA-UHFFFAOYSA-N	Cc1cc(CC(=O)O)n(C)c1C(=O)c1ccc(Cl)cc1	ok	Cc1cc(CC(=O)O)n(C)c1C(=O)c1ccc(Cl)cc1	ZXVNMYWKKDOREA-UHFFFAOYSA-N	C15H14ClNO3
external	ZYEMGPIYFIJGTP-UHFFFAOYSA-N	C=CCc1ccc(OC)c(OC)c1	ok	C=CCc1ccc(OC)c(OC)c1	ZYEMGPIYFIJGTP-UHFFFAOYSA-N	C11H14O2
external	ZYGHJZDHTFUPRJ-UHFFFAOYSA-N	O=c1ccc2ccccc2o1	ok	O=c1ccc2ccccc2o1	ZYGHJZDHTFUPRJ-UHFFFAOYSA-N	C9H6O2
external	ZYVXHFWBYUDDBM-UHFFFAOYSA-N	CN=C(O)c1cccnc1	ok	CNC(=O)c1cccnc1	ZYVXHFWBYUDDBM-UHFFFAOYSA-N	C7H8N2O
external	ZZFNQLFGNVPSOG-UHFFFAOYSA-N	CCC=CCOC(=O)CCCCC	ok	CCC=CCOC(=O)CCCCC	ZZFNQLFGNVPSOG-UHFFFAOYSA-N	C11H20O2
external	ZZHLYYDVIOPZBE-UHFFFAOYSA-N	CC(CN(C)C)CN1c2ccccc2Sc2ccccc21	ok	CC(CN(C)C)CN1c2ccccc2Sc2ccccc21	ZZHLYYDVIOPZBE-UHFFFAOYSA-N	C18H22N2S
external	ZZORFUFYDOWNEF-UHFFFAOYSA-N	COc1cc(NS(=O)(=O)c2ccc(N)cc2)nc(OC)n1	ok	COc1cc(NS(=O)(=O)c2ccc(N)cc2)nc(OC)n1	ZZORFUFYDOWNEF-UHFFFAOYSA-N	C12H14N4O4S
external	ZZSBUQYGAPWEOJ-UHFFFAOYSA-N	O=C(O)CCCC(O)C=CC=CC=CC(O)CC=CCCCCC(O)O	ok	O=C(O)CCCC(O)C=CC=CC=CC(O)CC=CCCCCC(O)O	ZZSBUQYGAPWEOJ-UHFFFAOYSA-N	C20H32O6
external	ZZSUZHDAZDQPJO-UHFFFAOYSA-N	CN(CCC(=O)C(O)c1cccnc1)N=O	ok	CN(CCC(=O)C(O)c1cccnc1)N=O	ZZSUZHDAZDQPJO-UHFFFAOYSA-N	C10H13N3O3
external	ZZUFCTLCJUWOSV-UHFFFAOYSA-N	NS(=O)(=O)c1cc(C(=O)O)c(NCc2ccco2)cc1Cl	ok	NS(=O)(=O)c1cc(C(=O)O)c(NCc2ccco2)cc1Cl	ZZUFCTLCJUWOSV-UHFFFAOYSA-N	C12H11ClN2O5S
external	ZZVUWRFHKOJYTH-UHFFFAOYSA-N	CN(C)CCOC(c1ccccc1)c1ccccc1	ok	CN(C)CCOC(c1ccccc1)c1ccccc1	ZZVUWRFHKOJYTH-UHFFFAOYSA-N	C17H21NO
