case	method	rank	compound_inchikey	canonical_smiles	tanimoto	support_label	queried_isoform_label	available_labels	normalized_weight	weighted_contribution	source_locators
1	specific	1	VHFVKMTVMIZMIK-UHFFFAOYSA-N	Clc1cccc(N2CCNCC2)c1	0.3611111044883728	1.0	1	"{""CYP1A2"": 0, ""CYP2A6"": 0, ""CYP2B6"": 0, ""CYP2C19"": 0, ""CYP2C8"": 0, ""CYP2C9"": 0, ""CYP2D6"": 1, ""CYP2E1"": 0, ""CYP3A4"": 0}"	0.05257291939399748	0.05257291939399748	"{""CYP1A2"": [{""member"": ""Supplementary Material-2.xls"", ""sheet"": ""1A2 train"", ""row"": 993}], ""CYP2A6"": [{""member"": ""Supplementary Material-2.xls"", ""sheet"": ""2A6 train"", ""row"": 973}], ""CYP2B6"": [{""member"": ""Supplementary Material-2.xls"", ""sheet"": ""2B6 train"", ""row"": 965}], ""CYP2C19"": [{""member"": ""Supplementary Material-2.xls"", ""sheet"": ""2C19 train"", ""row"": 980}], ""CYP2C8"": [{""member"": ""Supplementary Material-2.xls"", ""sheet"": ""2C8 train"", ""row"": 977}], ""CYP2C9"": [{""member"": ""Supplementary Material-2.xls"", ""sheet"": ""2C9 train"", ""row"": 977}], ""CYP2D6"": [{""member"": ""Supplementary Material-2.xls"", ""sheet"": ""2D6 train"", ""row"": 996}], ""CYP2E1"": [{""member"": ""Supplementary Material-2.xls"", ""sheet"": ""2E1 train"", ""row"": 980}], ""CYP3A4"": [{""member"": ""Supplementary Material-2.xls"", ""sheet"": ""3A4 train"", ""row"": 1004}]}"
1	specific	2	MRBFGEHILMYPTF-UHFFFAOYSA-N	c1cnc(N2CCNCC2)nc1	0.3333333432674408	1.0	1	"{""CYP1A2"": 0, ""CYP2A6"": 0, ""CYP2B6"": 0, ""CYP2C19"": 0, ""CYP2C8"": 0, ""CYP2C9"": 0, ""CYP2D6"": 1, ""CYP2E1"": 0, ""CYP3A4"": 0}"	0.0485288510076685	0.0485288510076685	"{""CYP1A2"": [{""member"": ""Supplementary Material-2.xls"", ""sheet"": ""1A2 train"", ""row"": 168}], ""CYP2A6"": [{""member"": ""Supplementary Material-2.xls"", ""sheet"": ""2A6 train"", ""row"": 161}], ""CYP2B6"": [{""member"": ""Supplementary Material-2.xls"", ""sheet"": ""2B6 train"", ""row"": 162}], ""CYP2C19"": [{""member"": ""Supplementary Material-1.xls"", ""sheet"": ""2C19 test"", ""row"": 42}], ""CYP2C8"": [{""member"": ""Supplementary Material-2.xls"", ""sheet"": ""2C8 train"", ""row"": 169}], ""CYP2C9"": [{""member"": ""Supplementary Material-2.xls"", ""sheet"": ""2C9 train"", ""row"": 157}], ""CYP2D6"": [{""member"": ""Supplementary Material-2.xls"", ""sheet"": ""2D6 train"", ""row"": 170}], ""CYP2E1"": [{""member"": ""Supplementary Material-2.xls"", ""sheet"": ""2E1 train"", ""row"": 168}], ""CYP3A4"": [{""member"": ""Supplementary Material-2.xls"", ""sheet"": ""3A4 train"", ""row"": 166}]}"
1	specific	3	ADEBPBSSDYVVLD-UHFFFAOYSA-N	COc1cc2c(cc1OC)C(=O)C(CC1CCN(Cc3ccccc3)CC1)C2	0.3207547068595886	1.0	1	"{""CYP2C9"": 1, ""CYP2D6"": 1, ""CYP3A4"": 1}"	0.04669757074589603	0.04669757074589603	"{""CYP2C9"": [{""member"": ""Supplementary Material-2.xls"", ""sheet"": ""2C9 train"", ""row"": 361}], ""CYP2D6"": [{""member"": ""Supplementary Material-2.xls"", ""sheet"": ""2D6 train"", ""row"": 368}], ""CYP3A4"": [{""member"": ""Supplementary Material-2.xls"", ""sheet"": ""3A4 train"", ""row"": 373}]}"
1	specific	4	JACPUZOKPSTMTK-UHFFFAOYSA-N	OCCCOc1cccc(CN2CCCCC2)c1	0.3181818127632141	1.0	1	"{""CYP1A2"": 0, ""CYP2A6"": 0, ""CYP2B6"": 0, ""CYP2C19"": 0, ""CYP2C8"": 0, ""CYP2C9"": 0, ""CYP2D6"": 1, ""CYP2E1"": 0, ""CYP3A4"": 0}"	0.046322991974274946	0.046322991974274946	"{""CYP1A2"": [{""member"": ""Supplementary Material-2.xls"", ""sheet"": ""1A2 train"", ""row"": 1203}], ""CYP2A6"": [{""member"": ""Supplementary Material-2.xls"", ""sheet"": ""2A6 train"", ""row"": 1200}], ""CYP2B6"": [{""member"": ""Supplementary Material-1.xls"", ""sheet"": ""2B6 test"", ""row"": 302}], ""CYP2C19"": [{""member"": ""Supplementary Material-1.xls"", ""sheet"": ""2C19 test"", ""row"": 301}], ""CYP2C8"": [{""member"": ""Supplementary Material-2.xls"", ""sheet"": ""2C8 train"", ""row"": 1196}], ""CYP2C9"": [{""member"": ""Supplementary Material-1.xls"", ""sheet"": ""2C9 test"", ""row"": 299}], ""CYP2D6"": [{""member"": ""Supplementary Material-2.xls"", ""sheet"": ""2D6 train"", ""row"": 1210}], ""CYP2E1"": [{""member"": ""Supplementary Material-2.xls"", ""sheet"": ""2E1 train"", ""row"": 1197}], ""CYP3A4"": [{""member"": ""Supplementary Material-2.xls"", ""sheet"": ""3A4 train"", ""row"": 1225}]}"
1	specific	5	VQSXCZMVUMSITD-UHFFFAOYSA-N	NCCCOc1cccc(CN2CCCCC2)c1	0.3181818127632141	0.0	0	"{""CYP1A2"": 0, ""CYP2A6"": 1, ""CYP2B6"": 0, ""CYP2C19"": 0, ""CYP2C8"": 0, ""CYP2C9"": 0, ""CYP2D6"": 0, ""CYP2E1"": 0, ""CYP3A4"": 0}"	0.046322991974274946	0.0	"{""CYP1A2"": [{""member"": ""Supplementary Material-2.xls"", ""sheet"": ""1A2 train"", ""row"": 1202}], ""CYP2A6"": [{""member"": ""Supplementary Material-1.xls"", ""sheet"": ""2A6 test"", ""row"": 298}], ""CYP2B6"": [{""member"": ""Supplementary Material-2.xls"", ""sheet"": ""2B6 train"", ""row"": 1193}], ""CYP2C19"": [{""member"": ""Supplementary Material-1.xls"", ""sheet"": ""2C19 test"", ""row"": 300}], ""CYP2C8"": [{""member"": ""Supplementary Material-2.xls"", ""sheet"": ""2C8 train"", ""row"": 1195}], ""CYP2C9"": [{""member"": ""Supplementary Material-2.xls"", ""sheet"": ""2C9 train"", ""row"": 1204}], ""CYP2D6"": [{""member"": ""Supplementary Material-2.xls"", ""sheet"": ""2D6 train"", ""row"": 1209}], ""CYP2E1"": [{""member"": ""Supplementary Material-2.xls"", ""sheet"": ""2E1 train"", ""row"": 1196}], ""CYP3A4"": [{""member"": ""Supplementary Material-2.xls"", ""sheet"": ""3A4 train"", ""row"": 1224}]}"
1	specific	6	MHDVGSVTJDSBDK-UHFFFAOYSA-N	c1ccc(COCc2ccccc2)cc1	0.3103448152542114	0.0	0	"{""CYP1A2"": 0, ""CYP2A6"": 0, ""CYP2B6"": 0, ""CYP2C19"": 0, ""CYP2C8"": 0, ""CYP2C9"": 0, ""CYP2D6"": 0, ""CYP2E1"": 0, ""CYP3A4"": 0}"	0.045182030554892665	0.0	"{""CYP1A2"": [{""member"": ""Supplementary Material-1.xls"", ""sheet"": ""1A2 test"", ""row"": 170}], ""CYP2A6"": [{""member"": ""Supplementary Material-2.xls"", ""sheet"": ""2A6 train"", ""row"": 683}], ""CYP2B6"": [{""member"": ""Supplementary Material-2.xls"", ""sheet"": ""2B6 train"", ""row"": 679}], ""CYP2C19"": [{""member"": ""Supplementary Material-1.xls"", ""sheet"": ""2C19 test"", ""row"": 177}], ""CYP2C8"": [{""member"": ""Supplementary Material-2.xls"", ""sheet"": ""2C8 train"", ""row"": 677}], ""CYP2C9"": [{""member"": ""Supplementary Material-1.xls"", ""sheet"": ""2C9 test"", ""row"": 182}], ""CYP2D6"": [{""member"": ""Supplementary Material-2.xls"", ""sheet"": ""2D6 train"", ""row"": 696}], ""CYP2E1"": [{""member"": ""Supplementary Material-2.xls"", ""sheet"": ""2E1 train"", ""row"": 705}], ""CYP3A4"": [{""member"": ""Supplementary Material-2.xls"", ""sheet"": ""3A4 train"", ""row"": 708}]}"
1	specific	7	KKIMDKMETPPURN-UHFFFAOYSA-N	FC(F)(F)c1cccc(N2CCNCC2)c1	0.30000001192092896	1.0	1	"{""CYP1A2"": 1, ""CYP2A6"": 0, ""CYP2B6"": 0, ""CYP2C19"": 0, ""CYP2C8"": 0, ""CYP2C9"": 0, ""CYP2D6"": 1, ""CYP2E1"": 0, ""CYP3A4"": 1}"	0.043675966340783384	0.043675966340783384	"{""CYP1A2"": [{""member"": ""Supplementary Material-1.xls"", ""sheet"": ""1A2 test"", ""row"": 326}], ""CYP2A6"": [{""member"": ""Supplementary Material-2.xls"", ""sheet"": ""2A6 train"", ""row"": 1282}], ""CYP2B6"": [{""member"": ""Supplementary Material-2.xls"", ""sheet"": ""2B6 train"", ""row"": 1273}], ""CYP2C19"": [{""member"": ""Supplementary Material-2.xls"", ""sheet"": ""2C19 train"", ""row"": 1285}], ""CYP2C8"": [{""member"": ""Supplementary Material-2.xls"", ""sheet"": ""2C8 train"", ""row"": 1274}], ""CYP2C9"": [{""member"": ""Supplementary Material-2.xls"", ""sheet"": ""2C9 train"", ""row"": 1283}], ""CYP2D6"": [{""member"": ""Supplementary Material-2.xls"", ""sheet"": ""2D6 train"", ""row"": 1288}], ""CYP2E1"": [{""member"": ""Supplementary Material-2.xls"", ""sheet"": ""2E1 train"", ""row"": 1278}], ""CYP3A4"": [{""member"": ""Supplementary Material-2.xls"", ""sheet"": ""3A4 train"", ""row"": 1310}]}"
1	specific	8	MRDGZSKYFPGAKP-UHFFFAOYSA-N	COc1ccc(N2CCNCC2)cc1	0.29729729890823364	1.0	1	"{""CYP1A2"": 0, ""CYP2A6"": 0, ""CYP2B6"": 0, ""CYP2C19"": 0, ""CYP2C8"": 0, ""CYP2C9"": 0, ""CYP2D6"": 1, ""CYP2E1"": 0, ""CYP3A4"": 0}"	0.043282487681181224	0.043282487681181224	"{""CYP1A2"": [{""member"": ""Supplementary Material-2.xls"", ""sheet"": ""1A2 train"", ""row"": 988}], ""CYP2A6"": [{""member"": ""Supplementary Material-2.xls"", ""sheet"": ""2A6 train"", ""row"": 966}], ""CYP2B6"": [{""member"": ""Supplementary Material-2.xls"", ""sheet"": ""2B6 train"", ""row"": 960}], ""CYP2C19"": [{""member"": ""Supplementary Material-2.xls"", ""sheet"": ""2C19 train"", ""row"": 973}], ""CYP2C8"": [{""member"": ""Supplementary Material-1.xls"", ""sheet"": ""2C8 test"", ""row"": 245}], ""CYP2C9"": [{""member"": ""Supplementary Material-1.xls"", ""sheet"": ""2C9 test"", ""row"": 249}], ""CYP2D6"": [{""member"": ""Supplementary Material-2.xls"", ""sheet"": ""2D6 train"", ""row"": 990}], ""CYP2E1"": [{""member"": ""Supplementary Material-2.xls"", ""sheet"": ""2E1 train"", ""row"": 973}], ""CYP3A4"": [{""member"": ""Supplementary Material-2.xls"", ""sheet"": ""3A4 train"", ""row"": 997}]}"
1	specific	9	YQNWZWMKLDQSAC-UHFFFAOYSA-N	Cc1ccc(Sc2ccccc2N2CCNCC2)c(C)c1	0.28260868787765503	1.0	1	"{""CYP2C19"": 1, ""CYP2C9"": 1, ""CYP2D6"": 1, ""CYP3A4"": 1}"	0.04114402349627479	0.04114402349627479	"{""CYP2C19"": [{""member"": ""Supplementary Material-1.xls"", ""sheet"": ""2C19 test"", ""row"": 102}], ""CYP2C9"": [{""member"": ""Supplementary Material-2.xls"", ""sheet"": ""2C9 train"", ""row"": 382}], ""CYP2D6"": [{""member"": ""Supplementary Material-2.xls"", ""sheet"": ""2D6 train"", ""row"": 389}], ""CYP3A4"": [{""member"": ""Supplementary Material-2.xls"", ""sheet"": ""3A4 train"", ""row"": 390}]}"
1	specific	10	KWTSXDURSIMDCE-UHFFFAOYSA-N	CC(N)Cc1ccccc1	0.27272728085517883	1.0	1	"{""CYP2D6"": 1}"	0.03970542355172878	0.03970542355172878	"{""CYP2D6"": [{""member"": ""Supplementary Material-2.xls"", ""sheet"": ""2D6 train"", ""row"": 485}]}"
1	specific	11	ZBILSSSEXRZGKS-UHFFFAOYSA-N	c1ccc2c(c1)Cc1ccccc1N1CCNCC21	0.27272728085517883	1.0	1	"{""CYP1A2"": 1, ""CYP2D6"": 1, ""CYP3A4"": 1}"	0.03970542355172878	0.03970542355172878	"{""CYP1A2"": [{""member"": ""Supplementary Material-2.xls"", ""sheet"": ""1A2 train"", ""row"": 398}], ""CYP2D6"": [{""member"": ""Supplementary Material-1.xls"", ""sheet"": ""2D6 test"", ""row"": 92}], ""CYP3A4"": [{""member"": ""Supplementary Material-1.xls"", ""sheet"": ""3A4 test"", ""row"": 104}]}"
1	specific	12	NAUWTFJOPJWYOT-UHFFFAOYSA-N	Fc1ccc(C(OCCN2CCN(CCCc3ccccc3)CC2)c2ccc(F)cc2)cc1	0.2708333432674408	1.0	1	"{""CYP1A2"": 0, ""CYP2A6"": 0, ""CYP2B6"": 0, ""CYP2C19"": 0, ""CYP2C8"": 0, ""CYP2C9"": 0, ""CYP2D6"": 1, ""CYP2E1"": 0, ""CYP3A4"": 0}"	0.03942969171490674	0.03942969171490674	"{""CYP1A2"": [{""member"": ""Supplementary Material-1.xls"", ""sheet"": ""1A2 test"", ""row"": 200}], ""CYP2A6"": [{""member"": ""Supplementary Material-2.xls"", ""sheet"": ""2A6 train"", ""row"": 804}], ""CYP2B6"": [{""member"": ""Supplementary Material-1.xls"", ""sheet"": ""2B6 test"", ""row"": 210}], ""CYP2C19"": [{""member"": ""Supplementary Material-2.xls"", ""sheet"": ""2C19 train"", ""row"": 822}], ""CYP2C8"": [{""member"": ""Supplementary Material-2.xls"", ""sheet"": ""2C8 train"", ""row"": 800}], ""CYP2C9"": [{""member"": ""Supplementary Material-2.xls"", ""sheet"": ""2C9 train"", ""row"": 810}], ""CYP2D6"": [{""member"": ""Supplementary Material-1.xls"", ""sheet"": ""2D6 test"", ""row"": 196}], ""CYP2E1"": [{""member"": ""Supplementary Material-2.xls"", ""sheet"": ""2E1 train"", ""row"": 819}], ""CYP3A4"": [{""member"": ""Supplementary Material-2.xls"", ""sheet"": ""3A4 train"", ""row"": 830}]}"
1	specific	13	PHWBOXQYWZNQIN-UHFFFAOYSA-N	Clc1ccccc1CN1CCc2sccc2C1	0.260869562625885	1.0	1	"{""CYP1A2"": 1, ""CYP2A6"": 0, ""CYP2B6"": 0, ""CYP2C19"": 1, ""CYP2C8"": 1, ""CYP2C9"": 1, ""CYP2D6"": 1, ""CYP2E1"": 0, ""CYP3A4"": 1}"	0.03797909927945631	0.03797909927945631	"{""CYP1A2"": [{""member"": ""Supplementary Material-2.xls"", ""sheet"": ""1A2 train"", ""row"": 1295}], ""CYP2A6"": [{""member"": ""Supplementary Material-2.xls"", ""sheet"": ""2A6 train"", ""row"": 1292}], ""CYP2B6"": [{""member"": ""Supplementary Material-2.xls"", ""sheet"": ""2B6 train"", ""row"": 1283}], ""CYP2C19"": [{""member"": ""Supplementary Material-2.xls"", ""sheet"": ""2C19 train"", ""row"": 1294}], ""CYP2C8"": [{""member"": ""Supplementary Material-2.xls"", ""sheet"": ""2C8 train"", ""row"": 1284}], ""CYP2C9"": [{""member"": ""Supplementary Material-2.xls"", ""sheet"": ""2C9 train"", ""row"": 1294}], ""CYP2D6"": [{""member"": ""Supplementary Material-2.xls"", ""sheet"": ""2D6 train"", ""row"": 1297}], ""CYP2E1"": [{""member"": ""Supplementary Material-2.xls"", ""sheet"": ""2E1 train"", ""row"": 1289}], ""CYP3A4"": [{""member"": ""Supplementary Material-1.xls"", ""sheet"": ""3A4 test"", ""row"": 328}]}"
1	specific	14	PJMPHNIQZUBGLI-UHFFFAOYSA-N	CCC(=O)N(c1ccccc1)C1CCN(CCc2ccccc2)CC1	0.25999999046325684	0.0	0	"{""CYP1A2"": 0, ""CYP2A6"": 0, ""CYP2B6"": 0, ""CYP2C19"": 0, ""CYP2C8"": 0, ""CYP2C9"": 0, ""CYP2D6"": 0, ""CYP2E1"": 0, ""CYP3A4"": 1}"	0.037852501269467424	0.0	"{""CYP1A2"": [{""member"": ""Supplementary Material-2.xls"", ""sheet"": ""1A2 train"", ""row"": 778}], ""CYP2A6"": [{""member"": ""Supplementary Material-2.xls"", ""sheet"": ""2A6 train"", ""row"": 755}], ""CYP2B6"": [{""member"": ""Supplementary Material-2.xls"", ""sheet"": ""2B6 train"", ""row"": 749}], ""CYP2C19"": [{""member"": ""Supplementary Material-2.xls"", ""sheet"": ""2C19 train"", ""row"": 771}], ""CYP2C8"": [{""member"": ""Supplementary Material-2.xls"", ""sheet"": ""2C8 train"", ""row"": 752}], ""CYP2C9"": [{""member"": ""Supplementary Material-2.xls"", ""sheet"": ""2C9 train"", ""row"": 762}], ""CYP2D6"": [{""member"": ""Supplementary Material-2.xls"", ""sheet"": ""2D6 train"", ""row"": 774}], ""CYP2E1"": [{""member"": ""Supplementary Material-2.xls"", ""sheet"": ""2E1 train"", ""row"": 770}], ""CYP3A4"": [{""member"": ""Supplementary Material-2.xls"", ""sheet"": ""3A4 train"", ""row"": 779}]}"
1	specific	15	LXZQPMXUOONUMX-UHFFFAOYSA-N	O=C(Cc1ccccc1)C(O)O	0.2571428716182709	0.0	0	"{""CYP1A2"": 0, ""CYP2A6"": 0, ""CYP2B6"": 0, ""CYP2C19"": 0, ""CYP2C8"": 0, ""CYP2C9"": 0, ""CYP2D6"": 0, ""CYP2E1"": 0, ""CYP3A4"": 0}"	0.03743654319764536	0.0	"{""CYP1A2"": [{""member"": ""Supplementary Material-2.xls"", ""sheet"": ""1A2 train"", ""row"": 477}], ""CYP2A6"": [{""member"": ""Supplementary Material-2.xls"", ""sheet"": ""2A6 train"", ""row"": 449}], ""CYP2B6"": [{""member"": ""Supplementary Material-1.xls"", ""sheet"": ""2B6 test"", ""row"": 128}], ""CYP2C19"": [{""member"": ""Supplementary Material-2.xls"", ""sheet"": ""2C19 train"", ""row"": 472}], ""CYP2C8"": [{""member"": ""Supplementary Material-1.xls"", ""sheet"": ""2C8 test"", ""row"": 128}], ""CYP2C9"": [{""member"": ""Supplementary Material-2.xls"", ""sheet"": ""2C9 train"", ""row"": 471}], ""CYP2D6"": [{""member"": ""Supplementary Material-2.xls"", ""sheet"": ""2D6 train"", ""row"": 469}], ""CYP2E1"": [{""member"": ""Supplementary Material-2.xls"", ""sheet"": ""2E1 train"", ""row"": 475}], ""CYP3A4"": [{""member"": ""Supplementary Material-1.xls"", ""sheet"": ""3A4 test"", ""row"": 120}]}"
1	specific	16	MYWUZJCMWCOHBA-UHFFFAOYSA-N	CNC(C)Cc1ccccc1	0.2571428716182709	1.0	1	"{""CYP1A2"": 0, ""CYP2A6"": 0, ""CYP2B6"": 0, ""CYP2C19"": 0, ""CYP2C8"": 0, ""CYP2C9"": 0, ""CYP2D6"": 1, ""CYP2E1"": 0, ""CYP3A4"": 0}"	0.03743654319764536	0.03743654319764536	"{""CYP1A2"": [{""member"": ""Supplementary Material-2.xls"", ""sheet"": ""1A2 train"", ""row"": 995}], ""CYP2A6"": [{""member"": ""Supplementary Material-1.xls"", ""sheet"": ""2A6 test"", ""row"": 250}], ""CYP2B6"": [{""member"": ""Supplementary Material-1.xls"", ""sheet"": ""2B6 test"", ""row"": 256}], ""CYP2C19"": [{""member"": ""Supplementary Material-1.xls"", ""sheet"": ""2C19 test"", ""row"": 256}], ""CYP2C8"": [{""member"": ""Supplementary Material-2.xls"", ""sheet"": ""2C8 train"", ""row"": 979}], ""CYP2C9"": [{""member"": ""Supplementary Material-1.xls"", ""sheet"": ""2C9 test"", ""row"": 251}], ""CYP2D6"": [{""member"": ""Supplementary Material-2.xls"", ""sheet"": ""2D6 train"", ""row"": 998}], ""CYP2E1"": [{""member"": ""Supplementary Material-2.xls"", ""sheet"": ""2E1 train"", ""row"": 982}], ""CYP3A4"": [{""member"": ""Supplementary Material-2.xls"", ""sheet"": ""3A4 train"", ""row"": 1006}]}"
1	specific	17	DERZBLKQOCDDDZ-UHFFFAOYSA-N	C(=Cc1ccccc1)CN1CCN(C(c2ccccc2)c2ccccc2)CC1	0.25	1.0	1	"{""CYP1A2"": 1, ""CYP2A6"": 0, ""CYP2B6"": 1, ""CYP2C19"": 0, ""CYP2C8"": 0, ""CYP2C9"": 1, ""CYP2D6"": 1, ""CYP2E1"": 0, ""CYP3A4"": 0}"	0.03639663717104707	0.03639663717104707	"{""CYP1A2"": [{""member"": ""Supplementary Material-2.xls"", ""sheet"": ""1A2 train"", ""row"": 611}], ""CYP2A6"": [{""member"": ""Supplementary Material-2.xls"", ""sheet"": ""2A6 train"", ""row"": 581}], ""CYP2B6"": [{""member"": ""Supplementary Material-1.xls"", ""sheet"": ""2B6 test"", ""row"": 161}], ""CYP2C19"": [{""member"": ""Supplementary Material-2.xls"", ""sheet"": ""2C19 train"", ""row"": 599}], ""CYP2C8"": [{""member"": ""Supplementary Material-2.xls"", ""sheet"": ""2C8 train"", ""row"": 580}], ""CYP2C9"": [{""member"": ""Supplementary Material-2.xls"", ""sheet"": ""2C9 train"", ""row"": 594}], ""CYP2D6"": [{""member"": ""Supplementary Material-2.xls"", ""sheet"": ""2D6 train"", ""row"": 592}], ""CYP2E1"": [{""member"": ""Supplementary Material-2.xls"", ""sheet"": ""2E1 train"", ""row"": 604}], ""CYP3A4"": [{""member"": ""Supplementary Material-2.xls"", ""sheet"": ""3A4 train"", ""row"": 613}]}"
1	specific	18	FHPIXVHJEIZKJW-UHFFFAOYSA-N	Cc1cc2c(s1)Nc1ccccc1N=C2N1CCNCC1	0.25	1.0	1	"{""CYP1A2"": 0, ""CYP2A6"": 0, ""CYP2B6"": 0, ""CYP2C19"": 0, ""CYP2C8"": 0, ""CYP2C9"": 0, ""CYP2D6"": 1, ""CYP2E1"": 0, ""CYP3A4"": 0}"	0.03639663717104707	0.03639663717104707	"{""CYP1A2"": [{""member"": ""Supplementary Material-2.xls"", ""sheet"": ""1A2 train"", ""row"": 286}], ""CYP2A6"": [{""member"": ""Supplementary Material-1.xls"", ""sheet"": ""2A6 test"", ""row"": 87}], ""CYP2B6"": [{""member"": ""Supplementary Material-2.xls"", ""sheet"": ""2B6 train"", ""row"": 275}], ""CYP2C19"": [{""member"": ""Supplementary Material-2.xls"", ""sheet"": ""2C19 train"", ""row"": 284}], ""CYP2C8"": [{""member"": ""Supplementary Material-2.xls"", ""sheet"": ""2C8 train"", ""row"": 281}], ""CYP2C9"": [{""member"": ""Supplementary Material-2.xls"", ""sheet"": ""2C9 train"", ""row"": 276}], ""CYP2D6"": [{""member"": ""Supplementary Material-2.xls"", ""sheet"": ""2D6 train"", ""row"": 276}], ""CYP2E1"": [{""member"": ""Supplementary Material-2.xls"", ""sheet"": ""2E1 train"", ""row"": 292}], ""CYP3A4"": [{""member"": ""Supplementary Material-2.xls"", ""sheet"": ""3A4 train"", ""row"": 284}]}"
1	specific	19	IWIANZLCJVYEFX-UHFFFAOYSA-N	O=C(O)C(Cc1ccccc1)NC(=O)C1CCCN1	0.2448979616165161	0.0	0	"{""CYP1A2"": 0, ""CYP2A6"": 0, ""CYP2B6"": 0, ""CYP2C19"": 0, ""CYP2C8"": 0, ""CYP2C9"": 0, ""CYP2D6"": 0, ""CYP2E1"": 0, ""CYP3A4"": 0}"	0.03565384901154139	0.0	"{""CYP1A2"": [{""member"": ""Supplementary Material-2.xls"", ""sheet"": ""1A2 train"", ""row"": 1160}], ""CYP2A6"": [{""member"": ""Supplementary Material-2.xls"", ""sheet"": ""2A6 train"", ""row"": 1150}], ""CYP2B6"": [{""member"": ""Supplementary Material-2.xls"", ""sheet"": ""2B6 train"", ""row"": 1148}], ""CYP2C19"": [{""member"": ""Supplementary Material-1.xls"", ""sheet"": ""2C19 test"", ""row"": 290}], ""CYP2C8"": [{""member"": ""Supplementary Material-2.xls"", ""sheet"": ""2C8 train"", ""row"": 1148}], ""CYP2C9"": [{""member"": ""Supplementary Material-2.xls"", ""sheet"": ""2C9 train"", ""row"": 1157}], ""CYP2D6"": [{""member"": ""Supplementary Material-1.xls"", ""sheet"": ""2D6 test"", ""row"": 284}], ""CYP2E1"": [{""member"": ""Supplementary Material-2.xls"", ""sheet"": ""2E1 train"", ""row"": 1153}], ""CYP3A4"": [{""member"": ""Supplementary Material-2.xls"", ""sheet"": ""3A4 train"", ""row"": 1175}]}"
1	specific	20	YAGBSNMZQKEFCO-UHFFFAOYSA-N	CCNC(C)Cc1ccccc1	0.2432432472705841	1.0	1	"{""CYP2D6"": 1}"	0.035412944860858935	0.035412944860858935	"{""CYP2D6"": [{""member"": ""Supplementary Material-2.xls"", ""sheet"": ""2D6 train"", ""row"": 396}]}"
1	specific	21	QXUSBVUVNRNHFU-UHFFFAOYSA-N	Oc1cc2c(s1)CCN(Cc1ccccc1Cl)C2	0.23999999463558197	1.0	1	"{""CYP1A2"": 1, ""CYP2C19"": 1, ""CYP2C8"": 1, ""CYP2C9"": 1, ""CYP2D6"": 1, ""CYP3A4"": 1}"	0.03494077090321807	0.03494077090321807	"{""CYP1A2"": [{""member"": ""Supplementary Material-2.xls"", ""sheet"": ""1A2 train"", ""row"": 218}], ""CYP2C19"": [{""member"": ""Supplementary Material-2.xls"", ""sheet"": ""2C19 train"", ""row"": 217}], ""CYP2C8"": [{""member"": ""Supplementary Material-1.xls"", ""sheet"": ""2C8 test"", ""row"": 58}], ""CYP2C9"": [{""member"": ""Supplementary Material-2.xls"", ""sheet"": ""2C9 train"", ""row"": 210}], ""CYP2D6"": [{""member"": ""Supplementary Material-2.xls"", ""sheet"": ""2D6 train"", ""row"": 218}], ""CYP3A4"": [{""member"": ""Supplementary Material-2.xls"", ""sheet"": ""3A4 train"", ""row"": 219}]}"
1	specific	22	VHOMAPWVLKRQAZ-UHFFFAOYSA-N	CCC(=O)OCc1ccccc1	0.2368421107530594	0.0	0	"{""CYP1A2"": 0, ""CYP2A6"": 0, ""CYP2B6"": 0, ""CYP2C19"": 0, ""CYP2C8"": 0, ""CYP2C9"": 0, ""CYP2D6"": 0, ""CYP2E1"": 0, ""CYP3A4"": 0}"	0.03448102548761619	0.0	"{""CYP1A2"": [{""member"": ""Supplementary Material-2.xls"", ""sheet"": ""1A2 train"", ""row"": 530}], ""CYP2A6"": [{""member"": ""Supplementary Material-2.xls"", ""sheet"": ""2A6 train"", ""row"": 499}], ""CYP2B6"": [{""member"": ""Supplementary Material-2.xls"", ""sheet"": ""2B6 train"", ""row"": 503}], ""CYP2C19"": [{""member"": ""Supplementary Material-1.xls"", ""sheet"": ""2C19 test"", ""row"": 132}], ""CYP2C8"": [{""member"": ""Supplementary Material-2.xls"", ""sheet"": ""2C8 train"", ""row"": 500}], ""CYP2C9"": [{""member"": ""Supplementary Material-2.xls"", ""sheet"": ""2C9 train"", ""row"": 520}], ""CYP2D6"": [{""member"": ""Supplementary Material-2.xls"", ""sheet"": ""2D6 train"", ""row"": 517}], ""CYP2E1"": [{""member"": ""Supplementary Material-2.xls"", ""sheet"": ""2E1 train"", ""row"": 525}], ""CYP3A4"": [{""member"": ""Supplementary Material-2.xls"", ""sheet"": ""3A4 train"", ""row"": 533}]}"
1	specific	23	YXKTVDFXDRQTKV-UHFFFAOYSA-N	CC(Cc1ccccc1)N(C)Cc1ccccc1	0.2368421107530594	0.0	0	"{""CYP1A2"": 0, ""CYP2A6"": 0, ""CYP2B6"": 1, ""CYP2C19"": 0, ""CYP2C8"": 0, ""CYP2C9"": 0, ""CYP2D6"": 0, ""CYP2E1"": 0, ""CYP3A4"": 1}"	0.03448102548761619	0.0	"{""CYP1A2"": [{""member"": ""Supplementary Material-2.xls"", ""sheet"": ""1A2 train"", ""row"": 529}], ""CYP2A6"": [{""member"": ""Supplementary Material-1.xls"", ""sheet"": ""2A6 test"", ""row"": 144}], ""CYP2B6"": [{""member"": ""Supplementary Material-2.xls"", ""sheet"": ""2B6 train"", ""row"": 502}], ""CYP2C19"": [{""member"": ""Supplementary Material-2.xls"", ""sheet"": ""2C19 train"", ""row"": 522}], ""CYP2C8"": [{""member"": ""Supplementary Material-2.xls"", ""sheet"": ""2C8 train"", ""row"": 499}], ""CYP2C9"": [{""member"": ""Supplementary Material-2.xls"", ""sheet"": ""2C9 train"", ""row"": 519}], ""CYP2D6"": [{""member"": ""Supplementary Material-1.xls"", ""sheet"": ""2D6 test"", ""row"": 134}], ""CYP2E1"": [{""member"": ""Supplementary Material-2.xls"", ""sheet"": ""2E1 train"", ""row"": 524}], ""CYP3A4"": [{""member"": ""Supplementary Material-2.xls"", ""sheet"": ""3A4 train"", ""row"": 532}]}"
1	specific	24	DTYGTEGDVPAKDA-UHFFFAOYSA-N	CC(C)CC(=O)Cc1ccccc1	0.2368421107530594	0.0	0	"{""CYP1A2"": 0, ""CYP2A6"": 0, ""CYP2B6"": 0, ""CYP2C19"": 0, ""CYP2C8"": 0, ""CYP2C9"": 0, ""CYP2D6"": 0, ""CYP2E1"": 0, ""CYP3A4"": 0}"	0.03448102548761619	0.0	"{""CYP1A2"": [{""member"": ""Supplementary Material-2.xls"", ""sheet"": ""1A2 train"", ""row"": 295}], ""CYP2A6"": [{""member"": ""Supplementary Material-2.xls"", ""sheet"": ""2A6 train"", ""row"": 272}], ""CYP2B6"": [{""member"": ""Supplementary Material-2.xls"", ""sheet"": ""2B6 train"", ""row"": 284}], ""CYP2C19"": [{""member"": ""Supplementary Material-2.xls"", ""sheet"": ""2C19 train"", ""row"": 291}], ""CYP2C8"": [{""member"": ""Supplementary Material-2.xls"", ""sheet"": ""2C8 train"", ""row"": 289}], ""CYP2C9"": [{""member"": ""Supplementary Material-2.xls"", ""sheet"": ""2C9 train"", ""row"": 282}], ""CYP2D6"": [{""member"": ""Supplementary Material-2.xls"", ""sheet"": ""2D6 train"", ""row"": 286}], ""CYP2E1"": [{""member"": ""Supplementary Material-1.xls"", ""sheet"": ""2E1 test"", ""row"": 67}], ""CYP3A4"": [{""member"": ""Supplementary Material-2.xls"", ""sheet"": ""3A4 train"", ""row"": 290}]}"
1	specific	25	PLRACCBDVIHHLZ-UHFFFAOYSA-N	CN1CC=C(c2ccccc2)CC1	0.2368421107530594	1.0	1	"{""CYP1A2"": 0, ""CYP2A6"": 0, ""CYP2B6"": 0, ""CYP2C19"": 0, ""CYP2C8"": 0, ""CYP2C9"": 0, ""CYP2D6"": 1, ""CYP2E1"": 0, ""CYP3A4"": 0}"	0.03448102548761619	0.03448102548761619	"{""CYP1A2"": [{""member"": ""Supplementary Material-2.xls"", ""sheet"": ""1A2 train"", ""row"": 1043}], ""CYP2A6"": [{""member"": ""Supplementary Material-2.xls"", ""sheet"": ""2A6 train"", ""row"": 1021}], ""CYP2B6"": [{""member"": ""Supplementary Material-2.xls"", ""sheet"": ""2B6 train"", ""row"": 1012}], ""CYP2C19"": [{""member"": ""Supplementary Material-1.xls"", ""sheet"": ""2C19 test"", ""row"": 263}], ""CYP2C8"": [{""member"": ""Supplementary Material-2.xls"", ""sheet"": ""2C8 train"", ""row"": 1022}], ""CYP2C9"": [{""member"": ""Supplementary Material-2.xls"", ""sheet"": ""2C9 train"", ""row"": 1025}], ""CYP2D6"": [{""member"": ""Supplementary Material-2.xls"", ""sheet"": ""2D6 train"", ""row"": 1041}], ""CYP2E1"": [{""member"": ""Supplementary Material-2.xls"", ""sheet"": ""2E1 train"", ""row"": 1023}], ""CYP3A4"": [{""member"": ""Supplementary Material-2.xls"", ""sheet"": ""3A4 train"", ""row"": 1051}]}"
1	pooled	1	VHFVKMTVMIZMIK-UHFFFAOYSA-N	Clc1cccc(N2CCNCC2)c1	0.3611111044883728	0.1111111111111111	1	"{""CYP1A2"": 0, ""CYP2A6"": 0, ""CYP2B6"": 0, ""CYP2C19"": 0, ""CYP2C8"": 0, ""CYP2C9"": 0, ""CYP2D6"": 1, ""CYP2E1"": 0, ""CYP3A4"": 0}"	0.028914820984797675	0.0032127578871997417	"{""CYP1A2"": [{""member"": ""Supplementary Material-2.xls"", ""sheet"": ""1A2 train"", ""row"": 993}], ""CYP2A6"": [{""member"": ""Supplementary Material-2.xls"", ""sheet"": ""2A6 train"", ""row"": 973}], ""CYP2B6"": [{""member"": ""Supplementary Material-2.xls"", ""sheet"": ""2B6 train"", ""row"": 965}], ""CYP2C19"": [{""member"": ""Supplementary Material-2.xls"", ""sheet"": ""2C19 train"", ""row"": 980}], ""CYP2C8"": [{""member"": ""Supplementary Material-2.xls"", ""sheet"": ""2C8 train"", ""row"": 977}], ""CYP2C9"": [{""member"": ""Supplementary Material-2.xls"", ""sheet"": ""2C9 train"", ""row"": 977}], ""CYP2D6"": [{""member"": ""Supplementary Material-2.xls"", ""sheet"": ""2D6 train"", ""row"": 996}], ""CYP2E1"": [{""member"": ""Supplementary Material-2.xls"", ""sheet"": ""2E1 train"", ""row"": 980}], ""CYP3A4"": [{""member"": ""Supplementary Material-2.xls"", ""sheet"": ""3A4 train"", ""row"": 1004}]}"
1	pooled	2	MRBFGEHILMYPTF-UHFFFAOYSA-N	c1cnc(N2CCNCC2)nc1	0.3333333432674408	0.1111111111111111	1	"{""CYP1A2"": 0, ""CYP2A6"": 0, ""CYP2B6"": 0, ""CYP2C19"": 0, ""CYP2C8"": 0, ""CYP2C9"": 0, ""CYP2D6"": 1, ""CYP2E1"": 0, ""CYP3A4"": 0}"	0.02669060527091185	0.0029656228078790946	"{""CYP1A2"": [{""member"": ""Supplementary Material-2.xls"", ""sheet"": ""1A2 train"", ""row"": 168}], ""CYP2A6"": [{""member"": ""Supplementary Material-2.xls"", ""sheet"": ""2A6 train"", ""row"": 161}], ""CYP2B6"": [{""member"": ""Supplementary Material-2.xls"", ""sheet"": ""2B6 train"", ""row"": 162}], ""CYP2C19"": [{""member"": ""Supplementary Material-1.xls"", ""sheet"": ""2C19 test"", ""row"": 42}], ""CYP2C8"": [{""member"": ""Supplementary Material-2.xls"", ""sheet"": ""2C8 train"", ""row"": 169}], ""CYP2C9"": [{""member"": ""Supplementary Material-2.xls"", ""sheet"": ""2C9 train"", ""row"": 157}], ""CYP2D6"": [{""member"": ""Supplementary Material-2.xls"", ""sheet"": ""2D6 train"", ""row"": 170}], ""CYP2E1"": [{""member"": ""Supplementary Material-2.xls"", ""sheet"": ""2E1 train"", ""row"": 168}], ""CYP3A4"": [{""member"": ""Supplementary Material-2.xls"", ""sheet"": ""3A4 train"", ""row"": 166}]}"
1	pooled	3	ADEBPBSSDYVVLD-UHFFFAOYSA-N	COc1cc2c(cc1OC)C(=O)C(CC1CCN(Cc3ccccc3)CC1)C2	0.3207547068595886	1.0	1	"{""CYP2C9"": 1, ""CYP2D6"": 1, ""CYP3A4"": 1}"	0.02568341104330367	0.02568341104330367	"{""CYP2C9"": [{""member"": ""Supplementary Material-2.xls"", ""sheet"": ""2C9 train"", ""row"": 361}], ""CYP2D6"": [{""member"": ""Supplementary Material-2.xls"", ""sheet"": ""2D6 train"", ""row"": 368}], ""CYP3A4"": [{""member"": ""Supplementary Material-2.xls"", ""sheet"": ""3A4 train"", ""row"": 373}]}"
1	pooled	4	JACPUZOKPSTMTK-UHFFFAOYSA-N	OCCCOc1cccc(CN2CCCCC2)c1	0.3181818127632141	0.1111111111111111	1	"{""CYP1A2"": 0, ""CYP2A6"": 0, ""CYP2B6"": 0, ""CYP2C19"": 0, ""CYP2C8"": 0, ""CYP2C9"": 0, ""CYP2D6"": 1, ""CYP2E1"": 0, ""CYP3A4"": 0}"	0.02547739474725286	0.002830821638583651	"{""CYP1A2"": [{""member"": ""Supplementary Material-2.xls"", ""sheet"": ""1A2 train"", ""row"": 1203}], ""CYP2A6"": [{""member"": ""Supplementary Material-2.xls"", ""sheet"": ""2A6 train"", ""row"": 1200}], ""CYP2B6"": [{""member"": ""Supplementary Material-1.xls"", ""sheet"": ""2B6 test"", ""row"": 302}], ""CYP2C19"": [{""member"": ""Supplementary Material-1.xls"", ""sheet"": ""2C19 test"", ""row"": 301}], ""CYP2C8"": [{""member"": ""Supplementary Material-2.xls"", ""sheet"": ""2C8 train"", ""row"": 1196}], ""CYP2C9"": [{""member"": ""Supplementary Material-1.xls"", ""sheet"": ""2C9 test"", ""row"": 299}], ""CYP2D6"": [{""member"": ""Supplementary Material-2.xls"", ""sheet"": ""2D6 train"", ""row"": 1210}], ""CYP2E1"": [{""member"": ""Supplementary Material-2.xls"", ""sheet"": ""2E1 train"", ""row"": 1197}], ""CYP3A4"": [{""member"": ""Supplementary Material-2.xls"", ""sheet"": ""3A4 train"", ""row"": 1225}]}"
1	pooled	5	VQSXCZMVUMSITD-UHFFFAOYSA-N	NCCCOc1cccc(CN2CCCCC2)c1	0.3181818127632141	0.1111111111111111	0	"{""CYP1A2"": 0, ""CYP2A6"": 1, ""CYP2B6"": 0, ""CYP2C19"": 0, ""CYP2C8"": 0, ""CYP2C9"": 0, ""CYP2D6"": 0, ""CYP2E1"": 0, ""CYP3A4"": 0}"	0.02547739474725286	0.002830821638583651	"{""CYP1A2"": [{""member"": ""Supplementary Material-2.xls"", ""sheet"": ""1A2 train"", ""row"": 1202}], ""CYP2A6"": [{""member"": ""Supplementary Material-1.xls"", ""sheet"": ""2A6 test"", ""row"": 298}], ""CYP2B6"": [{""member"": ""Supplementary Material-2.xls"", ""sheet"": ""2B6 train"", ""row"": 1193}], ""CYP2C19"": [{""member"": ""Supplementary Material-1.xls"", ""sheet"": ""2C19 test"", ""row"": 300}], ""CYP2C8"": [{""member"": ""Supplementary Material-2.xls"", ""sheet"": ""2C8 train"", ""row"": 1195}], ""CYP2C9"": [{""member"": ""Supplementary Material-2.xls"", ""sheet"": ""2C9 train"", ""row"": 1204}], ""CYP2D6"": [{""member"": ""Supplementary Material-2.xls"", ""sheet"": ""2D6 train"", ""row"": 1209}], ""CYP2E1"": [{""member"": ""Supplementary Material-2.xls"", ""sheet"": ""2E1 train"", ""row"": 1196}], ""CYP3A4"": [{""member"": ""Supplementary Material-2.xls"", ""sheet"": ""3A4 train"", ""row"": 1224}]}"
1	pooled	6	MHDVGSVTJDSBDK-UHFFFAOYSA-N	c1ccc(COCc2ccccc2)cc1	0.3103448152542114	0.0	0	"{""CYP1A2"": 0, ""CYP2A6"": 0, ""CYP2B6"": 0, ""CYP2C19"": 0, ""CYP2C8"": 0, ""CYP2C9"": 0, ""CYP2D6"": 0, ""CYP2E1"": 0, ""CYP3A4"": 0}"	0.024849872144888763	0.0	"{""CYP1A2"": [{""member"": ""Supplementary Material-1.xls"", ""sheet"": ""1A2 test"", ""row"": 170}], ""CYP2A6"": [{""member"": ""Supplementary Material-2.xls"", ""sheet"": ""2A6 train"", ""row"": 683}], ""CYP2B6"": [{""member"": ""Supplementary Material-2.xls"", ""sheet"": ""2B6 train"", ""row"": 679}], ""CYP2C19"": [{""member"": ""Supplementary Material-1.xls"", ""sheet"": ""2C19 test"", ""row"": 177}], ""CYP2C8"": [{""member"": ""Supplementary Material-2.xls"", ""sheet"": ""2C8 train"", ""row"": 677}], ""CYP2C9"": [{""member"": ""Supplementary Material-1.xls"", ""sheet"": ""2C9 test"", ""row"": 182}], ""CYP2D6"": [{""member"": ""Supplementary Material-2.xls"", ""sheet"": ""2D6 train"", ""row"": 696}], ""CYP2E1"": [{""member"": ""Supplementary Material-2.xls"", ""sheet"": ""2E1 train"", ""row"": 705}], ""CYP3A4"": [{""member"": ""Supplementary Material-2.xls"", ""sheet"": ""3A4 train"", ""row"": 708}]}"
1	pooled	7	KKIMDKMETPPURN-UHFFFAOYSA-N	FC(F)(F)c1cccc(N2CCNCC2)c1	0.30000001192092896	0.3333333333333333	1	"{""CYP1A2"": 1, ""CYP2A6"": 0, ""CYP2B6"": 0, ""CYP2C19"": 0, ""CYP2C8"": 0, ""CYP2C9"": 0, ""CYP2D6"": 1, ""CYP2E1"": 0, ""CYP3A4"": 1}"	0.024021544982453267	0.008007181660817755	"{""CYP1A2"": [{""member"": ""Supplementary Material-1.xls"", ""sheet"": ""1A2 test"", ""row"": 326}], ""CYP2A6"": [{""member"": ""Supplementary Material-2.xls"", ""sheet"": ""2A6 train"", ""row"": 1282}], ""CYP2B6"": [{""member"": ""Supplementary Material-2.xls"", ""sheet"": ""2B6 train"", ""row"": 1273}], ""CYP2C19"": [{""member"": ""Supplementary Material-2.xls"", ""sheet"": ""2C19 train"", ""row"": 1285}], ""CYP2C8"": [{""member"": ""Supplementary Material-2.xls"", ""sheet"": ""2C8 train"", ""row"": 1274}], ""CYP2C9"": [{""member"": ""Supplementary Material-2.xls"", ""sheet"": ""2C9 train"", ""row"": 1283}], ""CYP2D6"": [{""member"": ""Supplementary Material-2.xls"", ""sheet"": ""2D6 train"", ""row"": 1288}], ""CYP2E1"": [{""member"": ""Supplementary Material-2.xls"", ""sheet"": ""2E1 train"", ""row"": 1278}], ""CYP3A4"": [{""member"": ""Supplementary Material-2.xls"", ""sheet"": ""3A4 train"", ""row"": 1310}]}"
1	pooled	8	MRDGZSKYFPGAKP-UHFFFAOYSA-N	COc1ccc(N2CCNCC2)cc1	0.29729729890823364	0.1111111111111111	1	"{""CYP1A2"": 0, ""CYP2A6"": 0, ""CYP2B6"": 0, ""CYP2C19"": 0, ""CYP2C8"": 0, ""CYP2C9"": 0, ""CYP2D6"": 1, ""CYP2E1"": 0, ""CYP3A4"": 0}"	0.023805133850355598	0.0026450148722617327	"{""CYP1A2"": [{""member"": ""Supplementary Material-2.xls"", ""sheet"": ""1A2 train"", ""row"": 988}], ""CYP2A6"": [{""member"": ""Supplementary Material-2.xls"", ""sheet"": ""2A6 train"", ""row"": 966}], ""CYP2B6"": [{""member"": ""Supplementary Material-2.xls"", ""sheet"": ""2B6 train"", ""row"": 960}], ""CYP2C19"": [{""member"": ""Supplementary Material-2.xls"", ""sheet"": ""2C19 train"", ""row"": 973}], ""CYP2C8"": [{""member"": ""Supplementary Material-1.xls"", ""sheet"": ""2C8 test"", ""row"": 245}], ""CYP2C9"": [{""member"": ""Supplementary Material-1.xls"", ""sheet"": ""2C9 test"", ""row"": 249}], ""CYP2D6"": [{""member"": ""Supplementary Material-2.xls"", ""sheet"": ""2D6 train"", ""row"": 990}], ""CYP2E1"": [{""member"": ""Supplementary Material-2.xls"", ""sheet"": ""2E1 train"", ""row"": 973}], ""CYP3A4"": [{""member"": ""Supplementary Material-2.xls"", ""sheet"": ""3A4 train"", ""row"": 997}]}"
1	pooled	9	YQNWZWMKLDQSAC-UHFFFAOYSA-N	Cc1ccc(Sc2ccccc2N2CCNCC2)c(C)c1	0.28260868787765503	1.0	1	"{""CYP2C19"": 1, ""CYP2C9"": 1, ""CYP2D6"": 1, ""CYP3A4"": 1}"	0.022628990128422007	0.022628990128422007	"{""CYP2C19"": [{""member"": ""Supplementary Material-1.xls"", ""sheet"": ""2C19 test"", ""row"": 102}], ""CYP2C9"": [{""member"": ""Supplementary Material-2.xls"", ""sheet"": ""2C9 train"", ""row"": 382}], ""CYP2D6"": [{""member"": ""Supplementary Material-2.xls"", ""sheet"": ""2D6 train"", ""row"": 389}], ""CYP3A4"": [{""member"": ""Supplementary Material-2.xls"", ""sheet"": ""3A4 train"", ""row"": 390}]}"
1	pooled	10	KWTSXDURSIMDCE-UHFFFAOYSA-N	CC(N)Cc1ccccc1	0.27272728085517883	1.0	1	"{""CYP2D6"": 1}"	0.021837767948927878	0.021837767948927878	"{""CYP2D6"": [{""member"": ""Supplementary Material-2.xls"", ""sheet"": ""2D6 train"", ""row"": 485}]}"
1	pooled	11	ZBILSSSEXRZGKS-UHFFFAOYSA-N	c1ccc2c(c1)Cc1ccccc1N1CCNCC21	0.27272728085517883	1.0	1	"{""CYP1A2"": 1, ""CYP2D6"": 1, ""CYP3A4"": 1}"	0.021837767948927878	0.021837767948927878	"{""CYP1A2"": [{""member"": ""Supplementary Material-2.xls"", ""sheet"": ""1A2 train"", ""row"": 398}], ""CYP2D6"": [{""member"": ""Supplementary Material-1.xls"", ""sheet"": ""2D6 test"", ""row"": 92}], ""CYP3A4"": [{""member"": ""Supplementary Material-1.xls"", ""sheet"": ""3A4 test"", ""row"": 104}]}"
1	pooled	12	NAUWTFJOPJWYOT-UHFFFAOYSA-N	Fc1ccc(C(OCCN2CCN(CCCc3ccccc3)CC2)c2ccc(F)cc2)cc1	0.2708333432674408	0.1111111111111111	1	"{""CYP1A2"": 0, ""CYP2A6"": 0, ""CYP2B6"": 0, ""CYP2C19"": 0, ""CYP2C8"": 0, ""CYP2C9"": 0, ""CYP2D6"": 1, ""CYP2E1"": 0, ""CYP3A4"": 0}"	0.021686116931761257	0.002409568547973473	"{""CYP1A2"": [{""member"": ""Supplementary Material-1.xls"", ""sheet"": ""1A2 test"", ""row"": 200}], ""CYP2A6"": [{""member"": ""Supplementary Material-2.xls"", ""sheet"": ""2A6 train"", ""row"": 804}], ""CYP2B6"": [{""member"": ""Supplementary Material-1.xls"", ""sheet"": ""2B6 test"", ""row"": 210}], ""CYP2C19"": [{""member"": ""Supplementary Material-2.xls"", ""sheet"": ""2C19 train"", ""row"": 822}], ""CYP2C8"": [{""member"": ""Supplementary Material-2.xls"", ""sheet"": ""2C8 train"", ""row"": 800}], ""CYP2C9"": [{""member"": ""Supplementary Material-2.xls"", ""sheet"": ""2C9 train"", ""row"": 810}], ""CYP2D6"": [{""member"": ""Supplementary Material-1.xls"", ""sheet"": ""2D6 test"", ""row"": 196}], ""CYP2E1"": [{""member"": ""Supplementary Material-2.xls"", ""sheet"": ""2E1 train"", ""row"": 819}], ""CYP3A4"": [{""member"": ""Supplementary Material-2.xls"", ""sheet"": ""3A4 train"", ""row"": 830}]}"
1	pooled	13	PHWBOXQYWZNQIN-UHFFFAOYSA-N	Clc1ccccc1CN1CCc2sccc2C1	0.260869562625885	0.6666666666666666	1	"{""CYP1A2"": 1, ""CYP2A6"": 0, ""CYP2B6"": 0, ""CYP2C19"": 1, ""CYP2C8"": 1, ""CYP2C9"": 1, ""CYP2D6"": 1, ""CYP2E1"": 0, ""CYP3A4"": 1}"	0.02088829894720893	0.013925532631472618	"{""CYP1A2"": [{""member"": ""Supplementary Material-2.xls"", ""sheet"": ""1A2 train"", ""row"": 1295}], ""CYP2A6"": [{""member"": ""Supplementary Material-2.xls"", ""sheet"": ""2A6 train"", ""row"": 1292}], ""CYP2B6"": [{""member"": ""Supplementary Material-2.xls"", ""sheet"": ""2B6 train"", ""row"": 1283}], ""CYP2C19"": [{""member"": ""Supplementary Material-2.xls"", ""sheet"": ""2C19 train"", ""row"": 1294}], ""CYP2C8"": [{""member"": ""Supplementary Material-2.xls"", ""sheet"": ""2C8 train"", ""row"": 1284}], ""CYP2C9"": [{""member"": ""Supplementary Material-2.xls"", ""sheet"": ""2C9 train"", ""row"": 1294}], ""CYP2D6"": [{""member"": ""Supplementary Material-2.xls"", ""sheet"": ""2D6 train"", ""row"": 1297}], ""CYP2E1"": [{""member"": ""Supplementary Material-2.xls"", ""sheet"": ""2E1 train"", ""row"": 1289}], ""CYP3A4"": [{""member"": ""Supplementary Material-1.xls"", ""sheet"": ""3A4 test"", ""row"": 328}]}"
1	pooled	14	PJMPHNIQZUBGLI-UHFFFAOYSA-N	CCC(=O)N(c1ccccc1)C1CCN(CCc2ccccc2)CC1	0.25999999046325684	0.1111111111111111	0	"{""CYP1A2"": 0, ""CYP2A6"": 0, ""CYP2B6"": 0, ""CYP2C19"": 0, ""CYP2C8"": 0, ""CYP2C9"": 0, ""CYP2D6"": 0, ""CYP2E1"": 0, ""CYP3A4"": 1}"	0.020818670727242167	0.0023131856363602407	"{""CYP1A2"": [{""member"": ""Supplementary Material-2.xls"", ""sheet"": ""1A2 train"", ""row"": 778}], ""CYP2A6"": [{""member"": ""Supplementary Material-2.xls"", ""sheet"": ""2A6 train"", ""row"": 755}], ""CYP2B6"": [{""member"": ""Supplementary Material-2.xls"", ""sheet"": ""2B6 train"", ""row"": 749}], ""CYP2C19"": [{""member"": ""Supplementary Material-2.xls"", ""sheet"": ""2C19 train"", ""row"": 771}], ""CYP2C8"": [{""member"": ""Supplementary Material-2.xls"", ""sheet"": ""2C8 train"", ""row"": 752}], ""CYP2C9"": [{""member"": ""Supplementary Material-2.xls"", ""sheet"": ""2C9 train"", ""row"": 762}], ""CYP2D6"": [{""member"": ""Supplementary Material-2.xls"", ""sheet"": ""2D6 train"", ""row"": 774}], ""CYP2E1"": [{""member"": ""Supplementary Material-2.xls"", ""sheet"": ""2E1 train"", ""row"": 770}], ""CYP3A4"": [{""member"": ""Supplementary Material-2.xls"", ""sheet"": ""3A4 train"", ""row"": 779}]}"
1	pooled	15	LXZQPMXUOONUMX-UHFFFAOYSA-N	O=C(Cc1ccccc1)C(O)O	0.2571428716182709	0.0	0	"{""CYP1A2"": 0, ""CYP2A6"": 0, ""CYP2B6"": 0, ""CYP2C19"": 0, ""CYP2C8"": 0, ""CYP2C9"": 0, ""CYP2D6"": 0, ""CYP2E1"": 0, ""CYP3A4"": 0}"	0.020589896040149373	0.0	"{""CYP1A2"": [{""member"": ""Supplementary Material-2.xls"", ""sheet"": ""1A2 train"", ""row"": 477}], ""CYP2A6"": [{""member"": ""Supplementary Material-2.xls"", ""sheet"": ""2A6 train"", ""row"": 449}], ""CYP2B6"": [{""member"": ""Supplementary Material-1.xls"", ""sheet"": ""2B6 test"", ""row"": 128}], ""CYP2C19"": [{""member"": ""Supplementary Material-2.xls"", ""sheet"": ""2C19 train"", ""row"": 472}], ""CYP2C8"": [{""member"": ""Supplementary Material-1.xls"", ""sheet"": ""2C8 test"", ""row"": 128}], ""CYP2C9"": [{""member"": ""Supplementary Material-2.xls"", ""sheet"": ""2C9 train"", ""row"": 471}], ""CYP2D6"": [{""member"": ""Supplementary Material-2.xls"", ""sheet"": ""2D6 train"", ""row"": 469}], ""CYP2E1"": [{""member"": ""Supplementary Material-2.xls"", ""sheet"": ""2E1 train"", ""row"": 475}], ""CYP3A4"": [{""member"": ""Supplementary Material-1.xls"", ""sheet"": ""3A4 test"", ""row"": 120}]}"
1	pooled	16	MYWUZJCMWCOHBA-UHFFFAOYSA-N	CNC(C)Cc1ccccc1	0.2571428716182709	0.1111111111111111	1	"{""CYP1A2"": 0, ""CYP2A6"": 0, ""CYP2B6"": 0, ""CYP2C19"": 0, ""CYP2C8"": 0, ""CYP2C9"": 0, ""CYP2D6"": 1, ""CYP2E1"": 0, ""CYP3A4"": 0}"	0.020589896040149373	0.0022877662266832634	"{""CYP1A2"": [{""member"": ""Supplementary Material-2.xls"", ""sheet"": ""1A2 train"", ""row"": 995}], ""CYP2A6"": [{""member"": ""Supplementary Material-1.xls"", ""sheet"": ""2A6 test"", ""row"": 250}], ""CYP2B6"": [{""member"": ""Supplementary Material-1.xls"", ""sheet"": ""2B6 test"", ""row"": 256}], ""CYP2C19"": [{""member"": ""Supplementary Material-1.xls"", ""sheet"": ""2C19 test"", ""row"": 256}], ""CYP2C8"": [{""member"": ""Supplementary Material-2.xls"", ""sheet"": ""2C8 train"", ""row"": 979}], ""CYP2C9"": [{""member"": ""Supplementary Material-1.xls"", ""sheet"": ""2C9 test"", ""row"": 251}], ""CYP2D6"": [{""member"": ""Supplementary Material-2.xls"", ""sheet"": ""2D6 train"", ""row"": 998}], ""CYP2E1"": [{""member"": ""Supplementary Material-2.xls"", ""sheet"": ""2E1 train"", ""row"": 982}], ""CYP3A4"": [{""member"": ""Supplementary Material-2.xls"", ""sheet"": ""3A4 train"", ""row"": 1006}]}"
1	pooled	17	DERZBLKQOCDDDZ-UHFFFAOYSA-N	C(=Cc1ccccc1)CN1CCN(C(c2ccccc2)c2ccccc2)CC1	0.25	0.4444444444444444	1	"{""CYP1A2"": 1, ""CYP2A6"": 0, ""CYP2B6"": 1, ""CYP2C19"": 0, ""CYP2C8"": 0, ""CYP2C9"": 1, ""CYP2D6"": 1, ""CYP2E1"": 0, ""CYP3A4"": 0}"	0.02001795335660239	0.00889686815848995	"{""CYP1A2"": [{""member"": ""Supplementary Material-2.xls"", ""sheet"": ""1A2 train"", ""row"": 611}], ""CYP2A6"": [{""member"": ""Supplementary Material-2.xls"", ""sheet"": ""2A6 train"", ""row"": 581}], ""CYP2B6"": [{""member"": ""Supplementary Material-1.xls"", ""sheet"": ""2B6 test"", ""row"": 161}], ""CYP2C19"": [{""member"": ""Supplementary Material-2.xls"", ""sheet"": ""2C19 train"", ""row"": 599}], ""CYP2C8"": [{""member"": ""Supplementary Material-2.xls"", ""sheet"": ""2C8 train"", ""row"": 580}], ""CYP2C9"": [{""member"": ""Supplementary Material-2.xls"", ""sheet"": ""2C9 train"", ""row"": 594}], ""CYP2D6"": [{""member"": ""Supplementary Material-2.xls"", ""sheet"": ""2D6 train"", ""row"": 592}], ""CYP2E1"": [{""member"": ""Supplementary Material-2.xls"", ""sheet"": ""2E1 train"", ""row"": 604}], ""CYP3A4"": [{""member"": ""Supplementary Material-2.xls"", ""sheet"": ""3A4 train"", ""row"": 613}]}"
1	pooled	18	FHPIXVHJEIZKJW-UHFFFAOYSA-N	Cc1cc2c(s1)Nc1ccccc1N=C2N1CCNCC1	0.25	0.1111111111111111	1	"{""CYP1A2"": 0, ""CYP2A6"": 0, ""CYP2B6"": 0, ""CYP2C19"": 0, ""CYP2C8"": 0, ""CYP2C9"": 0, ""CYP2D6"": 1, ""CYP2E1"": 0, ""CYP3A4"": 0}"	0.02001795335660239	0.0022242170396224877	"{""CYP1A2"": [{""member"": ""Supplementary Material-2.xls"", ""sheet"": ""1A2 train"", ""row"": 286}], ""CYP2A6"": [{""member"": ""Supplementary Material-1.xls"", ""sheet"": ""2A6 test"", ""row"": 87}], ""CYP2B6"": [{""member"": ""Supplementary Material-2.xls"", ""sheet"": ""2B6 train"", ""row"": 275}], ""CYP2C19"": [{""member"": ""Supplementary Material-2.xls"", ""sheet"": ""2C19 train"", ""row"": 284}], ""CYP2C8"": [{""member"": ""Supplementary Material-2.xls"", ""sheet"": ""2C8 train"", ""row"": 281}], ""CYP2C9"": [{""member"": ""Supplementary Material-2.xls"", ""sheet"": ""2C9 train"", ""row"": 276}], ""CYP2D6"": [{""member"": ""Supplementary Material-2.xls"", ""sheet"": ""2D6 train"", ""row"": 276}], ""CYP2E1"": [{""member"": ""Supplementary Material-2.xls"", ""sheet"": ""2E1 train"", ""row"": 292}], ""CYP3A4"": [{""member"": ""Supplementary Material-2.xls"", ""sheet"": ""3A4 train"", ""row"": 284}]}"
1	pooled	19	IWIANZLCJVYEFX-UHFFFAOYSA-N	O=C(O)C(Cc1ccccc1)NC(=O)C1CCCN1	0.2448979616165161	0.0	0	"{""CYP1A2"": 0, ""CYP2A6"": 0, ""CYP2B6"": 0, ""CYP2C19"": 0, ""CYP2C8"": 0, ""CYP2C9"": 0, ""CYP2D6"": 0, ""CYP2E1"": 0, ""CYP3A4"": 0}"	0.019609423891065687	0.0	"{""CYP1A2"": [{""member"": ""Supplementary Material-2.xls"", ""sheet"": ""1A2 train"", ""row"": 1160}], ""CYP2A6"": [{""member"": ""Supplementary Material-2.xls"", ""sheet"": ""2A6 train"", ""row"": 1150}], ""CYP2B6"": [{""member"": ""Supplementary Material-2.xls"", ""sheet"": ""2B6 train"", ""row"": 1148}], ""CYP2C19"": [{""member"": ""Supplementary Material-1.xls"", ""sheet"": ""2C19 test"", ""row"": 290}], ""CYP2C8"": [{""member"": ""Supplementary Material-2.xls"", ""sheet"": ""2C8 train"", ""row"": 1148}], ""CYP2C9"": [{""member"": ""Supplementary Material-2.xls"", ""sheet"": ""2C9 train"", ""row"": 1157}], ""CYP2D6"": [{""member"": ""Supplementary Material-1.xls"", ""sheet"": ""2D6 test"", ""row"": 284}], ""CYP2E1"": [{""member"": ""Supplementary Material-2.xls"", ""sheet"": ""2E1 train"", ""row"": 1153}], ""CYP3A4"": [{""member"": ""Supplementary Material-2.xls"", ""sheet"": ""3A4 train"", ""row"": 1175}]}"
1	pooled	20	YAGBSNMZQKEFCO-UHFFFAOYSA-N	CCNC(C)Cc1ccccc1	0.2432432472705841	1.0	1	"{""CYP2D6"": 1}"	0.019476927912684218	0.019476927912684218	"{""CYP2D6"": [{""member"": ""Supplementary Material-2.xls"", ""sheet"": ""2D6 train"", ""row"": 396}]}"
1	pooled	21	QXUSBVUVNRNHFU-UHFFFAOYSA-N	Oc1cc2c(s1)CCN(Cc1ccccc1Cl)C2	0.23999999463558197	1.0	1	"{""CYP1A2"": 1, ""CYP2C19"": 1, ""CYP2C8"": 1, ""CYP2C9"": 1, ""CYP2D6"": 1, ""CYP3A4"": 1}"	0.019217234792799614	0.019217234792799614	"{""CYP1A2"": [{""member"": ""Supplementary Material-2.xls"", ""sheet"": ""1A2 train"", ""row"": 218}], ""CYP2C19"": [{""member"": ""Supplementary Material-2.xls"", ""sheet"": ""2C19 train"", ""row"": 217}], ""CYP2C8"": [{""member"": ""Supplementary Material-1.xls"", ""sheet"": ""2C8 test"", ""row"": 58}], ""CYP2C9"": [{""member"": ""Supplementary Material-2.xls"", ""sheet"": ""2C9 train"", ""row"": 210}], ""CYP2D6"": [{""member"": ""Supplementary Material-2.xls"", ""sheet"": ""2D6 train"", ""row"": 218}], ""CYP3A4"": [{""member"": ""Supplementary Material-2.xls"", ""sheet"": ""3A4 train"", ""row"": 219}]}"
1	pooled	22	VHOMAPWVLKRQAZ-UHFFFAOYSA-N	CCC(=O)OCc1ccccc1	0.2368421107530594	0.0	0	"{""CYP1A2"": 0, ""CYP2A6"": 0, ""CYP2B6"": 0, ""CYP2C19"": 0, ""CYP2C8"": 0, ""CYP2C9"": 0, ""CYP2D6"": 0, ""CYP2E1"": 0, ""CYP3A4"": 0}"	0.018964377303736	0.0	"{""CYP1A2"": [{""member"": ""Supplementary Material-2.xls"", ""sheet"": ""1A2 train"", ""row"": 530}], ""CYP2A6"": [{""member"": ""Supplementary Material-2.xls"", ""sheet"": ""2A6 train"", ""row"": 499}], ""CYP2B6"": [{""member"": ""Supplementary Material-2.xls"", ""sheet"": ""2B6 train"", ""row"": 503}], ""CYP2C19"": [{""member"": ""Supplementary Material-1.xls"", ""sheet"": ""2C19 test"", ""row"": 132}], ""CYP2C8"": [{""member"": ""Supplementary Material-2.xls"", ""sheet"": ""2C8 train"", ""row"": 500}], ""CYP2C9"": [{""member"": ""Supplementary Material-2.xls"", ""sheet"": ""2C9 train"", ""row"": 520}], ""CYP2D6"": [{""member"": ""Supplementary Material-2.xls"", ""sheet"": ""2D6 train"", ""row"": 517}], ""CYP2E1"": [{""member"": ""Supplementary Material-2.xls"", ""sheet"": ""2E1 train"", ""row"": 525}], ""CYP3A4"": [{""member"": ""Supplementary Material-2.xls"", ""sheet"": ""3A4 train"", ""row"": 533}]}"
1	pooled	23	YXKTVDFXDRQTKV-UHFFFAOYSA-N	CC(Cc1ccccc1)N(C)Cc1ccccc1	0.2368421107530594	0.2222222222222222	0	"{""CYP1A2"": 0, ""CYP2A6"": 0, ""CYP2B6"": 1, ""CYP2C19"": 0, ""CYP2C8"": 0, ""CYP2C9"": 0, ""CYP2D6"": 0, ""CYP2E1"": 0, ""CYP3A4"": 1}"	0.018964377303736	0.004214306067496889	"{""CYP1A2"": [{""member"": ""Supplementary Material-2.xls"", ""sheet"": ""1A2 train"", ""row"": 529}], ""CYP2A6"": [{""member"": ""Supplementary Material-1.xls"", ""sheet"": ""2A6 test"", ""row"": 144}], ""CYP2B6"": [{""member"": ""Supplementary Material-2.xls"", ""sheet"": ""2B6 train"", ""row"": 502}], ""CYP2C19"": [{""member"": ""Supplementary Material-2.xls"", ""sheet"": ""2C19 train"", ""row"": 522}], ""CYP2C8"": [{""member"": ""Supplementary Material-2.xls"", ""sheet"": ""2C8 train"", ""row"": 499}], ""CYP2C9"": [{""member"": ""Supplementary Material-2.xls"", ""sheet"": ""2C9 train"", ""row"": 519}], ""CYP2D6"": [{""member"": ""Supplementary Material-1.xls"", ""sheet"": ""2D6 test"", ""row"": 134}], ""CYP2E1"": [{""member"": ""Supplementary Material-2.xls"", ""sheet"": ""2E1 train"", ""row"": 524}], ""CYP3A4"": [{""member"": ""Supplementary Material-2.xls"", ""sheet"": ""3A4 train"", ""row"": 532}]}"
1	pooled	24	DTYGTEGDVPAKDA-UHFFFAOYSA-N	CC(C)CC(=O)Cc1ccccc1	0.2368421107530594	0.0	0	"{""CYP1A2"": 0, ""CYP2A6"": 0, ""CYP2B6"": 0, ""CYP2C19"": 0, ""CYP2C8"": 0, ""CYP2C9"": 0, ""CYP2D6"": 0, ""CYP2E1"": 0, ""CYP3A4"": 0}"	0.018964377303736	0.0	"{""CYP1A2"": [{""member"": ""Supplementary Material-2.xls"", ""sheet"": ""1A2 train"", ""row"": 295}], ""CYP2A6"": [{""member"": ""Supplementary Material-2.xls"", ""sheet"": ""2A6 train"", ""row"": 272}], ""CYP2B6"": [{""member"": ""Supplementary Material-2.xls"", ""sheet"": ""2B6 train"", ""row"": 284}], ""CYP2C19"": [{""member"": ""Supplementary Material-2.xls"", ""sheet"": ""2C19 train"", ""row"": 291}], ""CYP2C8"": [{""member"": ""Supplementary Material-2.xls"", ""sheet"": ""2C8 train"", ""row"": 289}], ""CYP2C9"": [{""member"": ""Supplementary Material-2.xls"", ""sheet"": ""2C9 train"", ""row"": 282}], ""CYP2D6"": [{""member"": ""Supplementary Material-2.xls"", ""sheet"": ""2D6 train"", ""row"": 286}], ""CYP2E1"": [{""member"": ""Supplementary Material-1.xls"", ""sheet"": ""2E1 test"", ""row"": 67}], ""CYP3A4"": [{""member"": ""Supplementary Material-2.xls"", ""sheet"": ""3A4 train"", ""row"": 290}]}"
1	pooled	25	PLRACCBDVIHHLZ-UHFFFAOYSA-N	CN1CC=C(c2ccccc2)CC1	0.2368421107530594	0.1111111111111111	1	"{""CYP1A2"": 0, ""CYP2A6"": 0, ""CYP2B6"": 0, ""CYP2C19"": 0, ""CYP2C8"": 0, ""CYP2C9"": 0, ""CYP2D6"": 1, ""CYP2E1"": 0, ""CYP3A4"": 0}"	0.018964377303736	0.0021071530337484446	"{""CYP1A2"": [{""member"": ""Supplementary Material-2.xls"", ""sheet"": ""1A2 train"", ""row"": 1043}], ""CYP2A6"": [{""member"": ""Supplementary Material-2.xls"", ""sheet"": ""2A6 train"", ""row"": 1021}], ""CYP2B6"": [{""member"": ""Supplementary Material-2.xls"", ""sheet"": ""2B6 train"", ""row"": 1012}], ""CYP2C19"": [{""member"": ""Supplementary Material-1.xls"", ""sheet"": ""2C19 test"", ""row"": 263}], ""CYP2C8"": [{""member"": ""Supplementary Material-2.xls"", ""sheet"": ""2C8 train"", ""row"": 1022}], ""CYP2C9"": [{""member"": ""Supplementary Material-2.xls"", ""sheet"": ""2C9 train"", ""row"": 1025}], ""CYP2D6"": [{""member"": ""Supplementary Material-2.xls"", ""sheet"": ""2D6 train"", ""row"": 1041}], ""CYP2E1"": [{""member"": ""Supplementary Material-2.xls"", ""sheet"": ""2E1 train"", ""row"": 1023}], ""CYP3A4"": [{""member"": ""Supplementary Material-2.xls"", ""sheet"": ""3A4 train"", ""row"": 1051}]}"
1	pooled	26	JTJMJGYZQZDUJJ-UHFFFAOYSA-N	c1ccc(C2(N3CCCCC3)CCCCC2)cc1	0.2368421107530594	0.1111111111111111	0	"{""CYP1A2"": 0, ""CYP2A6"": 0, ""CYP2B6"": 0, ""CYP2C19"": 0, ""CYP2C8"": 0, ""CYP2C9"": 0, ""CYP2D6"": 0, ""CYP2E1"": 0, ""CYP3A4"": 1}"	0.018964377303736	0.0021071530337484446	"{""CYP1A2"": [{""member"": ""Supplementary Material-2.xls"", ""sheet"": ""1A2 train"", ""row"": 1139}], ""CYP2A6"": [{""member"": ""Supplementary Material-2.xls"", ""sheet"": ""2A6 train"", ""row"": 1127}], ""CYP2B6"": [{""member"": ""Supplementary Material-2.xls"", ""sheet"": ""2B6 train"", ""row"": 1120}], ""CYP2C19"": [{""member"": ""Supplementary Material-1.xls"", ""sheet"": ""2C19 test"", ""row"": 281}], ""CYP2C8"": [{""member"": ""Supplementary Material-2.xls"", ""sheet"": ""2C8 train"", ""row"": 1125}], ""CYP2C9"": [{""member"": ""Supplementary Material-1.xls"", ""sheet"": ""2C9 test"", ""row"": 283}], ""CYP2D6"": [{""member"": ""Supplementary Material-2.xls"", ""sheet"": ""2D6 train"", ""row"": 1146}], ""CYP2E1"": [{""member"": ""Supplementary Material-2.xls"", ""sheet"": ""2E1 train"", ""row"": 1130}], ""CYP3A4"": [{""member"": ""Supplementary Material-1.xls"", ""sheet"": ""3A4 test"", ""row"": 292}]}"
1	pooled	27	DFWOMDUVXAUTRY-UHFFFAOYSA-N	COC(=O)c1c(C)nc(C)c(C(=O)OC2CCN(Cc3ccccc3)C2)c1-c1cccc([N+](=O)[O-])c1	0.23188406229019165	1.0		"{""CYP3A4"": 1}"	0.018567377372258158	0.018567377372258158	"{""CYP3A4"": [{""member"": ""Supplementary Material-2.xls"", ""sheet"": ""3A4 train"", ""row"": 525}]}"
1	pooled	28	RDOIQAHITMMDAJ-UHFFFAOYSA-N	CN(C)C(=O)C(CCN1CCC(O)(c2ccc(Cl)cc2)CC1)(c1ccccc1)c1ccccc1	0.22807016968727112	0.4444444444444444	1	"{""CYP1A2"": 0, ""CYP2A6"": 0, ""CYP2B6"": 1, ""CYP2C19"": 0, ""CYP2C8"": 1, ""CYP2C9"": 0, ""CYP2D6"": 1, ""CYP2E1"": 0, ""CYP3A4"": 1}"	0.01826199207532874	0.008116440922368328	"{""CYP1A2"": [{""member"": ""Supplementary Material-2.xls"", ""sheet"": ""1A2 train"", ""row"": 949}], ""CYP2A6"": [{""member"": ""Supplementary Material-2.xls"", ""sheet"": ""2A6 train"", ""row"": 926}], ""CYP2B6"": [{""member"": ""Supplementary Material-2.xls"", ""sheet"": ""2B6 train"", ""row"": 923}], ""CYP2C19"": [{""member"": ""Supplementary Material-2.xls"", ""sheet"": ""2C19 train"", ""row"": 941}], ""CYP2C8"": [{""member"": ""Supplementary Material-2.xls"", ""sheet"": ""2C8 train"", ""row"": 933}], ""CYP2C9"": [{""member"": ""Supplementary Material-2.xls"", ""sheet"": ""2C9 train"", ""row"": 936}], ""CYP2D6"": [{""member"": ""Supplementary Material-2.xls"", ""sheet"": ""2D6 train"", ""row"": 957}], ""CYP2E1"": [{""member"": ""Supplementary Material-2.xls"", ""sheet"": ""2E1 train"", ""row"": 940}], ""CYP3A4"": [{""member"": ""Supplementary Material-2.xls"", ""sheet"": ""3A4 train"", ""row"": 961}]}"
1	pooled	29	INGSNVSERUZOAK-UHFFFAOYSA-N	O=C(O)C(c1ccccc1)C1CCCCN1	0.22727273404598236	0.0	0	"{""CYP1A2"": 0, ""CYP2A6"": 0, ""CYP2B6"": 0, ""CYP2C19"": 0, ""CYP2C8"": 0, ""CYP2C9"": 0, ""CYP2D6"": 0, ""CYP2E1"": 0, ""CYP3A4"": 0}"	0.0181981399574399	0.0	"{""CYP1A2"": [{""member"": ""Supplementary Material-2.xls"", ""sheet"": ""1A2 train"", ""row"": 924}], ""CYP2A6"": [{""member"": ""Supplementary Material-2.xls"", ""sheet"": ""2A6 train"", ""row"": 900}], ""CYP2B6"": [{""member"": ""Supplementary Material-1.xls"", ""sheet"": ""2B6 test"", ""row"": 241}], ""CYP2C19"": [{""member"": ""Supplementary Material-2.xls"", ""sheet"": ""2C19 train"", ""row"": 913}], ""CYP2C8"": [{""member"": ""Supplementary Material-1.xls"", ""sheet"": ""2C8 test"", ""row"": 232}], ""CYP2C9"": [{""member"": ""Supplementary Material-1.xls"", ""sheet"": ""2C9 test"", ""row"": 233}], ""CYP2D6"": [{""member"": ""Supplementary Material-2.xls"", ""sheet"": ""2D6 train"", ""row"": 932}], ""CYP2E1"": [{""member"": ""Supplementary Material-2.xls"", ""sheet"": ""2E1 train"", ""row"": 917}], ""CYP3A4"": [{""member"": ""Supplementary Material-1.xls"", ""sheet"": ""3A4 test"", ""row"": 232}]}"
1	pooled	30	SMANXXCATUTDDT-UHFFFAOYSA-N	Fc1ccc(C(c2ccc(F)cc2)N2CCN(CC=Cc3ccccc3)CC2)cc1	0.22448979318141937	0.3333333333333333	1	"{""CYP1A2"": 0, ""CYP2A6"": 1, ""CYP2B6"": 0, ""CYP2C19"": 0, ""CYP2C8"": 0, ""CYP2C9"": 1, ""CYP2D6"": 1, ""CYP2E1"": 0, ""CYP3A4"": 0}"	0.017975304835755882	0.005991768278585293	"{""CYP1A2"": [{""member"": ""Supplementary Material-2.xls"", ""sheet"": ""1A2 train"", ""row"": 786}], ""CYP2A6"": [{""member"": ""Supplementary Material-2.xls"", ""sheet"": ""2A6 train"", ""row"": 761}], ""CYP2B6"": [{""member"": ""Supplementary Material-2.xls"", ""sheet"": ""2B6 train"", ""row"": 756}], ""CYP2C19"": [{""member"": ""Supplementary Material-2.xls"", ""sheet"": ""2C19 train"", ""row"": 776}], ""CYP2C8"": [{""member"": ""Supplementary Material-2.xls"", ""sheet"": ""2C8 train"", ""row"": 757}], ""CYP2C9"": [{""member"": ""Supplementary Material-1.xls"", ""sheet"": ""2C9 test"", ""row"": 200}], ""CYP2D6"": [{""member"": ""Supplementary Material-2.xls"", ""sheet"": ""2D6 train"", ""row"": 781}], ""CYP2E1"": [{""member"": ""Supplementary Material-2.xls"", ""sheet"": ""2E1 train"", ""row"": 777}], ""CYP3A4"": [{""member"": ""Supplementary Material-1.xls"", ""sheet"": ""3A4 test"", ""row"": 201}]}"
1	pooled	31	WEYVCQFUGFRXOM-UHFFFAOYSA-N	CN1CCN(CCCN2c3ccccc3Sc3ccccc32)CC1	0.2222222238779068	0.8888888888888888	1	"{""CYP1A2"": 1, ""CYP2A6"": 1, ""CYP2B6"": 1, ""CYP2C19"": 1, ""CYP2C8"": 0, ""CYP2C9"": 1, ""CYP2D6"": 1, ""CYP2E1"": 1, ""CYP3A4"": 1}"	0.01779373644955357	0.015816654621825396	"{""CYP1A2"": [{""member"": ""Supplementary Material-1.xls"", ""sheet"": ""1A2 test"", ""row"": 280}], ""CYP2A6"": [{""member"": ""Supplementary Material-2.xls"", ""sheet"": ""2A6 train"", ""row"": 1118}], ""CYP2B6"": [{""member"": ""Supplementary Material-1.xls"", ""sheet"": ""2B6 test"", ""row"": 286}], ""CYP2C19"": [{""member"": ""Supplementary Material-2.xls"", ""sheet"": ""2C19 train"", ""row"": 1130}], ""CYP2C8"": [{""member"": ""Supplementary Material-2.xls"", ""sheet"": ""2C8 train"", ""row"": 1116}], ""CYP2C9"": [{""member"": ""Supplementary Material-2.xls"", ""sheet"": ""2C9 train"", ""row"": 1122}], ""CYP2D6"": [{""member"": ""Supplementary Material-2.xls"", ""sheet"": ""2D6 train"", ""row"": 1138}], ""CYP2E1"": [{""member"": ""Supplementary Material-2.xls"", ""sheet"": ""2E1 train"", ""row"": 1120}], ""CYP3A4"": [{""member"": ""Supplementary Material-2.xls"", ""sheet"": ""3A4 train"", ""row"": 1140}]}"
1	pooled	32	RFFLAFLAYFXFSW-UHFFFAOYSA-N	Clc1ccccc1Cl	0.2222222238779068	0.3333333333333333	0	"{""CYP1A2"": 1, ""CYP2A6"": 0, ""CYP2B6"": 0, ""CYP2C19"": 0, ""CYP2C8"": 0, ""CYP2C9"": 0, ""CYP2D6"": 0, ""CYP2E1"": 1, ""CYP3A4"": 1}"	0.01779373644955357	0.005931245483184523	"{""CYP1A2"": [{""member"": ""Supplementary Material-1.xls"", ""sheet"": ""1A2 test"", ""row"": 271}], ""CYP2A6"": [{""member"": ""Supplementary Material-1.xls"", ""sheet"": ""2A6 test"", ""row"": 275}], ""CYP2B6"": [{""member"": ""Supplementary Material-2.xls"", ""sheet"": ""2B6 train"", ""row"": 1091}], ""CYP2C19"": [{""member"": ""Supplementary Material-2.xls"", ""sheet"": ""2C19 train"", ""row"": 1110}], ""CYP2C8"": [{""member"": ""Supplementary Material-2.xls"", ""sheet"": ""2C8 train"", ""row"": 1098}], ""CYP2C9"": [{""member"": ""Supplementary Material-2.xls"", ""sheet"": ""2C9 train"", ""row"": 1104}], ""CYP2D6"": [{""member"": ""Supplementary Material-2.xls"", ""sheet"": ""2D6 train"", ""row"": 1118}], ""CYP2E1"": [{""member"": ""Supplementary Material-2.xls"", ""sheet"": ""2E1 train"", ""row"": 1099}], ""CYP3A4"": [{""member"": ""Supplementary Material-2.xls"", ""sheet"": ""3A4 train"", ""row"": 1120}]}"
1	pooled	33	VIAVBPFRYASSKF-UHFFFAOYSA-N	CCCCNC(C)Cc1ccccc1	0.2195121943950653	1.0	1	"{""CYP2D6"": 1}"	0.017576739474423415	0.017576739474423415	"{""CYP2D6"": [{""member"": ""Supplementary Material-2.xls"", ""sheet"": ""2D6 train"", ""row"": 394}]}"
1	pooled	34	HWMGTNOVUDIKRE-UHFFFAOYSA-N	NC(Cc1ccccc1)C(=O)NC(CC(=O)O)C(=O)O	0.21739129722118378	0.0	0	"{""CYP1A2"": 0, ""CYP2A6"": 0, ""CYP2B6"": 0, ""CYP2C19"": 0, ""CYP2C8"": 0, ""CYP2C9"": 0, ""CYP2D6"": 0, ""CYP2E1"": 0, ""CYP3A4"": 0}"	0.017406915391619773	0.0	"{""CYP1A2"": [{""member"": ""Supplementary Material-2.xls"", ""sheet"": ""1A2 train"", ""row"": 1369}], ""CYP2A6"": [{""member"": ""Supplementary Material-2.xls"", ""sheet"": ""2A6 train"", ""row"": 1363}], ""CYP2B6"": [{""member"": ""Supplementary Material-2.xls"", ""sheet"": ""2B6 train"", ""row"": 1356}], ""CYP2C19"": [{""member"": ""Supplementary Material-2.xls"", ""sheet"": ""2C19 train"", ""row"": 1368}], ""CYP2C8"": [{""member"": ""Supplementary Material-2.xls"", ""sheet"": ""2C8 train"", ""row"": 1362}], ""CYP2C9"": [{""member"": ""Supplementary Material-2.xls"", ""sheet"": ""2C9 train"", ""row"": 1369}], ""CYP2D6"": [{""member"": ""Supplementary Material-2.xls"", ""sheet"": ""2D6 train"", ""row"": 1373}], ""CYP2E1"": [{""member"": ""Supplementary Material-2.xls"", ""sheet"": ""2E1 train"", ""row"": 1359}], ""CYP3A4"": [{""member"": ""Supplementary Material-2.xls"", ""sheet"": ""3A4 train"", ""row"": 1396}]}"
1	pooled	35	FGXWKSZFVQUSTL-UHFFFAOYSA-N	O=c1[nH]c2ccccc2n1CCCN1CCC(n2c(=O)[nH]c3cc(Cl)ccc32)CC1	0.21666666865348816	0.625	1	"{""CYP1A2"": 1, ""CYP2A6"": 0, ""CYP2B6"": 1, ""CYP2C8"": 1, ""CYP2C9"": 0, ""CYP2D6"": 1, ""CYP2E1"": 0, ""CYP3A4"": 1}"	0.017348893068143804	0.010843058167589879	"{""CYP1A2"": [{""member"": ""Supplementary Material-2.xls"", ""sheet"": ""1A2 train"", ""row"": 728}], ""CYP2A6"": [{""member"": ""Supplementary Material-2.xls"", ""sheet"": ""2A6 train"", ""row"": 707}], ""CYP2B6"": [{""member"": ""Supplementary Material-2.xls"", ""sheet"": ""2B6 train"", ""row"": 707}], ""CYP2C8"": [{""member"": ""Supplementary Material-2.xls"", ""sheet"": ""2C8 train"", ""row"": 702}], ""CYP2C9"": [{""member"": ""Supplementary Material-1.xls"", ""sheet"": ""2C9 test"", ""row"": 187}], ""CYP2D6"": [{""member"": ""Supplementary Material-1.xls"", ""sheet"": ""2D6 test"", ""row"": 178}], ""CYP2E1"": [{""member"": ""Supplementary Material-2.xls"", ""sheet"": ""2E1 train"", ""row"": 729}], ""CYP3A4"": [{""member"": ""Supplementary Material-2.xls"", ""sheet"": ""3A4 train"", ""row"": 732}]}"
1	pooled	36	QPOLEIZVZGWOJF-UHFFFAOYSA-N	COC(=O)C1=C(C)N=C(C)C(C(=O)OC2CCN(Cc3ccccc3)C2)C1c1cccc([N+](=O)[O-])c1	0.21621622145175934	0.4444444444444444	1	"{""CYP1A2"": 0, ""CYP2A6"": 1, ""CYP2B6"": 0, ""CYP2C19"": 0, ""CYP2C8"": 1, ""CYP2C9"": 0, ""CYP2D6"": 1, ""CYP2E1"": 0, ""CYP3A4"": 1}"	0.017312824943848525	0.0076945888639326785	"{""CYP1A2"": [{""member"": ""Supplementary Material-1.xls"", ""sheet"": ""1A2 test"", ""row"": 124}], ""CYP2A6"": [{""member"": ""Supplementary Material-2.xls"", ""sheet"": ""2A6 train"", ""row"": 493}], ""CYP2B6"": [{""member"": ""Supplementary Material-2.xls"", ""sheet"": ""2B6 train"", ""row"": 494}], ""CYP2C19"": [{""member"": ""Supplementary Material-2.xls"", ""sheet"": ""2C19 train"", ""row"": 514}], ""CYP2C8"": [{""member"": ""Supplementary Material-2.xls"", ""sheet"": ""2C8 train"", ""row"": 492}], ""CYP2C9"": [{""member"": ""Supplementary Material-2.xls"", ""sheet"": ""2C9 train"", ""row"": 512}], ""CYP2D6"": [{""member"": ""Supplementary Material-1.xls"", ""sheet"": ""2D6 test"", ""row"": 130}], ""CYP2E1"": [{""member"": ""Supplementary Material-2.xls"", ""sheet"": ""2E1 train"", ""row"": 517}], ""CYP3A4"": [{""member"": ""Supplementary Material-1.xls"", ""sheet"": ""3A4 test"", ""row"": 130}]}"
1	pooled	37	YXFVVABEGXRONW-UHFFFAOYSA-N	Cc1ccccc1	0.2142857164144516	0.4444444444444444	0	"{""CYP1A2"": 1, ""CYP2A6"": 0, ""CYP2B6"": 1, ""CYP2C19"": 0, ""CYP2C8"": 1, ""CYP2C9"": 0, ""CYP2D6"": 0, ""CYP2E1"": 1, ""CYP3A4"": 0}"	0.017158245904682477	0.0076258870687477675	"{""CYP1A2"": [{""member"": ""Supplementary Material-2.xls"", ""sheet"": ""1A2 train"", ""row"": 1305}], ""CYP2A6"": [{""member"": ""Supplementary Material-2.xls"", ""sheet"": ""2A6 train"", ""row"": 1301}], ""CYP2B6"": [{""member"": ""Supplementary Material-2.xls"", ""sheet"": ""2B6 train"", ""row"": 1292}], ""CYP2C19"": [{""member"": ""Supplementary Material-2.xls"", ""sheet"": ""2C19 train"", ""row"": 1303}], ""CYP2C8"": [{""member"": ""Supplementary Material-2.xls"", ""sheet"": ""2C8 train"", ""row"": 1293}], ""CYP2C9"": [{""member"": ""Supplementary Material-2.xls"", ""sheet"": ""2C9 train"", ""row"": 1307}], ""CYP2D6"": [{""member"": ""Supplementary Material-1.xls"", ""sheet"": ""2D6 test"", ""row"": 329}], ""CYP2E1"": [{""member"": ""Supplementary Material-1.xls"", ""sheet"": ""2E1 test"", ""row"": 325}], ""CYP3A4"": [{""member"": ""Supplementary Material-2.xls"", ""sheet"": ""3A4 train"", ""row"": 1336}]}"
1	pooled	38	PAYRUJLWNCNPSJ-UHFFFAOYSA-N	Nc1ccccc1	0.2142857164144516	0.1111111111111111	0	"{""CYP1A2"": 0, ""CYP2A6"": 0, ""CYP2B6"": 0, ""CYP2C19"": 0, ""CYP2C8"": 0, ""CYP2C9"": 0, ""CYP2D6"": 0, ""CYP2E1"": 1, ""CYP3A4"": 0}"	0.017158245904682477	0.0019064717671869419	"{""CYP1A2"": [{""member"": ""Supplementary Material-2.xls"", ""sheet"": ""1A2 train"", ""row"": 495}], ""CYP2A6"": [{""member"": ""Supplementary Material-1.xls"", ""sheet"": ""2A6 test"", ""row"": 137}], ""CYP2B6"": [{""member"": ""Supplementary Material-2.xls"", ""sheet"": ""2B6 train"", ""row"": 466}], ""CYP2C19"": [{""member"": ""Supplementary Material-2.xls"", ""sheet"": ""2C19 train"", ""row"": 490}], ""CYP2C8"": [{""member"": ""Supplementary Material-2.xls"", ""sheet"": ""2C8 train"", ""row"": 467}], ""CYP2C9"": [{""member"": ""Supplementary Material-2.xls"", ""sheet"": ""2C9 train"", ""row"": 488}], ""CYP2D6"": [{""member"": ""Supplementary Material-1.xls"", ""sheet"": ""2D6 test"", ""row"": 125}], ""CYP2E1"": [{""member"": ""Supplementary Material-2.xls"", ""sheet"": ""2E1 train"", ""row"": 494}], ""CYP3A4"": [{""member"": ""Supplementary Material-2.xls"", ""sheet"": ""3A4 train"", ""row"": 496}]}"
1	pooled	39	MEZLKOACVSPNER-UHFFFAOYSA-N	C#CCN(C)C(C)Cc1ccccc1	0.2142857164144516	0.8888888888888888	1	"{""CYP1A2"": 1, ""CYP2A6"": 1, ""CYP2B6"": 1, ""CYP2C19"": 1, ""CYP2C8"": 0, ""CYP2C9"": 1, ""CYP2D6"": 1, ""CYP2E1"": 1, ""CYP3A4"": 1}"	0.017158245904682477	0.015251774137495535	"{""CYP1A2"": [{""member"": ""Supplementary Material-2.xls"", ""sheet"": ""1A2 train"", ""row"": 1228}], ""CYP2A6"": [{""member"": ""Supplementary Material-2.xls"", ""sheet"": ""2A6 train"", ""row"": 1228}], ""CYP2B6"": [{""member"": ""Supplementary Material-2.xls"", ""sheet"": ""2B6 train"", ""row"": 1219}], ""CYP2C19"": [{""member"": ""Supplementary Material-2.xls"", ""sheet"": ""2C19 train"", ""row"": 1232}], ""CYP2C8"": [{""member"": ""Supplementary Material-2.xls"", ""sheet"": ""2C8 train"", ""row"": 1221}], ""CYP2C9"": [{""member"": ""Supplementary Material-2.xls"", ""sheet"": ""2C9 train"", ""row"": 1231}], ""CYP2D6"": [{""member"": ""Supplementary Material-2.xls"", ""sheet"": ""2D6 train"", ""row"": 1235}], ""CYP2E1"": [{""member"": ""Supplementary Material-2.xls"", ""sheet"": ""2E1 train"", ""row"": 1223}], ""CYP3A4"": [{""member"": ""Supplementary Material-2.xls"", ""sheet"": ""3A4 train"", ""row"": 1255}]}"
1	pooled	40	ISWSIDIOOBJBQZ-UHFFFAOYSA-N	Oc1ccccc1	0.2142857164144516	0.1111111111111111	0	"{""CYP1A2"": 0, ""CYP2A6"": 0, ""CYP2B6"": 0, ""CYP2C19"": 0, ""CYP2C8"": 0, ""CYP2C9"": 0, ""CYP2D6"": 0, ""CYP2E1"": 1, ""CYP3A4"": 0}"	0.017158245904682477	0.0019064717671869419	"{""CYP1A2"": [{""member"": ""Supplementary Material-2.xls"", ""sheet"": ""1A2 train"", ""row"": 1140}], ""CYP2A6"": [{""member"": ""Supplementary Material-2.xls"", ""sheet"": ""2A6 train"", ""row"": 1129}], ""CYP2B6"": [{""member"": ""Supplementary Material-2.xls"", ""sheet"": ""2B6 train"", ""row"": 1122}], ""CYP2C19"": [{""member"": ""Supplementary Material-2.xls"", ""sheet"": ""2C19 train"", ""row"": 1141}], ""CYP2C8"": [{""member"": ""Supplementary Material-2.xls"", ""sheet"": ""2C8 train"", ""row"": 1126}], ""CYP2C9"": [{""member"": ""Supplementary Material-2.xls"", ""sheet"": ""2C9 train"", ""row"": 1134}], ""CYP2D6"": [{""member"": ""Supplementary Material-2.xls"", ""sheet"": ""2D6 train"", ""row"": 1148}], ""CYP2E1"": [{""member"": ""Supplementary Material-1.xls"", ""sheet"": ""2E1 test"", ""row"": 281}], ""CYP3A4"": [{""member"": ""Supplementary Material-2.xls"", ""sheet"": ""3A4 train"", ""row"": 1151}]}"
1	pooled	41	XADCESSVHJOZHK-UHFFFAOYSA-N	CCOC(=O)C1(c2ccccc2)CCN(C)CC1	0.21276596188545227	0.6666666666666666	1	"{""CYP1A2"": 1, ""CYP2A6"": 0, ""CYP2B6"": 1, ""CYP2C19"": 1, ""CYP2C8"": 1, ""CYP2C9"": 0, ""CYP2D6"": 1, ""CYP2E1"": 0, ""CYP3A4"": 1}"	0.017036556403582502	0.011357704269055002	"{""CYP1A2"": [{""member"": ""Supplementary Material-1.xls"", ""sheet"": ""1A2 test"", ""row"": 240}], ""CYP2A6"": [{""member"": ""Supplementary Material-2.xls"", ""sheet"": ""2A6 train"", ""row"": 967}], ""CYP2B6"": [{""member"": ""Supplementary Material-1.xls"", ""sheet"": ""2B6 test"", ""row"": 253}], ""CYP2C19"": [{""member"": ""Supplementary Material-2.xls"", ""sheet"": ""2C19 train"", ""row"": 974}], ""CYP2C8"": [{""member"": ""Supplementary Material-2.xls"", ""sheet"": ""2C8 train"", ""row"": 971}], ""CYP2C9"": [{""member"": ""Supplementary Material-1.xls"", ""sheet"": ""2C9 test"", ""row"": 250}], ""CYP2D6"": [{""member"": ""Supplementary Material-2.xls"", ""sheet"": ""2D6 train"", ""row"": 991}], ""CYP2E1"": [{""member"": ""Supplementary Material-2.xls"", ""sheet"": ""2E1 train"", ""row"": 974}], ""CYP3A4"": [{""member"": ""Supplementary Material-2.xls"", ""sheet"": ""3A4 train"", ""row"": 998}]}"
1	pooled	42	SIKJAQJRHWYJAI-UHFFFAOYSA-N	c1ccc2[nH]ccc2c1	0.21212121844291687	0.3333333333333333	0	"{""CYP1A2"": 0, ""CYP2A6"": 1, ""CYP2B6"": 0, ""CYP2C19"": 1, ""CYP2C8"": 0, ""CYP2C9"": 0, ""CYP2D6"": 0, ""CYP2E1"": 1, ""CYP3A4"": 0}"	0.016984930626943905	0.005661643542314635	"{""CYP1A2"": [{""member"": ""Supplementary Material-2.xls"", ""sheet"": ""1A2 train"", ""row"": 884}], ""CYP2A6"": [{""member"": ""Supplementary Material-1.xls"", ""sheet"": ""2A6 test"", ""row"": 231}], ""CYP2B6"": [{""member"": ""Supplementary Material-2.xls"", ""sheet"": ""2B6 train"", ""row"": 854}], ""CYP2C19"": [{""member"": ""Supplementary Material-2.xls"", ""sheet"": ""2C19 train"", ""row"": 879}], ""CYP2C8"": [{""member"": ""Supplementary Material-2.xls"", ""sheet"": ""2C8 train"", ""row"": 865}], ""CYP2C9"": [{""member"": ""Supplementary Material-2.xls"", ""sheet"": ""2C9 train"", ""row"": 873}], ""CYP2D6"": [{""member"": ""Supplementary Material-2.xls"", ""sheet"": ""2D6 train"", ""row"": 891}], ""CYP2E1"": [{""member"": ""Supplementary Material-2.xls"", ""sheet"": ""2E1 train"", ""row"": 879}], ""CYP3A4"": [{""member"": ""Supplementary Material-2.xls"", ""sheet"": ""3A4 train"", ""row"": 899}]}"
1	pooled	43	ANJRGSHRMWLHFZ-UHFFFAOYSA-N	CCCC(=O)OC(C)Cc1ccccc1	0.20930232107639313	0.0	0	"{""CYP1A2"": 0, ""CYP2A6"": 0, ""CYP2B6"": 0, ""CYP2C19"": 0, ""CYP2C8"": 0, ""CYP2C9"": 0, ""CYP2D6"": 0, ""CYP2E1"": 0, ""CYP3A4"": 0}"	0.01675921640294342	0.0	"{""CYP1A2"": [{""member"": ""Supplementary Material-2.xls"", ""sheet"": ""1A2 train"", ""row"": 567}], ""CYP2A6"": [{""member"": ""Supplementary Material-2.xls"", ""sheet"": ""2A6 train"", ""row"": 536}], ""CYP2B6"": [{""member"": ""Supplementary Material-2.xls"", ""sheet"": ""2B6 train"", ""row"": 535}], ""CYP2C19"": [{""member"": ""Supplementary Material-2.xls"", ""sheet"": ""2C19 train"", ""row"": 557}], ""CYP2C8"": [{""member"": ""Supplementary Material-2.xls"", ""sheet"": ""2C8 train"", ""row"": 536}], ""CYP2C9"": [{""member"": ""Supplementary Material-2.xls"", ""sheet"": ""2C9 train"", ""row"": 554}], ""CYP2D6"": [{""member"": ""Supplementary Material-1.xls"", ""sheet"": ""2D6 test"", ""row"": 146}], ""CYP2E1"": [{""member"": ""Supplementary Material-2.xls"", ""sheet"": ""2E1 train"", ""row"": 561}], ""CYP3A4"": [{""member"": ""Supplementary Material-1.xls"", ""sheet"": ""3A4 test"", ""row"": 138}]}"
1	pooled	44	GMHKMTDVRCWUDX-UHFFFAOYSA-N	CCC1(c2ccccc2)NC(=O)N(C)C1=O	0.20930232107639313	0.5555555555555556	0	"{""CYP1A2"": 1, ""CYP2A6"": 0, ""CYP2B6"": 1, ""CYP2C19"": 1, ""CYP2C8"": 1, ""CYP2C9"": 1, ""CYP2D6"": 0, ""CYP2E1"": 0, ""CYP3A4"": 0}"	0.01675921640294342	0.00931067577941301	"{""CYP1A2"": [{""member"": ""Supplementary Material-2.xls"", ""sheet"": ""1A2 train"", ""row"": 989}], ""CYP2A6"": [{""member"": ""Supplementary Material-2.xls"", ""sheet"": ""2A6 train"", ""row"": 968}], ""CYP2B6"": [{""member"": ""Supplementary Material-2.xls"", ""sheet"": ""2B6 train"", ""row"": 961}], ""CYP2C19"": [{""member"": ""Supplementary Material-2.xls"", ""sheet"": ""2C19 train"", ""row"": 975}], ""CYP2C8"": [{""member"": ""Supplementary Material-2.xls"", ""sheet"": ""2C8 train"", ""row"": 972}], ""CYP2C9"": [{""member"": ""Supplementary Material-2.xls"", ""sheet"": ""2C9 train"", ""row"": 972}], ""CYP2D6"": [{""member"": ""Supplementary Material-2.xls"", ""sheet"": ""2D6 train"", ""row"": 992}], ""CYP2E1"": [{""member"": ""Supplementary Material-2.xls"", ""sheet"": ""2E1 train"", ""row"": 975}], ""CYP3A4"": [{""member"": ""Supplementary Material-2.xls"", ""sheet"": ""3A4 train"", ""row"": 999}]}"
1	pooled	45	ICFJFFQQTFMIBG-UHFFFAOYSA-N	N=C(N)N=C(N)NCCc1ccccc1	0.20930232107639313	0.1111111111111111	1	"{""CYP1A2"": 0, ""CYP2A6"": 0, ""CYP2B6"": 0, ""CYP2C19"": 0, ""CYP2C8"": 0, ""CYP2C9"": 0, ""CYP2D6"": 1, ""CYP2E1"": 0, ""CYP3A4"": 0}"	0.01675921640294342	0.0018621351558826022	"{""CYP1A2"": [{""member"": ""Supplementary Material-1.xls"", ""sheet"": ""1A2 test"", ""row"": 282}], ""CYP2A6"": [{""member"": ""Supplementary Material-2.xls"", ""sheet"": ""2A6 train"", ""row"": 1128}], ""CYP2B6"": [{""member"": ""Supplementary Material-2.xls"", ""sheet"": ""2B6 train"", ""row"": 1121}], ""CYP2C19"": [{""member"": ""Supplementary Material-2.xls"", ""sheet"": ""2C19 train"", ""row"": 1140}], ""CYP2C8"": [{""member"": ""Supplementary Material-1.xls"", ""sheet"": ""2C8 test"", ""row"": 285}], ""CYP2C9"": [{""member"": ""Supplementary Material-2.xls"", ""sheet"": ""2C9 train"", ""row"": 1133}], ""CYP2D6"": [{""member"": ""Supplementary Material-2.xls"", ""sheet"": ""2D6 train"", ""row"": 1147}], ""CYP2E1"": [{""member"": ""Supplementary Material-2.xls"", ""sheet"": ""2E1 train"", ""row"": 1131}], ""CYP3A4"": [{""member"": ""Supplementary Material-2.xls"", ""sheet"": ""3A4 train"", ""row"": 1150}]}"
1	pooled	46	IQUFSXIQAFPIMR-UHFFFAOYSA-N	CC(Cc1ccccc1)NCCC#N	0.20930232107639313	0.4444444444444444	1	"{""CYP1A2"": 1, ""CYP2A6"": 0, ""CYP2B6"": 1, ""CYP2C19"": 0, ""CYP2C8"": 0, ""CYP2C9"": 0, ""CYP2D6"": 1, ""CYP2E1"": 0, ""CYP3A4"": 1}"	0.01675921640294342	0.007448540623530409	"{""CYP1A2"": [{""member"": ""Supplementary Material-2.xls"", ""sheet"": ""1A2 train"", ""row"": 777}], ""CYP2A6"": [{""member"": ""Supplementary Material-2.xls"", ""sheet"": ""2A6 train"", ""row"": 754}], ""CYP2B6"": [{""member"": ""Supplementary Material-2.xls"", ""sheet"": ""2B6 train"", ""row"": 748}], ""CYP2C19"": [{""member"": ""Supplementary Material-2.xls"", ""sheet"": ""2C19 train"", ""row"": 770}], ""CYP2C8"": [{""member"": ""Supplementary Material-2.xls"", ""sheet"": ""2C8 train"", ""row"": 751}], ""CYP2C9"": [{""member"": ""Supplementary Material-2.xls"", ""sheet"": ""2C9 train"", ""row"": 761}], ""CYP2D6"": [{""member"": ""Supplementary Material-2.xls"", ""sheet"": ""2D6 train"", ""row"": 773}], ""CYP2E1"": [{""member"": ""Supplementary Material-1.xls"", ""sheet"": ""2E1 test"", ""row"": 181}], ""CYP3A4"": [{""member"": ""Supplementary Material-2.xls"", ""sheet"": ""3A4 train"", ""row"": 778}]}"
1	pooled	47	JBCLFWXMTIKCCB-UHFFFAOYSA-N	NCC(=O)NC(Cc1ccccc1)C(=O)O	0.20930232107639313	0.0	0	"{""CYP1A2"": 0, ""CYP2A6"": 0, ""CYP2B6"": 0, ""CYP2C19"": 0, ""CYP2C8"": 0, ""CYP2C9"": 0, ""CYP2D6"": 0, ""CYP2E1"": 0, ""CYP3A4"": 0}"	0.01675921640294342	0.0	"{""CYP1A2"": [{""member"": ""Supplementary Material-2.xls"", ""sheet"": ""1A2 train"", ""row"": 842}], ""CYP2A6"": [{""member"": ""Supplementary Material-2.xls"", ""sheet"": ""2A6 train"", ""row"": 820}], ""CYP2B6"": [{""member"": ""Supplementary Material-2.xls"", ""sheet"": ""2B6 train"", ""row"": 815}], ""CYP2C19"": [{""member"": ""Supplementary Material-2.xls"", ""sheet"": ""2C19 train"", ""row"": 843}], ""CYP2C8"": [{""member"": ""Supplementary Material-2.xls"", ""sheet"": ""2C8 train"", ""row"": 818}], ""CYP2C9"": [{""member"": ""Supplementary Material-2.xls"", ""sheet"": ""2C9 train"", ""row"": 829}], ""CYP2D6"": [{""member"": ""Supplementary Material-1.xls"", ""sheet"": ""2D6 test"", ""row"": 204}], ""CYP2E1"": [{""member"": ""Supplementary Material-2.xls"", ""sheet"": ""2E1 train"", ""row"": 839}], ""CYP3A4"": [{""member"": ""Supplementary Material-2.xls"", ""sheet"": ""3A4 train"", ""row"": 851}]}"
1	pooled	48	VOOYTQRREPYRIW-UHFFFAOYSA-N	COC1=CC(=O)OC(CCc2ccccc2)C1	0.2083333283662796	0.0	0	"{""CYP1A2"": 0, ""CYP2A6"": 0, ""CYP2B6"": 0, ""CYP2C19"": 0, ""CYP2C8"": 0, ""CYP2C9"": 0, ""CYP2D6"": 0, ""CYP2E1"": 0, ""CYP3A4"": 0}"	0.01668162739944766	0.0	"{""CYP1A2"": [{""member"": ""Supplementary Material-1.xls"", ""sheet"": ""1A2 test"", ""row"": 89}], ""CYP2A6"": [{""member"": ""Supplementary Material-2.xls"", ""sheet"": ""2A6 train"", ""row"": 348}], ""CYP2B6"": [{""member"": ""Supplementary Material-2.xls"", ""sheet"": ""2B6 train"", ""row"": 355}], ""CYP2C19"": [{""member"": ""Supplementary Material-1.xls"", ""sheet"": ""2C19 test"", ""row"": 94}], ""CYP2C8"": [{""member"": ""Supplementary Material-2.xls"", ""sheet"": ""2C8 train"", ""row"": 361}], ""CYP2C9"": [{""member"": ""Supplementary Material-2.xls"", ""sheet"": ""2C9 train"", ""row"": 360}], ""CYP2D6"": [{""member"": ""Supplementary Material-1.xls"", ""sheet"": ""2D6 test"", ""row"": 89}], ""CYP2E1"": [{""member"": ""Supplementary Material-2.xls"", ""sheet"": ""2E1 train"", ""row"": 375}], ""CYP3A4"": [{""member"": ""Supplementary Material-2.xls"", ""sheet"": ""3A4 train"", ""row"": 372}]}"
1	pooled	49	KRWMERLEINMZFT-UHFFFAOYSA-N	Nc1nc(OCc2ccccc2)c2[nH]cnc2n1	0.2083333283662796	0.2222222222222222	0	"{""CYP1A2"": 1, ""CYP2A6"": 0, ""CYP2B6"": 0, ""CYP2C19"": 0, ""CYP2C8"": 0, ""CYP2C9"": 0, ""CYP2D6"": 0, ""CYP2E1"": 0, ""CYP3A4"": 1}"	0.01668162739944766	0.0037070283109883685	"{""CYP1A2"": [{""member"": ""Supplementary Material-2.xls"", ""sheet"": ""1A2 train"", ""row"": 1103}], ""CYP2A6"": [{""member"": ""Supplementary Material-1.xls"", ""sheet"": ""2A6 test"", ""row"": 270}], ""CYP2B6"": [{""member"": ""Supplementary Material-2.xls"", ""sheet"": ""2B6 train"", ""row"": 1074}], ""CYP2C19"": [{""member"": ""Supplementary Material-2.xls"", ""sheet"": ""2C19 train"", ""row"": 1092}], ""CYP2C8"": [{""member"": ""Supplementary Material-2.xls"", ""sheet"": ""2C8 train"", ""row"": 1083}], ""CYP2C9"": [{""member"": ""Supplementary Material-2.xls"", ""sheet"": ""2C9 train"", ""row"": 1087}], ""CYP2D6"": [{""member"": ""Supplementary Material-1.xls"", ""sheet"": ""2D6 test"", ""row"": 268}], ""CYP2E1"": [{""member"": ""Supplementary Material-2.xls"", ""sheet"": ""2E1 train"", ""row"": 1081}], ""CYP3A4"": [{""member"": ""Supplementary Material-2.xls"", ""sheet"": ""3A4 train"", ""row"": 1108}]}"
1	pooled	50	PJANXHGTPQOBST-UHFFFAOYSA-N	C(=Cc1ccccc1)c1ccccc1	0.2068965584039688	1.0	1	"{""CYP1A2"": 1, ""CYP2D6"": 1}"	0.01656658262308884	0.01656658262308884	"{""CYP1A2"": [{""member"": ""Supplementary Material-2.xls"", ""sheet"": ""1A2 train"", ""row"": 1314}], ""CYP2D6"": [{""member"": ""Supplementary Material-1.xls"", ""sheet"": ""2D6 test"", ""row"": 332}]}"
1	pooled	51	GJMPSRSMBJLKKB-UHFFFAOYSA-N	Cc1cccc(CC(=O)O)c1	0.20512820780277252	0.0	0	"{""CYP1A2"": 0, ""CYP2A6"": 0, ""CYP2B6"": 0, ""CYP2C19"": 0, ""CYP2C8"": 0, ""CYP2C9"": 0, ""CYP2D6"": 0, ""CYP2E1"": 0, ""CYP3A4"": 0}"	0.016424987583677372	0.0	"{""CYP1A2"": [{""member"": ""Supplementary Material-2.xls"", ""sheet"": ""1A2 train"", ""row"": 257}], ""CYP2A6"": [{""member"": ""Supplementary Material-1.xls"", ""sheet"": ""2A6 test"", ""row"": 78}], ""CYP2B6"": [{""member"": ""Supplementary Material-1.xls"", ""sheet"": ""2B6 test"", ""row"": 68}], ""CYP2C19"": [{""member"": ""Supplementary Material-2.xls"", ""sheet"": ""2C19 train"", ""row"": 259}], ""CYP2C8"": [{""member"": ""Supplementary Material-2.xls"", ""sheet"": ""2C8 train"", ""row"": 256}], ""CYP2C9"": [{""member"": ""Supplementary Material-2.xls"", ""sheet"": ""2C9 train"", ""row"": 252}], ""CYP2D6"": [{""member"": ""Supplementary Material-1.xls"", ""sheet"": ""2D6 test"", ""row"": 64}], ""CYP2E1"": [{""member"": ""Supplementary Material-2.xls"", ""sheet"": ""2E1 train"", ""row"": 266}], ""CYP3A4"": [{""member"": ""Supplementary Material-2.xls"", ""sheet"": ""3A4 train"", ""row"": 261}]}"
2	specific	1	YNPNZTXNASCQKK-UHFFFAOYSA-N	c1ccc2c(c1)ccc1ccccc12	0.30434781312942505	1.0	1	"{""CYP1A2"": 1, ""CYP2A6"": 0, ""CYP2B6"": 1, ""CYP2C19"": 0, ""CYP2C8"": 1, ""CYP2C9"": 1, ""CYP2D6"": 0, ""CYP2E1"": 1, ""CYP3A4"": 1}"	0.0528939013693528	0.0528939013693528	"{""CYP1A2"": [{""member"": ""Supplementary Material-2.xls"", ""sheet"": ""1A2 train"", ""row"": 1138}], ""CYP2A6"": [{""member"": ""Supplementary Material-2.xls"", ""sheet"": ""2A6 train"", ""row"": 1126}], ""CYP2B6"": [{""member"": ""Supplementary Material-2.xls"", ""sheet"": ""2B6 train"", ""row"": 1119}], ""CYP2C19"": [{""member"": ""Supplementary Material-2.xls"", ""sheet"": ""2C19 train"", ""row"": 1139}], ""CYP2C8"": [{""member"": ""Supplementary Material-1.xls"", ""sheet"": ""2C8 test"", ""row"": 284}], ""CYP2C9"": [{""member"": ""Supplementary Material-2.xls"", ""sheet"": ""2C9 train"", ""row"": 1132}], ""CYP2D6"": [{""member"": ""Supplementary Material-1.xls"", ""sheet"": ""2D6 test"", ""row"": 276}], ""CYP2E1"": [{""member"": ""Supplementary Material-2.xls"", ""sheet"": ""2E1 train"", ""row"": 1129}], ""CYP3A4"": [{""member"": ""Supplementary Material-2.xls"", ""sheet"": ""3A4 train"", ""row"": 1149}]}"
2	specific	2	YMNKUHIVVMFOFO-UHFFFAOYSA-N	O=Cc1c2ccccc2cc2ccccc12	0.2666666805744171	1.0	1	"{""CYP1A2"": 0, ""CYP2A6"": 1, ""CYP2B6"": 1, ""CYP2C19"": 1, ""CYP2C8"": 0, ""CYP2C9"": 0, ""CYP2D6"": 0, ""CYP2E1"": 1, ""CYP3A4"": 1}"	0.04634513701860478	0.04634513701860478	"{""CYP1A2"": [{""member"": ""Supplementary Material-2.xls"", ""sheet"": ""1A2 train"", ""row"": 360}], ""CYP2A6"": [{""member"": ""Supplementary Material-2.xls"", ""sheet"": ""2A6 train"", ""row"": 336}], ""CYP2B6"": [{""member"": ""Supplementary Material-2.xls"", ""sheet"": ""2B6 train"", ""row"": 345}], ""CYP2C19"": [{""member"": ""Supplementary Material-2.xls"", ""sheet"": ""2C19 train"", ""row"": 354}], ""CYP2C8"": [{""member"": ""Supplementary Material-2.xls"", ""sheet"": ""2C8 train"", ""row"": 350}], ""CYP2C9"": [{""member"": ""Supplementary Material-2.xls"", ""sheet"": ""2C9 train"", ""row"": 348}], ""CYP2D6"": [{""member"": ""Supplementary Material-2.xls"", ""sheet"": ""2D6 train"", ""row"": 354}], ""CYP2E1"": [{""member"": ""Supplementary Material-2.xls"", ""sheet"": ""2E1 train"", ""row"": 366}], ""CYP3A4"": [{""member"": ""Supplementary Material-2.xls"", ""sheet"": ""3A4 train"", ""row"": 361}]}"
2	specific	3	ZFRKQXVRDFCRJG-UHFFFAOYSA-N	Cc1c[nH]c2ccccc12	0.2666666805744171	1.0	1	"{""CYP1A2"": 1, ""CYP2A6"": 1, ""CYP2B6"": 0, ""CYP2C19"": 0, ""CYP2C8"": 0, ""CYP2C9"": 0, ""CYP2E1"": 1, ""CYP3A4"": 0}"	0.04634513701860478	0.04634513701860478	"{""CYP1A2"": [{""member"": ""Supplementary Material-1.xls"", ""sheet"": ""1A2 test"", ""row"": 68}], ""CYP2A6"": [{""member"": ""Supplementary Material-2.xls"", ""sheet"": ""2A6 train"", ""row"": 245}], ""CYP2B6"": [{""member"": ""Supplementary Material-2.xls"", ""sheet"": ""2B6 train"", ""row"": 254}], ""CYP2C19"": [{""member"": ""Supplementary Material-2.xls"", ""sheet"": ""2C19 train"", ""row"": 258}], ""CYP2C8"": [{""member"": ""Supplementary Material-2.xls"", ""sheet"": ""2C8 train"", ""row"": 255}], ""CYP2C9"": [{""member"": ""Supplementary Material-2.xls"", ""sheet"": ""2C9 train"", ""row"": 251}], ""CYP2E1"": [{""member"": ""Supplementary Material-2.xls"", ""sheet"": ""2E1 train"", ""row"": 265}], ""CYP3A4"": [{""member"": ""Supplementary Material-1.xls"", ""sheet"": ""3A4 test"", ""row"": 68}]}"
2	specific	4	PAYRUJLWNCNPSJ-UHFFFAOYSA-N	Nc1ccccc1	0.260869562625885	1.0	1	"{""CYP1A2"": 0, ""CYP2A6"": 0, ""CYP2B6"": 0, ""CYP2C19"": 0, ""CYP2C8"": 0, ""CYP2C9"": 0, ""CYP2D6"": 0, ""CYP2E1"": 1, ""CYP3A4"": 0}"	0.0453376312250088	0.0453376312250088	"{""CYP1A2"": [{""member"": ""Supplementary Material-2.xls"", ""sheet"": ""1A2 train"", ""row"": 495}], ""CYP2A6"": [{""member"": ""Supplementary Material-1.xls"", ""sheet"": ""2A6 test"", ""row"": 137}], ""CYP2B6"": [{""member"": ""Supplementary Material-2.xls"", ""sheet"": ""2B6 train"", ""row"": 466}], ""CYP2C19"": [{""member"": ""Supplementary Material-2.xls"", ""sheet"": ""2C19 train"", ""row"": 490}], ""CYP2C8"": [{""member"": ""Supplementary Material-2.xls"", ""sheet"": ""2C8 train"", ""row"": 467}], ""CYP2C9"": [{""member"": ""Supplementary Material-2.xls"", ""sheet"": ""2C9 train"", ""row"": 488}], ""CYP2D6"": [{""member"": ""Supplementary Material-1.xls"", ""sheet"": ""2D6 test"", ""row"": 125}], ""CYP2E1"": [{""member"": ""Supplementary Material-2.xls"", ""sheet"": ""2E1 train"", ""row"": 494}], ""CYP3A4"": [{""member"": ""Supplementary Material-2.xls"", ""sheet"": ""3A4 train"", ""row"": 496}]}"
2	specific	5	LHRCREOYAASXPZ-UHFFFAOYSA-N	c1ccc2c(c1)ccc1cc3c(ccc4ccccc43)cc12	0.25925925374031067	1.0	1	"{""CYP1A2"": 1, ""CYP2A6"": 0, ""CYP2B6"": 1, ""CYP2C19"": 0, ""CYP2C8"": 1, ""CYP2C9"": 1, ""CYP2D6"": 0, ""CYP2E1"": 1, ""CYP3A4"": 1}"	0.04505776879231394	0.04505776879231394	"{""CYP1A2"": [{""member"": ""Supplementary Material-1.xls"", ""sheet"": ""1A2 test"", ""row"": 169}], ""CYP2A6"": [{""member"": ""Supplementary Material-2.xls"", ""sheet"": ""2A6 train"", ""row"": 681}], ""CYP2B6"": [{""member"": ""Supplementary Material-2.xls"", ""sheet"": ""2B6 train"", ""row"": 678}], ""CYP2C19"": [{""member"": ""Supplementary Material-2.xls"", ""sheet"": ""2C19 train"", ""row"": 696}], ""CYP2C8"": [{""member"": ""Supplementary Material-2.xls"", ""sheet"": ""2C8 train"", ""row"": 675}], ""CYP2C9"": [{""member"": ""Supplementary Material-2.xls"", ""sheet"": ""2C9 train"", ""row"": 687}], ""CYP2D6"": [{""member"": ""Supplementary Material-2.xls"", ""sheet"": ""2D6 train"", ""row"": 694}], ""CYP2E1"": [{""member"": ""Supplementary Material-2.xls"", ""sheet"": ""2E1 train"", ""row"": 703}], ""CYP3A4"": [{""member"": ""Supplementary Material-2.xls"", ""sheet"": ""3A4 train"", ""row"": 706}]}"
2	specific	6	FMMWHPNWAFZXNH-UHFFFAOYSA-N	c1ccc2c(c1)cc1ccc3cccc4ccc2c1c34	0.25	1.0	1	"{""CYP1A2"": 1, ""CYP2A6"": 0, ""CYP2B6"": 0, ""CYP2C19"": 0, ""CYP2C8"": 1, ""CYP2C9"": 1, ""CYP2D6"": 0, ""CYP2E1"": 1, ""CYP3A4"": 1}"	0.0434485636889228	0.0434485636889228	"{""CYP1A2"": [{""member"": ""Supplementary Material-1.xls"", ""sheet"": ""1A2 test"", ""row"": 126}], ""CYP2A6"": [{""member"": ""Supplementary Material-1.xls"", ""sheet"": ""2A6 test"", ""row"": 143}], ""CYP2B6"": [{""member"": ""Supplementary Material-2.xls"", ""sheet"": ""2B6 train"", ""row"": 499}], ""CYP2C19"": [{""member"": ""Supplementary Material-2.xls"", ""sheet"": ""2C19 train"", ""row"": 519}], ""CYP2C8"": [{""member"": ""Supplementary Material-2.xls"", ""sheet"": ""2C8 train"", ""row"": 496}], ""CYP2C9"": [{""member"": ""Supplementary Material-1.xls"", ""sheet"": ""2C9 test"", ""row"": 136}], ""CYP2D6"": [{""member"": ""Supplementary Material-2.xls"", ""sheet"": ""2D6 train"", ""row"": 516}], ""CYP2E1"": [{""member"": ""Supplementary Material-2.xls"", ""sheet"": ""2E1 train"", ""row"": 522}], ""CYP3A4"": [{""member"": ""Supplementary Material-2.xls"", ""sheet"": ""3A4 train"", ""row"": 529}]}"
2	specific	7	KIVUHCNVDWYUNP-UHFFFAOYSA-N	Nc1cc2c3ccccc3ccc2c2ccccc12	0.25	0.0	0	"{""CYP1A2"": 1, ""CYP2A6"": 1, ""CYP2B6"": 1, ""CYP2C19"": 0, ""CYP2C8"": 0, ""CYP2C9"": 0, ""CYP2D6"": 1, ""CYP2E1"": 0, ""CYP3A4"": 1}"	0.0434485636889228	0.0	"{""CYP1A2"": [{""member"": ""Supplementary Material-2.xls"", ""sheet"": ""1A2 train"", ""row"": 328}], ""CYP2A6"": [{""member"": ""Supplementary Material-2.xls"", ""sheet"": ""2A6 train"", ""row"": 303}], ""CYP2B6"": [{""member"": ""Supplementary Material-2.xls"", ""sheet"": ""2B6 train"", ""row"": 310}], ""CYP2C19"": [{""member"": ""Supplementary Material-2.xls"", ""sheet"": ""2C19 train"", ""row"": 320}], ""CYP2C8"": [{""member"": ""Supplementary Material-2.xls"", ""sheet"": ""2C8 train"", ""row"": 320}], ""CYP2C9"": [{""member"": ""Supplementary Material-2.xls"", ""sheet"": ""2C9 train"", ""row"": 315}], ""CYP2D6"": [{""member"": ""Supplementary Material-2.xls"", ""sheet"": ""2D6 train"", ""row"": 320}], ""CYP2E1"": [{""member"": ""Supplementary Material-2.xls"", ""sheet"": ""2E1 train"", ""row"": 330}], ""CYP3A4"": [{""member"": ""Supplementary Material-2.xls"", ""sheet"": ""3A4 train"", ""row"": 323}]}"
2	specific	8	UBQNRHZMVUUOMG-UHFFFAOYSA-N	NS(=O)(=O)Cc1noc2ccccc12	0.2432432472705841	0.0	0	"{""CYP1A2"": 0, ""CYP2A6"": 0, ""CYP2B6"": 0, ""CYP2C19"": 1, ""CYP2C8"": 0, ""CYP2C9"": 0, ""CYP2D6"": 0, ""CYP2E1"": 0, ""CYP3A4"": 1}"	0.042274278883745485	0.0	"{""CYP1A2"": [{""member"": ""Supplementary Material-2.xls"", ""sheet"": ""1A2 train"", ""row"": 1378}], ""CYP2A6"": [{""member"": ""Supplementary Material-2.xls"", ""sheet"": ""2A6 train"", ""row"": 1371}], ""CYP2B6"": [{""member"": ""Supplementary Material-2.xls"", ""sheet"": ""2B6 train"", ""row"": 1367}], ""CYP2C19"": [{""member"": ""Supplementary Material-2.xls"", ""sheet"": ""2C19 train"", ""row"": 1378}], ""CYP2C8"": [{""member"": ""Supplementary Material-1.xls"", ""sheet"": ""2C8 test"", ""row"": 344}], ""CYP2C9"": [{""member"": ""Supplementary Material-2.xls"", ""sheet"": ""2C9 train"", ""row"": 1377}], ""CYP2D6"": [{""member"": ""Supplementary Material-2.xls"", ""sheet"": ""2D6 train"", ""row"": 1383}], ""CYP2E1"": [{""member"": ""Supplementary Material-2.xls"", ""sheet"": ""2E1 train"", ""row"": 1369}], ""CYP3A4"": [{""member"": ""Supplementary Material-2.xls"", ""sheet"": ""3A4 train"", ""row"": 1406}]}"
2	specific	9	JNTHRSHGARDABO-UHFFFAOYSA-N	c1ccc2c(c1)cc1ccc3cccc4c5ccccc5c2c1c34	0.24242424964904785	1.0	1	"{""CYP1A2"": 1, ""CYP2A6"": 1, ""CYP2B6"": 1, ""CYP2C19"": 0, ""CYP2C8"": 1, ""CYP2C9"": 1, ""CYP2D6"": 1, ""CYP2E1"": 1, ""CYP3A4"": 1}"	0.04213194180246391	0.04213194180246391	"{""CYP1A2"": [{""member"": ""Supplementary Material-2.xls"", ""sheet"": ""1A2 train"", ""row"": 704}], ""CYP2A6"": [{""member"": ""Supplementary Material-2.xls"", ""sheet"": ""2A6 train"", ""row"": 682}], ""CYP2B6"": [{""member"": ""Supplementary Material-1.xls"", ""sheet"": ""2B6 test"", ""row"": 180}], ""CYP2C19"": [{""member"": ""Supplementary Material-1.xls"", ""sheet"": ""2C19 test"", ""row"": 176}], ""CYP2C8"": [{""member"": ""Supplementary Material-2.xls"", ""sheet"": ""2C8 train"", ""row"": 676}], ""CYP2C9"": [{""member"": ""Supplementary Material-2.xls"", ""sheet"": ""2C9 train"", ""row"": 688}], ""CYP2D6"": [{""member"": ""Supplementary Material-2.xls"", ""sheet"": ""2D6 train"", ""row"": 695}], ""CYP2E1"": [{""member"": ""Supplementary Material-2.xls"", ""sheet"": ""2E1 train"", ""row"": 704}], ""CYP3A4"": [{""member"": ""Supplementary Material-2.xls"", ""sheet"": ""3A4 train"", ""row"": 707}]}"
2	specific	10	UFWIBTONFRDIAS-UHFFFAOYSA-N	c1ccc2ccccc2c1	0.2380952388048172	0.0	0	"{""CYP1A2"": 0, ""CYP2A6"": 0, ""CYP2B6"": 0, ""CYP2C19"": 0, ""CYP2C8"": 0, ""CYP2C9"": 0, ""CYP2D6"": 0, ""CYP2E1"": 0, ""CYP3A4"": 1}"	0.041379584588961536	0.0	"{""CYP1A2"": [{""member"": ""Supplementary Material-2.xls"", ""sheet"": ""1A2 train"", ""row"": 1069}], ""CYP2A6"": [{""member"": ""Supplementary Material-2.xls"", ""sheet"": ""2A6 train"", ""row"": 1050}], ""CYP2B6"": [{""member"": ""Supplementary Material-2.xls"", ""sheet"": ""2B6 train"", ""row"": 1039}], ""CYP2C19"": [{""member"": ""Supplementary Material-2.xls"", ""sheet"": ""2C19 train"", ""row"": 1054}], ""CYP2C8"": [{""member"": ""Supplementary Material-2.xls"", ""sheet"": ""2C8 train"", ""row"": 1048}], ""CYP2C9"": [{""member"": ""Supplementary Material-2.xls"", ""sheet"": ""2C9 train"", ""row"": 1054}], ""CYP2D6"": [{""member"": ""Supplementary Material-2.xls"", ""sheet"": ""2D6 train"", ""row"": 1067}], ""CYP2E1"": [{""member"": ""Supplementary Material-2.xls"", ""sheet"": ""2E1 train"", ""row"": 1049}], ""CYP3A4"": [{""member"": ""Supplementary Material-1.xls"", ""sheet"": ""3A4 test"", ""row"": 270}]}"
2	specific	11	PPBRXRYQALVLMV-UHFFFAOYSA-N	C=Cc1ccccc1	0.23076923191547394	1.0	1	"{""CYP1A2"": 1, ""CYP2A6"": 1, ""CYP2B6"": 1, ""CYP2C19"": 0, ""CYP2C8"": 1, ""CYP2C9"": 1, ""CYP2D6"": 1, ""CYP2E1"": 1, ""CYP3A4"": 1}"	0.04010636668129307	0.04010636668129307	"{""CYP1A2"": [{""member"": ""Supplementary Material-2.xls"", ""sheet"": ""1A2 train"", ""row"": 1254}], ""CYP2A6"": [{""member"": ""Supplementary Material-2.xls"", ""sheet"": ""2A6 train"", ""row"": 1251}], ""CYP2B6"": [{""member"": ""Supplementary Material-1.xls"", ""sheet"": ""2B6 test"", ""row"": 317}], ""CYP2C19"": [{""member"": ""Supplementary Material-2.xls"", ""sheet"": ""2C19 train"", ""row"": 1258}], ""CYP2C8"": [{""member"": ""Supplementary Material-1.xls"", ""sheet"": ""2C8 test"", ""row"": 319}], ""CYP2C9"": [{""member"": ""Supplementary Material-2.xls"", ""sheet"": ""2C9 train"", ""row"": 1253}], ""CYP2D6"": [{""member"": ""Supplementary Material-2.xls"", ""sheet"": ""2D6 train"", ""row"": 1258}], ""CYP2E1"": [{""member"": ""Supplementary Material-2.xls"", ""sheet"": ""2E1 train"", ""row"": 1250}], ""CYP3A4"": [{""member"": ""Supplementary Material-2.xls"", ""sheet"": ""3A4 train"", ""row"": 1281}]}"
2	specific	12	ANUCHZVCBDOPOX-UHFFFAOYSA-N	c1ccc2c(c1)ccc1nc3ccc4ccccc4c3cc12	0.22580644488334656	0.0	0	"{""CYP1A2"": 1, ""CYP2A6"": 0, ""CYP2B6"": 0, ""CYP2C19"": 0, ""CYP2C8"": 0, ""CYP2C9"": 0, ""CYP2D6"": 0, ""CYP2E1"": 0, ""CYP3A4"": 1}"	0.03924386280753328	0.0	"{""CYP1A2"": [{""member"": ""Supplementary Material-2.xls"", ""sheet"": ""1A2 train"", ""row"": 676}], ""CYP2A6"": [{""member"": ""Supplementary Material-2.xls"", ""sheet"": ""2A6 train"", ""row"": 655}], ""CYP2B6"": [{""member"": ""Supplementary Material-2.xls"", ""sheet"": ""2B6 train"", ""row"": 649}], ""CYP2C19"": [{""member"": ""Supplementary Material-2.xls"", ""sheet"": ""2C19 train"", ""row"": 667}], ""CYP2C8"": [{""member"": ""Supplementary Material-2.xls"", ""sheet"": ""2C8 train"", ""row"": 647}], ""CYP2C9"": [{""member"": ""Supplementary Material-2.xls"", ""sheet"": ""2C9 train"", ""row"": 661}], ""CYP2D6"": [{""member"": ""Supplementary Material-2.xls"", ""sheet"": ""2D6 train"", ""row"": 666}], ""CYP2E1"": [{""member"": ""Supplementary Material-2.xls"", ""sheet"": ""2E1 train"", ""row"": 674}], ""CYP3A4"": [{""member"": ""Supplementary Material-1.xls"", ""sheet"": ""3A4 test"", ""row"": 168}]}"
2	specific	13	DMVOXQPQNTYEKQ-UHFFFAOYSA-N	Nc1ccc(-c2ccccc2)cc1	0.2222222238779068	0.0	0	"{""CYP1A2"": 1, ""CYP2A6"": 0, ""CYP2B6"": 0, ""CYP2C19"": 0, ""CYP2C8"": 0, ""CYP2C9"": 0, ""CYP2D6"": 0, ""CYP2E1"": 0, ""CYP3A4"": 0}"	0.03862094578901318	0.0	"{""CYP1A2"": [{""member"": ""Supplementary Material-2.xls"", ""sheet"": ""1A2 train"", ""row"": 283}], ""CYP2A6"": [{""member"": ""Supplementary Material-2.xls"", ""sheet"": ""2A6 train"", ""row"": 262}], ""CYP2B6"": [{""member"": ""Supplementary Material-2.xls"", ""sheet"": ""2B6 train"", ""row"": 273}], ""CYP2C19"": [{""member"": ""Supplementary Material-2.xls"", ""sheet"": ""2C19 train"", ""row"": 282}], ""CYP2C8"": [{""member"": ""Supplementary Material-2.xls"", ""sheet"": ""2C8 train"", ""row"": 278}], ""CYP2C9"": [{""member"": ""Supplementary Material-2.xls"", ""sheet"": ""2C9 train"", ""row"": 274}], ""CYP2D6"": [{""member"": ""Supplementary Material-2.xls"", ""sheet"": ""2D6 train"", ""row"": 274}], ""CYP2E1"": [{""member"": ""Supplementary Material-2.xls"", ""sheet"": ""2E1 train"", ""row"": 290}], ""CYP3A4"": [{""member"": ""Supplementary Material-2.xls"", ""sheet"": ""3A4 train"", ""row"": 282}]}"
2	specific	14	RFFLAFLAYFXFSW-UHFFFAOYSA-N	Clc1ccccc1Cl	0.21739129722118378	1.0	1	"{""CYP1A2"": 1, ""CYP2A6"": 0, ""CYP2B6"": 0, ""CYP2C19"": 0, ""CYP2C8"": 0, ""CYP2C9"": 0, ""CYP2D6"": 0, ""CYP2E1"": 1, ""CYP3A4"": 1}"	0.0377813584909286	0.0377813584909286	"{""CYP1A2"": [{""member"": ""Supplementary Material-1.xls"", ""sheet"": ""1A2 test"", ""row"": 271}], ""CYP2A6"": [{""member"": ""Supplementary Material-1.xls"", ""sheet"": ""2A6 test"", ""row"": 275}], ""CYP2B6"": [{""member"": ""Supplementary Material-2.xls"", ""sheet"": ""2B6 train"", ""row"": 1091}], ""CYP2C19"": [{""member"": ""Supplementary Material-2.xls"", ""sheet"": ""2C19 train"", ""row"": 1110}], ""CYP2C8"": [{""member"": ""Supplementary Material-2.xls"", ""sheet"": ""2C8 train"", ""row"": 1098}], ""CYP2C9"": [{""member"": ""Supplementary Material-2.xls"", ""sheet"": ""2C9 train"", ""row"": 1104}], ""CYP2D6"": [{""member"": ""Supplementary Material-2.xls"", ""sheet"": ""2D6 train"", ""row"": 1118}], ""CYP2E1"": [{""member"": ""Supplementary Material-2.xls"", ""sheet"": ""2E1 train"", ""row"": 1099}], ""CYP3A4"": [{""member"": ""Supplementary Material-2.xls"", ""sheet"": ""3A4 train"", ""row"": 1120}]}"
2	specific	15	CTQNGGLPUBDAKN-UHFFFAOYSA-N	Cc1ccccc1C	0.21739129722118378	1.0	1	"{""CYP2A6"": 0, ""CYP2B6"": 0, ""CYP2C19"": 0, ""CYP2C8"": 0, ""CYP2C9"": 0, ""CYP2D6"": 0, ""CYP2E1"": 1, ""CYP3A4"": 0}"	0.0377813584909286	0.0377813584909286	"{""CYP2A6"": [{""member"": ""Supplementary Material-2.xls"", ""sheet"": ""2A6 train"", ""row"": 1090}], ""CYP2B6"": [{""member"": ""Supplementary Material-2.xls"", ""sheet"": ""2B6 train"", ""row"": 1080}], ""CYP2C19"": [{""member"": ""Supplementary Material-2.xls"", ""sheet"": ""2C19 train"", ""row"": 1098}], ""CYP2C8"": [{""member"": ""Supplementary Material-2.xls"", ""sheet"": ""2C8 train"", ""row"": 1088}], ""CYP2C9"": [{""member"": ""Supplementary Material-2.xls"", ""sheet"": ""2C9 train"", ""row"": 1092}], ""CYP2D6"": [{""member"": ""Supplementary Material-2.xls"", ""sheet"": ""2D6 train"", ""row"": 1106}], ""CYP2E1"": [{""member"": ""Supplementary Material-2.xls"", ""sheet"": ""2E1 train"", ""row"": 1087}], ""CYP3A4"": [{""member"": ""Supplementary Material-1.xls"", ""sheet"": ""3A4 test"", ""row"": 282}]}"
2	specific	16	ARSRBNBHOADGJU-UHFFFAOYSA-N	Cc1c2ccccc2c(C)c2c1ccc1ccccc12	0.21212121844291687	1.0	1	"{""CYP1A2"": 1, ""CYP2A6"": 0, ""CYP2B6"": 1, ""CYP2C19"": 0, ""CYP2C8"": 1, ""CYP2C9"": 1, ""CYP2D6"": 0, ""CYP2E1"": 1, ""CYP3A4"": 1}"	0.03686544907715592	0.03686544907715592	"{""CYP1A2"": [{""member"": ""Supplementary Material-2.xls"", ""sheet"": ""1A2 train"", ""row"": 726}], ""CYP2A6"": [{""member"": ""Supplementary Material-2.xls"", ""sheet"": ""2A6 train"", ""row"": 704}], ""CYP2B6"": [{""member"": ""Supplementary Material-2.xls"", ""sheet"": ""2B6 train"", ""row"": 703}], ""CYP2C19"": [{""member"": ""Supplementary Material-2.xls"", ""sheet"": ""2C19 train"", ""row"": 721}], ""CYP2C8"": [{""member"": ""Supplementary Material-2.xls"", ""sheet"": ""2C8 train"", ""row"": 699}], ""CYP2C9"": [{""member"": ""Supplementary Material-2.xls"", ""sheet"": ""2C9 train"", ""row"": 713}], ""CYP2D6"": [{""member"": ""Supplementary Material-2.xls"", ""sheet"": ""2D6 train"", ""row"": 723}], ""CYP2E1"": [{""member"": ""Supplementary Material-2.xls"", ""sheet"": ""2E1 train"", ""row"": 725}], ""CYP3A4"": [{""member"": ""Supplementary Material-2.xls"", ""sheet"": ""3A4 train"", ""row"": 728}]}"
2	specific	17	ASVDRLYVNFOSCI-UHFFFAOYSA-N	Cc1cc2c3ccccc3ccc2c2ccccc12	0.21212121844291687	1.0	1	"{""CYP1A2"": 1, ""CYP2A6"": 0, ""CYP2B6"": 0, ""CYP2C19"": 0, ""CYP2C8"": 0, ""CYP2C9"": 0, ""CYP2D6"": 1, ""CYP2E1"": 1, ""CYP3A4"": 1}"	0.03686544907715592	0.03686544907715592	"{""CYP1A2"": [{""member"": ""Supplementary Material-2.xls"", ""sheet"": ""1A2 train"", ""row"": 334}], ""CYP2A6"": [{""member"": ""Supplementary Material-1.xls"", ""sheet"": ""2A6 test"", ""row"": 97}], ""CYP2B6"": [{""member"": ""Supplementary Material-2.xls"", ""sheet"": ""2B6 train"", ""row"": 315}], ""CYP2C19"": [{""member"": ""Supplementary Material-2.xls"", ""sheet"": ""2C19 train"", ""row"": 325}], ""CYP2C8"": [{""member"": ""Supplementary Material-1.xls"", ""sheet"": ""2C8 test"", ""row"": 81}], ""CYP2C9"": [{""member"": ""Supplementary Material-2.xls"", ""sheet"": ""2C9 train"", ""row"": 318}], ""CYP2D6"": [{""member"": ""Supplementary Material-1.xls"", ""sheet"": ""2D6 test"", ""row"": 79}], ""CYP2E1"": [{""member"": ""Supplementary Material-2.xls"", ""sheet"": ""2E1 train"", ""row"": 333}], ""CYP3A4"": [{""member"": ""Supplementary Material-1.xls"", ""sheet"": ""3A4 test"", ""row"": 86}]}"
2	specific	18	YLJREFDVOIBQDA-UHFFFAOYSA-N	Nc1c2c(nc3ccccc13)CCCC2	0.21052631735801697	0.0	0	"{""CYP1A2"": 1, ""CYP2A6"": 0, ""CYP2B6"": 0, ""CYP2C19"": 0, ""CYP2C8"": 0, ""CYP2C9"": 0, ""CYP2D6"": 0, ""CYP2E1"": 0, ""CYP3A4"": 0}"	0.0365882644316967	0.0	"{""CYP1A2"": [{""member"": ""Supplementary Material-2.xls"", ""sheet"": ""1A2 train"", ""row"": 1262}], ""CYP2A6"": [{""member"": ""Supplementary Material-2.xls"", ""sheet"": ""2A6 train"", ""row"": 1258}], ""CYP2B6"": [{""member"": ""Supplementary Material-2.xls"", ""sheet"": ""2B6 train"", ""row"": 1252}], ""CYP2C19"": [{""member"": ""Supplementary Material-2.xls"", ""sheet"": ""2C19 train"", ""row"": 1266}], ""CYP2C8"": [{""member"": ""Supplementary Material-2.xls"", ""sheet"": ""2C8 train"", ""row"": 1251}], ""CYP2C9"": [{""member"": ""Supplementary Material-2.xls"", ""sheet"": ""2C9 train"", ""row"": 1260}], ""CYP2D6"": [{""member"": ""Supplementary Material-2.xls"", ""sheet"": ""2D6 train"", ""row"": 1264}], ""CYP2E1"": [{""member"": ""Supplementary Material-1.xls"", ""sheet"": ""2E1 test"", ""row"": 315}], ""CYP3A4"": [{""member"": ""Supplementary Material-2.xls"", ""sheet"": ""3A4 train"", ""row"": 1290}]}"
2	specific	19	YXFVVABEGXRONW-UHFFFAOYSA-N	Cc1ccccc1	0.2083333283662796	1.0	1	"{""CYP1A2"": 1, ""CYP2A6"": 0, ""CYP2B6"": 1, ""CYP2C19"": 0, ""CYP2C8"": 1, ""CYP2C9"": 0, ""CYP2D6"": 0, ""CYP2E1"": 1, ""CYP3A4"": 0}"	0.03620713554419027	0.03620713554419027	"{""CYP1A2"": [{""member"": ""Supplementary Material-2.xls"", ""sheet"": ""1A2 train"", ""row"": 1305}], ""CYP2A6"": [{""member"": ""Supplementary Material-2.xls"", ""sheet"": ""2A6 train"", ""row"": 1301}], ""CYP2B6"": [{""member"": ""Supplementary Material-2.xls"", ""sheet"": ""2B6 train"", ""row"": 1292}], ""CYP2C19"": [{""member"": ""Supplementary Material-2.xls"", ""sheet"": ""2C19 train"", ""row"": 1303}], ""CYP2C8"": [{""member"": ""Supplementary Material-2.xls"", ""sheet"": ""2C8 train"", ""row"": 1293}], ""CYP2C9"": [{""member"": ""Supplementary Material-2.xls"", ""sheet"": ""2C9 train"", ""row"": 1307}], ""CYP2D6"": [{""member"": ""Supplementary Material-1.xls"", ""sheet"": ""2D6 test"", ""row"": 329}], ""CYP2E1"": [{""member"": ""Supplementary Material-1.xls"", ""sheet"": ""2E1 test"", ""row"": 325}], ""CYP3A4"": [{""member"": ""Supplementary Material-2.xls"", ""sheet"": ""3A4 train"", ""row"": 1336}]}"
2	specific	20	ISWSIDIOOBJBQZ-UHFFFAOYSA-N	Oc1ccccc1	0.2083333283662796	1.0	1	"{""CYP1A2"": 0, ""CYP2A6"": 0, ""CYP2B6"": 0, ""CYP2C19"": 0, ""CYP2C8"": 0, ""CYP2C9"": 0, ""CYP2D6"": 0, ""CYP2E1"": 1, ""CYP3A4"": 0}"	0.03620713554419027	0.03620713554419027	"{""CYP1A2"": [{""member"": ""Supplementary Material-2.xls"", ""sheet"": ""1A2 train"", ""row"": 1140}], ""CYP2A6"": [{""member"": ""Supplementary Material-2.xls"", ""sheet"": ""2A6 train"", ""row"": 1129}], ""CYP2B6"": [{""member"": ""Supplementary Material-2.xls"", ""sheet"": ""2B6 train"", ""row"": 1122}], ""CYP2C19"": [{""member"": ""Supplementary Material-2.xls"", ""sheet"": ""2C19 train"", ""row"": 1141}], ""CYP2C8"": [{""member"": ""Supplementary Material-2.xls"", ""sheet"": ""2C8 train"", ""row"": 1126}], ""CYP2C9"": [{""member"": ""Supplementary Material-2.xls"", ""sheet"": ""2C9 train"", ""row"": 1134}], ""CYP2D6"": [{""member"": ""Supplementary Material-2.xls"", ""sheet"": ""2D6 train"", ""row"": 1148}], ""CYP2E1"": [{""member"": ""Supplementary Material-1.xls"", ""sheet"": ""2E1 test"", ""row"": 281}], ""CYP3A4"": [{""member"": ""Supplementary Material-2.xls"", ""sheet"": ""3A4 train"", ""row"": 1151}]}"
2	specific	21	JBIJLHTVPXGSAM-UHFFFAOYSA-N	Nc1ccc2ccccc2c1	0.2068965584039688	0.0	0	"{""CYP1A2"": 1, ""CYP2A6"": 0, ""CYP2B6"": 0, ""CYP2C19"": 0, ""CYP2C8"": 0, ""CYP2C9"": 0, ""CYP2D6"": 0, ""CYP2E1"": 0, ""CYP3A4"": 0}"	0.0359574331793351	0.0	"{""CYP1A2"": [{""member"": ""Supplementary Material-2.xls"", ""sheet"": ""1A2 train"", ""row"": 216}], ""CYP2A6"": [{""member"": ""Supplementary Material-1.xls"", ""sheet"": ""2A6 test"", ""row"": 65}], ""CYP2B6"": [{""member"": ""Supplementary Material-2.xls"", ""sheet"": ""2B6 train"", ""row"": 217}], ""CYP2C19"": [{""member"": ""Supplementary Material-2.xls"", ""sheet"": ""2C19 train"", ""row"": 214}], ""CYP2C8"": [{""member"": ""Supplementary Material-1.xls"", ""sheet"": ""2C8 test"", ""row"": 57}], ""CYP2C9"": [{""member"": ""Supplementary Material-2.xls"", ""sheet"": ""2C9 train"", ""row"": 207}], ""CYP2D6"": [{""member"": ""Supplementary Material-1.xls"", ""sheet"": ""2D6 test"", ""row"": 53}], ""CYP2E1"": [{""member"": ""Supplementary Material-2.xls"", ""sheet"": ""2E1 train"", ""row"": 220}], ""CYP3A4"": [{""member"": ""Supplementary Material-2.xls"", ""sheet"": ""3A4 train"", ""row"": 217}]}"
2	specific	22	SIKJAQJRHWYJAI-UHFFFAOYSA-N	c1ccc2[nH]ccc2c1	0.2068965584039688	1.0	1	"{""CYP1A2"": 0, ""CYP2A6"": 1, ""CYP2B6"": 0, ""CYP2C19"": 1, ""CYP2C8"": 0, ""CYP2C9"": 0, ""CYP2D6"": 0, ""CYP2E1"": 1, ""CYP3A4"": 0}"	0.0359574331793351	0.0359574331793351	"{""CYP1A2"": [{""member"": ""Supplementary Material-2.xls"", ""sheet"": ""1A2 train"", ""row"": 884}], ""CYP2A6"": [{""member"": ""Supplementary Material-1.xls"", ""sheet"": ""2A6 test"", ""row"": 231}], ""CYP2B6"": [{""member"": ""Supplementary Material-2.xls"", ""sheet"": ""2B6 train"", ""row"": 854}], ""CYP2C19"": [{""member"": ""Supplementary Material-2.xls"", ""sheet"": ""2C19 train"", ""row"": 879}], ""CYP2C8"": [{""member"": ""Supplementary Material-2.xls"", ""sheet"": ""2C8 train"", ""row"": 865}], ""CYP2C9"": [{""member"": ""Supplementary Material-2.xls"", ""sheet"": ""2C9 train"", ""row"": 873}], ""CYP2D6"": [{""member"": ""Supplementary Material-2.xls"", ""sheet"": ""2D6 train"", ""row"": 891}], ""CYP2E1"": [{""member"": ""Supplementary Material-2.xls"", ""sheet"": ""2E1 train"", ""row"": 879}], ""CYP3A4"": [{""member"": ""Supplementary Material-2.xls"", ""sheet"": ""3A4 train"", ""row"": 899}]}"
2	specific	23	GOHBXWHNJHENRX-UHFFFAOYSA-N	Cc1cc2ccccc2c2ccc3ccccc3c12	0.20000000298023224	1.0	1	"{""CYP1A2"": 1, ""CYP2A6"": 0, ""CYP2B6"": 0, ""CYP2C19"": 0, ""CYP2C8"": 0, ""CYP2C9"": 0, ""CYP2D6"": 1, ""CYP2E1"": 1, ""CYP3A4"": 1}"	0.034758851469085486	0.034758851469085486	"{""CYP1A2"": [{""member"": ""Supplementary Material-2.xls"", ""sheet"": ""1A2 train"", ""row"": 316}], ""CYP2A6"": [{""member"": ""Supplementary Material-2.xls"", ""sheet"": ""2A6 train"", ""row"": 292}], ""CYP2B6"": [{""member"": ""Supplementary Material-1.xls"", ""sheet"": ""2B6 test"", ""row"": 86}], ""CYP2C19"": [{""member"": ""Supplementary Material-2.xls"", ""sheet"": ""2C19 train"", ""row"": 310}], ""CYP2C8"": [{""member"": ""Supplementary Material-2.xls"", ""sheet"": ""2C8 train"", ""row"": 310}], ""CYP2C9"": [{""member"": ""Supplementary Material-1.xls"", ""sheet"": ""2C9 test"", ""row"": 80}], ""CYP2D6"": [{""member"": ""Supplementary Material-2.xls"", ""sheet"": ""2D6 train"", ""row"": 311}], ""CYP2E1"": [{""member"": ""Supplementary Material-2.xls"", ""sheet"": ""2E1 train"", ""row"": 318}], ""CYP3A4"": [{""member"": ""Supplementary Material-2.xls"", ""sheet"": ""3A4 train"", ""row"": 313}]}"
2	specific	24	NEAHWGSQUXSRNW-UHFFFAOYSA-N	O=Cc1cc2c(cc1O)[nH]c1ccccc12	0.20000000298023224	0.0	0	"{""CYP1A2"": 0, ""CYP2A6"": 0, ""CYP2B6"": 0, ""CYP2C19"": 0, ""CYP2C8"": 0, ""CYP2C9"": 0, ""CYP2D6"": 0, ""CYP2E1"": 0, ""CYP3A4"": 0}"	0.034758851469085486	0.0	"{""CYP1A2"": [{""member"": ""Supplementary Material-2.xls"", ""sheet"": ""1A2 train"", ""row"": 1045}], ""CYP2A6"": [{""member"": ""Supplementary Material-1.xls"", ""sheet"": ""2A6 test"", ""row"": 258}], ""CYP2B6"": [{""member"": ""Supplementary Material-2.xls"", ""sheet"": ""2B6 train"", ""row"": 1014}], ""CYP2C19"": [{""member"": ""Supplementary Material-2.xls"", ""sheet"": ""2C19 train"", ""row"": 1031}], ""CYP2C8"": [{""member"": ""Supplementary Material-2.xls"", ""sheet"": ""2C8 train"", ""row"": 1024}], ""CYP2C9"": [{""member"": ""Supplementary Material-2.xls"", ""sheet"": ""2C9 train"", ""row"": 1028}], ""CYP2D6"": [{""member"": ""Supplementary Material-2.xls"", ""sheet"": ""2D6 train"", ""row"": 1044}], ""CYP2E1"": [{""member"": ""Supplementary Material-1.xls"", ""sheet"": ""2E1 test"", ""row"": 257}], ""CYP3A4"": [{""member"": ""Supplementary Material-1.xls"", ""sheet"": ""3A4 test"", ""row"": 259}]}"
2	specific	25	MAXCWSIJKVASQC-UHFFFAOYSA-N	CN(N=O)c1ccccc1	0.19354838132858276	0.0	0	"{""CYP1A2"": 0, ""CYP2A6"": 1, ""CYP2B6"": 0, ""CYP2C19"": 0, ""CYP2C8"": 0, ""CYP2C9"": 0, ""CYP2D6"": 0, ""CYP2E1"": 0, ""CYP3A4"": 0}"	0.03363759669217138	0.0	"{""CYP1A2"": [{""member"": ""Supplementary Material-1.xls"", ""sheet"": ""1A2 test"", ""row"": 260}], ""CYP2A6"": [{""member"": ""Supplementary Material-2.xls"", ""sheet"": ""2A6 train"", ""row"": 1072}], ""CYP2B6"": [{""member"": ""Supplementary Material-2.xls"", ""sheet"": ""2B6 train"", ""row"": 1060}], ""CYP2C19"": [{""member"": ""Supplementary Material-2.xls"", ""sheet"": ""2C19 train"", ""row"": 1076}], ""CYP2C8"": [{""member"": ""Supplementary Material-2.xls"", ""sheet"": ""2C8 train"", ""row"": 1070}], ""CYP2C9"": [{""member"": ""Supplementary Material-2.xls"", ""sheet"": ""2C9 train"", ""row"": 1074}], ""CYP2D6"": [{""member"": ""Supplementary Material-2.xls"", ""sheet"": ""2D6 train"", ""row"": 1088}], ""CYP2E1"": [{""member"": ""Supplementary Material-2.xls"", ""sheet"": ""2E1 train"", ""row"": 1067}], ""CYP3A4"": [{""member"": ""Supplementary Material-1.xls"", ""sheet"": ""3A4 test"", ""row"": 276}]}"
2	pooled	1	YNPNZTXNASCQKK-UHFFFAOYSA-N	c1ccc2c(c1)ccc1ccccc12	0.30434781312942505	0.6666666666666666	1	"{""CYP1A2"": 1, ""CYP2A6"": 0, ""CYP2B6"": 1, ""CYP2C19"": 0, ""CYP2C8"": 1, ""CYP2C9"": 1, ""CYP2D6"": 0, ""CYP2E1"": 1, ""CYP3A4"": 1}"	0.028811881328346535	0.019207920885564354	"{""CYP1A2"": [{""member"": ""Supplementary Material-2.xls"", ""sheet"": ""1A2 train"", ""row"": 1138}], ""CYP2A6"": [{""member"": ""Supplementary Material-2.xls"", ""sheet"": ""2A6 train"", ""row"": 1126}], ""CYP2B6"": [{""member"": ""Supplementary Material-2.xls"", ""sheet"": ""2B6 train"", ""row"": 1119}], ""CYP2C19"": [{""member"": ""Supplementary Material-2.xls"", ""sheet"": ""2C19 train"", ""row"": 1139}], ""CYP2C8"": [{""member"": ""Supplementary Material-1.xls"", ""sheet"": ""2C8 test"", ""row"": 284}], ""CYP2C9"": [{""member"": ""Supplementary Material-2.xls"", ""sheet"": ""2C9 train"", ""row"": 1132}], ""CYP2D6"": [{""member"": ""Supplementary Material-1.xls"", ""sheet"": ""2D6 test"", ""row"": 276}], ""CYP2E1"": [{""member"": ""Supplementary Material-2.xls"", ""sheet"": ""2E1 train"", ""row"": 1129}], ""CYP3A4"": [{""member"": ""Supplementary Material-2.xls"", ""sheet"": ""3A4 train"", ""row"": 1149}]}"
2	pooled	2	YMNKUHIVVMFOFO-UHFFFAOYSA-N	O=Cc1c2ccccc2cc2ccccc12	0.2666666805744171	0.5555555555555556	1	"{""CYP1A2"": 0, ""CYP2A6"": 1, ""CYP2B6"": 1, ""CYP2C19"": 1, ""CYP2C8"": 0, ""CYP2C9"": 0, ""CYP2D6"": 0, ""CYP2E1"": 1, ""CYP3A4"": 1}"	0.025244698412427567	0.014024832451348647	"{""CYP1A2"": [{""member"": ""Supplementary Material-2.xls"", ""sheet"": ""1A2 train"", ""row"": 360}], ""CYP2A6"": [{""member"": ""Supplementary Material-2.xls"", ""sheet"": ""2A6 train"", ""row"": 336}], ""CYP2B6"": [{""member"": ""Supplementary Material-2.xls"", ""sheet"": ""2B6 train"", ""row"": 345}], ""CYP2C19"": [{""member"": ""Supplementary Material-2.xls"", ""sheet"": ""2C19 train"", ""row"": 354}], ""CYP2C8"": [{""member"": ""Supplementary Material-2.xls"", ""sheet"": ""2C8 train"", ""row"": 350}], ""CYP2C9"": [{""member"": ""Supplementary Material-2.xls"", ""sheet"": ""2C9 train"", ""row"": 348}], ""CYP2D6"": [{""member"": ""Supplementary Material-2.xls"", ""sheet"": ""2D6 train"", ""row"": 354}], ""CYP2E1"": [{""member"": ""Supplementary Material-2.xls"", ""sheet"": ""2E1 train"", ""row"": 366}], ""CYP3A4"": [{""member"": ""Supplementary Material-2.xls"", ""sheet"": ""3A4 train"", ""row"": 361}]}"
2	pooled	3	ZFRKQXVRDFCRJG-UHFFFAOYSA-N	Cc1c[nH]c2ccccc12	0.2666666805744171	0.375	1	"{""CYP1A2"": 1, ""CYP2A6"": 1, ""CYP2B6"": 0, ""CYP2C19"": 0, ""CYP2C8"": 0, ""CYP2C9"": 0, ""CYP2E1"": 1, ""CYP3A4"": 0}"	0.025244698412427567	0.009466761904660337	"{""CYP1A2"": [{""member"": ""Supplementary Material-1.xls"", ""sheet"": ""1A2 test"", ""row"": 68}], ""CYP2A6"": [{""member"": ""Supplementary Material-2.xls"", ""sheet"": ""2A6 train"", ""row"": 245}], ""CYP2B6"": [{""member"": ""Supplementary Material-2.xls"", ""sheet"": ""2B6 train"", ""row"": 254}], ""CYP2C19"": [{""member"": ""Supplementary Material-2.xls"", ""sheet"": ""2C19 train"", ""row"": 258}], ""CYP2C8"": [{""member"": ""Supplementary Material-2.xls"", ""sheet"": ""2C8 train"", ""row"": 255}], ""CYP2C9"": [{""member"": ""Supplementary Material-2.xls"", ""sheet"": ""2C9 train"", ""row"": 251}], ""CYP2E1"": [{""member"": ""Supplementary Material-2.xls"", ""sheet"": ""2E1 train"", ""row"": 265}], ""CYP3A4"": [{""member"": ""Supplementary Material-1.xls"", ""sheet"": ""3A4 test"", ""row"": 68}]}"
2	pooled	4	PAYRUJLWNCNPSJ-UHFFFAOYSA-N	Nc1ccccc1	0.260869562625885	0.1111111111111111	1	"{""CYP1A2"": 0, ""CYP2A6"": 0, ""CYP2B6"": 0, ""CYP2C19"": 0, ""CYP2C8"": 0, ""CYP2C9"": 0, ""CYP2D6"": 0, ""CYP2E1"": 1, ""CYP3A4"": 0}"	0.024695899087529817	0.0027439887875033127	"{""CYP1A2"": [{""member"": ""Supplementary Material-2.xls"", ""sheet"": ""1A2 train"", ""row"": 495}], ""CYP2A6"": [{""member"": ""Supplementary Material-1.xls"", ""sheet"": ""2A6 test"", ""row"": 137}], ""CYP2B6"": [{""member"": ""Supplementary Material-2.xls"", ""sheet"": ""2B6 train"", ""row"": 466}], ""CYP2C19"": [{""member"": ""Supplementary Material-2.xls"", ""sheet"": ""2C19 train"", ""row"": 490}], ""CYP2C8"": [{""member"": ""Supplementary Material-2.xls"", ""sheet"": ""2C8 train"", ""row"": 467}], ""CYP2C9"": [{""member"": ""Supplementary Material-2.xls"", ""sheet"": ""2C9 train"", ""row"": 488}], ""CYP2D6"": [{""member"": ""Supplementary Material-1.xls"", ""sheet"": ""2D6 test"", ""row"": 125}], ""CYP2E1"": [{""member"": ""Supplementary Material-2.xls"", ""sheet"": ""2E1 train"", ""row"": 494}], ""CYP3A4"": [{""member"": ""Supplementary Material-2.xls"", ""sheet"": ""3A4 train"", ""row"": 496}]}"
2	pooled	5	LHRCREOYAASXPZ-UHFFFAOYSA-N	c1ccc2c(c1)ccc1cc3c(ccc4ccccc43)cc12	0.25925925374031067	0.6666666666666666	1	"{""CYP1A2"": 1, ""CYP2A6"": 0, ""CYP2B6"": 1, ""CYP2C19"": 0, ""CYP2C8"": 1, ""CYP2C9"": 1, ""CYP2D6"": 0, ""CYP2E1"": 1, ""CYP3A4"": 1}"	0.024543454987353486	0.016362303324902322	"{""CYP1A2"": [{""member"": ""Supplementary Material-1.xls"", ""sheet"": ""1A2 test"", ""row"": 169}], ""CYP2A6"": [{""member"": ""Supplementary Material-2.xls"", ""sheet"": ""2A6 train"", ""row"": 681}], ""CYP2B6"": [{""member"": ""Supplementary Material-2.xls"", ""sheet"": ""2B6 train"", ""row"": 678}], ""CYP2C19"": [{""member"": ""Supplementary Material-2.xls"", ""sheet"": ""2C19 train"", ""row"": 696}], ""CYP2C8"": [{""member"": ""Supplementary Material-2.xls"", ""sheet"": ""2C8 train"", ""row"": 675}], ""CYP2C9"": [{""member"": ""Supplementary Material-2.xls"", ""sheet"": ""2C9 train"", ""row"": 687}], ""CYP2D6"": [{""member"": ""Supplementary Material-2.xls"", ""sheet"": ""2D6 train"", ""row"": 694}], ""CYP2E1"": [{""member"": ""Supplementary Material-2.xls"", ""sheet"": ""2E1 train"", ""row"": 703}], ""CYP3A4"": [{""member"": ""Supplementary Material-2.xls"", ""sheet"": ""3A4 train"", ""row"": 706}]}"
2	pooled	6	FMMWHPNWAFZXNH-UHFFFAOYSA-N	c1ccc2c(c1)cc1ccc3cccc4ccc2c1c34	0.25	0.5555555555555556	1	"{""CYP1A2"": 1, ""CYP2A6"": 0, ""CYP2B6"": 0, ""CYP2C19"": 0, ""CYP2C8"": 1, ""CYP2C9"": 1, ""CYP2D6"": 0, ""CYP2E1"": 1, ""CYP3A4"": 1}"	0.023666903527325638	0.013148279737403132	"{""CYP1A2"": [{""member"": ""Supplementary Material-1.xls"", ""sheet"": ""1A2 test"", ""row"": 126}], ""CYP2A6"": [{""member"": ""Supplementary Material-1.xls"", ""sheet"": ""2A6 test"", ""row"": 143}], ""CYP2B6"": [{""member"": ""Supplementary Material-2.xls"", ""sheet"": ""2B6 train"", ""row"": 499}], ""CYP2C19"": [{""member"": ""Supplementary Material-2.xls"", ""sheet"": ""2C19 train"", ""row"": 519}], ""CYP2C8"": [{""member"": ""Supplementary Material-2.xls"", ""sheet"": ""2C8 train"", ""row"": 496}], ""CYP2C9"": [{""member"": ""Supplementary Material-1.xls"", ""sheet"": ""2C9 test"", ""row"": 136}], ""CYP2D6"": [{""member"": ""Supplementary Material-2.xls"", ""sheet"": ""2D6 train"", ""row"": 516}], ""CYP2E1"": [{""member"": ""Supplementary Material-2.xls"", ""sheet"": ""2E1 train"", ""row"": 522}], ""CYP3A4"": [{""member"": ""Supplementary Material-2.xls"", ""sheet"": ""3A4 train"", ""row"": 529}]}"
2	pooled	7	KIVUHCNVDWYUNP-UHFFFAOYSA-N	Nc1cc2c3ccccc3ccc2c2ccccc12	0.25	0.5555555555555556	0	"{""CYP1A2"": 1, ""CYP2A6"": 1, ""CYP2B6"": 1, ""CYP2C19"": 0, ""CYP2C8"": 0, ""CYP2C9"": 0, ""CYP2D6"": 1, ""CYP2E1"": 0, ""CYP3A4"": 1}"	0.023666903527325638	0.013148279737403132	"{""CYP1A2"": [{""member"": ""Supplementary Material-2.xls"", ""sheet"": ""1A2 train"", ""row"": 328}], ""CYP2A6"": [{""member"": ""Supplementary Material-2.xls"", ""sheet"": ""2A6 train"", ""row"": 303}], ""CYP2B6"": [{""member"": ""Supplementary Material-2.xls"", ""sheet"": ""2B6 train"", ""row"": 310}], ""CYP2C19"": [{""member"": ""Supplementary Material-2.xls"", ""sheet"": ""2C19 train"", ""row"": 320}], ""CYP2C8"": [{""member"": ""Supplementary Material-2.xls"", ""sheet"": ""2C8 train"", ""row"": 320}], ""CYP2C9"": [{""member"": ""Supplementary Material-2.xls"", ""sheet"": ""2C9 train"", ""row"": 315}], ""CYP2D6"": [{""member"": ""Supplementary Material-2.xls"", ""sheet"": ""2D6 train"", ""row"": 320}], ""CYP2E1"": [{""member"": ""Supplementary Material-2.xls"", ""sheet"": ""2E1 train"", ""row"": 330}], ""CYP3A4"": [{""member"": ""Supplementary Material-2.xls"", ""sheet"": ""3A4 train"", ""row"": 323}]}"
2	pooled	8	UBQNRHZMVUUOMG-UHFFFAOYSA-N	NS(=O)(=O)Cc1noc2ccccc12	0.2432432472705841	0.2222222222222222	0	"{""CYP1A2"": 0, ""CYP2A6"": 0, ""CYP2B6"": 0, ""CYP2C19"": 1, ""CYP2C8"": 0, ""CYP2C9"": 0, ""CYP2D6"": 0, ""CYP2E1"": 0, ""CYP3A4"": 1}"	0.023027257867305317	0.005117168414956737	"{""CYP1A2"": [{""member"": ""Supplementary Material-2.xls"", ""sheet"": ""1A2 train"", ""row"": 1378}], ""CYP2A6"": [{""member"": ""Supplementary Material-2.xls"", ""sheet"": ""2A6 train"", ""row"": 1371}], ""CYP2B6"": [{""member"": ""Supplementary Material-2.xls"", ""sheet"": ""2B6 train"", ""row"": 1367}], ""CYP2C19"": [{""member"": ""Supplementary Material-2.xls"", ""sheet"": ""2C19 train"", ""row"": 1378}], ""CYP2C8"": [{""member"": ""Supplementary Material-1.xls"", ""sheet"": ""2C8 test"", ""row"": 344}], ""CYP2C9"": [{""member"": ""Supplementary Material-2.xls"", ""sheet"": ""2C9 train"", ""row"": 1377}], ""CYP2D6"": [{""member"": ""Supplementary Material-2.xls"", ""sheet"": ""2D6 train"", ""row"": 1383}], ""CYP2E1"": [{""member"": ""Supplementary Material-2.xls"", ""sheet"": ""2E1 train"", ""row"": 1369}], ""CYP3A4"": [{""member"": ""Supplementary Material-2.xls"", ""sheet"": ""3A4 train"", ""row"": 1406}]}"
2	pooled	9	JNTHRSHGARDABO-UHFFFAOYSA-N	c1ccc2c(c1)cc1ccc3cccc4c5ccccc5c2c1c34	0.24242424964904785	0.8888888888888888	1	"{""CYP1A2"": 1, ""CYP2A6"": 1, ""CYP2B6"": 1, ""CYP2C19"": 0, ""CYP2C8"": 1, ""CYP2C9"": 1, ""CYP2D6"": 1, ""CYP2E1"": 1, ""CYP3A4"": 1}"	0.022949725316513285	0.020399755836900697	"{""CYP1A2"": [{""member"": ""Supplementary Material-2.xls"", ""sheet"": ""1A2 train"", ""row"": 704}], ""CYP2A6"": [{""member"": ""Supplementary Material-2.xls"", ""sheet"": ""2A6 train"", ""row"": 682}], ""CYP2B6"": [{""member"": ""Supplementary Material-1.xls"", ""sheet"": ""2B6 test"", ""row"": 180}], ""CYP2C19"": [{""member"": ""Supplementary Material-1.xls"", ""sheet"": ""2C19 test"", ""row"": 176}], ""CYP2C8"": [{""member"": ""Supplementary Material-2.xls"", ""sheet"": ""2C8 train"", ""row"": 676}], ""CYP2C9"": [{""member"": ""Supplementary Material-2.xls"", ""sheet"": ""2C9 train"", ""row"": 688}], ""CYP2D6"": [{""member"": ""Supplementary Material-2.xls"", ""sheet"": ""2D6 train"", ""row"": 695}], ""CYP2E1"": [{""member"": ""Supplementary Material-2.xls"", ""sheet"": ""2E1 train"", ""row"": 704}], ""CYP3A4"": [{""member"": ""Supplementary Material-2.xls"", ""sheet"": ""3A4 train"", ""row"": 707}]}"
2	pooled	10	UFWIBTONFRDIAS-UHFFFAOYSA-N	c1ccc2ccccc2c1	0.2380952388048172	0.1111111111111111	0	"{""CYP1A2"": 0, ""CYP2A6"": 0, ""CYP2B6"": 0, ""CYP2C19"": 0, ""CYP2C8"": 0, ""CYP2C9"": 0, ""CYP2D6"": 0, ""CYP2E1"": 0, ""CYP3A4"": 1}"	0.022539908188436673	0.0025044342431596303	"{""CYP1A2"": [{""member"": ""Supplementary Material-2.xls"", ""sheet"": ""1A2 train"", ""row"": 1069}], ""CYP2A6"": [{""member"": ""Supplementary Material-2.xls"", ""sheet"": ""2A6 train"", ""row"": 1050}], ""CYP2B6"": [{""member"": ""Supplementary Material-2.xls"", ""sheet"": ""2B6 train"", ""row"": 1039}], ""CYP2C19"": [{""member"": ""Supplementary Material-2.xls"", ""sheet"": ""2C19 train"", ""row"": 1054}], ""CYP2C8"": [{""member"": ""Supplementary Material-2.xls"", ""sheet"": ""2C8 train"", ""row"": 1048}], ""CYP2C9"": [{""member"": ""Supplementary Material-2.xls"", ""sheet"": ""2C9 train"", ""row"": 1054}], ""CYP2D6"": [{""member"": ""Supplementary Material-2.xls"", ""sheet"": ""2D6 train"", ""row"": 1067}], ""CYP2E1"": [{""member"": ""Supplementary Material-2.xls"", ""sheet"": ""2E1 train"", ""row"": 1049}], ""CYP3A4"": [{""member"": ""Supplementary Material-1.xls"", ""sheet"": ""3A4 test"", ""row"": 270}]}"
2	pooled	11	PPBRXRYQALVLMV-UHFFFAOYSA-N	C=Cc1ccccc1	0.23076923191547394	0.8888888888888888	1	"{""CYP1A2"": 1, ""CYP2A6"": 1, ""CYP2B6"": 1, ""CYP2C19"": 0, ""CYP2C8"": 1, ""CYP2C9"": 1, ""CYP2D6"": 1, ""CYP2E1"": 1, ""CYP3A4"": 1}"	0.021846372595274232	0.019418997862465984	"{""CYP1A2"": [{""member"": ""Supplementary Material-2.xls"", ""sheet"": ""1A2 train"", ""row"": 1254}], ""CYP2A6"": [{""member"": ""Supplementary Material-2.xls"", ""sheet"": ""2A6 train"", ""row"": 1251}], ""CYP2B6"": [{""member"": ""Supplementary Material-1.xls"", ""sheet"": ""2B6 test"", ""row"": 317}], ""CYP2C19"": [{""member"": ""Supplementary Material-2.xls"", ""sheet"": ""2C19 train"", ""row"": 1258}], ""CYP2C8"": [{""member"": ""Supplementary Material-1.xls"", ""sheet"": ""2C8 test"", ""row"": 319}], ""CYP2C9"": [{""member"": ""Supplementary Material-2.xls"", ""sheet"": ""2C9 train"", ""row"": 1253}], ""CYP2D6"": [{""member"": ""Supplementary Material-2.xls"", ""sheet"": ""2D6 train"", ""row"": 1258}], ""CYP2E1"": [{""member"": ""Supplementary Material-2.xls"", ""sheet"": ""2E1 train"", ""row"": 1250}], ""CYP3A4"": [{""member"": ""Supplementary Material-2.xls"", ""sheet"": ""3A4 train"", ""row"": 1281}]}"
2	pooled	12	YZVWKHVRBDQPMQ-UHFFFAOYSA-N	Nc1ccc2ccc3cccc4ccc1c2c34	0.22580644488334656	1.0		"{""CYP1A2"": 1, ""CYP3A4"": 1}"	0.021376557387610146	0.021376557387610146	"{""CYP1A2"": [{""member"": ""Supplementary Material-1.xls"", ""sheet"": ""1A2 test"", ""row"": 34}], ""CYP3A4"": [{""member"": ""Supplementary Material-2.xls"", ""sheet"": ""3A4 train"", ""row"": 112}]}"
2	pooled	13	SQAINHDHICKHLX-UHFFFAOYSA-N	O=Cc1cccc2ccccc12	0.22580644488334656	1.0		"{""CYP3A4"": 1}"	0.021376557387610146	0.021376557387610146	"{""CYP3A4"": [{""member"": ""Supplementary Material-2.xls"", ""sheet"": ""3A4 train"", ""row"": 114}]}"
2	pooled	14	ANUCHZVCBDOPOX-UHFFFAOYSA-N	c1ccc2c(c1)ccc1nc3ccc4ccccc4c3cc12	0.22580644488334656	0.2222222222222222	0	"{""CYP1A2"": 1, ""CYP2A6"": 0, ""CYP2B6"": 0, ""CYP2C19"": 0, ""CYP2C8"": 0, ""CYP2C9"": 0, ""CYP2D6"": 0, ""CYP2E1"": 0, ""CYP3A4"": 1}"	0.021376557387610146	0.004750346086135588	"{""CYP1A2"": [{""member"": ""Supplementary Material-2.xls"", ""sheet"": ""1A2 train"", ""row"": 676}], ""CYP2A6"": [{""member"": ""Supplementary Material-2.xls"", ""sheet"": ""2A6 train"", ""row"": 655}], ""CYP2B6"": [{""member"": ""Supplementary Material-2.xls"", ""sheet"": ""2B6 train"", ""row"": 649}], ""CYP2C19"": [{""member"": ""Supplementary Material-2.xls"", ""sheet"": ""2C19 train"", ""row"": 667}], ""CYP2C8"": [{""member"": ""Supplementary Material-2.xls"", ""sheet"": ""2C8 train"", ""row"": 647}], ""CYP2C9"": [{""member"": ""Supplementary Material-2.xls"", ""sheet"": ""2C9 train"", ""row"": 661}], ""CYP2D6"": [{""member"": ""Supplementary Material-2.xls"", ""sheet"": ""2D6 train"", ""row"": 666}], ""CYP2E1"": [{""member"": ""Supplementary Material-2.xls"", ""sheet"": ""2E1 train"", ""row"": 674}], ""CYP3A4"": [{""member"": ""Supplementary Material-1.xls"", ""sheet"": ""3A4 test"", ""row"": 168}]}"
2	pooled	15	DMVOXQPQNTYEKQ-UHFFFAOYSA-N	Nc1ccc(-c2ccccc2)cc1	0.2222222238779068	0.1111111111111111	0	"{""CYP1A2"": 1, ""CYP2A6"": 0, ""CYP2B6"": 0, ""CYP2C19"": 0, ""CYP2C8"": 0, ""CYP2C9"": 0, ""CYP2D6"": 0, ""CYP2E1"": 0, ""CYP3A4"": 0}"	0.02103724773658472	0.0023374719707316355	"{""CYP1A2"": [{""member"": ""Supplementary Material-2.xls"", ""sheet"": ""1A2 train"", ""row"": 283}], ""CYP2A6"": [{""member"": ""Supplementary Material-2.xls"", ""sheet"": ""2A6 train"", ""row"": 262}], ""CYP2B6"": [{""member"": ""Supplementary Material-2.xls"", ""sheet"": ""2B6 train"", ""row"": 273}], ""CYP2C19"": [{""member"": ""Supplementary Material-2.xls"", ""sheet"": ""2C19 train"", ""row"": 282}], ""CYP2C8"": [{""member"": ""Supplementary Material-2.xls"", ""sheet"": ""2C8 train"", ""row"": 278}], ""CYP2C9"": [{""member"": ""Supplementary Material-2.xls"", ""sheet"": ""2C9 train"", ""row"": 274}], ""CYP2D6"": [{""member"": ""Supplementary Material-2.xls"", ""sheet"": ""2D6 train"", ""row"": 274}], ""CYP2E1"": [{""member"": ""Supplementary Material-2.xls"", ""sheet"": ""2E1 train"", ""row"": 290}], ""CYP3A4"": [{""member"": ""Supplementary Material-2.xls"", ""sheet"": ""3A4 train"", ""row"": 282}]}"
2	pooled	16	RFFLAFLAYFXFSW-UHFFFAOYSA-N	Clc1ccccc1Cl	0.21739129722118378	0.3333333333333333	1	"{""CYP1A2"": 1, ""CYP2A6"": 0, ""CYP2B6"": 0, ""CYP2C19"": 0, ""CYP2C8"": 0, ""CYP2C9"": 0, ""CYP2D6"": 0, ""CYP2E1"": 1, ""CYP3A4"": 1}"	0.020579915436055723	0.006859971812018574	"{""CYP1A2"": [{""member"": ""Supplementary Material-1.xls"", ""sheet"": ""1A2 test"", ""row"": 271}], ""CYP2A6"": [{""member"": ""Supplementary Material-1.xls"", ""sheet"": ""2A6 test"", ""row"": 275}], ""CYP2B6"": [{""member"": ""Supplementary Material-2.xls"", ""sheet"": ""2B6 train"", ""row"": 1091}], ""CYP2C19"": [{""member"": ""Supplementary Material-2.xls"", ""sheet"": ""2C19 train"", ""row"": 1110}], ""CYP2C8"": [{""member"": ""Supplementary Material-2.xls"", ""sheet"": ""2C8 train"", ""row"": 1098}], ""CYP2C9"": [{""member"": ""Supplementary Material-2.xls"", ""sheet"": ""2C9 train"", ""row"": 1104}], ""CYP2D6"": [{""member"": ""Supplementary Material-2.xls"", ""sheet"": ""2D6 train"", ""row"": 1118}], ""CYP2E1"": [{""member"": ""Supplementary Material-2.xls"", ""sheet"": ""2E1 train"", ""row"": 1099}], ""CYP3A4"": [{""member"": ""Supplementary Material-2.xls"", ""sheet"": ""3A4 train"", ""row"": 1120}]}"
2	pooled	17	CTQNGGLPUBDAKN-UHFFFAOYSA-N	Cc1ccccc1C	0.21739129722118378	0.125	1	"{""CYP2A6"": 0, ""CYP2B6"": 0, ""CYP2C19"": 0, ""CYP2C8"": 0, ""CYP2C9"": 0, ""CYP2D6"": 0, ""CYP2E1"": 1, ""CYP3A4"": 0}"	0.020579915436055723	0.0025724894295069654	"{""CYP2A6"": [{""member"": ""Supplementary Material-2.xls"", ""sheet"": ""2A6 train"", ""row"": 1090}], ""CYP2B6"": [{""member"": ""Supplementary Material-2.xls"", ""sheet"": ""2B6 train"", ""row"": 1080}], ""CYP2C19"": [{""member"": ""Supplementary Material-2.xls"", ""sheet"": ""2C19 train"", ""row"": 1098}], ""CYP2C8"": [{""member"": ""Supplementary Material-2.xls"", ""sheet"": ""2C8 train"", ""row"": 1088}], ""CYP2C9"": [{""member"": ""Supplementary Material-2.xls"", ""sheet"": ""2C9 train"", ""row"": 1092}], ""CYP2D6"": [{""member"": ""Supplementary Material-2.xls"", ""sheet"": ""2D6 train"", ""row"": 1106}], ""CYP2E1"": [{""member"": ""Supplementary Material-2.xls"", ""sheet"": ""2E1 train"", ""row"": 1087}], ""CYP3A4"": [{""member"": ""Supplementary Material-1.xls"", ""sheet"": ""3A4 test"", ""row"": 282}]}"
2	pooled	18	ARSRBNBHOADGJU-UHFFFAOYSA-N	Cc1c2ccccc2c(C)c2c1ccc1ccccc12	0.21212121844291687	0.6666666666666666	1	"{""CYP1A2"": 1, ""CYP2A6"": 0, ""CYP2B6"": 1, ""CYP2C19"": 0, ""CYP2C8"": 1, ""CYP2C9"": 1, ""CYP2D6"": 0, ""CYP2E1"": 1, ""CYP3A4"": 1}"	0.020081009651949127	0.013387339767966083	"{""CYP1A2"": [{""member"": ""Supplementary Material-2.xls"", ""sheet"": ""1A2 train"", ""row"": 726}], ""CYP2A6"": [{""member"": ""Supplementary Material-2.xls"", ""sheet"": ""2A6 train"", ""row"": 704}], ""CYP2B6"": [{""member"": ""Supplementary Material-2.xls"", ""sheet"": ""2B6 train"", ""row"": 703}], ""CYP2C19"": [{""member"": ""Supplementary Material-2.xls"", ""sheet"": ""2C19 train"", ""row"": 721}], ""CYP2C8"": [{""member"": ""Supplementary Material-2.xls"", ""sheet"": ""2C8 train"", ""row"": 699}], ""CYP2C9"": [{""member"": ""Supplementary Material-2.xls"", ""sheet"": ""2C9 train"", ""row"": 713}], ""CYP2D6"": [{""member"": ""Supplementary Material-2.xls"", ""sheet"": ""2D6 train"", ""row"": 723}], ""CYP2E1"": [{""member"": ""Supplementary Material-2.xls"", ""sheet"": ""2E1 train"", ""row"": 725}], ""CYP3A4"": [{""member"": ""Supplementary Material-2.xls"", ""sheet"": ""3A4 train"", ""row"": 728}]}"
2	pooled	19	ASVDRLYVNFOSCI-UHFFFAOYSA-N	Cc1cc2c3ccccc3ccc2c2ccccc12	0.21212121844291687	0.4444444444444444	1	"{""CYP1A2"": 1, ""CYP2A6"": 0, ""CYP2B6"": 0, ""CYP2C19"": 0, ""CYP2C8"": 0, ""CYP2C9"": 0, ""CYP2D6"": 1, ""CYP2E1"": 1, ""CYP3A4"": 1}"	0.020081009651949127	0.008924893178644054	"{""CYP1A2"": [{""member"": ""Supplementary Material-2.xls"", ""sheet"": ""1A2 train"", ""row"": 334}], ""CYP2A6"": [{""member"": ""Supplementary Material-1.xls"", ""sheet"": ""2A6 test"", ""row"": 97}], ""CYP2B6"": [{""member"": ""Supplementary Material-2.xls"", ""sheet"": ""2B6 train"", ""row"": 315}], ""CYP2C19"": [{""member"": ""Supplementary Material-2.xls"", ""sheet"": ""2C19 train"", ""row"": 325}], ""CYP2C8"": [{""member"": ""Supplementary Material-1.xls"", ""sheet"": ""2C8 test"", ""row"": 81}], ""CYP2C9"": [{""member"": ""Supplementary Material-2.xls"", ""sheet"": ""2C9 train"", ""row"": 318}], ""CYP2D6"": [{""member"": ""Supplementary Material-1.xls"", ""sheet"": ""2D6 test"", ""row"": 79}], ""CYP2E1"": [{""member"": ""Supplementary Material-2.xls"", ""sheet"": ""2E1 train"", ""row"": 333}], ""CYP3A4"": [{""member"": ""Supplementary Material-1.xls"", ""sheet"": ""3A4 test"", ""row"": 86}]}"
2	pooled	20	YLJREFDVOIBQDA-UHFFFAOYSA-N	Nc1c2c(nc3ccccc13)CCCC2	0.21052631735801697	0.1111111111111111	0	"{""CYP1A2"": 1, ""CYP2A6"": 0, ""CYP2B6"": 0, ""CYP2C19"": 0, ""CYP2C8"": 0, ""CYP2C9"": 0, ""CYP2D6"": 0, ""CYP2E1"": 0, ""CYP3A4"": 0}"	0.019930024171501314	0.0022144471301668127	"{""CYP1A2"": [{""member"": ""Supplementary Material-2.xls"", ""sheet"": ""1A2 train"", ""row"": 1262}], ""CYP2A6"": [{""member"": ""Supplementary Material-2.xls"", ""sheet"": ""2A6 train"", ""row"": 1258}], ""CYP2B6"": [{""member"": ""Supplementary Material-2.xls"", ""sheet"": ""2B6 train"", ""row"": 1252}], ""CYP2C19"": [{""member"": ""Supplementary Material-2.xls"", ""sheet"": ""2C19 train"", ""row"": 1266}], ""CYP2C8"": [{""member"": ""Supplementary Material-2.xls"", ""sheet"": ""2C8 train"", ""row"": 1251}], ""CYP2C9"": [{""member"": ""Supplementary Material-2.xls"", ""sheet"": ""2C9 train"", ""row"": 1260}], ""CYP2D6"": [{""member"": ""Supplementary Material-2.xls"", ""sheet"": ""2D6 train"", ""row"": 1264}], ""CYP2E1"": [{""member"": ""Supplementary Material-1.xls"", ""sheet"": ""2E1 test"", ""row"": 315}], ""CYP3A4"": [{""member"": ""Supplementary Material-2.xls"", ""sheet"": ""3A4 train"", ""row"": 1290}]}"
2	pooled	21	YXFVVABEGXRONW-UHFFFAOYSA-N	Cc1ccccc1	0.2083333283662796	0.4444444444444444	1	"{""CYP1A2"": 1, ""CYP2A6"": 0, ""CYP2B6"": 1, ""CYP2C19"": 0, ""CYP2C8"": 1, ""CYP2C9"": 0, ""CYP2D6"": 0, ""CYP2E1"": 1, ""CYP3A4"": 0}"	0.01972241913588557	0.008765519615949142	"{""CYP1A2"": [{""member"": ""Supplementary Material-2.xls"", ""sheet"": ""1A2 train"", ""row"": 1305}], ""CYP2A6"": [{""member"": ""Supplementary Material-2.xls"", ""sheet"": ""2A6 train"", ""row"": 1301}], ""CYP2B6"": [{""member"": ""Supplementary Material-2.xls"", ""sheet"": ""2B6 train"", ""row"": 1292}], ""CYP2C19"": [{""member"": ""Supplementary Material-2.xls"", ""sheet"": ""2C19 train"", ""row"": 1303}], ""CYP2C8"": [{""member"": ""Supplementary Material-2.xls"", ""sheet"": ""2C8 train"", ""row"": 1293}], ""CYP2C9"": [{""member"": ""Supplementary Material-2.xls"", ""sheet"": ""2C9 train"", ""row"": 1307}], ""CYP2D6"": [{""member"": ""Supplementary Material-1.xls"", ""sheet"": ""2D6 test"", ""row"": 329}], ""CYP2E1"": [{""member"": ""Supplementary Material-1.xls"", ""sheet"": ""2E1 test"", ""row"": 325}], ""CYP3A4"": [{""member"": ""Supplementary Material-2.xls"", ""sheet"": ""3A4 train"", ""row"": 1336}]}"
2	pooled	22	ISWSIDIOOBJBQZ-UHFFFAOYSA-N	Oc1ccccc1	0.2083333283662796	0.1111111111111111	1	"{""CYP1A2"": 0, ""CYP2A6"": 0, ""CYP2B6"": 0, ""CYP2C19"": 0, ""CYP2C8"": 0, ""CYP2C9"": 0, ""CYP2D6"": 0, ""CYP2E1"": 1, ""CYP3A4"": 0}"	0.01972241913588557	0.0021913799039872854	"{""CYP1A2"": [{""member"": ""Supplementary Material-2.xls"", ""sheet"": ""1A2 train"", ""row"": 1140}], ""CYP2A6"": [{""member"": ""Supplementary Material-2.xls"", ""sheet"": ""2A6 train"", ""row"": 1129}], ""CYP2B6"": [{""member"": ""Supplementary Material-2.xls"", ""sheet"": ""2B6 train"", ""row"": 1122}], ""CYP2C19"": [{""member"": ""Supplementary Material-2.xls"", ""sheet"": ""2C19 train"", ""row"": 1141}], ""CYP2C8"": [{""member"": ""Supplementary Material-2.xls"", ""sheet"": ""2C8 train"", ""row"": 1126}], ""CYP2C9"": [{""member"": ""Supplementary Material-2.xls"", ""sheet"": ""2C9 train"", ""row"": 1134}], ""CYP2D6"": [{""member"": ""Supplementary Material-2.xls"", ""sheet"": ""2D6 train"", ""row"": 1148}], ""CYP2E1"": [{""member"": ""Supplementary Material-1.xls"", ""sheet"": ""2E1 test"", ""row"": 281}], ""CYP3A4"": [{""member"": ""Supplementary Material-2.xls"", ""sheet"": ""3A4 train"", ""row"": 1151}]}"
2	pooled	23	JBIJLHTVPXGSAM-UHFFFAOYSA-N	Nc1ccc2ccccc2c1	0.2068965584039688	0.1111111111111111	0	"{""CYP1A2"": 1, ""CYP2A6"": 0, ""CYP2B6"": 0, ""CYP2C19"": 0, ""CYP2C8"": 0, ""CYP2C9"": 0, ""CYP2D6"": 0, ""CYP2E1"": 0, ""CYP3A4"": 0}"	0.019586403551529696	0.0021762670612810774	"{""CYP1A2"": [{""member"": ""Supplementary Material-2.xls"", ""sheet"": ""1A2 train"", ""row"": 216}], ""CYP2A6"": [{""member"": ""Supplementary Material-1.xls"", ""sheet"": ""2A6 test"", ""row"": 65}], ""CYP2B6"": [{""member"": ""Supplementary Material-2.xls"", ""sheet"": ""2B6 train"", ""row"": 217}], ""CYP2C19"": [{""member"": ""Supplementary Material-2.xls"", ""sheet"": ""2C19 train"", ""row"": 214}], ""CYP2C8"": [{""member"": ""Supplementary Material-1.xls"", ""sheet"": ""2C8 test"", ""row"": 57}], ""CYP2C9"": [{""member"": ""Supplementary Material-2.xls"", ""sheet"": ""2C9 train"", ""row"": 207}], ""CYP2D6"": [{""member"": ""Supplementary Material-1.xls"", ""sheet"": ""2D6 test"", ""row"": 53}], ""CYP2E1"": [{""member"": ""Supplementary Material-2.xls"", ""sheet"": ""2E1 train"", ""row"": 220}], ""CYP3A4"": [{""member"": ""Supplementary Material-2.xls"", ""sheet"": ""3A4 train"", ""row"": 217}]}"
2	pooled	24	SIKJAQJRHWYJAI-UHFFFAOYSA-N	c1ccc2[nH]ccc2c1	0.2068965584039688	0.3333333333333333	1	"{""CYP1A2"": 0, ""CYP2A6"": 1, ""CYP2B6"": 0, ""CYP2C19"": 1, ""CYP2C8"": 0, ""CYP2C9"": 0, ""CYP2D6"": 0, ""CYP2E1"": 1, ""CYP3A4"": 0}"	0.019586403551529696	0.006528801183843231	"{""CYP1A2"": [{""member"": ""Supplementary Material-2.xls"", ""sheet"": ""1A2 train"", ""row"": 884}], ""CYP2A6"": [{""member"": ""Supplementary Material-1.xls"", ""sheet"": ""2A6 test"", ""row"": 231}], ""CYP2B6"": [{""member"": ""Supplementary Material-2.xls"", ""sheet"": ""2B6 train"", ""row"": 854}], ""CYP2C19"": [{""member"": ""Supplementary Material-2.xls"", ""sheet"": ""2C19 train"", ""row"": 879}], ""CYP2C8"": [{""member"": ""Supplementary Material-2.xls"", ""sheet"": ""2C8 train"", ""row"": 865}], ""CYP2C9"": [{""member"": ""Supplementary Material-2.xls"", ""sheet"": ""2C9 train"", ""row"": 873}], ""CYP2D6"": [{""member"": ""Supplementary Material-2.xls"", ""sheet"": ""2D6 train"", ""row"": 891}], ""CYP2E1"": [{""member"": ""Supplementary Material-2.xls"", ""sheet"": ""2E1 train"", ""row"": 879}], ""CYP3A4"": [{""member"": ""Supplementary Material-2.xls"", ""sheet"": ""3A4 train"", ""row"": 899}]}"
2	pooled	25	GOHBXWHNJHENRX-UHFFFAOYSA-N	Cc1cc2ccccc2c2ccc3ccccc3c12	0.20000000298023224	0.4444444444444444	1	"{""CYP1A2"": 1, ""CYP2A6"": 0, ""CYP2B6"": 0, ""CYP2C19"": 0, ""CYP2C8"": 0, ""CYP2C9"": 0, ""CYP2D6"": 1, ""CYP2E1"": 1, ""CYP3A4"": 1}"	0.018933523103991986	0.00841489915732977	"{""CYP1A2"": [{""member"": ""Supplementary Material-2.xls"", ""sheet"": ""1A2 train"", ""row"": 316}], ""CYP2A6"": [{""member"": ""Supplementary Material-2.xls"", ""sheet"": ""2A6 train"", ""row"": 292}], ""CYP2B6"": [{""member"": ""Supplementary Material-1.xls"", ""sheet"": ""2B6 test"", ""row"": 86}], ""CYP2C19"": [{""member"": ""Supplementary Material-2.xls"", ""sheet"": ""2C19 train"", ""row"": 310}], ""CYP2C8"": [{""member"": ""Supplementary Material-2.xls"", ""sheet"": ""2C8 train"", ""row"": 310}], ""CYP2C9"": [{""member"": ""Supplementary Material-1.xls"", ""sheet"": ""2C9 test"", ""row"": 80}], ""CYP2D6"": [{""member"": ""Supplementary Material-2.xls"", ""sheet"": ""2D6 train"", ""row"": 311}], ""CYP2E1"": [{""member"": ""Supplementary Material-2.xls"", ""sheet"": ""2E1 train"", ""row"": 318}], ""CYP3A4"": [{""member"": ""Supplementary Material-2.xls"", ""sheet"": ""3A4 train"", ""row"": 313}]}"
2	pooled	26	PJANXHGTPQOBST-UHFFFAOYSA-N	C(=Cc1ccccc1)c1ccccc1	0.20000000298023224	1.0		"{""CYP1A2"": 1, ""CYP2D6"": 1}"	0.018933523103991986	0.018933523103991986	"{""CYP1A2"": [{""member"": ""Supplementary Material-2.xls"", ""sheet"": ""1A2 train"", ""row"": 1314}], ""CYP2D6"": [{""member"": ""Supplementary Material-1.xls"", ""sheet"": ""2D6 test"", ""row"": 332}]}"
2	pooled	27	NEAHWGSQUXSRNW-UHFFFAOYSA-N	O=Cc1cc2c(cc1O)[nH]c1ccccc12	0.20000000298023224	0.0	0	"{""CYP1A2"": 0, ""CYP2A6"": 0, ""CYP2B6"": 0, ""CYP2C19"": 0, ""CYP2C8"": 0, ""CYP2C9"": 0, ""CYP2D6"": 0, ""CYP2E1"": 0, ""CYP3A4"": 0}"	0.018933523103991986	0.0	"{""CYP1A2"": [{""member"": ""Supplementary Material-2.xls"", ""sheet"": ""1A2 train"", ""row"": 1045}], ""CYP2A6"": [{""member"": ""Supplementary Material-1.xls"", ""sheet"": ""2A6 test"", ""row"": 258}], ""CYP2B6"": [{""member"": ""Supplementary Material-2.xls"", ""sheet"": ""2B6 train"", ""row"": 1014}], ""CYP2C19"": [{""member"": ""Supplementary Material-2.xls"", ""sheet"": ""2C19 train"", ""row"": 1031}], ""CYP2C8"": [{""member"": ""Supplementary Material-2.xls"", ""sheet"": ""2C8 train"", ""row"": 1024}], ""CYP2C9"": [{""member"": ""Supplementary Material-2.xls"", ""sheet"": ""2C9 train"", ""row"": 1028}], ""CYP2D6"": [{""member"": ""Supplementary Material-2.xls"", ""sheet"": ""2D6 train"", ""row"": 1044}], ""CYP2E1"": [{""member"": ""Supplementary Material-1.xls"", ""sheet"": ""2E1 test"", ""row"": 257}], ""CYP3A4"": [{""member"": ""Supplementary Material-1.xls"", ""sheet"": ""3A4 test"", ""row"": 259}]}"
2	pooled	28	MAXCWSIJKVASQC-UHFFFAOYSA-N	CN(N=O)c1ccccc1	0.19354838132858276	0.1111111111111111	0	"{""CYP1A2"": 0, ""CYP2A6"": 1, ""CYP2B6"": 0, ""CYP2C19"": 0, ""CYP2C8"": 0, ""CYP2C9"": 0, ""CYP2D6"": 0, ""CYP2E1"": 0, ""CYP3A4"": 0}"	0.018322763475094414	0.0020358626083438235	"{""CYP1A2"": [{""member"": ""Supplementary Material-1.xls"", ""sheet"": ""1A2 test"", ""row"": 260}], ""CYP2A6"": [{""member"": ""Supplementary Material-2.xls"", ""sheet"": ""2A6 train"", ""row"": 1072}], ""CYP2B6"": [{""member"": ""Supplementary Material-2.xls"", ""sheet"": ""2B6 train"", ""row"": 1060}], ""CYP2C19"": [{""member"": ""Supplementary Material-2.xls"", ""sheet"": ""2C19 train"", ""row"": 1076}], ""CYP2C8"": [{""member"": ""Supplementary Material-2.xls"", ""sheet"": ""2C8 train"", ""row"": 1070}], ""CYP2C9"": [{""member"": ""Supplementary Material-2.xls"", ""sheet"": ""2C9 train"", ""row"": 1074}], ""CYP2D6"": [{""member"": ""Supplementary Material-2.xls"", ""sheet"": ""2D6 train"", ""row"": 1088}], ""CYP2E1"": [{""member"": ""Supplementary Material-2.xls"", ""sheet"": ""2E1 train"", ""row"": 1067}], ""CYP3A4"": [{""member"": ""Supplementary Material-1.xls"", ""sheet"": ""3A4 test"", ""row"": 276}]}"
2	pooled	29	HEQOJEGTZCTHCF-UHFFFAOYSA-N	NCC(=O)c1ccccc1	0.19354838132858276	0.0	0	"{""CYP1A2"": 0, ""CYP2A6"": 0, ""CYP2B6"": 0, ""CYP2C19"": 0, ""CYP2C8"": 0, ""CYP2C9"": 0, ""CYP2D6"": 0, ""CYP2E1"": 0, ""CYP3A4"": 0}"	0.018322763475094414	0.0	"{""CYP1A2"": [{""member"": ""Supplementary Material-1.xls"", ""sheet"": ""1A2 test"", ""row"": 55}], ""CYP2A6"": [{""member"": ""Supplementary Material-2.xls"", ""sheet"": ""2A6 train"", ""row"": 197}], ""CYP2B6"": [{""member"": ""Supplementary Material-2.xls"", ""sheet"": ""2B6 train"", ""row"": 206}], ""CYP2C19"": [{""member"": ""Supplementary Material-2.xls"", ""sheet"": ""2C19 train"", ""row"": 204}], ""CYP2C8"": [{""member"": ""Supplementary Material-2.xls"", ""sheet"": ""2C8 train"", ""row"": 204}], ""CYP2C9"": [{""member"": ""Supplementary Material-2.xls"", ""sheet"": ""2C9 train"", ""row"": 196}], ""CYP2D6"": [{""member"": ""Supplementary Material-2.xls"", ""sheet"": ""2D6 train"", ""row"": 207}], ""CYP2E1"": [{""member"": ""Supplementary Material-2.xls"", ""sheet"": ""2E1 train"", ""row"": 212}], ""CYP3A4"": [{""member"": ""Supplementary Material-1.xls"", ""sheet"": ""3A4 test"", ""row"": 56}]}"
2	pooled	30	KWTSXDURSIMDCE-UHFFFAOYSA-N	CC(N)Cc1ccccc1	0.19354838132858276	1.0		"{""CYP2D6"": 1}"	0.018322763475094414	0.018322763475094414	"{""CYP2D6"": [{""member"": ""Supplementary Material-2.xls"", ""sheet"": ""2D6 train"", ""row"": 485}]}"
2	pooled	31	LZUFUDJVBHLHFC-UHFFFAOYSA-N	Cc1c2ccccc2nc2c1ccc1ccccc12	0.18918919563293457	0.2222222222222222	0	"{""CYP1A2"": 1, ""CYP2A6"": 0, ""CYP2B6"": 0, ""CYP2C19"": 0, ""CYP2C8"": 0, ""CYP2C9"": 0, ""CYP2D6"": 0, ""CYP2E1"": 0, ""CYP3A4"": 1}"	0.017910089765828	0.003980019947961777	"{""CYP1A2"": [{""member"": ""Supplementary Material-2.xls"", ""sheet"": ""1A2 train"", ""row"": 354}], ""CYP2A6"": [{""member"": ""Supplementary Material-2.xls"", ""sheet"": ""2A6 train"", ""row"": 328}], ""CYP2B6"": [{""member"": ""Supplementary Material-1.xls"", ""sheet"": ""2B6 test"", ""row"": 94}], ""CYP2C19"": [{""member"": ""Supplementary Material-2.xls"", ""sheet"": ""2C19 train"", ""row"": 347}], ""CYP2C8"": [{""member"": ""Supplementary Material-2.xls"", ""sheet"": ""2C8 train"", ""row"": 344}], ""CYP2C9"": [{""member"": ""Supplementary Material-2.xls"", ""sheet"": ""2C9 train"", ""row"": 340}], ""CYP2D6"": [{""member"": ""Supplementary Material-2.xls"", ""sheet"": ""2D6 train"", ""row"": 348}], ""CYP2E1"": [{""member"": ""Supplementary Material-1.xls"", ""sheet"": ""2E1 test"", ""row"": 77}], ""CYP3A4"": [{""member"": ""Supplementary Material-1.xls"", ""sheet"": ""3A4 test"", ""row"": 89}]}"
2	pooled	32	KIVUUVOREYMMFE-UHFFFAOYSA-N	c1ccc2c(c1)-c1nccc3ccnc-2c13	0.1875	0.0	0	"{""CYP1A2"": 0, ""CYP2A6"": 0, ""CYP2B6"": 0, ""CYP2C19"": 0, ""CYP2C8"": 0, ""CYP2C9"": 0, ""CYP2D6"": 0, ""CYP2E1"": 0, ""CYP3A4"": 0}"	0.01775017764549423	0.0	"{""CYP1A2"": [{""member"": ""Supplementary Material-2.xls"", ""sheet"": ""1A2 train"", ""row"": 773}], ""CYP2A6"": [{""member"": ""Supplementary Material-2.xls"", ""sheet"": ""2A6 train"", ""row"": 750}], ""CYP2B6"": [{""member"": ""Supplementary Material-2.xls"", ""sheet"": ""2B6 train"", ""row"": 745}], ""CYP2C19"": [{""member"": ""Supplementary Material-1.xls"", ""sheet"": ""2C19 test"", ""row"": 191}], ""CYP2C8"": [{""member"": ""Supplementary Material-2.xls"", ""sheet"": ""2C8 train"", ""row"": 747}], ""CYP2C9"": [{""member"": ""Supplementary Material-2.xls"", ""sheet"": ""2C9 train"", ""row"": 757}], ""CYP2D6"": [{""member"": ""Supplementary Material-2.xls"", ""sheet"": ""2D6 train"", ""row"": 769}], ""CYP2E1"": [{""member"": ""Supplementary Material-2.xls"", ""sheet"": ""2E1 train"", ""row"": 766}], ""CYP3A4"": [{""member"": ""Supplementary Material-2.xls"", ""sheet"": ""3A4 train"", ""row"": 774}]}"
2	pooled	33	DMIWIJAIZZONNT-UHFFFAOYSA-N	Cc1c2cc[nH]cc2c(C)c2c1nc1ccccc12	0.1860465109348297	0.4444444444444444	0	"{""CYP1A2"": 1, ""CYP2A6"": 0, ""CYP2B6"": 0, ""CYP2C19"": 0, ""CYP2C8"": 0, ""CYP2C9"": 1, ""CYP2D6"": 1, ""CYP2E1"": 0, ""CYP3A4"": 1}"	0.017612579303560597	0.00782781302380471	"{""CYP1A2"": [{""member"": ""Supplementary Material-2.xls"", ""sheet"": ""1A2 train"", ""row"": 738}], ""CYP2A6"": [{""member"": ""Supplementary Material-2.xls"", ""sheet"": ""2A6 train"", ""row"": 718}], ""CYP2B6"": [{""member"": ""Supplementary Material-2.xls"", ""sheet"": ""2B6 train"", ""row"": 716}], ""CYP2C19"": [{""member"": ""Supplementary Material-2.xls"", ""sheet"": ""2C19 train"", ""row"": 736}], ""CYP2C8"": [{""member"": ""Supplementary Material-1.xls"", ""sheet"": ""2C8 test"", ""row"": 193}], ""CYP2C9"": [{""member"": ""Supplementary Material-2.xls"", ""sheet"": ""2C9 train"", ""row"": 727}], ""CYP2D6"": [{""member"": ""Supplementary Material-2.xls"", ""sheet"": ""2D6 train"", ""row"": 736}], ""CYP2E1"": [{""member"": ""Supplementary Material-1.xls"", ""sheet"": ""2E1 test"", ""row"": 167}], ""CYP3A4"": [{""member"": ""Supplementary Material-2.xls"", ""sheet"": ""3A4 train"", ""row"": 742}]}"
2	pooled	34	UFFBMTHBGFGIHF-UHFFFAOYSA-N	Cc1cccc(C)c1N	0.18518517911434174	1.0	1	"{""CYP2A6"": 1, ""CYP2E1"": 1}"	0.01753103907515858	0.01753103907515858	"{""CYP2A6"": [{""member"": ""Supplementary Material-2.xls"", ""sheet"": ""2A6 train"", ""row"": 165}], ""CYP2E1"": [{""member"": ""Supplementary Material-2.xls"", ""sheet"": ""2E1 train"", ""row"": 171}]}"
2	pooled	35	UISKIUIWPSPSAV-UHFFFAOYSA-N	O=[N+]([O-])c1cc2cccc3ccc4cccc1c4c32	0.18421052396297455	0.2222222222222222	0	"{""CYP1A2"": 1, ""CYP2A6"": 0, ""CYP2B6"": 0, ""CYP2C19"": 0, ""CYP2C8"": 0, ""CYP2C9"": 0, ""CYP2D6"": 0, ""CYP2E1"": 0, ""CYP3A4"": 1}"	0.017438770797399306	0.0038752823994220678	"{""CYP1A2"": [{""member"": ""Supplementary Material-2.xls"", ""sheet"": ""1A2 train"", ""row"": 298}], ""CYP2A6"": [{""member"": ""Supplementary Material-2.xls"", ""sheet"": ""2A6 train"", ""row"": 275}], ""CYP2B6"": [{""member"": ""Supplementary Material-1.xls"", ""sheet"": ""2B6 test"", ""row"": 79}], ""CYP2C19"": [{""member"": ""Supplementary Material-1.xls"", ""sheet"": ""2C19 test"", ""row"": 71}], ""CYP2C8"": [{""member"": ""Supplementary Material-1.xls"", ""sheet"": ""2C8 test"", ""row"": 71}], ""CYP2C9"": [{""member"": ""Supplementary Material-1.xls"", ""sheet"": ""2C9 test"", ""row"": 76}], ""CYP2D6"": [{""member"": ""Supplementary Material-2.xls"", ""sheet"": ""2D6 train"", ""row"": 290}], ""CYP2E1"": [{""member"": ""Supplementary Material-1.xls"", ""sheet"": ""2E1 test"", ""row"": 68}], ""CYP3A4"": [{""member"": ""Supplementary Material-2.xls"", ""sheet"": ""3A4 train"", ""row"": 294}]}"
2	pooled	36	UAWLTQJFZUYROA-UHFFFAOYSA-N	O=[N+]([O-])c1cc2c3ccccc3ccc2c2ccccc12	0.18421052396297455	0.3333333333333333	1	"{""CYP1A2"": 1, ""CYP2A6"": 0, ""CYP2B6"": 0, ""CYP2C19"": 0, ""CYP2C8"": 0, ""CYP2C9"": 0, ""CYP2D6"": 0, ""CYP2E1"": 1, ""CYP3A4"": 1}"	0.017438770797399306	0.005812923599133102	"{""CYP1A2"": [{""member"": ""Supplementary Material-2.xls"", ""sheet"": ""1A2 train"", ""row"": 336}], ""CYP2A6"": [{""member"": ""Supplementary Material-2.xls"", ""sheet"": ""2A6 train"", ""row"": 310}], ""CYP2B6"": [{""member"": ""Supplementary Material-1.xls"", ""sheet"": ""2B6 test"", ""row"": 91}], ""CYP2C19"": [{""member"": ""Supplementary Material-2.xls"", ""sheet"": ""2C19 train"", ""row"": 327}], ""CYP2C8"": [{""member"": ""Supplementary Material-2.xls"", ""sheet"": ""2C8 train"", ""row"": 325}], ""CYP2C9"": [{""member"": ""Supplementary Material-2.xls"", ""sheet"": ""2C9 train"", ""row"": 320}], ""CYP2D6"": [{""member"": ""Supplementary Material-2.xls"", ""sheet"": ""2D6 train"", ""row"": 327}], ""CYP2E1"": [{""member"": ""Supplementary Material-2.xls"", ""sheet"": ""2E1 train"", ""row"": 335}], ""CYP3A4"": [{""member"": ""Supplementary Material-2.xls"", ""sheet"": ""3A4 train"", ""row"": 329}]}"
2	pooled	37	OAPVIBHQRYFYSE-UHFFFAOYSA-N	Nc1ccc(-c2ccccc2)cn1	0.1818181872367859	0.0	0	"{""CYP1A2"": 0, ""CYP2A6"": 0, ""CYP2B6"": 0, ""CYP2C19"": 0, ""CYP2C8"": 0, ""CYP2C9"": 0, ""CYP2D6"": 0, ""CYP2E1"": 0, ""CYP3A4"": 0}"	0.017212293987384965	0.0	"{""CYP1A2"": [{""member"": ""Supplementary Material-2.xls"", ""sheet"": ""1A2 train"", ""row"": 172}], ""CYP2A6"": [{""member"": ""Supplementary Material-2.xls"", ""sheet"": ""2A6 train"", ""row"": 167}], ""CYP2B6"": [{""member"": ""Supplementary Material-2.xls"", ""sheet"": ""2B6 train"", ""row"": 167}], ""CYP2C19"": [{""member"": ""Supplementary Material-2.xls"", ""sheet"": ""2C19 train"", ""row"": 173}], ""CYP2C8"": [{""member"": ""Supplementary Material-2.xls"", ""sheet"": ""2C8 train"", ""row"": 173}], ""CYP2C9"": [{""member"": ""Supplementary Material-2.xls"", ""sheet"": ""2C9 train"", ""row"": 161}], ""CYP2D6"": [{""member"": ""Supplementary Material-1.xls"", ""sheet"": ""2D6 test"", ""row"": 41}], ""CYP2E1"": [{""member"": ""Supplementary Material-2.xls"", ""sheet"": ""2E1 train"", ""row"": 174}], ""CYP3A4"": [{""member"": ""Supplementary Material-2.xls"", ""sheet"": ""3A4 train"", ""row"": 172}]}"
2	pooled	38	MYWUZJCMWCOHBA-UHFFFAOYSA-N	CNC(C)Cc1ccccc1	0.1818181872367859	0.1111111111111111	0	"{""CYP1A2"": 0, ""CYP2A6"": 0, ""CYP2B6"": 0, ""CYP2C19"": 0, ""CYP2C8"": 0, ""CYP2C9"": 0, ""CYP2D6"": 1, ""CYP2E1"": 0, ""CYP3A4"": 0}"	0.017212293987384965	0.0019124771097094404	"{""CYP1A2"": [{""member"": ""Supplementary Material-2.xls"", ""sheet"": ""1A2 train"", ""row"": 995}], ""CYP2A6"": [{""member"": ""Supplementary Material-1.xls"", ""sheet"": ""2A6 test"", ""row"": 250}], ""CYP2B6"": [{""member"": ""Supplementary Material-1.xls"", ""sheet"": ""2B6 test"", ""row"": 256}], ""CYP2C19"": [{""member"": ""Supplementary Material-1.xls"", ""sheet"": ""2C19 test"", ""row"": 256}], ""CYP2C8"": [{""member"": ""Supplementary Material-2.xls"", ""sheet"": ""2C8 train"", ""row"": 979}], ""CYP2C9"": [{""member"": ""Supplementary Material-1.xls"", ""sheet"": ""2C9 test"", ""row"": 251}], ""CYP2D6"": [{""member"": ""Supplementary Material-2.xls"", ""sheet"": ""2D6 train"", ""row"": 998}], ""CYP2E1"": [{""member"": ""Supplementary Material-2.xls"", ""sheet"": ""2E1 train"", ""row"": 982}], ""CYP3A4"": [{""member"": ""Supplementary Material-2.xls"", ""sheet"": ""3A4 train"", ""row"": 1006}]}"
2	pooled	39	PFRYFZZSECNQOL-UHFFFAOYSA-N	Cc1cc(N=Nc2ccccc2C)ccc1N	0.1794871836900711	0.1111111111111111	0	"{""CYP1A2"": 1, ""CYP2A6"": 0, ""CYP2B6"": 0, ""CYP2C19"": 0, ""CYP2C8"": 0, ""CYP2C9"": 0, ""CYP2D6"": 0, ""CYP2E1"": 0, ""CYP3A4"": 0}"	0.016991623443137153	0.0018879581603485724	"{""CYP1A2"": [{""member"": ""Supplementary Material-1.xls"", ""sheet"": ""1A2 test"", ""row"": 267}], ""CYP2A6"": [{""member"": ""Supplementary Material-2.xls"", ""sheet"": ""2A6 train"", ""row"": 1087}], ""CYP2B6"": [{""member"": ""Supplementary Material-2.xls"", ""sheet"": ""2B6 train"", ""row"": 1075}], ""CYP2C19"": [{""member"": ""Supplementary Material-2.xls"", ""sheet"": ""2C19 train"", ""row"": 1093}], ""CYP2C8"": [{""member"": ""Supplementary Material-1.xls"", ""sheet"": ""2C8 test"", ""row"": 274}], ""CYP2C9"": [{""member"": ""Supplementary Material-1.xls"", ""sheet"": ""2C9 test"", ""row"": 276}], ""CYP2D6"": [{""member"": ""Supplementary Material-2.xls"", ""sheet"": ""2D6 train"", ""row"": 1102}], ""CYP2E1"": [{""member"": ""Supplementary Material-2.xls"", ""sheet"": ""2E1 train"", ""row"": 1082}], ""CYP3A4"": [{""member"": ""Supplementary Material-2.xls"", ""sheet"": ""3A4 train"", ""row"": 1109}]}"
2	pooled	40	CVXBEEMKQHEXEN-UHFFFAOYSA-N	CNC(=O)Oc1cccc2ccccc12	0.1794871836900711	0.8		"{""CYP1A2"": 1, ""CYP2A6"": 0, ""CYP2B6"": 1, ""CYP2C19"": 1, ""CYP3A4"": 1}"	0.016991623443137153	0.013593298754509724	"{""CYP1A2"": [{""member"": ""Supplementary Material-2.xls"", ""sheet"": ""1A2 train"", ""row"": 576}], ""CYP2A6"": [{""member"": ""Supplementary Material-2.xls"", ""sheet"": ""2A6 train"", ""row"": 546}], ""CYP2B6"": [{""member"": ""Supplementary Material-2.xls"", ""sheet"": ""2B6 train"", ""row"": 547}], ""CYP2C19"": [{""member"": ""Supplementary Material-2.xls"", ""sheet"": ""2C19 train"", ""row"": 566}], ""CYP3A4"": [{""member"": ""Supplementary Material-2.xls"", ""sheet"": ""3A4 train"", ""row"": 582}]}"
2	pooled	41	WDZVGELJXXEGPV-UHFFFAOYSA-N	N=C(N)NN=Cc1c(Cl)cccc1Cl	0.1794871836900711	0.1111111111111111	0	"{""CYP1A2"": 1, ""CYP2A6"": 0, ""CYP2B6"": 0, ""CYP2C19"": 0, ""CYP2C8"": 0, ""CYP2C9"": 0, ""CYP2D6"": 0, ""CYP2E1"": 0, ""CYP3A4"": 0}"	0.016991623443137153	0.0018879581603485724	"{""CYP1A2"": [{""member"": ""Supplementary Material-2.xls"", ""sheet"": ""1A2 train"", ""row"": 848}], ""CYP2A6"": [{""member"": ""Supplementary Material-2.xls"", ""sheet"": ""2A6 train"", ""row"": 826}], ""CYP2B6"": [{""member"": ""Supplementary Material-1.xls"", ""sheet"": ""2B6 test"", ""row"": 221}], ""CYP2C19"": [{""member"": ""Supplementary Material-2.xls"", ""sheet"": ""2C19 train"", ""row"": 847}], ""CYP2C8"": [{""member"": ""Supplementary Material-2.xls"", ""sheet"": ""2C8 train"", ""row"": 823}], ""CYP2C9"": [{""member"": ""Supplementary Material-2.xls"", ""sheet"": ""2C9 train"", ""row"": 835}], ""CYP2D6"": [{""member"": ""Supplementary Material-2.xls"", ""sheet"": ""2D6 train"", ""row"": 849}], ""CYP2E1"": [{""member"": ""Supplementary Material-2.xls"", ""sheet"": ""2E1 train"", ""row"": 844}], ""CYP3A4"": [{""member"": ""Supplementary Material-2.xls"", ""sheet"": ""3A4 train"", ""row"": 855}]}"
2	pooled	42	MHDVGSVTJDSBDK-UHFFFAOYSA-N	c1ccc(COCc2ccccc2)cc1	0.1785714328289032	0.0	0	"{""CYP1A2"": 0, ""CYP2A6"": 0, ""CYP2B6"": 0, ""CYP2C19"": 0, ""CYP2C8"": 0, ""CYP2C9"": 0, ""CYP2D6"": 0, ""CYP2E1"": 0, ""CYP3A4"": 0}"	0.01690493149399185	0.0	"{""CYP1A2"": [{""member"": ""Supplementary Material-1.xls"", ""sheet"": ""1A2 test"", ""row"": 170}], ""CYP2A6"": [{""member"": ""Supplementary Material-2.xls"", ""sheet"": ""2A6 train"", ""row"": 683}], ""CYP2B6"": [{""member"": ""Supplementary Material-2.xls"", ""sheet"": ""2B6 train"", ""row"": 679}], ""CYP2C19"": [{""member"": ""Supplementary Material-1.xls"", ""sheet"": ""2C19 test"", ""row"": 177}], ""CYP2C8"": [{""member"": ""Supplementary Material-2.xls"", ""sheet"": ""2C8 train"", ""row"": 677}], ""CYP2C9"": [{""member"": ""Supplementary Material-1.xls"", ""sheet"": ""2C9 test"", ""row"": 182}], ""CYP2D6"": [{""member"": ""Supplementary Material-2.xls"", ""sheet"": ""2D6 train"", ""row"": 696}], ""CYP2E1"": [{""member"": ""Supplementary Material-2.xls"", ""sheet"": ""2E1 train"", ""row"": 705}], ""CYP3A4"": [{""member"": ""Supplementary Material-2.xls"", ""sheet"": ""3A4 train"", ""row"": 708}]}"
2	pooled	43	AQHHHDLHHXJYJD-UHFFFAOYSA-N	CC(C)NCC(O)COc1cccc2ccccc12	0.17777778208255768	0.3333333333333333	0	"{""CYP1A2"": 1, ""CYP2A6"": 0, ""CYP2B6"": 0, ""CYP2C19"": 1, ""CYP2C8"": 0, ""CYP2C9"": 0, ""CYP2D6"": 1, ""CYP2E1"": 0, ""CYP3A4"": 0}"	0.016829798471399253	0.00560993282379975	"{""CYP1A2"": [{""member"": ""Supplementary Material-2.xls"", ""sheet"": ""1A2 train"", ""row"": 1164}], ""CYP2A6"": [{""member"": ""Supplementary Material-2.xls"", ""sheet"": ""2A6 train"", ""row"": 1156}], ""CYP2B6"": [{""member"": ""Supplementary Material-2.xls"", ""sheet"": ""2B6 train"", ""row"": 1151}], ""CYP2C19"": [{""member"": ""Supplementary Material-2.xls"", ""sheet"": ""2C19 train"", ""row"": 1167}], ""CYP2C8"": [{""member"": ""Supplementary Material-2.xls"", ""sheet"": ""2C8 train"", ""row"": 1153}], ""CYP2C9"": [{""member"": ""Supplementary Material-2.xls"", ""sheet"": ""2C9 train"", ""row"": 1163}], ""CYP2D6"": [{""member"": ""Supplementary Material-2.xls"", ""sheet"": ""2D6 train"", ""row"": 1174}], ""CYP2E1"": [{""member"": ""Supplementary Material-2.xls"", ""sheet"": ""2E1 train"", ""row"": 1158}], ""CYP3A4"": [{""member"": ""Supplementary Material-1.xls"", ""sheet"": ""3A4 test"", ""row"": 298}]}"
2	pooled	44	CXOFVDLJLONNDW-UHFFFAOYSA-N	O=C1NC(=O)C(c2ccccc2)(c2ccccc2)N1	0.1764705926179886	0.8888888888888888	1	"{""CYP1A2"": 1, ""CYP2A6"": 1, ""CYP2B6"": 0, ""CYP2C19"": 1, ""CYP2C8"": 1, ""CYP2C9"": 1, ""CYP2D6"": 1, ""CYP2E1"": 1, ""CYP3A4"": 1}"	0.01670604996359968	0.01484982218986638	"{""CYP1A2"": [{""member"": ""Supplementary Material-2.xls"", ""sheet"": ""1A2 train"", ""row"": 1142}], ""CYP2A6"": [{""member"": ""Supplementary Material-2.xls"", ""sheet"": ""2A6 train"", ""row"": 1131}], ""CYP2B6"": [{""member"": ""Supplementary Material-2.xls"", ""sheet"": ""2B6 train"", ""row"": 1124}], ""CYP2C19"": [{""member"": ""Supplementary Material-2.xls"", ""sheet"": ""2C19 train"", ""row"": 1143}], ""CYP2C8"": [{""member"": ""Supplementary Material-2.xls"", ""sheet"": ""2C8 train"", ""row"": 1128}], ""CYP2C9"": [{""member"": ""Supplementary Material-2.xls"", ""sheet"": ""2C9 train"", ""row"": 1136}], ""CYP2D6"": [{""member"": ""Supplementary Material-2.xls"", ""sheet"": ""2D6 train"", ""row"": 1149}], ""CYP2E1"": [{""member"": ""Supplementary Material-2.xls"", ""sheet"": ""2E1 train"", ""row"": 1133}], ""CYP3A4"": [{""member"": ""Supplementary Material-2.xls"", ""sheet"": ""3A4 train"", ""row"": 1153}]}"
2	pooled	45	CVHZOJJKTDOEJC-UHFFFAOYSA-N	O=C1NS(=O)(=O)c2ccccc21	0.1764705926179886	0.0	0	"{""CYP1A2"": 0, ""CYP2A6"": 0, ""CYP2B6"": 0, ""CYP2C19"": 0, ""CYP2C8"": 0, ""CYP2C9"": 0, ""CYP2D6"": 0, ""CYP2E1"": 0, ""CYP3A4"": 0}"	0.01670604996359968	0.0	"{""CYP1A2"": [{""member"": ""Supplementary Material-2.xls"", ""sheet"": ""1A2 train"", ""row"": 1208}], ""CYP2A6"": [{""member"": ""Supplementary Material-2.xls"", ""sheet"": ""2A6 train"", ""row"": 1208}], ""CYP2B6"": [{""member"": ""Supplementary Material-2.xls"", ""sheet"": ""2B6 train"", ""row"": 1199}], ""CYP2C19"": [{""member"": ""Supplementary Material-2.xls"", ""sheet"": ""2C19 train"", ""row"": 1214}], ""CYP2C8"": [{""member"": ""Supplementary Material-2.xls"", ""sheet"": ""2C8 train"", ""row"": 1203}], ""CYP2C9"": [{""member"": ""Supplementary Material-2.xls"", ""sheet"": ""2C9 train"", ""row"": 1210}], ""CYP2D6"": [{""member"": ""Supplementary Material-2.xls"", ""sheet"": ""2D6 train"", ""row"": 1217}], ""CYP2E1"": [{""member"": ""Supplementary Material-2.xls"", ""sheet"": ""2E1 train"", ""row"": 1203}], ""CYP3A4"": [{""member"": ""Supplementary Material-2.xls"", ""sheet"": ""3A4 train"", ""row"": 1232}]}"
2	pooled	46	CIUUIPMOFZIWIZ-UHFFFAOYSA-N	Nc1nc(-c2ccccc2)c(Br)c(=O)[nH]1	0.17499999701976776	0.1111111111111111	0	"{""CYP1A2"": 1, ""CYP2A6"": 0, ""CYP2B6"": 0, ""CYP2C19"": 0, ""CYP2C8"": 0, ""CYP2C9"": 0, ""CYP2D6"": 0, ""CYP2E1"": 0, ""CYP3A4"": 0}"	0.01656683218699647	0.0018407591318884966	"{""CYP1A2"": [{""member"": ""Supplementary Material-2.xls"", ""sheet"": ""1A2 train"", ""row"": 558}], ""CYP2A6"": [{""member"": ""Supplementary Material-2.xls"", ""sheet"": ""2A6 train"", ""row"": 529}], ""CYP2B6"": [{""member"": ""Supplementary Material-1.xls"", ""sheet"": ""2B6 test"", ""row"": 147}], ""CYP2C19"": [{""member"": ""Supplementary Material-1.xls"", ""sheet"": ""2C19 test"", ""row"": 139}], ""CYP2C8"": [{""member"": ""Supplementary Material-1.xls"", ""sheet"": ""2C8 test"", ""row"": 149}], ""CYP2C9"": [{""member"": ""Supplementary Material-2.xls"", ""sheet"": ""2C9 train"", ""row"": 545}], ""CYP2D6"": [{""member"": ""Supplementary Material-1.xls"", ""sheet"": ""2D6 test"", ""row"": 141}], ""CYP2E1"": [{""member"": ""Supplementary Material-2.xls"", ""sheet"": ""2E1 train"", ""row"": 552}], ""CYP3A4"": [{""member"": ""Supplementary Material-2.xls"", ""sheet"": ""3A4 train"", ""row"": 563}]}"
2	pooled	47	XAPRFLSJBSXESP-UHFFFAOYSA-N	O=C(O)c1c(O)c(-c2ccccc2)nc2ccccc12	0.17499999701976776	0.0	0	"{""CYP1A2"": 0, ""CYP2A6"": 0, ""CYP2B6"": 0, ""CYP2C19"": 0, ""CYP2C8"": 0, ""CYP2C9"": 0, ""CYP2D6"": 0, ""CYP2E1"": 0, ""CYP3A4"": 0}"	0.01656683218699647	0.0	"{""CYP1A2"": [{""member"": ""Supplementary Material-2.xls"", ""sheet"": ""1A2 train"", ""row"": 1119}], ""CYP2A6"": [{""member"": ""Supplementary Material-2.xls"", ""sheet"": ""2A6 train"", ""row"": 1104}], ""CYP2B6"": [{""member"": ""Supplementary Material-2.xls"", ""sheet"": ""2B6 train"", ""row"": 1095}], ""CYP2C19"": [{""member"": ""Supplementary Material-2.xls"", ""sheet"": ""2C19 train"", ""row"": 1114}], ""CYP2C8"": [{""member"": ""Supplementary Material-1.xls"", ""sheet"": ""2C8 test"", ""row"": 279}], ""CYP2C9"": [{""member"": ""Supplementary Material-2.xls"", ""sheet"": ""2C9 train"", ""row"": 1107}], ""CYP2D6"": [{""member"": ""Supplementary Material-2.xls"", ""sheet"": ""2D6 train"", ""row"": 1121}], ""CYP2E1"": [{""member"": ""Supplementary Material-2.xls"", ""sheet"": ""2E1 train"", ""row"": 1102}], ""CYP3A4"": [{""member"": ""Supplementary Material-2.xls"", ""sheet"": ""3A4 train"", ""row"": 1124}]}"
2	pooled	48	ICFJFFQQTFMIBG-UHFFFAOYSA-N	N=C(N)N=C(N)NCCc1ccccc1	0.17499999701976776	0.1111111111111111	0	"{""CYP1A2"": 0, ""CYP2A6"": 0, ""CYP2B6"": 0, ""CYP2C19"": 0, ""CYP2C8"": 0, ""CYP2C9"": 0, ""CYP2D6"": 1, ""CYP2E1"": 0, ""CYP3A4"": 0}"	0.01656683218699647	0.0018407591318884966	"{""CYP1A2"": [{""member"": ""Supplementary Material-1.xls"", ""sheet"": ""1A2 test"", ""row"": 282}], ""CYP2A6"": [{""member"": ""Supplementary Material-2.xls"", ""sheet"": ""2A6 train"", ""row"": 1128}], ""CYP2B6"": [{""member"": ""Supplementary Material-2.xls"", ""sheet"": ""2B6 train"", ""row"": 1121}], ""CYP2C19"": [{""member"": ""Supplementary Material-2.xls"", ""sheet"": ""2C19 train"", ""row"": 1140}], ""CYP2C8"": [{""member"": ""Supplementary Material-1.xls"", ""sheet"": ""2C8 test"", ""row"": 285}], ""CYP2C9"": [{""member"": ""Supplementary Material-2.xls"", ""sheet"": ""2C9 train"", ""row"": 1133}], ""CYP2D6"": [{""member"": ""Supplementary Material-2.xls"", ""sheet"": ""2D6 train"", ""row"": 1147}], ""CYP2E1"": [{""member"": ""Supplementary Material-2.xls"", ""sheet"": ""2E1 train"", ""row"": 1131}], ""CYP3A4"": [{""member"": ""Supplementary Material-2.xls"", ""sheet"": ""3A4 train"", ""row"": 1150}]}"
2	pooled	49	ZARXTZFGQZBYFO-UHFFFAOYSA-N	NC(CC(=O)O)C(=O)NC(Cc1c[nH]c2ccccc12)C(=O)O	0.17307692766189575	0.0	0	"{""CYP1A2"": 0, ""CYP2A6"": 0, ""CYP2B6"": 0, ""CYP2C19"": 0, ""CYP2C8"": 0, ""CYP2C9"": 0, ""CYP2D6"": 0, ""CYP2E1"": 0, ""CYP3A4"": 0}"	0.01638477979912002	0.0	"{""CYP1A2"": [{""member"": ""Supplementary Material-2.xls"", ""sheet"": ""1A2 train"", ""row"": 56}], ""CYP2A6"": [{""member"": ""Supplementary Material-2.xls"", ""sheet"": ""2A6 train"", ""row"": 60}], ""CYP2B6"": [{""member"": ""Supplementary Material-2.xls"", ""sheet"": ""2B6 train"", ""row"": 60}], ""CYP2C19"": [{""member"": ""Supplementary Material-2.xls"", ""sheet"": ""2C19 train"", ""row"": 58}], ""CYP2C8"": [{""member"": ""Supplementary Material-1.xls"", ""sheet"": ""2C8 test"", ""row"": 19}], ""CYP2C9"": [{""member"": ""Supplementary Material-1.xls"", ""sheet"": ""2C9 test"", ""row"": 22}], ""CYP2D6"": [{""member"": ""Supplementary Material-2.xls"", ""sheet"": ""2D6 train"", ""row"": 61}], ""CYP2E1"": [{""member"": ""Supplementary Material-2.xls"", ""sheet"": ""2E1 train"", ""row"": 60}], ""CYP3A4"": [{""member"": ""Supplementary Material-2.xls"", ""sheet"": ""3A4 train"", ""row"": 60}]}"
2	pooled	50	MQJKPEGWNLWLTK-UHFFFAOYSA-N	Nc1ccc(S(=O)(=O)c2ccc(N)cc2)cc1	0.17241379618644714	0.5555555555555556	1	"{""CYP1A2"": 0, ""CYP2A6"": 0, ""CYP2B6"": 0, ""CYP2C19"": 1, ""CYP2C8"": 1, ""CYP2C9"": 1, ""CYP2D6"": 0, ""CYP2E1"": 1, ""CYP3A4"": 1}"	0.01632200272449852	0.009067779291388066	"{""CYP1A2"": [{""member"": ""Supplementary Material-2.xls"", ""sheet"": ""1A2 train"", ""row"": 675}], ""CYP2A6"": [{""member"": ""Supplementary Material-2.xls"", ""sheet"": ""2A6 train"", ""row"": 654}], ""CYP2B6"": [{""member"": ""Supplementary Material-2.xls"", ""sheet"": ""2B6 train"", ""row"": 648}], ""CYP2C19"": [{""member"": ""Supplementary Material-2.xls"", ""sheet"": ""2C19 train"", ""row"": 666}], ""CYP2C8"": [{""member"": ""Supplementary Material-1.xls"", ""sheet"": ""2C8 test"", ""row"": 177}], ""CYP2C9"": [{""member"": ""Supplementary Material-2.xls"", ""sheet"": ""2C9 train"", ""row"": 660}], ""CYP2D6"": [{""member"": ""Supplementary Material-2.xls"", ""sheet"": ""2D6 train"", ""row"": 665}], ""CYP2E1"": [{""member"": ""Supplementary Material-2.xls"", ""sheet"": ""2E1 train"", ""row"": 673}], ""CYP3A4"": [{""member"": ""Supplementary Material-2.xls"", ""sheet"": ""3A4 train"", ""row"": 680}]}"
2	pooled	51	QROGIFZRVHSFLM-UHFFFAOYSA-N	CC=Cc1ccccc1	0.17241379618644714	0.14285714285714285		"{""CYP2A6"": 0, ""CYP2B6"": 0, ""CYP2C19"": 0, ""CYP2C8"": 0, ""CYP2C9"": 0, ""CYP2D6"": 0, ""CYP3A4"": 1}"	0.01632200272449852	0.0023317146749283597	"{""CYP2A6"": [{""member"": ""Supplementary Material-1.xls"", ""sheet"": ""2A6 test"", ""row"": 324}], ""CYP2B6"": [{""member"": ""Supplementary Material-2.xls"", ""sheet"": ""2B6 train"", ""row"": 1302}], ""CYP2C19"": [{""member"": ""Supplementary Material-2.xls"", ""sheet"": ""2C19 train"", ""row"": 1313}], ""CYP2C8"": [{""member"": ""Supplementary Material-2.xls"", ""sheet"": ""2C8 train"", ""row"": 1303}], ""CYP2C9"": [{""member"": ""Supplementary Material-2.xls"", ""sheet"": ""2C9 train"", ""row"": 1316}], ""CYP2D6"": [{""member"": ""Supplementary Material-2.xls"", ""sheet"": ""2D6 train"", ""row"": 1316}], ""CYP3A4"": [{""member"": ""Supplementary Material-1.xls"", ""sheet"": ""3A4 test"", ""row"": 332}]}"
