compound_inchikey	scaffold_group	development_fold
AALVUUMVCUHIRJ-UHFFFAOYSA-N	ring:C1=C(CCCCOC2CCCCO2)OC2CC3C(CCC4C5CCC(OC6CCCC(COC7CCCCO7)O6)CC5CCC43)C12	0
AAOVKJBEBIDNHE-UHFFFAOYSA-N	ring:O=C1CN=C(c2ccccc2)c2ccccc2N1	4
ABAQSBNXJMXUHX-UHFFFAOYSA-N	ring:O=C(Cc1ccccc1)Cc1ccccc1	2
ABXHVUYVHJIOMQ-UHFFFAOYSA-N	ring:O=C1CN=CCCOC(=O)CN=CCN=CCNC(=O)CNC(=O)CNC(=O)C(Cc2ccccc2)NC(=O)CNCC=N1	2
ACCBJOPUSBTZKZ-UHFFFAOYSA-N	ring:C1CCC(OCCC2CCCC(OC3CC(OC4CCCOC4)OCC3OC3CC(OC4CC(OC5CCCCO5)CCO4)CCO3)O2)OC1	1
ACCMWZWAEFYUGZ-UHFFFAOYSA-N	ring:c1ccc(CCN2CCC(c3nc4ccccc4[nH]3)CC2)cc1	1
ACHFSGOIKJNVJV-UHFFFAOYSA-N	ring:c1ccc2oc(-c3ccc4c(c3)OCO4)cc2c1	1
ACVGWSKVRYFWRP-UHFFFAOYSA-N	ring:O=c1c2ccccc2nc2n1CCc1c-2[nH]c2ccccc12	0
ACWBBAGYTKWBCD-UHFFFAOYSA-N	ring:c1ccccc1	0
ACWBQPMHZXGDFX-UHFFFAOYSA-N	ring:c1ccc(-c2ccccc2-c2nn[nH]n2)cc1	0
ACXLVKYMISNUFD-UHFFFAOYSA-N	ring:C1CCC2C(C1)CCC13CCC(CCC21)C3	3
ADEBPBSSDYVVLD-UHFFFAOYSA-N	ring:O=C1c2ccccc2CC1CC1CCN(Cc2ccccc2)CC1	1
ADFCQWZHKCXPAJ-UHFFFAOYSA-N	ring:c1ccc(C2COc3ccccc3C2)cc1	4
ADHYBIYGSXQYDM-UHFFFAOYSA-N	ring:c1ccc2c(c1)CCN2	0
ADJNQGJVAJRCCO-UHFFFAOYSA-N	acyclic_connectivity:C=CC(O)C#CC#CC=CC=CC(O)CCCCC	2
ADSALMJPJUKESW-UHFFFAOYSA-N	ring:C1CCNC1	1
AEMOLEFTQBMNLQ-UHFFFAOYSA-N	ring:C1CCOCC1	3
AFBDSAJOMZYQAI-UHFFFAOYSA-N	ring:c1ccc(COC2OCCNC2c2ccccc2)cc1	0
AFLNGLSTOJPKJJ-UHFFFAOYSA-N	ring:C1=C2C3CCCCC3CCC2C2CCC3CC(OC4CCC(OC5CCCCO5)CO4)CCC3C2C1	0
AFZCVSRIUXFFJO-UHFFFAOYSA-N	ring:O=C1CCC2C(CCC34C=CC(CC3)CC24)C1	4
AFZHQMQGUKDWSJ-UHFFFAOYSA-N	ring:C=C1CCC2C(CCC3CCCC32)C1	3
AGABNGOXUSXQDD-UHFFFAOYSA-N	ring:O=c1ccc2cc3c(cc2o1)OCCC3	0
AGGQBLQYYGOWKY-UHFFFAOYSA-N	ring:C1=C2CC(OC3CCC(OC4OCCC(OC5CCCCO5)C4OC4CCCCO4)CO3)CCC2C2CCC3C(CC4C3CC3CCCCN34)C2C1	2
AGHANLSBXUWXTB-UHFFFAOYSA-N	ring:O=C(c1ccccc1)c1cccs1	4
AGNAZKCPHGYYKE-UHFFFAOYSA-N	ring:C=C1CCC2C3=CCC4CCCCC4C3=CCC12	4
AGNUIQKIUPCFET-UHFFFAOYSA-N	ring:C1COCO1	0
AGOYDEPGAOXOCK-UHFFFAOYSA-N	ring:O=C1CCCCOC(=O)CC(OC2CCCCO2)CC(OC2CCCCO2)CCC1	3
AGSLYHYWLYGAOU-UHFFFAOYSA-N	ring:c1ccc(Cc2ccccc2)cc1	2
AGXLQRPCBKYRSR-UHFFFAOYSA-N	ring:C1CC2OOC34C(C1)CCCC3CCOC4O2	4
AHEWVDSAOCOLCK-UHFFFAOYSA-N	ring:O=C(OC1CCCCO1)C12CCCCC1C1=CCC3C4CCC(OC5CC(OC6CC(OC7CCCCO7)CCO6)CCO5)CC4CCC3C1CC2	2
AHKHKMDMRHPLNJ-UHFFFAOYSA-N	ring:O=c1ccc2ccccc2o1	1
AHLPHDHHMVZTML-UHFFFAOYSA-N	acyclic_connectivity:NCCCC(N)C(=O)O	1
AIILTVHCLAEMDA-UHFFFAOYSA-N	acyclic_connectivity:CCC(=O)SC	0
AIJULSRZWUXGPQ-UHFFFAOYSA-N	acyclic_connectivity:CC(=O)C=O	4
AINNVCLTLJOODL-UHFFFAOYSA-N	ring:C1COCC(OC2CCCC(COC3CCCO3)O2)C1	1
AIONOLUJZLIMTK-UHFFFAOYSA-N	ring:O=C1CC(c2ccccc2)Oc2ccccc21	1
AJYLEJBHVLQJTI-UHFFFAOYSA-N	ring:O=C(OC1CCCCO1)C1CCCC23CC24CCC2CCCC2C4CCC13	1
AKDLSISGGARWFP-UHFFFAOYSA-N	ring:c1ccccc1	0
AKVBCGQVQXPRLD-UHFFFAOYSA-N	acyclic_connectivity:CCCCCCC(N)C(=O)O	4
ALARQZQTBTVLJV-UHFFFAOYSA-N	ring:O=C1NC(=O)C(c2ccccc2)C(=O)N1	3
ALFGKMXHOUSVAD-UHFFFAOYSA-N	ring:c1ccc(C2CCNCC2)cc1	4
ALLWOAVDORUJLA-UHFFFAOYSA-N	ring:O=C(NCCc1cc(=O)[nH]c2ccccc12)c1ccccc1	1
ALMJXWPCHVBUTP-UHFFFAOYSA-N	ring:O=C1CC2C(CCC3C4C=C(CCCCOC5CCCCO5)OC4CC32)C2CCC(OC3CCC(OC4CCCCO4)C(COC4CCCCO4)O3)CC12	2
ALRLPDGCPYIVHP-UHFFFAOYSA-N	ring:c1cc2ccc3cccc4ccc(c1)c2c34	1
ALTAAUJNHYWOGS-UHFFFAOYSA-N	ring:C1CCCCC1	3
ALUFYZNLZVVCAA-UHFFFAOYSA-N	ring:O=C1CCCC(=O)C1	4
AMXPURQVAMENCC-UHFFFAOYSA-N	ring:O=C1CCCCC1	1
ANJRGSHRMWLHFZ-UHFFFAOYSA-N	ring:c1ccccc1	0
ANUCDXCTICZJRH-UHFFFAOYSA-N	ring:O=C1CN2CCOC2(c2ccccc2)c2ccccc2N1	0
ANUCHZVCBDOPOX-UHFFFAOYSA-N	ring:c1ccc2c(c1)ccc1nc3ccc4ccccc4c3cc12	0
AOBORMOPSGHCAX-UHFFFAOYSA-N	ring:c1ccc2c(c1)CCCO2	1
AOHMXFJFQLUIJL-UHFFFAOYSA-N	acyclic_connectivity:CCCCCCCCC=CCCCCCCCCCCCC(=O)NC(CO)C(O)CCCCCCCCCCCCCCC	3
AOIQKSHKQIJFMK-UHFFFAOYSA-N	ring:O=C(Cc1cn(C(=O)c2ccccc2)c2ccccc12)NCCc1ccccc1	3
APPXYONGBIXGRO-UHFFFAOYSA-N	ring:O=C(c1ccccc1)C1C(c2cccc3c(=O)cc(-c4ccccc4)oc23)C=CCC1c1ccccc1	1
APSJUNFBAXIXLK-UHFFFAOYSA-N	ring:O=C(CN1CCCC1)c1ccccc1	1
AQHHHDLHHXJYJD-UHFFFAOYSA-N	ring:c1ccc2ccccc2c1	4
AQIVDANQKWQSRX-UHFFFAOYSA-N	ring:C1CCOC1	1
AQKVISOBVPVACA-UHFFFAOYSA-N	ring:c1ccc(OC2CCCCO2)cc1	2
AQOXEJNYXXLRQQ-UHFFFAOYSA-N	ring:c1ccccc1	0
AQTFQQHFHGBCPG-UHFFFAOYSA-N	acyclic_connectivity:CCN(CC)C(=O)SC	4
ARGFHYICTJBMFD-UHFFFAOYSA-N	ring:O=c1[nH]c(=O)n(CC2CCCCC2)c2nc[nH]c12	2
ARJPPNFIEQKVBB-UHFFFAOYSA-N	acyclic_connectivity:CC(=O)NCCC=O	0
ARPVSMCNIDAQBO-UHFFFAOYSA-N	acyclic_connectivity:CC(C)CC(NC(=O)C(N)CCC(N)=O)C(=O)O	3
ARSRBNBHOADGJU-UHFFFAOYSA-N	ring:c1ccc2cc3c(ccc4ccccc43)cc2c1	4
ARSVRKCVNFIICJ-UHFFFAOYSA-N	acyclic_connectivity:CC(NC(=O)CC(N)C(=O)O)C(=O)O	2
ARTRTLXKTHJPRW-UHFFFAOYSA-N	ring:c1cc2c3c(c[nH]c3c1)CC1NCCCC21	3
ARZWATDYIYAUTA-UHFFFAOYSA-N	ring:c1cnc2ccc3[nH]cnc3c2c1	1
ASICPMTWQSESKX-UHFFFAOYSA-N	acyclic_connectivity:CCCCCCCCCCCCCC(=O)CC(=O)O	3
ASUTZQLVASHGKV-UHFFFAOYSA-N	ring:C1=CC23CCNCc4cccc(c42)OC3CC1	1
ASVDRLYVNFOSCI-UHFFFAOYSA-N	ring:c1ccc2c(c1)ccc1c3ccccc3ccc21	4
ATALOFNDEOCMKK-UHFFFAOYSA-N	ring:O=c1[nH]nc(CN2CCOC(OCc3ccccc3)C2c2ccccc2)[nH]1	0
ATHHXGZTWNVVOU-UHFFFAOYSA-N	acyclic_connectivity:CNC=O	4
ATQIQIBBBWQWOT-UHFFFAOYSA-N	ring:C1CCOCC1	3
AUCNGVTWAHBDRJ-UHFFFAOYSA-N	ring:O=c1ccc2ccccc2o1	1
AUMHDRMJJNZTPB-UHFFFAOYSA-N	ring:O=c1c(CC[SH+]c2ccccc2)cn(-c2ccccc2)n1-c1ccccc1	0
AUVVAXYIELKVAI-UHFFFAOYSA-N	ring:c1ccc2c(c1)CCNC2CC1CCN2CCc3ccccc3C2C1	2
AVTXSAWPGCSYFO-UHFFFAOYSA-N	ring:C1CCC(OCC2CCC3C2CCC2C4CCC(OC5CCCCO5)CC4CCC32)OC1	2
AWGFYZFANDHELM-UHFFFAOYSA-N	acyclic_connectivity:CCC=CCCCCC=CCCCCCCCC(=O)O	2
AWJUIBRHMBBTKR-UHFFFAOYSA-N	ring:c1ccc2cnccc2c1	1
AXQLFFDZXPOFPO-UHFFFAOYSA-N	ring:C1CCC(OC2CCOC(OC3CCOC(OC4CCCOC4)C3)C2)OC1	0
AXVHXJQWKAFHQW-UHFFFAOYSA-N	ring:C1=CCC=CC1	0
AYKYOOPFBCOXSL-UHFFFAOYSA-N	ring:c1ccccc1	0
AYRFRNAUOZQULA-UHFFFAOYSA-N	ring:O=C1C=c2oc3cc4c(cc3c2=CC1=O)oc1ccccc14	2
AYUIKFTXLXFFLE-UHFFFAOYSA-N	ring:c1cc(CCCCCCCCCCCCCC2CCC(C3CCCO3)O2)co1	0
AYXPYQRXGNDJFU-UHFFFAOYSA-N	ring:C1CC2CCCC2C2CC2C1	4
AZFBLLCNOQPJGJ-UHFFFAOYSA-N	ring:O=C1C=CC=CCCCCCCCCC=COC2Oc3ccc4cc(c5c(c4c3C2=O)=NC2(CCNCC2)N=5)N1	0
AZHGTTHAUVPRFY-UHFFFAOYSA-N	acyclic_connectivity:CC=CC=CC=CCC=CC=CCC(=O)NCC(C)C	1
AZPCZHMEQBFZQM-UHFFFAOYSA-N	acyclic_connectivity:CCCCCCCCCCCCCCCCCCC(=O)CC(O)CCCCC	0
AZSNMRSAGSSBNP-UHFFFAOYSA-N	ring:O=C1OC2CC(CC=CC(OC3CCC(OC4CCCCO4)CO3)CC=CC=C3COC4CC=CC1C34)OC1(CCCCO1)C2	4
AZTMWIPCEFFOJD-UHFFFAOYSA-N	ring:c1ccc2c3c([nH]c2c1)CNCC3	4
BAVONGHXFVOKBV-UHFFFAOYSA-N	ring:C1=CCCCC1	3
BBBXWRGITSUJPB-UHFFFAOYSA-N	acyclic_connectivity:NCCCCC(NC(=O)C(N)CCC(=O)O)C(=O)O	3
BBDKZWKEPDTENS-UHFFFAOYSA-N	ring:C1=CCCCC1	3
BBIXOODYWPFNDT-UHFFFAOYSA-N	ring:C1CCNC1	1
BBJQPKLGPMQWBU-UHFFFAOYSA-N	ring:C1=C2CCCCC2C2CCC3CCCC3C2C1	4
BBJRTSLPWQUASB-UHFFFAOYSA-N	acyclic_connectivity:CCCCCC=CCC(O)C=CC=CC=CC(O)CCCC(=O)N(C)C	0
BBMCNYFBAIUERL-UHFFFAOYSA-N	acyclic_connectivity:CCCCCCC(OC)OC	0
BCEHBSKCWLPMDN-UHFFFAOYSA-N	ring:c1ccc(C(Cc2ccncn2)Cn2cncn2)cc1	2
BCGWQEUPMDMJNV-UHFFFAOYSA-N	ring:c1ccc2c(c1)CCc1ccccc1N2	3
BCMYNNIPTQUKAC-UHFFFAOYSA-N	acyclic_connectivity:CCCCC=CCC(=O)OCC	3
BCQZXOMGPXTTIC-UHFFFAOYSA-N	acyclic_connectivity:FC(F)(F)C(Cl)Br	1
BDCDNTVZSILEOY-UHFFFAOYSA-N	ring:O=c1c(OC2CCCO2)c(-c2ccccc2)oc2ccccc12	1
BDIZCZITXGMZCF-UHFFFAOYSA-N	ring:C1=C2CC(OC3CCCCO3)CCC2C2CCC3CC(OC4CCCCO4)CC3C2C1	3
BDOGTORASJEUBW-UHFFFAOYSA-N	ring:O=c1ccc2ccccc2o1	1
BEFYGZGLHDYVIF-UHFFFAOYSA-N	ring:C1=CC23OOC14CCCCC4C2CCC1CCCC13	2
BFPAVSSBPLQXJZ-UHFFFAOYSA-N	ring:C1CCC2=C(C1)CCC1CCCCC21	1
BFPYWIDHMRZLRN-UHFFFAOYSA-N	ring:c1ccc2c(c1)CCC1C2CCC2CCCC21	3
BFVREXFWNFMMSF-UHFFFAOYSA-N	ring:O=c1c2ccccc2[nH]c2c3c(ccc12)OC(CCOC1CCCCO1)C3	2
BGEBZHIAGXMEMV-UHFFFAOYSA-N	ring:O=c1ccc2cc3ccoc3cc2o1	2
BGIBNWZALWRTHR-UHFFFAOYSA-N	ring:C1=CCC2c3ccccc3OCC2C1	3
BGWZSZYIGVZLMM-UHFFFAOYSA-N	acyclic_connectivity:O=C(C(O)CO)C(O)C(O)O	3
BGZUIZSBNOBPKP-UHFFFAOYSA-N	ring:O=c1cc(-c2ccccc2)oc2ccccc12	1
BHQCQFFYRZLCQQ-UHFFFAOYSA-N	ring:C1CCC2C(C1)CCC1C3CCCC3CCC21	2
BHSYMWWMVRPCPA-UHFFFAOYSA-N	acyclic_connectivity:CCC(C)C(NC(=O)C(CCCN=C(N)N)NC(=O)C(N)CCCN=C(N)N)C(=O)O	0
BHTRKEVKTKCXOH-UHFFFAOYSA-N	ring:C1CCC2C(C1)CCC1C3CCCC3CCC21	2
BHZCGCMWEVHUBA-UHFFFAOYSA-N	ring:O=C1CCC2=C(CCC3=C2C(c2ccccc2)CC2CCCC32)C1	4
BIWKXNFEOZXNLX-UHFFFAOYSA-N	ring:C=C1COC=CC1CC(=O)OCCc1ccccc1	1
BIWLELKAFXRPDE-UHFFFAOYSA-N	acyclic_connectivity:CC(C)=CCCC(C)=CCCC(C)=CC=CC(C)=CC=CC=C(C)C=CC=C(C)CCC=C(C)CCC=C(C)C	2
BJWJSFCBOIUATF-UHFFFAOYSA-N	ring:O=c1[nH]cc(Cc2ccc(OCC3CCc4ccccc4O3)cc2)s1	0
BKAYIFDRRZZKNF-UHFFFAOYSA-N	ring:c1c[nH]cn1	2
BKBHDJLHSWOMFP-UHFFFAOYSA-N	ring:C1=C2C3CCCCC3CCC2C2CCC3CCCCC3C2C1	4
BKIMMITUMNQMOS-UHFFFAOYSA-N	acyclic_connectivity:CCCCCCCCC	3
BLGXFZZNTVWLAY-UHFFFAOYSA-N	ring:c1ccc2c3c([nH]c2c1)C1CC2CCCCC2CN1CC3	2
BLJRIMJGRPQVNF-UHFFFAOYSA-N	ring:c1nsnc1N1CCOCC1	2
BLXXJMDCKKHMKV-UHFFFAOYSA-N	ring:c1ccc2ccccc2c1	4
BMJHIHGNLQCIRO-UHFFFAOYSA-N	ring:O=C(c1ccc(OCc2nn[nH]n2)cc1)c1cccs1	0
BNJVHGHQYHAEDJ-UHFFFAOYSA-N	ring:C1=CN(Cc2ccccc2)Cc2ccsc21	4
BNMGUJRJUUDLHW-UHFFFAOYSA-N	ring:O=C(OC1CCCC(COC2CCC(OC3CCCCO3)CO2)O1)C12CCCCC1C1=CCC3C4CCCCC4CCC3C1CC2	1
BNODVYXZAAXSHW-UHFFFAOYSA-N	ring:c1c[nH]cn1	2
BNRNXUUZRGQAQC-UHFFFAOYSA-N	ring:O=c1[nH]c(-c2cccc(S(=O)(=O)N3CCNCC3)c2)nc2cn[nH]c12	4
BNUHAJGCKIQFGE-UHFFFAOYSA-N	ring:c1ccccc1	0
BNWJOHGLIBDBOB-UHFFFAOYSA-N	ring:c1ccc2c(c1)OCO2	1
BOVGTQGAOIONJV-UHFFFAOYSA-N	ring:O=C(NN1CC2CCCC2C1)NS(=O)(=O)c1ccccc1	3
BPRHUIZQVSMCRT-UHFFFAOYSA-N	ring:c1ccc(-c2ccncn2)cc1	0
BQJCRHHNABKAKU-UHFFFAOYSA-N	ring:C1=CC2C3Cc4cccc5c4C2(CCN3)C(C1)O5	3
BQOFWKZOCNGFEC-UHFFFAOYSA-N	ring:C1=CCC2CC2C1	4
BRMSNMZILBBMIX-UHFFFAOYSA-N	ring:C1=CC2CCC1C2	4
BRMWTNUJHUMWMS-UHFFFAOYSA-N	ring:c1c[nH]cn1	2
BROZQMCDYUJKFQ-UHFFFAOYSA-N	ring:c1ccoc1	3
BRUQQQPBMZOVGD-UHFFFAOYSA-N	ring:O=C1CCC2C3Cc4cccc5c4C2(CCN3)C1O5	2
BSUVNQLYZGXYQY-UHFFFAOYSA-N	ring:O=C(CCc1ccccc1)NCC(=O)NCCc1ccccc1	2
BSWHERGFUNMWGS-UHFFFAOYSA-N	acyclic_connectivity:CCC(C)C(NC(=O)C(N)CC(=O)O)C(=O)O	1
BSWWXRFVMJHFBN-UHFFFAOYSA-N	ring:c1ccccc1	0
BSXAHDOWMOSVAP-UHFFFAOYSA-N	ring:c1ccc(CSc2nc3ccccc3[nH]2)nc1	4
BTBFUBUCCJKJOZ-UHFFFAOYSA-N	ring:c1coc(Cn2cccc2)c1	3
BTDGDFUXKPAUKN-UHFFFAOYSA-N	ring:O=c1[nH]c(=O)c2[nH]cnc2[nH]1	2
BTJIUGUIPKRLHP-UHFFFAOYSA-N	ring:c1ccccc1	0
BTKRSPXVXZNYGV-UHFFFAOYSA-N	ring:c1ccccc1	0
BTQBYWOOCWQDQS-UHFFFAOYSA-N	acyclic_connectivity:CCCCCCCCCCCCCCC(=O)CC(O)CCCCC	3
BUEBVQCTEJTADB-UHFFFAOYSA-N	ring:C1CCC(OC2CCCOC2)OC1	4
BUGQDNPBVYMEFE-UHFFFAOYSA-N	ring:O=c1cc(-c2ccccc2)oc2ccccc12	1
BULVZWIRKLYCBC-UHFFFAOYSA-N	acyclic_connectivity:CCOP(=S)(OCC)SCSCC	0
BUZUQNXGKRJIJT-UHFFFAOYSA-N	ring:c1ccc(Cc2ccccc2)cc1	2
BVOSSZSHBZQJOI-UHFFFAOYSA-N	acyclic_connectivity:C=CC(O)CCC	3
BWEICTHJUIJQPH-UHFFFAOYSA-N	ring:O=C1CCCO1	1
BWNSTBOTBDUYFD-UHFFFAOYSA-N	ring:O=C(Nc1ccccn1)C1NS(=O)(=O)c2ccccc2C1=O	3
BXGYIRIVTYGQAU-UHFFFAOYSA-N	ring:O=c1ccc2ccccc2o1	1
BXNGIHFNNNSEOS-UHFFFAOYSA-N	ring:c1ccccc1	0
BXNJHAXVSOCGBA-UHFFFAOYSA-N	ring:c1ccc2c(c1)[nH]c1cnccc12	1
BXRGGUXPWTWACZ-UHFFFAOYSA-N	ring:O=C1CCC2CCC3CC(=O)OC3C2C1	2
BXZMJUJBUSHRMV-UHFFFAOYSA-N	ring:C=C1C=CCCC1	1
BZLVMXJERCGZMT-UHFFFAOYSA-N	acyclic_connectivity:COC(C)(C)C	1
CARRCRVKWDEWCD-UHFFFAOYSA-N	ring:c1ccc2c(N3CCN(CCc4ccc5[nH]ccc5c4)CC3)nsc2c1	2
CBGWJBYCQMPLPS-UHFFFAOYSA-N	acyclic_connectivity:CC(=O)C(N)C(O)NC(CCCN=C(N)N)C(=O)O	2
CBIAWPMZSFFRGN-UHFFFAOYSA-N	ring:O=C(c1cccs1)c1cnn2c(-c3ccccc3)ccnc12	0
CBOMORHDRONZRN-UHFFFAOYSA-N	ring:O=C1CCCC1	2
CBQGYUDMJHNJBX-UHFFFAOYSA-N	ring:c1ccc(OC(c2ccccc2)C2CNCCO2)cc1	0
CBVCZFGXHXORBI-UHFFFAOYSA-N	ring:O=C(NC1CCc2ccccc21)C(CCCN1CCN(Cc2cccnc2)CC1)Cc1ccccc1	1
CCDNQPZNDUPIIC-UHFFFAOYSA-N	ring:O=c1cncc(Cc2ccccc2)[nH]cc[nH]cc[nH]1	0
CCGOSJCOMBQFBP-UHFFFAOYSA-N	acyclic_connectivity:O=C(C(=O)C(O)CO)C(O)CO	2
CCLQKVKJOGVQLU-UHFFFAOYSA-N	ring:c1c[nH]cn1	2
CCNTUVFHVFQEJI-UHFFFAOYSA-N	ring:C=C1C2CCN3CCC4(c5ccccc5NC4C2)C13	1
CDCHDCWJMGXXRH-UHFFFAOYSA-N	ring:c1ccc(C2=NCc3nncn3-c3ccccc32)cc1	4
CDHNVTRRQNLWKA-UHFFFAOYSA-N	ring:C=c1cc(-c2ccccc2)c(=C)cn1	1
CDOSHBSSFJOMGT-UHFFFAOYSA-N	acyclic_connectivity:C=CC(C)(O)CCC=C(C)C	0
CEKNQQSFLQWWIY-UHFFFAOYSA-N	ring:O=S(=O)(NC1CC2CCC1C2)c1ccccc1	2
CEOCDNVZRAIOQZ-UHFFFAOYSA-N	ring:c1ccccc1	0
CESYFZMRVQIRNB-UHFFFAOYSA-N	ring:c1ccc(CCCC[n+]2ccc(-c3ccccc3)cc2)cc1	0
CEUORZQYGODEFX-UHFFFAOYSA-N	ring:O=C1CCc2ccc(OCCCCN3CCN(c4ccccc4)CC3)cc2N1	3
CEVCMCWHMHJEQS-UHFFFAOYSA-N	ring:C1CC2CCC1C2	1
CEVOEEDUEYZGMY-UHFFFAOYSA-N	acyclic_connectivity:CCC(C)COC(=O)C=C(C)C	3
CEZSTVGNCDXFGA-UHFFFAOYSA-N	ring:O=C(OC1CCC2C(CCC3C4CCC5CC(OC6OCC(OC7CCCCO7)CC6OC6CCCCO6)CCC5C4CC4OC423)C1)c1ccccc1	0
CFAVOGVJXCIQLR-UHFFFAOYSA-N	ring:c1ccc(Cc2ccccc2)cc1	2
CFBBUWFXWSYJHB-UHFFFAOYSA-N	ring:O=C1CC2CCCC2C2=C1C1CCCCC1CC2	2
CFJYNSNXFXLKNS-UHFFFAOYSA-N	ring:C1CCCCC1	3
CGBYBGVMDAPUIH-UHFFFAOYSA-N	acyclic_connectivity:CC(C(=O)O)=C(C)C(=O)O	4
CGIGDMFJXJATDK-UHFFFAOYSA-N	ring:O=C(c1ccccc1)n1ccc2ccccc21	0
CGNVIRPGBUXJES-UHFFFAOYSA-N	acyclic_connectivity:CCCCCCCCCCCCCCCCCCCCCCCCCCCCCC=O	1
CHBRHODLKOZEPZ-UHFFFAOYSA-N	ring:O=C1CN=C(c2ccccc2)c2ccsc2N1	1
CHCCBPDEADMNCI-UHFFFAOYSA-N	ring:O=C1C=CCC1	1
CHCYJKZBXNSGCG-UHFFFAOYSA-N	ring:O=c1c2ccccc2[nH]c2ccccc12	4
CHJJGSNFBQVOTG-UHFFFAOYSA-N	acyclic_connectivity:CN=C(N)N	2
CHTHALBTIRVDBM-UHFFFAOYSA-N	ring:c1ccoc1	3
CIBAPVLFORANSS-UHFFFAOYSA-N	ring:O=C1CCC2C(CCC3C2CCC2C4CC5(CCCCO5)OC4CC23)C1	0
CIBNJPPYSPYHDB-UHFFFAOYSA-N	ring:C1CC2CCC34CC35CCCCC5CCC4C2C1	4
CIDHBCQEXDUWEB-UHFFFAOYSA-N	ring:C1=CCCCC1	3
CIUUIPMOFZIWIZ-UHFFFAOYSA-N	ring:O=c1cc(-c2ccccc2)nc[nH]1	3
CJGRGYBLAHPYOM-UHFFFAOYSA-N	ring:O=C(C=Cc1ccccc1)OC1CCCCO1	3
CJJOSEISRRTUQB-UHFFFAOYSA-N	ring:O=c1[nH]nnc2ccccc12	2
CJOFXWAVKWHTFT-UHFFFAOYSA-N	ring:c1ccccc1	0
CJUFNYIRKDOQMC-UHFFFAOYSA-N	acyclic_connectivity:C=CC(O)CCCCCCCC(=O)O	4
CKABLRDEWGBLBV-UHFFFAOYSA-N	ring:O=C(CNC(=O)c1ccc2ccccc2n1)NC(Cc1ccccc1)C(=O)CN1CCC2CCCCC2C1	2
CKISLMYLRMCWDU-UHFFFAOYSA-N	acyclic_connectivity:CC(C)(CO)C(=O)C(O)NCCC(=O)NCCSSCCNC(=O)CCNC(=O)C(O)C(C)(C)CO	1
CKTSBUTUHBMZGZ-UHFFFAOYSA-N	ring:O=c1ncccn1C1CCCO1	1
CKVDCQYUEYONIA-UHFFFAOYSA-N	ring:c1ccc2sccc2c1	2
CKWDVTWFZPCGNS-UHFFFAOYSA-N	ring:C1CCC(OCCC2CCCC(OCCC3CCCC(OC4CC(OC5CCCOC5)OCC4OC4CCCCO4)O3)O2)OC1	2
CMSMOCZEIVJLDB-UHFFFAOYSA-N	ring:O=[PH]1NCCCO1	3
CMWTZPSULFXXJA-UHFFFAOYSA-N	ring:c1ccc2ccccc2c1	4
CNPKGWRNFPXTNC-UHFFFAOYSA-N	ring:O=C1CCCC(OC(=O)C=Cc2ccccc2)C1	2
CNPVJJQCETWNEU-UHFFFAOYSA-N	ring:O=C(c1cncnc1)N1CCC(N2CCN(Cc3ccccc3)CC2)CC1	1
CNVZJPUDSLNTQU-UHFFFAOYSA-N	acyclic_connectivity:CCCCCCCCCCCC=CCCCCC(=O)O	0
COCNDHOPIHDTHK-UHFFFAOYSA-N	ring:c1ccc2[nH]ccc2c1	4
CPHVNLRAJPTYSD-UHFFFAOYSA-N	ring:C1CC2CCC34CC35CCCCC5CCC4C2C1	4
CPJSUEIXXCENMM-UHFFFAOYSA-N	ring:c1ccccc1	0
CPLGPDHGFNXBOA-UHFFFAOYSA-N	ring:C1CC2CCC2C2CCC2C1	0
CQEOXWCXSBFJMB-UHFFFAOYSA-N	ring:c1ccc(CCN2CCC(n3ccc4ccccc43)CC2)cc1	2
CRCWUBLTFGOMDD-UHFFFAOYSA-N	ring:O=c1ccc2nc3ccccc3oc-2c1	3
CSFQQZOIHVWGMN-UHFFFAOYSA-N	ring:O=C(C=Cc1ccccc1)NCCc1cn(C2CCCCO2)cn1	2
CSWYLIDLQDJVCQ-UHFFFAOYSA-N	ring:O=C1C=C2OCCC23CCCC1C3=O	1
CTNHZEZBBGIUJB-UHFFFAOYSA-N	ring:C1=C2C3CCCCC3CCC2C2CCC3CCCCC3C2C1	4
CTQNGGLPUBDAKN-UHFFFAOYSA-N	ring:c1ccccc1	0
CTXBSDYTKARPDT-UHFFFAOYSA-N	ring:O=C1CCc2cccc(c2)OCC(C(=O)N2CC=CC2)NC(=O)CN1	4
CUEJKTACZUGHDE-UHFFFAOYSA-N	ring:C1CC2CCC34CC3CCCC4C2C1	1
CUJMXIQZWPZMNQ-UHFFFAOYSA-N	ring:O=C1CCCC1	2
CUMYHTLHFUKHQI-UHFFFAOYSA-N	ring:O=C1CCC2C(C1)C(=O)CC1=C3CCCC3CCC12	2
CUNNCAQQDAMNGQ-UHFFFAOYSA-N	ring:c1cc(CCCCCCCC2CCCO2)co1	3
CUUMXRBKJIDIAY-UHFFFAOYSA-N	ring:C1=Cc2ccccc2CC1	1
CVHZOJJKTDOEJC-UHFFFAOYSA-N	ring:O=C1NS(=O)(=O)c2ccccc21	0
CVKMFSAVYPAZTQ-UHFFFAOYSA-N	acyclic_connectivity:CCCCC(C)C(=O)O	2
CVRALZAYCYJELZ-UHFFFAOYSA-N	ring:S=[PH](Oc1ccccc1)c1ccccc1	3
CVSWGLSBJFKWMW-UHFFFAOYSA-N	acyclic_connectivity:CCCCC(=O)OCC=C(C)CCC=C(C)C	0
CVTMENNEXOZZEZ-UHFFFAOYSA-N	ring:c1ccc(CNC2C3CCN(CC3)C2C(c2ccccc2)c2ccccc2)cc1	4
CVXBEEMKQHEXEN-UHFFFAOYSA-N	ring:c1ccc2ccccc2c1	4
CWIZKMYGNOEFKO-UHFFFAOYSA-N	ring:c1ccc(C2CCc3ccccc32)cc1	3
CWMYRIMGSBQMJG-UHFFFAOYSA-N	acyclic_connectivity:CC#CC#CC#CC=CC=CCCCOC(C)=O	3
CWTQYXSFDFSPQG-UHFFFAOYSA-N	ring:C1CC2COC(O1)O2	1
CXAFPLYCBNPHSG-UHFFFAOYSA-N	ring:O=C(Cc1ccccc1)NC1C(=O)N2CC(=CSc3nnn[nH]3)CSC12	3
CXOFVDLJLONNDW-UHFFFAOYSA-N	ring:O=C1NC(=O)C(c2ccccc2)(c2ccccc2)N1	4
CXOXHMZGEKVPMT-UHFFFAOYSA-N	ring:O=C1CC(=O)N(c2ccccc2)c2ccccc2N1	3
CXTLZMPDZVHUII-UHFFFAOYSA-N	ring:C1CCC(OCCC2CCCC(OCCC3CCCC(OC4CC(OC5CCCOC5)OCC4OC4CCCCO4)O3)O2)OC1	2
CYQFCXCEBYINGO-UHFFFAOYSA-N	ring:C1=CC2c3ccccc3OCC2CC1	0
CYXKNKQEMFBLER-UHFFFAOYSA-N	ring:C1CCC(C(CC2CCCCN2)C2CCCCC2)CC1	0
CZCBTSFUTPZVKJ-UHFFFAOYSA-N	ring:C1CCOCC1	3
CZGFLAQOJPXVRV-UHFFFAOYSA-N	ring:c1ccc2c(c1)CCC1C2CCC2C(OC3CCCCO3)CCC21	2
CZIHNRWJTSTCEX-UHFFFAOYSA-N	ring:c1ccc2c(c1)Cc1ccccc1-2	2
DAEYIVCTQUFNTM-UHFFFAOYSA-N	ring:O=C(NCCc1ccccc1)c1ccc2c(c1)C(=O)OCC2	4
DBBUEAPPMDUEIR-UHFFFAOYSA-N	ring:C1=C2C(=CCC3CCCCC23)C2CCCC2C1	4
DBEPLOCGEIEOCV-UHFFFAOYSA-N	ring:O=C1C=CC2C(CCC3C4CCCC4CCC23)N1	2
DBFXNHHIIKEXPP-UHFFFAOYSA-N	ring:C=C1CC23CC1CCC2C1CCCCC1C3	2
DBGIVFWFUFKIQN-UHFFFAOYSA-N	ring:c1ccccc1	0
DBUNRZUFILGKHP-UHFFFAOYSA-N	ring:O=c1cc(-c2cccc3c2OCC=C3)oc2ccccc12	2
DCJBINATHQHPKO-UHFFFAOYSA-N	acyclic_connectivity:CCCCCC=CCC=CCC(O)C(O)CC=CCCCC(=O)O	3
DCOPUUMXTXDBNB-UHFFFAOYSA-N	ring:c1ccc(Nc2ccccc2)cc1	4
DCSUBABJRXZOMT-UHFFFAOYSA-N	ring:O=C(NC1CCN(CCCOc2ccccc2)CC1)c1ccccc1	0
DDLIGBOFAVUZHB-UHFFFAOYSA-N	ring:c1ccc(C2=NCc3cncn3-c3ccccc32)cc1	0
DDSLGZOYEPKPSJ-UHFFFAOYSA-N	acyclic_connectivity:CC(=O)NCCCC=O	1
DERZBLKQOCDDDZ-UHFFFAOYSA-N	ring:C(=Cc1ccccc1)CN1CCN(C(c2ccccc2)c2ccccc2)CC1	4
DFWOMDUVXAUTRY-UHFFFAOYSA-N	ring:O=C(OC1CCN(Cc2ccccc2)C1)c1cnccc1-c1ccccc1	4
DGABKXLVXPYZII-UHFFFAOYSA-N	ring:C1CCC2C(C1)CCC1C3CCCC3CCC21	2
DGIGXLXLGBAJJN-UHFFFAOYSA-N	ring:O=C1CC2CCCC2C2CC=C3CCCCC3C12	3
DGIOBPYUUNJIKO-UHFFFAOYSA-N	ring:C1CCC(OCCC2CCCC(OCCC3CCCC(OC4CCOC(OC5CCCOC5)C4)O3)O2)OC1	2
DGIQURYKMOLFSK-UHFFFAOYSA-N	ring:C=C1C(=O)OCC2C(=C)CC=CC12	4
DGSOBIYFLJXVQZ-UHFFFAOYSA-N	ring:C1CCC(OCC2CCCC(OC3CCC4C(CCC5C6CCCC6CCC45)C3)O2)OC1	0
DHBXNPKRAUYBTH-UHFFFAOYSA-N	acyclic_connectivity:CC(S)S	1
DHTHKPNODOWMKF-UHFFFAOYSA-N	ring:c1ccc(C2Oc3ccccc3C2c2cccc3c2C(c2ccccc2)C(c2ccccc2)O3)cc1	2
DILDHNKDVHLEQB-UHFFFAOYSA-N	ring:c1ccc2c(c1)CCC1C2CCC2CCCC21	3
DIUFDFNALWNSNW-UHFFFAOYSA-N	ring:O=C(CCCC1CCCCO1)CC1CCCC2(C=CCC3(CCC(C4CCCCO4)O3)O2)O1	2
DIUOJMLXZJHNDR-UHFFFAOYSA-N	ring:c1ccc2[nH]c([SH+]Cc3cc(OCC4CC4)ccn3)nc2c1	0
DJTOLSNIKJIDFF-UHFFFAOYSA-N	ring:C1CCC2C(C1)CCC1C3CCCC3CCC21	2
DMEPDNFRHUGNPT-UHFFFAOYSA-N	ring:c1ccc(CC2CCCCC2)cc1	3
DMIWIJAIZZONNT-UHFFFAOYSA-N	ring:c1ccc2c(c1)nc1cc3cc[nH]cc3cc12	1
DMVOXQPQNTYEKQ-UHFFFAOYSA-N	ring:c1ccc(-c2ccccc2)cc1	1
DNBPMBJFRRVTSJ-UHFFFAOYSA-N	ring:c1ccc2[nH]ccc2c1	4
DNIAPMSPPWPWGF-UHFFFAOYSA-N	acyclic_connectivity:CC(O)CO	0
DNXHEGUUPJUMQT-UHFFFAOYSA-N	ring:O=C1CCC2C1CCC1c3ccccc3CCC12	3
DNZQDZDGNZZGCU-UHFFFAOYSA-N	ring:O=C(C=Cc1ccccc1)OC1CCCC(OC(=O)C=Cc2ccccc2)C1	1
DNZRKQBGTHPGSL-UHFFFAOYSA-N	acyclic_connectivity:CCCCCCC=CC=CCC=O	1
DOFZAZXDOSGAJZ-UHFFFAOYSA-N	acyclic_connectivity:CCOP(=S)(OCC)SCCSCC	4
DOMXUEMWDBAQBQ-UHFFFAOYSA-N	ring:c1ccc2ccccc2c1	4
DPAIILRRFFJOHL-UHFFFAOYSA-N	ring:c1cc(CCCCCCCCCCCCCCC2CCCO2)co1	1
DPIAJERHFDBLPT-UHFFFAOYSA-N	ring:O=c1c(-c2ccccc2)coc2ccccc12	4
DPMKYRJUMRDZSZ-UHFFFAOYSA-N	ring:O=C1CC2(CO1)C1CCC3CC(OC4OCCCC4OC4CCCCO4)CCC3C1CCC2C1OC1CCOC1CCCCO1	1
DPQYOKVMVCQHMY-UHFFFAOYSA-N	ring:C1CCC2CCCCC2C1	4
DQDAYGNAKTZFIW-UHFFFAOYSA-N	ring:O=c1oc2ccccc2cc1Cc1ccccc1	3
DQHWEKFXUGLNRV-UHFFFAOYSA-N	ring:c1ccc2c(c1)CCC1C2CCC2CCCC21	3
DQJGLVYHIANDHO-UHFFFAOYSA-N	ring:C1CCC(OCCC2CCCC(OCCC3CCCC(OC4CC(OC5CCCOC5)OCC4OC4CCCCO4)O3)O2)OC1	2
DQJZOUNZNYHEBV-UHFFFAOYSA-N	ring:c1ccc(C[SH+]c2nc3ccccc3[nH]2)nc1	3
DRHKJLXJIQTDTD-UHFFFAOYSA-N	ring:c1ccc(CCNCCOc2ccccc2)cc1	0
DRLFMBDRBRZALE-UHFFFAOYSA-N	ring:c1ccc2[nH]ccc2c1	4
DRRWBCNQOKKKOL-UHFFFAOYSA-N	ring:O=c1cc(-c2ccccc2)oc2ccccc12	1
DRSJLVGDSNWQBI-UHFFFAOYSA-N	ring:O=C(NCCc1ccc(-c2ccccc2)cc1)c1ccccc1	2
DSPNGJHSAHRHHA-UHFFFAOYSA-N	ring:C1CCC(OCCC2CCCC(OC3CC(OC4CCCOC4)OCC3OC3CC(OC4CCCCO4)CCO3)O2)OC1	4
DSTJGYCTYZXZNH-UHFFFAOYSA-N	ring:C=C1C(=O)OC2CC3CC(=O)CCC3=CC12	2
DTGDZMYNKLTSKC-UHFFFAOYSA-N	ring:C1=C2CCCCC2C2CCC3CCCC3C2C1	4
DTGKSKDOIYIVQL-UHFFFAOYSA-N	ring:C1CC2CCC1C2	1
DTJQBBHYRQYDEG-UHFFFAOYSA-N	ring:c1ccc2c3c([nH]c2c1)C1CC2CCC1N(CC3)C2	1
DTOPKPBTCXKNFF-UHFFFAOYSA-N	ring:c1ccc(-c2cccs2)cc1	3
DTUGXZBPWDHASD-UHFFFAOYSA-N	ring:C1CCOC1	1
DTYGTEGDVPAKDA-UHFFFAOYSA-N	ring:c1ccccc1	0
DUEPRVBVGDRKAG-UHFFFAOYSA-N	ring:c1ccc2c(c1)CCO2	3
DUGHQFVNXIWPEA-UHFFFAOYSA-N	ring:O=c1cc[nH]c(=O)[nH]1	0
DUPDJVDPPBFBPL-UHFFFAOYSA-N	ring:C=C1C=CCCC12CCCO2	3
DVCCCQNKIYNAKB-UHFFFAOYSA-N	ring:c1cnc2c(ccc3[nH]cnc32)n1	0
DVGIHSLYADPMSE-UHFFFAOYSA-N	ring:c1ccc2c(c1)Nc1ccccc1S2	1
DVSZTYJRXBBIFA-UHFFFAOYSA-N	ring:O=C1C=CCCCC(=O)CCCC=CC=CC=CCCC2CCCC(O2)C(=O)C(=O)N2CCCCC2C(=O)OC(CCC2CCCCC2)C1	0
DVXXYXKKUSGEIB-UHFFFAOYSA-N	ring:O=C1CCC2C3=C(CCC2C1)C1C(=O)CC2(CCCO2)C1CC3	4
DVYFKACEOUKQAL-UHFFFAOYSA-N	ring:C1CCC(OC2CCOC(OC3CCC(OC4CCOC(OC5CCC(OC6CCOCC6)OC5)C4)OC3)C2)OC1	3
DWHSGRLKLUGKOU-UHFFFAOYSA-N	ring:C1=NCCc2ccccc21	2
DWMIJMCXKMVIAF-UHFFFAOYSA-N	ring:C=C1CC2CC=CC2C2CC=C3CC(=O)CCC3C12	3
DWNBPRRXEVJMPO-UHFFFAOYSA-N	ring:C1CO1	1
DWPLEOPKBWNPQV-UHFFFAOYSA-N	ring:c1ccccc1	0
DWSFAVOTORHAAL-UHFFFAOYSA-N	acyclic_connectivity:CCCCCCCCCCCCCCCCC(=O)OC(CC(=O)[O-])C[N+](C)(C)C	0
DXCPWGZDEYFQEA-UHFFFAOYSA-N	ring:C1CCC(OCC2CCCC(OCC3CCC4C3CCC3C5CCC(OC6OCCCC6OC6CCCCO6)CC5CCC43)O2)OC1	1
DYDUXGMDSXJQFT-UHFFFAOYSA-N	ring:c1ccccc1	0
DYIOQMKBBPSAFY-UHFFFAOYSA-N	acyclic_connectivity:CCCCC=CCCCCCCCC(=O)OCCCCCCCCCCCCCCCC	4
DYJBTUINEBYYQT-UHFFFAOYSA-N	ring:O=C(OC1CCCCO1)C12CCCCC1C1=CCC3C4CCC(OC5CC(OC6CCCCO6)CCO5)CC4CCC3C1CC2	3
DYOSCPIQEYRQEO-UHFFFAOYSA-N	ring:c1ccccc1	0
DYUQAZSOFZSPHD-UHFFFAOYSA-N	ring:c1ccccc1	0
DYXPIXIKDXPQPD-UHFFFAOYSA-N	ring:O=S(=O)(NC1CC2CCC1C2)c1ccccc1	2
DZGWFCGJZKJUFP-UHFFFAOYSA-N	ring:c1ccccc1	0
DZHDVYLBNKMLMB-UHFFFAOYSA-N	ring:c1ccc2[nH]ccc2c1	4
DZJZIJZUKAATIV-UHFFFAOYSA-N	acyclic_connectivity:CCCC#CCCCCCCCCCCCCO	1
DZKOKXZNCDGVRY-UHFFFAOYSA-N	ring:C1SSCSSS1	0
FAEKWTJYAYMJKF-UHFFFAOYSA-N	ring:O=C(Cc1ccccc1)NCc1ccccc1N1CCCCC1	4
FBYFJOVKHROJSY-UHFFFAOYSA-N	ring:c1ccc2[nH]ccc2c1	4
FCHGRGOUMXZTFS-UHFFFAOYSA-N	ring:C1CCC2C(C1)CCC13CCC(CCC21)C3	3
FCINNGNGQHGDFW-UHFFFAOYSA-N	ring:c1ccc(C2Cc3ccccc3O2)cc1	0
FCLYKYQBTSMTJB-UHFFFAOYSA-N	ring:C=C1CC(=C)C(=O)O1	0
FCWMZGOTKKOFPK-UHFFFAOYSA-N	ring:O=C(c1ccccc1)c1ccsc1	3
FCWVNQXHWQOIRY-UHFFFAOYSA-N	acyclic_connectivity:CC(=O)C(NC(=O)CN)C(O)O	3
FDASUPFDHLZNSK-UHFFFAOYSA-N	ring:C(CCC1CC2C(CC3C2CCC2C4CCC(OC5OCCCC5OC5CCCCO5)CC4CCC23)O1)COC1CCCCO1	2
FDKXTQMXEQVLRF-UHFFFAOYSA-N	ring:c1c[nH]cn1	2
FELGMEQIXOGIFQ-UHFFFAOYSA-N	ring:O=C1c2c([nH]c3ccccc23)CCC1Cn1ccnc1	4
FFEARJCKVFRZRR-UHFFFAOYSA-N	acyclic_connectivity:CSCCC(N)C(=O)O	2
FFGPTBGBLSHEPO-UHFFFAOYSA-N	ring:C1=Cc2ccccc2Nc2ccccc21	2
FFIYZQBJBRTFKR-UHFFFAOYSA-N	ring:O=c1[nH]c(=O)c2[nH]cnc2[nH]1	2
FGXWKSZFVQUSTL-UHFFFAOYSA-N	ring:O=c1[nH]c2ccccc2n1CCCN1CCC(n2c(=O)[nH]c3ccccc32)CC1	1
FHFYDNQZQSQIAI-UHFFFAOYSA-N	ring:O=c1cc[nH]c2cc(N3CCNCC3)ccc12	1
FHIVAFMUCKRCQO-UHFFFAOYSA-N	ring:c1cncnc1	2
FHPIXVHJEIZKJW-UHFFFAOYSA-N	ring:c1ccc2c(c1)N=C(N1CCNCC1)c1ccsc1N2	2
FJLGEFLZQAZZCD-UHFFFAOYSA-N	ring:c1ccc(-c2c[nH]c3ccccc23)cc1	2
FJLHLDBEZKTSOK-UHFFFAOYSA-N	acyclic_connectivity:CCN(C)C=O	1
FKJUAGXPCITGLZ-UHFFFAOYSA-N	acyclic_connectivity:CCCCCC(=O)OCC[N+](C)(C)C	1
FLAQQSHRLBFIEZ-UHFFFAOYSA-N	ring:c1ccncc1	2
FLDPBMANMDLQTH-UHFFFAOYSA-N	ring:O=c1[nH]cc(Cc2ccc(OCCNc3ccccn3)cc2)s1	1
FMGSKLZLMKYGDP-UHFFFAOYSA-N	ring:O=C1CCC2C1CCC1C3CCCCC3=CCC21	3
FMKCDSXOYLTWBR-UHFFFAOYSA-N	ring:C1CCOC1	1
FMMWHPNWAFZXNH-UHFFFAOYSA-N	ring:c1ccc2c(c1)cc1ccc3cccc4ccc2c1c34	4
FMWLUWPQPKEARP-UHFFFAOYSA-N	acyclic_connectivity:ClC(Cl)Br	4
FMXVFWDIAZJILA-UHFFFAOYSA-N	ring:O=C1CCCO1	1
FNEJQOIAGPBETK-UHFFFAOYSA-N	ring:c1ccoc1	3
FNELVJVBIYMIMC-UHFFFAOYSA-N	ring:c1ccc(-n2cccn2)cc1	1
FNFHDAUGLIPVPU-UHFFFAOYSA-O	ring:c1ccc(-c2[o+]c3ccccc3cc2OC2CCCCO2)cc1	1
FNKQXYHWGSIFBK-UHFFFAOYSA-N	ring:O=c1nc[nH]c2c1NCCN2	4
FNPHNLNTJNMAEE-UHFFFAOYSA-N	acyclic_connectivity:CCCCCCCCCCCCCCCCCC(=O)OC(CC(=O)[O-])C[N+](C)(C)C	4
FNTJVYCFNVUBOL-UHFFFAOYSA-N	ring:O=c1c(OC2CCCCO2)c(-c2ccccc2)oc2ccccc12	3
FNYLWPVRPXGIIP-UHFFFAOYSA-N	ring:c1ccc(-c2cnc3ncncc3n2)cc1	4
FOHHNHSLJDZUGQ-UHFFFAOYSA-N	ring:c1ccc2c(c1)ccc1ccccc12	0
FPIPGXGPPPQFEQ-UHFFFAOYSA-N	ring:C1=CCCCC1	3
FPLMIPQZHHQWHN-UHFFFAOYSA-N	ring:O=c1cc(-c2ccccc2)oc2ccccc12	1
FQPGMQABJNQLLF-UHFFFAOYSA-N	acyclic_connectivity:NOCCC(N)C(=O)O	0
FQYGGFDZJFIDPU-UHFFFAOYSA-N	ring:c1ccc2c(c1)CCC1C2CCC2CC(OC3CCCCO3)CC21	3
FQZSMTSTFMNWQF-UHFFFAOYSA-N	ring:c1ccc(-c2nn[nH]n2)c(-c2ccc(Cn3ccnc3)cc2)c1	0
FRNIMDDQCZHAFA-UHFFFAOYSA-N	ring:C=C1C(=O)OC2CC3CCCCC3=CC12	3
FRYVQXCDSBCDAU-UHFFFAOYSA-N	ring:C1CCC2C(C1)CCC1C3CCCC3CCC21	2
FSHPJPOJLGCQOJ-UHFFFAOYSA-N	ring:O=C1c2ccccc2OCC1c1ccccc1	3
FSHURBQASBLAPO-UHFFFAOYSA-N	acyclic_connectivity:CSCCC(NC(=O)C(C)N)C(=O)O	3
FSKFPVLPFLJRQB-UHFFFAOYSA-N	ring:O=C(CCN1CCCCC1)c1ccccc1	3
FSKJPXSYWQUVGO-UHFFFAOYSA-N	ring:O=C(C=Cc1ccccc1)Nc1ccccc1	3
FSLPMRQHCOLESF-UHFFFAOYSA-N	ring:C1=C2C3CCCCC3CCC2C2CCC3CCCCC3C2C1	4
FSPRLRPJSPWQNC-UHFFFAOYSA-N	ring:O=C1NC(=O)C(c2ccccc2)(c2ccccc2)N1	4
FSQFBVMRHUNWAT-UHFFFAOYSA-N	ring:O=C1C2=C(OCC=C2)C2CCCC1C2=O	3
FSVMLWOLZHGCQX-UHFFFAOYSA-N	ring:c1ccc(C2CCc3ccccc3O2)cc1	0
FTALBRSUTCGOEG-UHFFFAOYSA-N	ring:c1ccc2scnc2c1	0
FTVWIRXFELQLPI-UHFFFAOYSA-N	ring:O=C1CC(c2ccccc2)Oc2ccccc21	1
FUCYIEXQVQJBKY-UHFFFAOYSA-N	ring:C1=CC2CCCC=C2CC1	3
FUDSDSSVYNVBQF-UHFFFAOYSA-N	ring:C=c1c(=O)ccc2cc3c(=O)cccc3oc12	0
FUGYGGDSWSUORM-UHFFFAOYSA-N	ring:c1ccccc1	0
FURUXTVZLHCCNA-UHFFFAOYSA-N	ring:O=C1CC(c2ccccc2)Oc2ccccc21	1
FVCDMHWSPLRYAB-UHFFFAOYSA-N	ring:C1CO1	1
FVGJPCFYGPKBKJ-UHFFFAOYSA-N	acyclic_connectivity:CCCCCCCCCCCCOC(=O)CC	2
FVIKBDRIIKLJKM-UHFFFAOYSA-N	ring:C(Cc1ccncc1)=NCCc1ccccc1	3
FVJJFMIANVFLIU-UHFFFAOYSA-N	ring:C1CCC(OCCC2CCCC(OCCC3CCCC(OC4CC(OC5CCCOC5)OCC4OC4CC(OC5CCCCO5)CCO4)O3)O2)OC1	3
FVNFXIPJDHVJGE-UHFFFAOYSA-N	ring:O=C(CCc1ccccc1)c1ccccc1	2
FWBPZAVSTQBRKT-UHFFFAOYSA-N	ring:O=c1c2ccccc2oc2ccccc12	1
FWCGLHYHGUHPRY-UHFFFAOYSA-N	ring:O=C1CCCCC1	1
FWKXMJCJEOUXDE-UHFFFAOYSA-N	ring:c1ccc2c(c1)cc1ccc3cccc4ccc2c1c34	4
FWVIPKAFIXXKIW-UHFFFAOYSA-N	acyclic_connectivity:CC(=CCO)CCC=C(C)CCC=C(C)CCC=C(C)CCC=C(C)CCC=C(C)CCCC(C)CCCC(C)CCCC(C)C	0
FXKSIMKLXMWGEF-UHFFFAOYSA-N	ring:c1ccc2c(c1)Sc1ccccc1N2CC12CCN(CC1)CC2	3
FYGDTMLNYKFZSV-UHFFFAOYSA-N	ring:C1CCC(OC2CCC(OC3CCCOC3)OC2)OC1	2
FYNCKDXBHPKIBS-UHFFFAOYSA-N	ring:C=C1CCC2CC(=O)CC=C2C1	0
FYYSIASRLDJUNP-UHFFFAOYSA-N	acyclic_connectivity:NC(CCC(=O)O)C(=O)NC(CC(=O)O)C(=O)O	4
FZERHIULMFGESH-UHFFFAOYSA-N	ring:c1ccccc1	0
FZLJBZZCTNZGFA-UHFFFAOYSA-N	ring:C1CCC(OC2CCC(OC3CCCOC3)OC2)OC1	2
FZPKQSWYXWHIQL-UHFFFAOYSA-N	ring:c1cc(CCCCCCCCCCC2CCCC(C3CCCO3)O2)co1	4
FZXAQGVGSAANBR-UHFFFAOYSA-N	ring:O=C1CSC(c2cccnc2)N1	2
FZXISNSWEXTPMF-UHFFFAOYSA-N	ring:c1ncncn1	1
GBLRQXKSCRCLBZ-UHFFFAOYSA-N	ring:O=C(CCC(=O)OCCC[NH+]1CCc2ccccc2C1Cc1ccccc1)OCCC[NH+]1CCc2ccccc2C1Cc1ccccc1	1
GCDSSEZWYHWNMC-UHFFFAOYSA-N	ring:O=C1OC2=C3CCCCC13c1ccccc1C2	2
GCIKSSRWRFVXBI-UHFFFAOYSA-N	ring:O=C(Nc1ccc(Sc2nc(Nc3ccn[nH]3)cc(N3CCNCC3)n2)cc1)C1CC1	4
GCZRCCHPLVMMJE-UHFFFAOYSA-N	acyclic_connectivity:CCCCCC=CC=CC(O)CC=CCC=CCCCC(=O)O	3
GDBJCCBRRCYCEG-UHFFFAOYSA-N	acyclic_connectivity:CCCCCCCCCCCCC#CCCCC(=O)O	1
GDLIGKIOYRNHDA-UHFFFAOYSA-N	ring:c1ccc2c(c1)CCc1ccccc1N2	3
GEAIQETWXSVTMO-UHFFFAOYSA-N	acyclic_connectivity:NC(CSC(Cl)=C(Cl)C(Cl)=C(Cl)Cl)C(=O)O	4
GEDRGVNPMIOGRX-UHFFFAOYSA-N	acyclic_connectivity:C=CCC(C)C(=O)OCCCCCC	2
GELFSVXLSDZDHE-UHFFFAOYSA-N	ring:C1CO1	1
GEPUWRLCEOWUON-UHFFFAOYSA-N	ring:C1CCC(OCCC2CCCC(OCCC3CCCC(OC4CC(OC5CCCOC5)OCC4OC4CC(OC5CC(OC6CCCCO6)CCO5)CCO4)O3)O2)OC1	2
GFPJSSAOISEBQL-UHFFFAOYSA-N	ring:C(C=CC=CC=CC=CC1C=C2CCCCC2O1)=CC=CC=CC=CC1=CCCCC1	3
GGAFPIBJPYCFGR-UHFFFAOYSA-N	ring:O=c1ccc2ccccc2o1	1
GGCLNOIGPMGLDB-UHFFFAOYSA-N	ring:O=C1CCC2C(=CCC3C4CCCC4CCC23)C1	4
GGCUJPCCTQNTJF-UHFFFAOYSA-N	ring:O=C1C=CCCC1	4
GHCVBVCIPFPICQ-UHFFFAOYSA-N	ring:O=C1CC2CCC(C(=O)OC3CCOCC3)=CCCC=CC2O1	3
GIIZNNXWQWCKIB-UHFFFAOYSA-N	ring:c1ccc(CCCCOCCCCCCNCCc2ccccc2)cc1	4
GIQXKAXWRLHLDD-UHFFFAOYSA-N	ring:C1CCC(OC2CCC3C(CCC4C5CCCC5CCC34)C2)OC1	3
GJFCONYVAUNLKB-UHFFFAOYSA-N	ring:O=C1C=CC2C(=CCC3C4CCCC4CCC23)C1	4
GJMPSRSMBJLKKB-UHFFFAOYSA-N	ring:c1ccccc1	0
GJPICJJJRGTNOD-UHFFFAOYSA-N	ring:O=S(=O)(Nc1nc(-c2ncccn2)ncc1Oc1ccccc1)c1ccccc1	4
GJQIMXVRFNLMTB-UHFFFAOYSA-N	acyclic_connectivity:CCCCCCCCCOC(C)=O	3
GJSLOMWRLALDCT-UHFFFAOYSA-N	ring:c1ccc(C2=NCc3nncn3-c3ccccc32)cc1	4
GJZJZRWFRZFTEE-UHFFFAOYSA-N	ring:C1CCC(OC2CCCC2)OC1	1
GKCJNDMDSMOLIN-UHFFFAOYSA-N	ring:O=C1COC2CC13CCCC3C1(COC1=O)C2	1
GKGKOBNJESCNOE-UHFFFAOYSA-N	ring:C1CCC2(CC3C(CC4C3CCC3C5CCCCC5CC34)O2)OC1	3
GKJMLOMZBLJNRX-UHFFFAOYSA-N	ring:C1=C2C3CCCC3CCC2C2CCC(OC3OCCCC3OC3OCCCC3OC3CCCCO3)CC2C1	3
GKNDIYRVXVKUNM-UHFFFAOYSA-N	ring:O=C(NC1CCCCC1)NS(=O)(=O)c1ccc(CCNC(=O)n2cccc2)cc1	4
GKTWGGQPFAXNFI-UHFFFAOYSA-N	ring:c1ccc(CN2CCc3sccc3C2)cc1	2
GKWPCEFFIHSJOE-UHFFFAOYSA-N	ring:O=C(Nc1ccccc1)c1cc2ccccc2[nH]c1=O	2
GLBJJMFZWDBELO-UHFFFAOYSA-N	ring:O=C1CCC(c2ccc3[nH]c(-c4ccccc4)nc3c2)=NN1	0
GLYPHOJMMLQNJQ-UHFFFAOYSA-N	ring:C1CCC2C(C1)CCC1C3CCCC3CCC21	2
GMBQZIIUCVWOCD-UHFFFAOYSA-N	ring:C1CCC2(CC3C(CC4C3CCC3C5CCCCC5CCC34)O2)OC1	2
GMCGZPQYTRHQRU-UHFFFAOYSA-N	ring:C1=C2CC(OC3OCCC(OC4CCCCO4)C3OC3CCCCO3)CCC2C2CCC3C4CC(CCCCOC5CCCCO5)OC4CC3C2C1	1
GMHKMTDVRCWUDX-UHFFFAOYSA-N	ring:O=C1NC(=O)C(c2ccccc2)N1	4
GMROZDPZEUVIGD-UHFFFAOYSA-N	ring:C=c1ccc(=Cc2c[nH]c3ccccc23)[nH]1	3
GNKXHPULSPWUAK-UHFFFAOYSA-N	ring:c1ccncc1	2
GNOIPBMMFNIUFM-UHFFFAOYSA-N	acyclic_connectivity:CN(C)P(=O)(N(C)C)N(C)C	0
GNXVPSYTTPBCTM-UHFFFAOYSA-N	ring:O=C1CCCC(OC2CCC(OC3CCCCO3)CO2)CCCCC=CC=CCCO1	3
GOHBXWHNJHENRX-UHFFFAOYSA-N	ring:c1ccc2c(c1)ccc1c3ccccc3ccc21	4
GPKJTRJOBQGKQK-UHFFFAOYSA-N	ring:c1ccc2nc3ccccc3cc2c1	0
GPQVVJQEBXAKBJ-UHFFFAOYSA-N	ring:C1CO1	1
GQNZGCARKRHPOH-UHFFFAOYSA-N	ring:O=C1CCCC(OC2CCC(OC3CCCCO3)CO2)CCCCC=CC=CCCO1	3
GRKWIGXXRSEQLZ-UHFFFAOYSA-N	ring:O=C1CCC2C(=CCC3C4CCCC4CCC23)C1	4
GRPDKIJVLYPUGU-UHFFFAOYSA-N	ring:O=C1CCC(CCCCCCCCCCCC2CCCO2)O1	1
GRYMYKQGSSTJBA-UHFFFAOYSA-N	ring:c1ccc(C2CC(Cc3ccc4c(c3)OCO4)CO2)cc1	1
GSIREHLZHMQJNR-UHFFFAOYSA-N	ring:O=C(C=Cc1ccccc1)OCC1COC(OC2CCCOC2Oc2ccc(C3CC(=O)c4ccccc4O3)cc2)C1	0
GUGOEEXESWIERI-UHFFFAOYSA-N	ring:c1ccc(CCCCN2CCC(C(c3ccccc3)c3ccccc3)CC2)cc1	2
GUGSXATYPSGVAY-UHFFFAOYSA-N	ring:C1=C2CCCCC2C2CCC3CCCC3C2C1	4
GVQOVMKBYJKZSY-UHFFFAOYSA-N	ring:O=c1c2ccccc2oc2ccccc12	1
GWFGPUOJJHYUTD-UHFFFAOYSA-N	ring:c1ccc2ccccc2c1	4
GWKLHNVFRBYLTN-UHFFFAOYSA-N	ring:O=C1C=CC2C(CCC3C4CCCC4CCC23)N1	2
GWMGUFTYUOYYQV-UHFFFAOYSA-N	ring:O=c1ccc2ccccc2o1	1
GWNHAOBXDGOXRR-UHFFFAOYSA-N	ring:O=P1(COCCn2cnc3cncnc32)OCCC(c2ccccc2)O1	0
GWONURZMUVCQJN-UHFFFAOYSA-N	acyclic_connectivity:CCCCCCCCCCCCCCCCCC(=O)CC(O)CCCCC	1
GWYOVZVXBRVBBE-UHFFFAOYSA-N	ring:C1CS1	3
GXBYFVGCMPJVJX-UHFFFAOYSA-N	ring:C1CO1	1
GXDALQBWZGODGZ-UHFFFAOYSA-N	ring:c1ccc(CCN2CCC(Nc3nc4ccccc4n3Cc3ccccc3)CC2)cc1	4
GXJABQQUPOEUTA-UHFFFAOYSA-N	ring:O=C(NCCc1ccccc1)c1cnccn1	0
GXMJXGUEPXEOGR-UHFFFAOYSA-N	ring:C1CC2COC3(CCCC3C1)C2	2
GXXQKJQWMVPECM-UHFFFAOYSA-N	ring:O=C1CCCC1	2
GYALTOSSVLCVLA-UHFFFAOYSA-N	ring:C=C1CC23CC1CCC2C1CCCCC1C3	2
GYDPOKGOQFTYGW-UHFFFAOYSA-N	acyclic_connectivity:CC(C)=CCS	1
GYNWSIBKBBWJJW-UHFFFAOYSA-N	ring:C1CCC(OC2CCC3C(CCC4C5CCCC5CCC34)C2)OC1	3
GZDFOOAFMQSYOV-UHFFFAOYSA-N	ring:O=c1[nH]c(=O)n(CC2CCCCC2)c2[nH]cnc12	1
GZKLJWGUPQBVJQ-UHFFFAOYSA-N	ring:O=C1NCCN1CCN1CCC(c2cn(-c3ccccc3)c3ccccc23)CC1	3
GZLMBIJQZKTHPV-UHFFFAOYSA-N	ring:C1CCC(OCCC2CCCC(OCCC3CCCC(OC4CC(OC5CCCOC5)OCC4OC4CC(OC5CCCCO5)CCO4)O3)O2)OC1	3
GZUITABIAKMVPG-UHFFFAOYSA-N	ring:O=C(c1ccc(OCCN2CCCCC2)cc1)c1c(-c2ccccc2)sc2ccccc12	4
GZVBVBMMNFIXGE-UHFFFAOYSA-N	ring:c1ccc(C2CCCNC2)cc1	0
GZXHBOYNBUVMSN-UHFFFAOYSA-N	ring:C1CCC(OCC2CCC(OC3CCCCO3)C(OC3CCOC(OC4CCC5C(CCC6C5CCC5C7CCCOC78CC65CO8)C4)C3OC3CCCCO3)O2)OC1	0
HAFVWTUQBYRPOB-UHFFFAOYSA-N	ring:C1=C2CCCCC2C2CCC3CCCC3C2C1	4
HAGXFSMJELVHFJ-UHFFFAOYSA-N	acyclic_connectivity:CCCCC=CCC(=O)OC	1
HAPOVYFOVVWLRS-UHFFFAOYSA-N	ring:O=C1CCC(=O)N1	0
HAQDEJPEAKWAAM-UHFFFAOYSA-N	ring:C1=CC(c2ccccc2)CC=N1	1
HASDUOHKNMHNJA-UHFFFAOYSA-N	ring:C1=CC(OC2CCCCO2)CC1	2
HAZHUELNIGDYQH-UHFFFAOYSA-N	ring:O=c1ccc2ccccc2o1	1
HBJXRRXWHSHZPU-UHFFFAOYSA-N	acyclic_connectivity:CCC=CCC=CCC=CCCCCCCCC(=O)NCCO	1
HCAJEUSONLESMK-UHFFFAOYSA-N	ring:C1CCCCC1	3
HCDLRJUFVJOBJP-UHFFFAOYSA-N	acyclic_connectivity:CCCCCCCCCCCCCCCCCCCCCCCCC(=O)NC(CO)C(O)CCCCCCCCCCCCCCC	4
HCYAFALTSJYZDH-UHFFFAOYSA-N	ring:c1ccc2c(c1)CCc1ccccc1N2	3
HDOZVRUNCMBHFH-UHFFFAOYSA-N	ring:C1=Cc2ccccc2Sc2ccccc21	4
HEBKCHPVOIAQTA-UHFFFAOYSA-N	acyclic_connectivity:OCC(O)C(O)C(O)CO	1
HEFNNWSXXWATRW-UHFFFAOYSA-N	ring:c1ccccc1	0
HELXLJCILKEWJH-UHFFFAOYSA-N	ring:C=C1CC23CCC4C(C(=O)OC5CCCCO5)CCCC4C2CCC1(OC1OCCC(OC2CCCCO2)C1OC1CCCCO1)C3	2
HEQOJEGTZCTHCF-UHFFFAOYSA-N	ring:c1ccccc1	0
HEURTYMJWQPWNN-UHFFFAOYSA-N	ring:O=C1C=CCC(CCc2ccccc2)O1	3
HEZVPSGPLFBHPM-UHFFFAOYSA-N	ring:C1=C2C3CCCCC3CCC2C2CCC3CC(OC4OCC(OC5OCCCC5OC5CCCCO5)CC4OC4CCCCO4)CCC3C2C1	2
HGBOYTHUEUWSSQ-UHFFFAOYSA-N	acyclic_connectivity:CCCCC=O	0
HGCIXCUEYOPUTN-UHFFFAOYSA-N	ring:C1=CCCCC1	3
HGFOOLONGOBCMP-UHFFFAOYSA-N	ring:O=C1N(CCCc2ccc3c(n2)NCCC3)CCN1Cc1cccnc1	1
HGNHQSKMZKBHFD-UHFFFAOYSA-N	ring:O=C1CCC(=O)C1	4
HHJTWTPUPVQKNA-UHFFFAOYSA-N	ring:C1CCOCC1	3
HHTDENYTSCXDFO-UHFFFAOYSA-N	ring:O=S(=O)(CCc1ccc2[nH]cc(CC3CCCN3)c2c1)c1ccccc1	4
HIIZAGQWABAMRR-UHFFFAOYSA-N	acyclic_connectivity:CC(C)C(C(=O)O)C(=O)C(=O)O	3
HITOYGLMAFIRNI-UHFFFAOYSA-N	acyclic_connectivity:CCCCCCC=CCCCCCCCCCC(=O)OC(CCC(=O)[O-])[N+](C)(C)C	3
HIVURPVQOPPNFN-UHFFFAOYSA-N	ring:O=c1c(OC2CCCCO2)c(-c2ccccc2)oc2ccccc12	3
HJQFQTJAYYPCLS-UHFFFAOYSA-N	ring:O=C1CC2(CCCO2)C2CCC3=C(CCC4CCCCC34)C12	0
HKGIBDSDBMXMPQ-UHFFFAOYSA-N	ring:O=C1CCC2C(=CCC3C2CCC2C3CC3OCOC32)C1	4
HKODIGSRFALUTA-UHFFFAOYSA-N	ring:C=C1CCCC(=O)OCC2=CCN3CCC(OC1=O)C23	3
HKPHPIREJKHECO-UHFFFAOYSA-N	ring:c1ccccc1	0
HKQYGTCOTHHOMP-UHFFFAOYSA-N	ring:O=c1c(-c2ccccc2)coc2ccccc12	4
HKSDVVJONLXYKL-UHFFFAOYSA-N	ring:C1CO1	1
HKXBNHCUPKIYDM-UHFFFAOYSA-N	ring:C=C1CCCCC1=CC=C1CCCC2CCCC12	3
HKZLBRDLYJTOGY-UHFFFAOYSA-N	ring:O=C1COC(OC2CCCC3C4=CCC5C6CCC(OC7OCCCC7OC7OCCCC7OC7CCCCO7)CC6CCC5C4CCC23)CC1=O	0
HMHUAIBCBWBCHQ-UHFFFAOYSA-N	ring:O=C1CCCC(CC2CCC3C2CCC2C4C(=O)CC=CC4C4OC4C32)O1	1
HMLGXKHWABZSIS-UHFFFAOYSA-N	ring:C=C1CC2CCCCC2CC1=O	1
HMMGKOVEOFBCAU-UHFFFAOYSA-N	ring:O=C1C=C2C3CCCCC3CCC2C2CCC3CCCCC3C12	1
HMNSRTLZAJHSIK-UHFFFAOYSA-N	ring:C1CCNC1	1
HMUQOIXFEUBMNQ-UHFFFAOYSA-N	ring:O=C(c1ccccc1)c1cccs1	4
HNJBEVLQSNELDL-UHFFFAOYSA-N	ring:O=C1CCCN1	4
HNUQFUOHQQOEPG-UHFFFAOYSA-N	acyclic_connectivity:CCC=CCC(=O)OCC[N+](C)(C)C	1
HOKDBMAJZXIPGC-UHFFFAOYSA-N	ring:c1ccc2c(c1)Sc1ccccc1N2CC1CN2CCC1CC2	4
HOMGKSMUEGBAAB-UHFFFAOYSA-N	ring:O=[PH]1NCCCO1	3
HOYCFQHBCYQYKR-UHFFFAOYSA-N	ring:O=C1COC(OC2CCCC3C4=CCC5C6CCC(OC7OCCCC7OC7OCCCC7OC7CCCCO7)CC6CCC5C4CCC23)CC1=O	0
HPDMOAVMIUMIAG-UHFFFAOYSA-N	ring:c1cc(CCCCCCCCCCCCCC2CCCO2)co1	2
HQABUPZFAYXKJW-UHFFFAOYSA-N	acyclic_connectivity:CCCCN	4
HQKQRXZEXPXXIG-UHFFFAOYSA-N	ring:C1CC2CC3CCCC3(C1)C2	0
HQUVEBJUUSKUCJ-UHFFFAOYSA-N	ring:C(=CCCC=CCOC1CCCCO1)CCC=CCCCOC1CCCCO1	1
HSCZLQOPSGMKTK-UHFFFAOYSA-N	acyclic_connectivity:CCCC(=O)OCCCSC	4
HSHUHVOEMVTVRS-UHFFFAOYSA-N	acyclic_connectivity:C=CCCCCC(C)O	4
HSIBGVUMFOSJPD-UHFFFAOYSA-N	ring:c1ccc2c3c([nH]c2c1)C1CC2CCC1N(CC3)C2	1
HSJYPHSHRSXMEI-UHFFFAOYSA-N	ring:O=c1[nH]c2nc[nH]c2c(=O)n1CC1CCCO1	3
HSUGRBWQSSZJOP-UHFFFAOYSA-N	ring:O=C1CC(c2ccccc2)Sc2ccccc2N1	4
HSXROUAAHWNUBX-UHFFFAOYSA-N	ring:O=C1C=CCO1	0
HUNXMJYCHXQEGX-UHFFFAOYSA-N	ring:c1ccc(-c2ccnc3ccnn23)cc1	4
HVIBGVJOBJJPFB-UHFFFAOYSA-N	ring:O=C(C1CCCN1)N1CCCC1	3
HVKCEFHNSNZIHO-UHFFFAOYSA-N	ring:C=C1c2ccccc2COc2ccccc21	2
HVLXXQDJGPKVMK-UHFFFAOYSA-N	ring:C1=C2c3cc4[nH]c5c(c4cc3CC2COC1)CC1CCC2C3=CCCOC3CCC2C51	3
HVPFXCBJHIIJGS-UHFFFAOYSA-N	acyclic_connectivity:CN=C(NC)NCCCC(N)C(=O)O	3
HVZJRWJGKQPSFL-UHFFFAOYSA-N	acyclic_connectivity:CCC(C)(C)OC	1
HVZWFRMKXRRMBK-UHFFFAOYSA-O	ring:c1ccc2c(c1)CC[NH+]1c3ccccc3CC21	4
HWMGTNOVUDIKRE-UHFFFAOYSA-N	ring:c1ccccc1	0
HWOZEJJVUCALGB-UHFFFAOYSA-N	ring:O=c1nc[nH]c2c1NCCN2	4
HXBAELAEMDXAJM-UHFFFAOYSA-N	ring:O=C1CCCC1	2
HXHWSAZORRCQMX-UHFFFAOYSA-N	ring:c1ccc2[nH]cnc2c1	4
HXJOYVPESRRCDB-UHFFFAOYSA-N	acyclic_connectivity:CCCCCCC(=O)OCC(C)C	2
HXWNRESJYUCPRA-UHFFFAOYSA-N	ring:O=C(C1CCCN1)N1CCCC1	3
HXWUJJADFMXNKA-UHFFFAOYSA-N	acyclic_connectivity:CC(C)CC(NC(=O)C(N)CC(N)=O)C(=O)O	2
HYDKUVPEVOHALC-UHFFFAOYSA-N	ring:c1ccc(CCN2CCN(CCCc3cc4cc(-n5cnnc5)ccc4[nH]3)CC2)cc1	4
HYKWMZVCUBUWMM-UHFFFAOYSA-N	ring:O=c1ccc2ccccc2o1	1
HYSBJYIGYSBFQN-UHFFFAOYSA-N	acyclic_connectivity:CC(=O)SCC=C(C)C	3
HYXQKVOADYPQEA-UHFFFAOYSA-N	acyclic_connectivity:CCC(C)C(N)C(=O)NC(CCCN=C(N)N)C(=O)O	4
HYYBABOKPJLUIN-UHFFFAOYSA-N	ring:c1ccc(Nc2ccccc2)cc1	4
HZCWPKGYTCJSEB-UHFFFAOYSA-N	ring:c1ccc2c(c1)Nc1cccc3[nH]nc-2c13	2
HZKLXXZXIMSELS-UHFFFAOYSA-N	ring:C1=CC(c2ccccc2)CC=N1	1
IAKHMKGGTNLKSZ-UHFFFAOYSA-N	ring:O=c1cccc2c(c1)CCCc1ccccc1-2	2
IAKOZHOLGAGEJT-UHFFFAOYSA-N	ring:c1ccc(Cc2ccccc2)cc1	2
IAQRGUVFOMOMEM-UHFFFAOYSA-N	acyclic_connectivity:CC=CC	3
IBAQFPQHRJAVAV-UHFFFAOYSA-N	ring:C1CCNCC1	4
IBOFVQJTBBUKMU-UHFFFAOYSA-N	ring:c1ccc(Cc2ccccc2)cc1	2
IBSLHWQWKUNIJE-UHFFFAOYSA-N	acyclic_connectivity:CC=C(C=O)CSC	2
ICBJCVRQDSQPGI-UHFFFAOYSA-N	acyclic_connectivity:CCCCCCOC	1
ICCHEGCKVBMSTF-UHFFFAOYSA-N	ring:O=C1CNC(=O)CN1	4
ICEDBMJSTNTMIT-UHFFFAOYSA-N	ring:O=C1Cc2ccccc2OC1c1ccccc1	4
ICFJFFQQTFMIBG-UHFFFAOYSA-N	ring:c1ccccc1	0
ICIIMFRGWJJFIH-UHFFFAOYSA-N	ring:C1=Cc2ccccc2OC1	3
ICRSYPPLGADZKA-UHFFFAOYSA-N	ring:c1ccc(-c2ccnn2-c2ccccc2)cc1	2
ICXVGHUORQNRQF-UHFFFAOYSA-N	ring:C1=CC2C3CNCC24c2c(cccc2OC4C1)C3	2
ICYUIIJXZHPESK-UHFFFAOYSA-N	ring:c1ccccc1	0
IDBPHNDTYPBSNI-UHFFFAOYSA-N	ring:O=c1[nH]nnn1CCN1CCC(Nc2ccccc2)CC1	3
IDJXJAJYEFRBPY-UHFFFAOYSA-N	ring:O=C1CC2C3CCC(OC4CCC(OC5CC(OC6CCCCO6)C(OC6OCCCC6OC6CCCCO6)CO5)CO4)CC3CCC2C2CC3OC(CCCCOC4CCCCO4)CC3C12	2
IDRDZZHQLBFQMN-UHFFFAOYSA-N	ring:C1CCOCC1	3
IECRXMSGDFIOEY-UHFFFAOYSA-N	ring:O=c1cc(-c2ccccc2)oc2ccccc12	1
IEHFWLFCKJUZHC-UHFFFAOYSA-N	acyclic_connectivity:CCCCCCCCCCCCCCCCCCCC(O)CC(O)CCCCCCC	1
IGIDLTISMCAULB-UHFFFAOYSA-N	acyclic_connectivity:CCC(C)CC(=O)O	2
IGQBPDJNUXPEMT-UHFFFAOYSA-N	acyclic_connectivity:CC(C)CC(=O)OC(CC(=O)[O-])C[N+](C)(C)C	2
IHPKGUQCSIINRJ-UHFFFAOYSA-N	acyclic_connectivity:C=CC(C)=CCC=C(C)C	1
IJJKRFDBPRPLQQ-UHFFFAOYSA-N	ring:C1CCC(COC2CCCCO2)CC1	2
IKBKZGMPCYNSLU-UHFFFAOYSA-N	ring:c1ccc2[nH]ccc2c1	4
IKHGUXGNUITLKF-UHFFFAOYSA-N	acyclic_connectivity:CC=O	3
IKMPWMZBZSAONZ-UHFFFAOYSA-N	ring:S=C1CN=C(c2ccccc2)c2ccccc2N1	2
IKUQEFGEUOOPGY-UHFFFAOYSA-N	ring:O=c1ccc2ccc(OC3CCCCO3)cc2o1	1
ILDAKDTXKZPGJC-UHFFFAOYSA-N	acyclic_connectivity:C=CC(C)(O)CC(=O)C=C(C)C	4
ILMMRHUILQOQGP-UHFFFAOYSA-N	ring:O=C1NCSC1Cc1ccccc1	4
ILMQWRCMVKIVFV-UHFFFAOYSA-N	ring:C1=C2C3CCCCC3CCC2C2CCC3CCCCC3C2C1	4
ILSMDNVBZYGMDG-UHFFFAOYSA-N	acyclic_connectivity:CC(C)CCCC(C)CCCC(C)CCCC(C)C(=O)NCC(=O)O	1
IMSSROKUHAOUJS-UHFFFAOYSA-N	ring:c1ccc2c(c1)CCC1C2CCC2CCCC21	3
INGSNVSERUZOAK-UHFFFAOYSA-N	ring:c1ccc(CC2CCCCN2)cc1	4
INVWRXWYYVMFQC-UHFFFAOYSA-N	ring:c1ccccc1	0
IOWMKBFJCNLRTC-UHFFFAOYSA-N	ring:C1=C2CCCCC2C2CCC3CCCC3C2C1	4
IOXKXMFPMHDABX-UHFFFAOYSA-N	ring:c1ccccc1	0
IPCSVZSSVZVIGE-UHFFFAOYSA-N	acyclic_connectivity:CCCCCCCCCCCCCCCC(=O)O	4
IPOBOOXFSRWSHL-UHFFFAOYSA-N	ring:c1ccc(C2(c3ccccc3)CC2C2=NCCN2)cc1	4
IPOIBBMZOXJYFV-UHFFFAOYSA-N	ring:C1=CC(OC2CCCCO2)CCC1	3
IPZHIWYVRSTEKX-UHFFFAOYSA-N	ring:O=C1CCC2C3=C(CCC2C1)C1C(=O)CC2(CCCO2)C1CC3	4
IQPSEEYGBUAQFF-UHFFFAOYSA-N	ring:c1ccc(C[SH+]c2nc3ccccc3[nH]2)nc1	3
IQRQEGPSHLXODZ-UHFFFAOYSA-N	ring:C1CCC(OC2CCCOC2)OC1	4
IQUFSXIQAFPIMR-UHFFFAOYSA-N	ring:c1ccccc1	0
IQUMPOPXFXDEJZ-UHFFFAOYSA-N	ring:O=C(OC1C2CCCC(=CC(=O)C3CCC4OCC4C31)C2)c1ccccc1	4
IQWPEJBUOJQPDE-UHFFFAOYSA-N	ring:O=c1oc2ccccc2cc1Cc1ccccc1	3
IRLWJILLXJGJTD-UHFFFAOYSA-N	ring:O=C(NCc1ccc(OCCc2coc(-c3ccccc3)n2)cc1)Oc1ccccc1	1
IROINLKCQGIITA-UHFFFAOYSA-N	ring:c1ncncn1	1
IRYJRGCIQBGHIV-UHFFFAOYSA-N	ring:O=C1COC(=O)N1	0
ISBYPYUIOMMYGS-UHFFFAOYSA-N	ring:O=C(OCC=Cc1ccccc1)C1C=NC=CC1c1ccccc1	1
ISGIJSAAZOHCAE-UHFFFAOYSA-N	ring:C(=CCCC=CCOC1CCCCO1)CCC=CCCCOC1CCCCO1	1
ISSKLTGTEWBALZ-UHFFFAOYSA-N	ring:C1CCC(OC2CC3C4CC5OC(C3C2)C2C5CCC42)OC1	4
ISWSIDIOOBJBQZ-UHFFFAOYSA-N	ring:c1ccccc1	0
ISZNZKHCRKXXAU-UHFFFAOYSA-N	ring:c1ccccc1	0
ITTILXNWLDHOGR-UHFFFAOYSA-N	ring:O=C(OC1OCCCC1OC1CC(OC2CC(OC3CCCCO3)CCO2)C(OC2CCCCO2)CO1)C12CCCCC1C1=CCC3C4CCC(OC5OCCC(OC6CCCCO6)C5OC5CCCCO5)CC4CCC3C1CC2	2
IUBSYMUCCVWXPE-UHFFFAOYSA-N	ring:c1ccccc1	0
IUGDILGOLSSKNE-UHFFFAOYSA-N	ring:c1ccc(Cc2ccccc2)cc1	2
IVBOBIWEQHPIEN-UHFFFAOYSA-N	ring:C1CCC(OCCC2CCCC(OC3CC(OC4CCCOC4)OCC3OC3CC(OC4CC(OC5CCCCO5)CCO4)CCO3)O2)OC1	1
IVSZLXZYQVIEFR-UHFFFAOYSA-N	ring:c1ccccc1	0
IVVNZDGDKPTYHK-UHFFFAOYSA-N	ring:N=c1cc[nH]cc1	2
IWAUXKQGXMTXLR-UHFFFAOYSA-N	ring:O=c1ccc2ccccc2o1	1
IWDCLRJOBJJRNH-UHFFFAOYSA-N	ring:c1ccccc1	0
IWIANZLCJVYEFX-UHFFFAOYSA-N	ring:O=C(NCCc1ccccc1)C1CCCN1	4
IWJBVMJWSPZNJH-UHFFFAOYSA-N	ring:C1CCOCC1	3
IWPOSDLLFZKGOW-UHFFFAOYSA-N	acyclic_connectivity:CCCCC=CCC(=O)O	0
IXAPYQICIDTITB-UHFFFAOYSA-N	ring:c1ccc2c(c1)Cc1ccccc1N1CCNCC21	3
IXRPKRWXUJOOBZ-UHFFFAOYSA-N	ring:C1C2CC3C1C3C2	4
IYFNEFQTYQPVOC-UHFFFAOYSA-N	ring:O=c1nc(-c2cccc(S(=O)(=O)NCCC3CCCN3)c2)[nH]c2cn[nH]c12	3
IYIKLHRQXLHMJQ-UHFFFAOYSA-N	ring:O=C(c1ccccc1)c1coc2ccccc12	4
IYRMWMYZSQPJKC-UHFFFAOYSA-N	ring:O=c1cc(-c2ccccc2)oc2ccccc12	1
IYYGBZJXHJSLEV-UHFFFAOYSA-N	ring:O=c1[nH]cc(Cc2ccc(OCCc3ccccn3)cc2)s1	2
IZBNNCFOBMGTQX-UHFFFAOYSA-N	ring:O=c1[nH]cnn1CCCN1CCN(c2ccccc2)CC1	4
IZRHKURJIQCXMT-UHFFFAOYSA-N	ring:c1ccc(CNC2CCCNC2c2ccccc2)cc1	0
IZVFFXVYBHFIHY-UHFFFAOYSA-N	ring:C1=C2C3CCCC3CCC2C2CCCCC2C1	2
IZXJPGLOYYDHRM-UHFFFAOYSA-N	ring:c1ccc2ncccc2c1	2
IZYVWRVNTCGCKC-UHFFFAOYSA-N	ring:O=C(C=Cc1ccccc1)OCC1CCC(OC2CCCCO2)C(Oc2c(-c3ccccc3)oc3cc(OC4CCCCO4)ccc3c2=O)O1	4
JACPUZOKPSTMTK-UHFFFAOYSA-N	ring:c1ccc(CN2CCCCC2)cc1	3
JAQGKXUEKGKTKX-UHFFFAOYSA-N	ring:O=C(CCc1ccccc1)NCCc1ccccc1	3
JAZBEHYOTPTENJ-UHFFFAOYSA-N	acyclic_connectivity:CCC=CCC=CCC=CCC=CCC=CCCCC(=O)O	4
JAZJDNUIJLZFSZ-UHFFFAOYSA-N	acyclic_connectivity:CC(=O)NC(CSC(F)=C(OCF)C(F)F)C(=O)O	3
JBBNVKWFZYFPIG-UHFFFAOYSA-N	ring:O=c1ccc2cc3ccoc3cc2o1	2
JBCLFWXMTIKCCB-UHFFFAOYSA-N	ring:c1ccccc1	0
JBDGDEWWOUBZPM-UHFFFAOYSA-N	ring:c1ccc(CNC2CCCCC2)cc1	3
JBFWMELKDTZMHB-UHFFFAOYSA-N	ring:C1CCC(OCCC2CCCC(OC3CC(OC4CCCOC4)OCC3OC3CC(OC4CC(OC5CCCCO5)CCO4)CCO3)O2)OC1	1
JBFYFLXEJFQWMU-UHFFFAOYSA-N	acyclic_connectivity:NC(=O)CCC(NC(=O)CCC(N)C(=O)O)C(=O)O	1
JBIJLHTVPXGSAM-UHFFFAOYSA-N	ring:c1ccc2ccccc2c1	4
JBIMVDZLSHOPLA-UHFFFAOYSA-N	ring:C=C1c2ccccc2COc2ccccc21	2
JBYXPOFIGCOSSB-UHFFFAOYSA-N	acyclic_connectivity:CCCCCCC=CC=CCCCCCCCC(=O)O	2
JCCNYMKQOSZNPW-UHFFFAOYSA-N	ring:c1ccc2c(c1)CCc1cccnc1C2=C1CCNCC1	0
JECYUBVRTQDVAT-UHFFFAOYSA-N	ring:c1ccccc1	0
JEEOZKGYSUUAAU-UHFFFAOYSA-N	ring:c1cscn1	3
JEGUVXRNDRXUDN-UHFFFAOYSA-N	ring:C=C1CCC2CCCCC2C1	4
JEJFTTRHGBKKEI-UHFFFAOYSA-N	ring:c1ccc2c(c1)CCCCc1ccccc1-2	4
JEYCTXHKTXCGPB-UHFFFAOYSA-N	ring:O=c1c2ccccc2ncn1-c1ccccc1	1
JFAPKKOOIAVSGI-UHFFFAOYSA-N	ring:C1=C2C3CCCCC3CCC2C2CCC3CC(OC4OCCCC4OC4OCCC(OC5CCCCO5)C4OC4CCCCO4)CCC3C2C1	0
JFKCVAZSEWPOIX-UHFFFAOYSA-N	ring:C1CCCCC1	3
JFTBERIHMIFXML-UHFFFAOYSA-N	ring:C1CCC(OCC2CCC3C2CCC2C4CCCCC4CCC23)OC1	3
JGEGJYXHCFUMJF-UHFFFAOYSA-N	acyclic_connectivity:CC(C)CCC=O	4
JGFONUZHXXBGTF-UHFFFAOYSA-N	ring:c1ccccc1	0
JGWUTUVYGXAJGV-UHFFFAOYSA-N	ring:C1CCC(OC2CCOC(OC3CCOC(OC4CCOCC4)C3)C2)OC1	1
JHKXZYLNVJRAAJ-UHFFFAOYSA-N	acyclic_connectivity:CSCCC(N)C(=O)NC(C)C(=O)O	3
JHYXBPPMXZIHKG-UHFFFAOYSA-N	ring:O=C1c2ccccc2OCC1c1ccccc1	3
JIFNDZCDNLFAKC-UHFFFAOYSA-N	ring:C1CCC2C(C1)CCC1C3CCCC3CCC21	2
JJGYGPZNTOPXGV-UHFFFAOYSA-N	ring:C1=CC2C3Cc4cccc5c4C2(CCN3)C(C1)O5	3
JKKGTSUICJWEKB-UHFFFAOYSA-N	acyclic_connectivity:CCC=CCCOC(=O)C(C)CC	3
JKQXZKUSFCKOGQ-UHFFFAOYSA-N	ring:C(=CC=CC=CC=CC=CC1=CCCCC1)C=CC=CC=CC=CC1=CCCCC1	4
JLDWWSSQBYGULG-UHFFFAOYSA-N	ring:C1=CCC(COC2CCCCO2)CC1	1
JLFOTJPFBATTLK-UHFFFAOYSA-N	ring:C(=CC=CC=CC=CC1C=C2CCCCC2O1)C=CC=CC=CC1C=C2CCCCC2O1	3
JLKIGFTWXXRPMT-UHFFFAOYSA-N	ring:O=S(=O)(Nc1ccon1)c1ccccc1	3
JLRGJRBPOGGCBT-UHFFFAOYSA-N	ring:c1ccccc1	0
JLWXUZXYUMVXPU-UHFFFAOYSA-N	ring:C=C1CCC2CCC3C(CCC4C5CCCCC5CCC43)C2C1	0
JMFNGSBVJBPGQR-UHFFFAOYSA-N	acyclic_connectivity:COC(=O)C=CC(C)=CC=CC(C)=CC=CC=C(C)C=CC=C(C)C=O	0
JMHLBSSARRMERO-UHFFFAOYSA-N	ring:c1cc(C2CCC3C2CCC2C4CCC(OC5CCC(OC6CCCC(COC7CCCCO7)O6)CO5)CC4CCC23)co1	0
JMWCPXJWKKIWQK-UHFFFAOYSA-N	ring:O=C(C=Cc1ccccc1)c1cccc(C2C=CCC(c3ccccc3)C2C(=O)c2ccccc2)c1	2
JMZOMFYRADAWOG-UHFFFAOYSA-N	ring:c1cc2c(c(-c3cccc4c3OCO4)c1)OCO2	1
JNGQUJZDVFZPEN-UHFFFAOYSA-N	ring:O=C(NC(=O)c1ccccc1)Nc1ccc(Oc2ncccn2)cc1	2
JNTHRSHGARDABO-UHFFFAOYSA-N	ring:c1ccc2c(c1)cc1ccc3cccc4c5ccccc5c2c1c34	3
JNUGGJHCMRWUDV-UHFFFAOYSA-N	acyclic_connectivity:NC(CC[S+]([O-])CC(N)C(=O)O)C(=O)O	0
JOFWLTCLBGQGBO-UHFFFAOYSA-N	ring:c1ccc(C2=NCc3nncn3-c3ccccc32)cc1	4
JOZKFWLRHCDGJA-UHFFFAOYSA-N	acyclic_connectivity:CC(=O)OCCC(C)CCC=C(C)C	2
JPGQOUSTVILISH-UHFFFAOYSA-N	acyclic_connectivity:FC(F)OC(F)(F)C(F)Cl	4
JPQIKXKRKWQQOU-UHFFFAOYSA-N	ring:O=C1CC2C(CCC3C2CCC2C4CC5(CCCCO5)OC4CC23)CC1OC1CCC(OC2OCCC(OC3CCCCO3)C2OC2CC(OC3CCCCO3)CCO2)CO1	0
JQWKHGNSUWEYOR-UHFFFAOYSA-N	ring:O=C1OCC2OC(=O)c3ccccc3-c3cccc4c3C(=O)OC(C2OC(=O)c2ccccc2-c2ccccc21)C1OC(=O)C2C4C(=O)C(=O)C23Oc2cc4oc(=O)c5cccc6oc(=O)c(c2C13)c4c65	2
JRXHHEVIGCDJBO-UHFFFAOYSA-N	ring:C1CC2CCC34CC35CCCCC5CCC4C2C1	4
JSJMNXVHBCPZCJ-UHFFFAOYSA-N	ring:C1=C2CC(OC3CCCC(COC4CCCCO4)O3)CCC2C2CCC3CCCC3C2C1	1
JSNVJPLVHIOLEM-UHFFFAOYSA-N	ring:C=C1CCC2CCCCC2C1	4
JTAGHJPZEDNHHA-UHFFFAOYSA-N	ring:O=C(CNc1ccccc1)NCCc1ccccc1	3
JTEJPPKMYBDEMY-UHFFFAOYSA-N	ring:c1ccc2[nH]ccc2c1	4
JTJMJGYZQZDUJJ-UHFFFAOYSA-N	ring:c1ccc(C2(N3CCCCC3)CCCCC2)cc1	3
JTWMBPZRYBLNNG-UHFFFAOYSA-N	ring:O=c1ccc2ccccc2o1	1
JURKNVYFZMSNLP-UHFFFAOYSA-N	ring:C=C1c2ccccc2C=Cc2ccccc21	4
JUVIOZPCNVVQFO-UHFFFAOYSA-N	ring:O=C1c2ccc3c(c2OC2COc4ccccc4C12)CCO3	0
JWHAUXFOSRPERK-UHFFFAOYSA-N	ring:O=C(CCc1ccccc1)c1ccccc1	2
JWMFYGXQPXQEEM-UHFFFAOYSA-N	ring:C1CCC2C(C1)CCC1C3CCCC3CCC21	2
JWPGJSVJDAJRLW-UHFFFAOYSA-N	ring:c1ccc2c(c1)CCNC2	1
JXHJNEJVUNHLKO-UHFFFAOYSA-N	ring:c1ccccc1	0
JXSJBGJIGXNWCI-UHFFFAOYSA-N	acyclic_connectivity:CCOC(=O)CC(SP(=S)(OC)OC)C(=O)OCC	4
JYGXADMDTFJGBT-UHFFFAOYSA-N	ring:O=C1C=C2CCC3C4CCCC4CCC3C2CC1	1
JYKQEJLWLRMCRC-UHFFFAOYSA-N	ring:C1=CC23CC(OC4CCCCO4)CCC2C2(CCC4CCCC4C12)CO3	2
JYRSMGIIEWZYRJ-UHFFFAOYSA-N	ring:O=C(OC1CCCCO1)C12CCCCC1C1=CCC3C4CCC(OC5CC6OCCOC6CO5)CC4CCC3C1CC2	4
JYRXPFCUABYLPD-UHFFFAOYSA-N	acyclic_connectivity:CCN(CC)C(=S)SC	0
JZNZSKXIEDHOBD-UHFFFAOYSA-N	ring:C1CNCCNCCNCCN1	4
JZOYFBPIEHCDFV-UHFFFAOYSA-N	ring:c1c[nH]cn1	2
JZQHTTYHPIAPCZ-UHFFFAOYSA-N	ring:C1CO1	1
JZVFJDZBLUFKCA-UHFFFAOYSA-N	ring:C1=C2C3CCCC3CCC2C2CCCCC2C1	2
KAKZBPTYRLMSJV-UHFFFAOYSA-N	acyclic_connectivity:C=CC=C	0
KANJSNBRCNMZMV-UHFFFAOYSA-N	ring:C1CCC(OC2CCC(OC3CCC(OC4CCC(OC5CCCOC5)OC4)OC3)OC2)OC1	0
KAOLEMQCYWHOJQ-UHFFFAOYSA-N	ring:C1CCC2C(C1)CCC1C3CCCC3CCC21	2
KATOYYZUTNAWSA-UHFFFAOYSA-N	acyclic_connectivity:CCCCCC=CCC=CCC(O)C=CC=CCCCC(=O)O	4
KBAWROUEVCJHAG-UHFFFAOYSA-N	ring:O=C1C=CCCCCCCC2CCC(O2)C(=O)C(=O)N2CCCCC2C(=O)OC(C=CC2CCCCC2)CCC1	4
KBDSLGBFQAGHBE-UHFFFAOYSA-N	ring:O=C1CC2OCC3CC(=O)C4C(CCC5C(c6ccoc6)OC(=O)C6OC654)C32CO1	3
KBEZZLAAKIIPFK-UHFFFAOYSA-N	ring:c1ccc2c(c1)CC1NCCC23CCCCC13	0
KCTDZLVBGWXNSQ-UHFFFAOYSA-N	acyclic_connectivity:CCCCCCC(=O)CCO	0
KDBWUCIHUALFON-UHFFFAOYSA-N	ring:O=C1C=CC(=O)c2ccccc21	2
KDCGOANMDULRCW-UHFFFAOYSA-N	ring:c1ncc2[nH]cnc2n1	0
KDLRVYVGXIQJDK-UHFFFAOYSA-N	ring:O=C(NCC1CCCCO1)C1CCCN1	0
KDRHBRBDBYKMFS-UHFFFAOYSA-N	ring:C1=C2CC(OC3OCC(OC4CCCCO4)CC3OC3CCCCO3)CCC2C2CCC3C4CC5(CCCCO5)OC4CC3C2C1	0
KDVOULUCGQGVQH-UHFFFAOYSA-N	acyclic_connectivity:CC=CC=CC#CC=CCCCCCCCCC(=O)O	0
KDXNYSZNOWTPLE-UHFFFAOYSA-N	ring:O=C1OC2(c3ccccc3Oc3ccccc32)c2ccccc21	0
KESLVCKDQOQELG-UHFFFAOYSA-N	ring:C1=C2CCCCC2C2CCC3CCCC3C2C1	4
KEWUFEUQBHLPEX-UHFFFAOYSA-N	ring:O=C1CC=C(COC2CCCCO2)CC1	0
KFSMYZHQQKRKMN-UHFFFAOYSA-N	ring:c1cc(C2CCC3C2CCC2C4CCC(OC5CCC(OC6CCC(OC7CCCCO7)CO6)CO5)CC4CCC23)co1	4
KGQZGCIVHYLPBH-UHFFFAOYSA-N	ring:O=c1[nH]c(=O)n(Cc2ccco2)c2[nH]cnc12	3
KGUMXGDKXYTTEY-UHFFFAOYSA-N	ring:C1=CCCCC1	3
KHCGLDOOFYZQKU-UHFFFAOYSA-N	acyclic_connectivity:C=C(C)CCCC(C)CCOC(=O)C(C)C	1
KHPKQFYUPIUARC-UHFFFAOYSA-N	ring:c1ccc(Nc2ccccc2)cc1	4
KIVUHCNVDWYUNP-UHFFFAOYSA-N	ring:c1ccc2c(c1)ccc1c3ccccc3ccc21	4
KIVUUVOREYMMFE-UHFFFAOYSA-N	ring:c1ccc2c(c1)-c1nccc3ccnc-2c13	4
KIWQWJKWBHZMDT-UHFFFAOYSA-N	ring:O=C1CCCS1	1
KJDGFQJCHFJTRH-UHFFFAOYSA-N	ring:O=C1CC2CCC3c4ccccc4CCC3C2C1	1
KJHKTHWMRKYKJE-UHFFFAOYSA-N	ring:O=C(COc1ccccc1)NC(CCC(Cc1ccccc1)NC(=O)CN1CCCNC1=O)Cc1ccccc1	4
KJMLJDPUBIPIQM-UHFFFAOYSA-N	ring:O=c1[nH]c(=O)c2[nH]cnc2[nH]1	2
KKIMDKMETPPURN-UHFFFAOYSA-N	ring:c1ccc(N2CCNCC2)cc1	4
KLAONOISLHWJEE-UHFFFAOYSA-N	ring:c1ccccc1	0
KLBQZWRITKRQQV-UHFFFAOYSA-N	ring:c1ccc2c(c1)Sc1ccccc1N2CCC1CCCCN1	3
KLLGGGQNRTVBSU-UHFFFAOYSA-N	acyclic_connectivity:CCC=CCC(O)C=CC=CCCCCCCCC(=O)O	2
KLPQJJKXRIDASJ-UHFFFAOYSA-N	ring:N=c1ncn(Cc2cccc(OC3CCCC3)c2)c2[nH]cnc12	4
KMNHUMOKTYWYNP-UHFFFAOYSA-N	ring:O=C1CC=C(CCCOC2CCCCO2)CC1	4
KMQGFEBCBYXSPZ-UHFFFAOYSA-N	acyclic_connectivity:CCCCCC(=O)C=CC=CC=CC=CC(O)C(O)CCCC(=O)O	2
KNCZYJAUVPNGON-UHFFFAOYSA-N	ring:c1ccc2c(c1)NC1CC3CCN4CCC21C4C3	1
KNGXENHWYNLKBU-UHFFFAOYSA-N	ring:c1cncc(-c2ccc3n2CCCC3)c1	2
KNHGELGZIJONEB-UHFFFAOYSA-N	ring:O=C1CC=C2C3Cc4cccc5c4C2(CCN3)C1O5	1
KNVADAPHVNKTEP-UHFFFAOYSA-N	ring:O=C1CCC2C(CCC3C4CCCC4CCC23)C1	2
KNYYMGDYROYBRE-UHFFFAOYSA-N	ring:O=c1ccc2nc3ccccc3oc-2c1	3
KOQURIVQVVRBPL-UHFFFAOYSA-N	ring:O=C1CCCC(OC2CCC(OC3CCCCO3)CO2)CCCCC=CC=CCCO1	3
KPRTURMJVWXURQ-UHFFFAOYSA-N	ring:O=C(Nc1ccccc1)c1ccccc1	0
KPWVHHMGDZAYJJ-UHFFFAOYSA-N	ring:C1CCC(OCCC2CCCC(OCCC3CCCC(OC4CC(OC5CCCOC5)OCC4OC4CCCCO4)O3)O2)OC1	2
KQPYUDDGWXQXHS-UHFFFAOYSA-N	ring:O=C1C=CC(=O)c2ccccc21	2
KRHPBWNETCEFGS-UHFFFAOYSA-N	ring:O=S(=O)(Nc1ccnn1-c1ccccc1)c1ccccc1	0
KRMDCWKBEZIMAB-UHFFFAOYSA-N	ring:C=C1c2ccccc2CCc2ccccc21	0
KRPZTCZJBVPGEM-UHFFFAOYSA-N	ring:C=C1C=CCCC1	1
KRWMERLEINMZFT-UHFFFAOYSA-N	ring:c1ccc(COc2ncnc3nc[nH]c23)cc1	3
KSFCDINBDBFFSI-UHFFFAOYSA-N	acyclic_connectivity:CCCCCN(C)N=O	2
KSLXEOVMWLSIDW-UHFFFAOYSA-N	ring:O=C(OCC1CCC(OC(=O)c2ccccc2)C(c2cccc(C(=O)c3ccccc3)c2)O1)c1ccccc1	4
KSWPGVNFLOBEBO-UHFFFAOYSA-N	ring:c1ccc(N2CCN(CCc3nn(Cc4c[nH]cn4)c4ccccc34)CC2)cc1	2
KTGFOCFYOZQVRJ-UHFFFAOYSA-N	acyclic_connectivity:CCC(C)C(N)C(=O)NC(CCC(=O)O)C(=O)O	3
KTUFNOKKBVMGRW-UHFFFAOYSA-N	ring:O=C(Nc1cccc(Nc2nccc(-c3cccnc3)n2)c1)c1ccc(CN2CCNCC2)cc1	1
KUMXLFIBWFCMOJ-UHFFFAOYSA-N	acyclic_connectivity:CCCC(C)(C)CC	0
KUTVNHOAKHJJFL-UHFFFAOYSA-N	ring:c1ccc(C2Oc3cccc4c3C2c2cccc3c2C(c2cccc5c2C4C(c2ccccc2)O5)C(c2ccccc2)O3)cc1	1
KUYNOZVWCFXSNE-UHFFFAOYSA-N	ring:c1ccc2c(OC3CCCCO3)c[nH]c2c1	3
KVWDHTXUZHCGIO-UHFFFAOYSA-N	ring:c1ccc2c(c1)N=C(N1CCNCC1)c1ccsc1N2	2
KVXIRQZWCOAYRD-UHFFFAOYSA-N	acyclic_connectivity:CCCCCCCCCCC=CCCCC(=O)O	2
KWEMUXODTDSRRP-UHFFFAOYSA-N	ring:O=C(C=NNc1ccccc1)Nc1ccccc1	3
KWTSXDURSIMDCE-UHFFFAOYSA-N	ring:c1ccccc1	0
KXGVEGMKQFWNSR-UHFFFAOYSA-N	ring:C1CCC2C(C1)CCC1C3CCCC3CCC21	2
KZLCJWAPSHZJTK-UHFFFAOYSA-N	acyclic_connectivity:CCC(C)C(N)C(=O)NC(C=O)C(O)O	2
KZNIFHPLKGYRTM-UHFFFAOYSA-N	ring:O=c1cc(-c2ccccc2)oc2ccccc12	1
LAHWLEDBADHJGA-UHFFFAOYSA-N	ring:c1ccc(-c2ccccc2)cc1	1
LAJZFNUUUUJYJR-UHFFFAOYSA-N	ring:C1=C2CCCCC2C2CCC3C4CC5(CCCCO5)OC4CC3C2C1	0
LAYHAIBAHFCCKU-UHFFFAOYSA-N	ring:c1ccoc1	3
LAZLDWXSSDNWRZ-UHFFFAOYSA-N	ring:O=C1C=CC=CCCCCCCCCC=COC2Oc3cc(=O)c4cc(c5oc6cc(N7CCNCC7)ccc6nc5c4c3C2=O)N1	4
LCCNCVORNKJIRZ-UHFFFAOYSA-N	ring:c1ccccc1	0
LCHFAYIGHOVWSA-UHFFFAOYSA-N	ring:c1ccc2c3c([nH]c2c1)CNCC3	4
LCJHAHVVYAVVPA-UHFFFAOYSA-N	ring:O=C1C=CCC2CCC3Oc4cc(-c5ccc6c(c5)OCO6)oc(=O)c4CC3C12	2
LCTONWCANYUPML-UHFFFAOYSA-N	acyclic_connectivity:CC(=O)C(=O)O	1
LCYXQUJDODZYIJ-UHFFFAOYSA-N	ring:C=C1CCC2CC1C2	3
LDHABSUGQVJQQW-UHFFFAOYSA-N	ring:C1=CC1	4
LDMWSLGGVTVJPG-UHFFFAOYSA-N	ring:c1ccc(-c2ccc(NCCN3CCOCC3)nn2)cc1	3
LDYVDKCSGKMMHS-UHFFFAOYSA-N	ring:c1ccc(CNc2cc(-c3[nH]cnc3-c3ccccc3)ccn2)cc1	1
LEBVLXFERQHONN-UHFFFAOYSA-N	ring:O=C(Nc1ccccc1)C1CCCCN1	1
LEGGANXCVQPIAI-UHFFFAOYSA-N	acyclic_connectivity:CCCCC(C)CCC(=O)O	3
LEHOTFFKMJEONL-UHFFFAOYSA-N	ring:O=c1[nH]c(=O)c2[nH]c(=O)[nH]c2[nH]1	1
LESXFEZIFXFIQR-UHFFFAOYSA-N	acyclic_connectivity:CC(C)CC(N)C(=O)NCC(=O)O	0
LFLJTCVAAOWHTD-UHFFFAOYSA-N	ring:O=C1C=C2C3CCCCC3CCC2C2CCC3CCCCC3C12	1
LFQSCWFLJHTTHZ-UHFFFAOYSA-N	acyclic_connectivity:CCO	2
LFYXNXGVLGKVCJ-UHFFFAOYSA-N	ring:C1CC2CCC1C2	1
LGYCOYCCCKHXGC-UHFFFAOYSA-N	ring:c1cnc2c(c1)CCCC2	4
LHGVFZTZFXWLCP-UHFFFAOYSA-N	ring:c1ccccc1	0
LHRCREOYAASXPZ-UHFFFAOYSA-N	ring:c1ccc2c(c1)ccc1cc3c(ccc4ccccc43)cc12	4
LHXDLQBQYFFVNW-UHFFFAOYSA-N	ring:O=C1CC2CCC1C2	4
LIFAQMGORKPVDH-UHFFFAOYSA-N	ring:O=c1ccc2ccccc2o1	1
LIIALPBMIOVAHH-UHFFFAOYSA-N	ring:O=c1ccc2ccccc2o1	1
LIMQQADUEULBSO-UHFFFAOYSA-N	acyclic_connectivity:CCCCN=C=S	2
LJUQGASMPRMWIW-UHFFFAOYSA-N	ring:c1ccc2[nH]cnc2c1	4
LJVWRHJDEMCHNS-UHFFFAOYSA-N	acyclic_connectivity:NC(CCC(=O)NC(CCC(=O)NC(CCC(=O)NC(CCC=O)C(=O)O)C(=O)O)C(=O)O)C(=O)O	2
LKEZYVLTHMLNIH-UHFFFAOYSA-N	ring:C1CC2CCC3CC2(C1)C1OCC3O1	3
LKJKIAGKHNUEGA-UHFFFAOYSA-N	ring:c1ccc2ccccc2c1	4
LLEMOWNGBBNAJR-UHFFFAOYSA-N	ring:c1ccc(-c2ccccc2)cc1	1
LLPOLZWFYMWNKH-UHFFFAOYSA-N	ring:O=C1CCC2C3Cc4cccc5c4C2(CCN3)C1O5	2
LMGSYXYZUPRSAP-UHFFFAOYSA-N	ring:O=c1cc(C[n+]2ccccc2)c2ccccc2o1	0
LNCFUHAPNTYMJB-UHFFFAOYSA-N	ring:O=C(CCc1c[nH]cn1)N1CCCC1	0
LNDVPUQDSUNCKF-UHFFFAOYSA-N	ring:C(c1ccc[nH]1)=c1ccc(=Cc2ccc(Cc3ccc[nH]3)[nH]2)[nH]1	4
LNEPOXFFQSENCJ-UHFFFAOYSA-N	ring:O=C(CCCN1CCC(c2ccccc2)CC1)c1ccccc1	1
LNPDTQAFDNKSHK-UHFFFAOYSA-N	ring:c1ccc(-c2conc2-c2ccccc2)cc1	0
LOJYQMFIIJVETK-UHFFFAOYSA-N	acyclic_connectivity:NC(=O)CCC(N)C(=O)NC(CCC(N)=O)C(=O)O	0
LOUPRKONTZGTKE-UHFFFAOYSA-N	ring:c1ccc2c(CC3CC4CCN3CC4)ccnc2c1	1
LOVPBJMHVBJKQS-UHFFFAOYSA-N	ring:C1CCC(COC2CCCO2)OC1	3
LPXATOPNSYYPSL-UHFFFAOYSA-N	ring:C=C1CC(=O)C2CC3OC4(CCCCC24)C(=O)C13	2
LSUVGSGHYCLVPU-UHFFFAOYSA-N	acyclic_connectivity:[O-][Cl+2]([O-])O	0
LTBQFJVKVMGOEG-UHFFFAOYSA-N	ring:c1ccc2cocc2c1	2
LVLANIHJQRZTPY-UHFFFAOYSA-N	acyclic_connectivity:C=COC(N)=O	1
LVROXDRMMJVBGH-UHFFFAOYSA-N	ring:C1CCOCC1	3
LVXVIPZBNJSUKL-UHFFFAOYSA-N	ring:c1cc2c3c(c[nH]c3c1)CC1NCCCC21	3
LWHLMCCRIWZBQO-UHFFFAOYSA-N	ring:C=C1COC(=O)C12CC1CCCCC1C2	0
LWXZBNGSFONONO-UHFFFAOYSA-N	ring:C1=C2CCC3C(CCC4C5CC(CCCCOC6CCCCO6)OC5CC43)C2CCC1OC1OCCCC1OC1CCCCO1	2
LWYAMIUSVGPFKS-UHFFFAOYSA-N	ring:O=C1OCC(Cc2ccccc2)C1Cc1ccc(OC2CCCCO2)cc1	1
LXMHUJTYIQLCAN-UHFFFAOYSA-N	ring:O=c1ccc2ccccc2o1	1
LXMYLZNSNKNNEJ-UHFFFAOYSA-N	ring:c1ccccc1	0
LXZQPMXUOONUMX-UHFFFAOYSA-N	ring:c1ccccc1	0
LYCVKHSJGDMDLM-UHFFFAOYSA-N	ring:c1c[nH]cn1	2
LYJWLIYDNZREPC-UHFFFAOYSA-N	ring:O=c1ccc2ccccc2o1	1
LYMDVLLKQMRQES-UHFFFAOYSA-N	ring:C1CCNCC1	4
LYWNSPDXNHMURG-UHFFFAOYSA-N	ring:O=C1OC2(c3ccc(OCc4ccccc4)cc3Oc3cc(OCc4ccccc4)ccc32)c2ccccc21	4
LZRTZRBKFZHHQT-UHFFFAOYSA-N	ring:O=c1[nH]c(=O)c2[nH]cnc2[nH]1	2
LZTFINHZHIJZME-UHFFFAOYSA-N	ring:O=c1c(CCSc2ccccc2)cn(-c2ccccc2)n1-c1ccccc1	4
LZUFUDJVBHLHFC-UHFFFAOYSA-N	ring:c1ccc2nc3c(ccc4ccccc43)cc2c1	4
MAVZHIDFSWDHNP-UHFFFAOYSA-N	ring:C1=C2C3CCCCC3CCC2C2CCC3CCCCC3C2C1	4
MAXCWSIJKVASQC-UHFFFAOYSA-N	ring:c1ccccc1	0
MAZCGYFIOOIVHE-UHFFFAOYSA-N	ring:c1cc2ccc3cccc4ccc(c1)c2c34	1
MBUVEWMHONZEQD-UHFFFAOYSA-N	ring:O=c1c2ccccc2c(Cc2ccccc2)nn1C1CCCNCC1	4
MCCVCDVTCCDPLO-UHFFFAOYSA-N	ring:C1CCOC1	1
MCKJZUFMGOTAKT-UHFFFAOYSA-N	ring:c1ccc2c(c1)[nH]c1sncc12	2
MCKLJFJEQRYRQT-UHFFFAOYSA-N	ring:C1=C2CCCCC2C2CCC3CCCC3C2C1	4
MCSYMYUHCZRDGM-UHFFFAOYSA-N	ring:O=C1C=CC2C(=CCC3C4CCCC4CCC23)C1	4
MDKGKXOCJGEUJW-UHFFFAOYSA-N	ring:O=C(c1ccccc1)c1cccs1	4
MEAZTWJVOWHKJM-UHFFFAOYSA-N	ring:C1CCOCC1	3
MECHNRXZTMCUDQ-UHFFFAOYSA-N	ring:C=C1CCCCC1=CC=C1CCCC2CCCC12	3
MEZLKOACVSPNER-UHFFFAOYSA-N	ring:c1ccccc1	0
MFDHFDRGFNWNAG-UHFFFAOYSA-N	ring:O=C1CCC23CC24CCC2CCCC2C4CCC3C1	3
MFFCZSWTQMCKFP-UHFFFAOYSA-N	ring:c1ccccc1	0
MFLWBVVCOWPUBA-UHFFFAOYSA-N	acyclic_connectivity:C=CCCCCCCCCCCCC(CC(O)CO)OC(C)=O	1
MFUJYZCMHDCXGQ-UHFFFAOYSA-N	ring:O=C1C=CC2C(CCC3C4CCCC4CCC23)N1	2
MFWNKCLOYSRHCJ-UHFFFAOYSA-N	ring:O=C(NC1CC2CCCC(C1)N2)c1n[nH]c2ccccc12	2
MGBMXLMPUFBMPC-UHFFFAOYSA-N	ring:O=c1c(-c2ccccc2)coc2ccccc12	4
MGNABOKOTWYILU-UHFFFAOYSA-N	ring:c1ccoc1	3
MGOOTGNGBOPVIV-UHFFFAOYSA-N	ring:C1CCC(OC2CCC(OC3CCCOC3)OC2)OC1	2
MHAJPDPJQMAIIY-UHFFFAOYSA-N	acyclic_connectivity:OO	3
MHDVGSVTJDSBDK-UHFFFAOYSA-N	ring:c1ccc(COCc2ccccc2)cc1	1
MIOYXQUDLLYMSX-UHFFFAOYSA-N	ring:C1CCC(OCCC2CCCC(OCCC3CCCC(OC4CC(OC5CCCOC5)OCC4OC4CCCCO4)O3)O2)OC1	2
MJBWDEQAUQTVKK-UHFFFAOYSA-N	ring:O=C1CCc2c1c(=O)oc1c3c(ccc21)OC1OC=CC31	4
MJIHNNLFOKEZEW-UHFFFAOYSA-N	ring:c1ccc(C[SH+]c2nc3ccccc3[nH]2)nc1	3
MJKVTPMWOKAVMS-UHFFFAOYSA-N	ring:O=c1ccc2ccccc2o1	1
MKOKWBRPIBQYJJ-UHFFFAOYSA-N	ring:C1CCC(OC2CCCOC2)OC1	4
MKXKFYHWDHIYRV-UHFFFAOYSA-N	ring:c1ccccc1	0
MKXZASYAUGDDCJ-UHFFFAOYSA-N	ring:c1ccc2c(c1)CC1NCCC23CCCCC13	0
MLBHFBKZUPLWBD-UHFFFAOYSA-N	ring:c1ccccc1	0
MLWGAEVSWJXOQJ-UHFFFAOYSA-N	ring:O=C(OC1CC2CC3CCN2C(C3)C1)c1c[nH]c2ccccc12	1
MMEHWMNDRAXORE-UHFFFAOYSA-N	acyclic_connectivity:CC#CC#CC#CC#CCCCC	2
MMMKIZLPSIPFTM-UHFFFAOYSA-N	ring:C1CCC(OCCC2CCCC(OCCC3CCCC(OC4CCOC(OC5CCCOC5)C4)O3)O2)OC1	2
MMOXZBCLCQITDF-UHFFFAOYSA-N	ring:c1ccccc1	0
MMSNEKOTSJRTRI-UHFFFAOYSA-N	ring:c1ccc(Cc2cccs2)cc1	3
MNIPYSSQXLZQLJ-UHFFFAOYSA-N	ring:c1ccc(Nc2ccccc2)cc1	4
MNJVRJDLRVPLFE-UHFFFAOYSA-N	ring:c1ccc(-c2cccnc2-c2cccnc2)cc1	2
MNRHZPCIEGLWGK-UHFFFAOYSA-N	ring:O=C1CCC2C(=CCC3C4CCCC4CCC23)C1	4
MNRXMTRMMVSSJC-UHFFFAOYSA-N	ring:O=C1CC23OC2C(=O)OC3C2C1CC1=C3C(CC=C1)C(c1ccoc1)OC(=O)C32	2
MNSCVRXKDINXEY-UHFFFAOYSA-N	ring:O=C(Nc1ccccn1)C1NS(=O)(=O)c2ccccc2C1=O	3
MNWFXJYAOYHMED-UHFFFAOYSA-N	acyclic_connectivity:CCCCCCC(=O)O	1
MOIQRAOBRXUWGN-UHFFFAOYSA-N	ring:C1=C2CCCCC2C2CCC3CCCC3C2C1	4
MPLQNQUWLWGOET-UHFFFAOYSA-N	ring:O=C(C1CC1)C(c1ccccc1)N1CCc2sccc2C1	0
MQHCVIYZFLPTOJ-UHFFFAOYSA-N	ring:O=C1CCC2C(C1)C(OC1CC(OC3CCCCO3)CCO1)CC1C3CC4OC(CCCCOC5CCCCO5)CC4C3CCC21	1
MQJKPEGWNLWLTK-UHFFFAOYSA-N	ring:O=S(=O)(c1ccccc1)c1ccccc1	1
MQPHVIPKLRXGDJ-UHFFFAOYSA-N	ring:O=C1CC2CC(C1)C2	0
MRBFGEHILMYPTF-UHFFFAOYSA-N	ring:c1cnc(N2CCNCC2)nc1	2
MRDGZSKYFPGAKP-UHFFFAOYSA-N	ring:c1ccc(N2CCNCC2)cc1	4
MRDXWELVCATAPW-UHFFFAOYSA-N	ring:c1ccoc1	3
MRVYVEQPNDSWLH-UHFFFAOYSA-N	acyclic_connectivity:CC(C)C(NC(=O)C(N)CCC(N)=O)C(=O)O	1
MRWQRJMESRRJJB-UHFFFAOYSA-N	ring:O=c1[nH]c(=O)c2[nH]cnc2[nH]1	2
MSADRWGPCQTOST-UHFFFAOYSA-N	ring:O=C(Nc1cccc(Nc2nccc(-c3cccnc3)n2)c1)c1ccc(CN2CC[NH2+]CC2)cc1	2
MTGFYEHKPMOVNE-UHFFFAOYSA-N	ring:O=C(C=CC=CC=CC=CC1=CCCCC1)OC1CCCCO1	1
MUCMKTPAZLSKTL-UHFFFAOYSA-N	acyclic_connectivity:CCCCCCCCCC(O)CC(=O)O	0
MUMGGOZAMZWBJJ-UHFFFAOYSA-N	ring:O=C1C=C2CCC3C4CCCC4CCC3C2CC1	1
MUMXFARPYQTTSL-UHFFFAOYSA-N	acyclic_connectivity:CSCCC(N)C(=O)NC(CCC(N)=O)C(=O)O	1
MUXFZBHBYYYLTH-UHFFFAOYSA-N	ring:O=C1Cc2ccccc2Sc2ccccc21	0
MVWHGTYKUMDIHL-UHFFFAOYSA-N	ring:c1ccc(-c2ccccc2)cc1	1
MVZNVBXATDCMMJ-UHFFFAOYSA-N	ring:c1ccc(-c2ccnn2-c2ccccc2)cc1	2
MWLSOWXNZPKENC-UHFFFAOYSA-N	ring:c1ccc2sccc2c1	2
MWPHSSRDUNRAJI-UHFFFAOYSA-N	ring:O=C(CCCCCCCc1ccoc1)CCCCCC1CCCO1	0
MXHRCPNRJAMMIM-UHFFFAOYSA-N	ring:O=c1ccn(C2CCCO2)c(=O)[nH]1	3
MXNRLFUSFKVQSK-UHFFFAOYSA-N	acyclic_connectivity:C[N+](C)(C)CCCCC(N)C(=O)[O-]	2
MXWJVTOOROXGIU-UHFFFAOYSA-N	ring:c1ncncn1	1
MYIOBINSHMEDEY-UHFFFAOYSA-N	acyclic_connectivity:CSCSSC	1
MYNVMBICAGQOMG-UHFFFAOYSA-N	ring:c1cc2cc(OC3CCCCO3)ccc2[nH]1	4
MYTOTTSMVMWVJN-UHFFFAOYSA-N	ring:c1ccccc1	0
MYWUZJCMWCOHBA-UHFFFAOYSA-N	ring:c1ccccc1	0
MZPNVEOVZSHYMZ-UHFFFAOYSA-N	ring:O=C1CCC23CC24CCC2CCCC2C4CCC3C1	3
MZVLSXIHOITVNJ-UHFFFAOYSA-N	ring:c1ccc2ccccc2c1	4
NAAJVHHFAXWBOK-UHFFFAOYSA-N	ring:c1ccccc1	0
NAUWTFJOPJWYOT-UHFFFAOYSA-N	ring:c1ccc(CCCN2CCN(CCOC(c3ccccc3)c3ccccc3)CC2)cc1	1
NBAKTGXDIBVZOO-UHFFFAOYSA-N	ring:O=C1CCNC(=O)N1	3
NBEADXWAAWCCDG-UHFFFAOYSA-N	acyclic_connectivity:CCCCCCCCC=CCCCCCCCC(=O)NC(COP(=O)([O-])OCC[N+](C)(C)C)C(O)C=CCCCCCCCCCCCCC	0
NBLKTRLPZFCMJG-UHFFFAOYSA-N	acyclic_connectivity:O=C(O)CCCC(=O)NCC(=O)O	0
NBSBUIQBEPROBM-UHFFFAOYSA-N	ring:C1CCC2C3=C(CCC2C1)C1CCCC1CC3	1
NBZBKCUXIYYUSX-UHFFFAOYSA-N	acyclic_connectivity:O=C(O)CNCC(=O)O	3
NCECUVMWTCHHHY-UHFFFAOYSA-N	ring:O=C(OC1OCCC(OC2CCCCO2)C1OC1CCC(OC2CCCCO2)CO1)C12CCCCC1C1=CCC3C4CCC(OC5OCCCC5OC5CCCCO5)CC4CCC3C1CC2	1
NCFVZZZXSIOSQB-UHFFFAOYSA-N	ring:O=C1OC23CC1CCC2CCC1C3=CC(=O)C2C3CCCCC3CCC12	1
NCYCYZXNIZJOKI-UHFFFAOYSA-N	ring:C1=CCCCC1	3
NDJYKXNKFMMXEW-UHFFFAOYSA-N	ring:c1ccccc1	0
NDUAXKHGCJIYEQ-UHFFFAOYSA-N	ring:O=C(CC(NC(=O)c1ccccc1)c1ccccc1)OC1CC2=CC(=O)C3CCC4OCC4C3C(OC(=O)c3ccccc3)C(C2)C1	4
NDVASEGYNIMXJL-UHFFFAOYSA-N	ring:C=C1CCC2CC12	2
NEAHWGSQUXSRNW-UHFFFAOYSA-N	ring:c1ccc2c(c1)[nH]c1ccccc12	0
NEEQFPMRODQIKX-UHFFFAOYSA-N	acyclic_connectivity:NC(CNC(=O)C(=O)O)C(=O)O	1
NEGYEDYHPHMHGK-UHFFFAOYSA-N	ring:c1ccccc1	0
NEIDLJIPMZVISC-UHFFFAOYSA-N	ring:O=C(NCCc1ccccc1)c1cnccn1	0
NFGLTOBJMQXYCF-UHFFFAOYSA-N	ring:C1CCOCC1	3
NFNVDJGXRFEYTK-UHFFFAOYSA-N	acyclic_connectivity:CC(C)CC(N)C(=O)NC(CCC(=O)O)C(=O)O	3
NFWJEEBVQAMWHK-UHFFFAOYSA-N	ring:c1ccc(Nc2ccccc2)cc1	4
NGBBVGZWCFBOGO-UHFFFAOYSA-N	ring:c1ccc2c(c1)OCO2	1
NGBFQHCMQULJNZ-UHFFFAOYSA-N	ring:c1ccc(Nc2ccncc2)cc1	3
NGDNVOAEIVQRFH-UHFFFAOYSA-N	acyclic_connectivity:CCCCCCCC(C)O	2
NGPJYMSGYPTHBB-UHFFFAOYSA-N	ring:O=C1CCC2C(C=CC3C4CCC5(CCC(=O)O5)C4CC4OC432)C1	3
NIBCDDKWFDEBEP-UHFFFAOYSA-N	ring:O=c1nc(-c2cccc(S(=O)(=O)N3CCNCC3)c2)[nH]c2cn(Cc3ccccn3)nc12	2
NIJJYAXOARWZEE-UHFFFAOYSA-N	acyclic_connectivity:CCCC(CCC)C(=O)O	3
NILJBDWPGRSTPN-UHFFFAOYSA-N	ring:c1cc[nH]c1	4
NIYQOTCYXGXMPI-UHFFFAOYSA-N	ring:O=C(CN1CCCC1)c1ccc2c(c1)OCO2	1
NJIPOSKZXKMYEM-UHFFFAOYSA-N	ring:O=C(OCC1CCCC(c2cccc(C(=O)c3ccccc3)c2)O1)c1ccccc1	0
NKANXQFJJICGDU-UHFFFAOYSA-N	ring:C(=C(c1ccccc1)c1ccccc1)c1ccccc1	4
NKSXJAYACJZMBM-UHFFFAOYSA-N	ring:O=C1CC(=O)N(c2ccccc2)c2ccccc2N1	3
NLEIYGPJJHTFFQ-UHFFFAOYSA-N	ring:C=C1C=Nc2c([nH]c(=O)[nH]c2=O)N1	4
NLHHRLWOUZZQLW-UHFFFAOYSA-N	acyclic_connectivity:C=CC#N	1
NLOPFVNXNMEEDI-UHFFFAOYSA-N	ring:O=C(OC1CCCCO1)c1ccccc1	2
NLUNAYAEIJYXRB-UHFFFAOYSA-N	acyclic_connectivity:CCCCCC=CCC=CC=CC(O)CC=CCCCC(=O)O	2
NLYNIRQVMRLPIQ-UHFFFAOYSA-N	ring:C1CC2CCOC3OC4CCC(C1)C23OO4	0
NMGJCQNNUTYSJJ-UHFFFAOYSA-N	ring:C=C1CCC=CCC=CCCC1	2
NMGOJJBPFUCUIX-UHFFFAOYSA-N	ring:O=c1[nH]ccnc1Cc1ccccc1	3
NNEIBJNHWVDJBA-UHFFFAOYSA-N	ring:C1CCC(OC2CCC3C(CCC4C5CCCC5CCC34)C2)OC1	3
NNJVILVZKWQKPM-UHFFFAOYSA-N	ring:c1ccccc1	0
NNNVXFKZMRGJPM-UHFFFAOYSA-N	acyclic_connectivity:CCCCCCCCCC=CCCCCC(=O)O	1
NNOPDLNHPOLRRE-UHFFFAOYSA-N	ring:O=c1cc[nH]c2cc(OCc3ccccc3)ccc12	2
NNULBSISHYWZJU-UHFFFAOYSA-N	ring:N=C(C(=O)NC1C(=O)N2C=CCSC12)c1cscn1	4
NNYBQONXHNTVIJ-UHFFFAOYSA-N	ring:c1ccc2c3c([nH]c2c1)COCC3	3
NPDLYUOYAGBHFB-UHFFFAOYSA-N	acyclic_connectivity:N=C(N)NCCCC(NC(=O)C(N)CC(N)=O)C(=O)O	3
NPDSHTNEKLQQIJ-UHFFFAOYSA-N	acyclic_connectivity:CCCCCC=CC=CC(O)CCCCCCCC(=O)O	4
NPTIBOCVSPURCS-UHFFFAOYSA-N	acyclic_connectivity:CCC=CCC=CCC=CCC=CCC=CCCCCCCCC(=O)O	0
NPWALQVJKZMLMQ-UHFFFAOYSA-N	ring:O=C1CCC2=C(CCC3=C2C(c2ccccc2)CC2CCCC32)C1	4
NQDJXKOVJZTUJA-UHFFFAOYSA-N	ring:O=C1Nc2cccnc2N(C2CC2)c2ncccc21	2
NQDQXWSCFDFFRA-UHFFFAOYSA-N	ring:C1CCC(OC2CCOC(OC3CCOC(OC4COC(OC5CCCOC5)CC4OC4CCCCO4)C3)C2)OC1	3
NRTLIYOWLVMQBO-UHFFFAOYSA-N	ring:O=C(Nc1cccc2c1COC2)c1cn[nH]c1	3
NRUKOCRGYNPUPR-UHFFFAOYSA-N	ring:O=C1OCC2C(OC3CCC4OC(c5cccs5)OCC4O3)c3cc4c(cc3C(c3ccccc3)C12)OCO4	2
NSMXQKNUPPXBRG-UHFFFAOYSA-N	ring:O=c1[nH]c(=O)c2[nH]cnc2[nH]1	2
NSTCAXPRTTYSFG-UHFFFAOYSA-N	ring:O=C1C=CC2C(=CCC3C2=CCC2C(C(=O)CN4CCN(c5cc(N6CCCC6)nc(N6CCCC6)n5)CC4)CCC32)C1	3
NSVXZGWRAHJCGR-UHFFFAOYSA-N	ring:O=C(CCCCCCCCc1ccoc1)CCCCC1CCCO1	4
NTRYEGJHFILWOH-UHFFFAOYSA-N	ring:C1CCC(OC2COC(OCC3CC(OC4CC(OC5CCCCO5)C(OC5CCCCO5)CO4)CCO3)CC2OC2CCCCO2)OC1	4
NTVBUJOKRXFMAK-UHFFFAOYSA-N	ring:O=C1CCCC2OC12	0
NUEAMYZABAMKDO-UHFFFAOYSA-N	ring:O=C(NC1OC2C3CCCN3C(=O)CN2C1=O)C1=CC2c3cccc4[nH]cc(c34)CC2NC1	2
NUMQCACRALPSHD-UHFFFAOYSA-N	acyclic_connectivity:CCOC(C)(C)C	1
NVEQFIOZRFFVFW-UHFFFAOYSA-N	ring:C=C1CCC2OC2CCC2CCC12	1
NXNPGAAZKYDOPW-UHFFFAOYSA-N	ring:O=C(CN1CCCC1)c1ccccc1	1
NYKKBHKMCOFCSE-UHFFFAOYSA-N	ring:C=C1CC23CC1CCC2C12CC=CC(C(=O)O1)C2C3	4
NYPJDWWKZLNGGM-UHFFFAOYSA-N	ring:O=C(Cc1ccccc1)OCc1cccc(Oc2ccccc2)c1	0
NZHUXMZTSSZXSB-UHFFFAOYSA-N	ring:O=C1CC(c2ccccc2)Sc2ccccc2N1	4
NZLBHDRPUJLHCE-UHFFFAOYSA-N	ring:c1ccc(NC2Cc3ccccc3C2)cc1	1
NZQDWKCNBOELAI-UHFFFAOYSA-N	ring:c1ccc(CC2COc3cc(-c4ccccc4)ccc3C2)cc1	0
OAAPYTCHFIIVON-UHFFFAOYSA-N	ring:c1ccc(CCCCNCCc2ccccc2)cc1	1
OAMXBKFTDLDKCN-UHFFFAOYSA-N	ring:O=C1OCCC2C1OCC21CC=CCC1	3
OAPVIBHQRYFYSE-UHFFFAOYSA-N	ring:c1ccc(-c2cccnc2)cc1	1
OCJBOOLMMGQPQU-UHFFFAOYSA-N	ring:c1ccccc1	0
OCSVTHMYODNXBN-UHFFFAOYSA-N	ring:C1=CCOC1	3
ODCYDGXXCHTFIR-UHFFFAOYSA-N	ring:O=c1[nH]c(=O)c2[nH]c(=O)[nH]c2[nH]1	1
ODFFXPNOCMSXHG-UHFFFAOYSA-N	ring:C=C1CC23CC1CCC2C1CCCCC1C3	2
ODQWQRRAPPTVAG-UHFFFAOYSA-N	ring:C=C1c2ccccc2COc2ccccc21	2
OEHAYUOVELTAPG-UHFFFAOYSA-N	ring:c1ccccc1	0
OELFLUMRDSZNSF-UHFFFAOYSA-N	ring:O=C(NCCc1ccccc1)C1CCCCC1	3
OELWBYBVFOLSTA-UHFFFAOYSA-N	acyclic_connectivity:CCCCCN(CCCCC)N=O	3
OFHCOWSQAMBJIW-UHFFFAOYSA-N	ring:C=C1CCCCC1=CC=C1CCCC2CCCC12	3
OFHHDSQXFXLTKC-UHFFFAOYSA-N	acyclic_connectivity:C=CCCCCCCCCC=O	0
OFKVGIOPPPBWSB-UHFFFAOYSA-N	acyclic_connectivity:CC(C)CCCCCCC(C)(C)C	2
OFOBLEOULBTSOW-UHFFFAOYSA-N	acyclic_connectivity:O=C(O)CC(=O)O	2
OFQRUTMGVBMTFQ-UHFFFAOYSA-N	acyclic_connectivity:CCOC(=O)CCC(C)C	0
OFYJBLBCZNRWLC-UHFFFAOYSA-N	ring:c1ccc(CC2COc3ccc(OCc4nc5ccccc5s4)cc3C2)cc1	1
OGDKSKNHHSXJNA-UHFFFAOYSA-N	ring:O=C1C=CC2(CC1)CCC(=O)C2	2
OGDVEMNWJVYAJL-UHFFFAOYSA-N	ring:C1=CC2C3Cc4cccc5c4C2(CCN3)C(C1)O5	3
OGHNVEJMJSYVRP-UHFFFAOYSA-N	ring:c1ccc(OCCNCCCOc2cccc3[nH]c4ccccc4c23)cc1	2
OGJYXQFXLSCKTP-UHFFFAOYSA-N	acyclic_connectivity:CC(C)=CCCC(C)=CCOC(=O)C(C)C	4
OGKRHYLZKFTGGO-UHFFFAOYSA-N	ring:C1=C2C3CCCCC3CCC2C2CCC3CC(OC4OCCC(OC5CCCCO5)C4OC4CCCCO4)CCC3C2C1	3
OGLDWXZKYODSOB-UHFFFAOYSA-N	ring:C1=CCCC=C1	2
OGYBKWUOLWCQDS-UHFFFAOYSA-N	ring:c1ccccc1	0
OHBHGGYGWZIWCX-UHFFFAOYSA-N	ring:C=C1CCC2CC(=O)OC2C2CCCC12	1
OHMHBGPWCHTMQE-UHFFFAOYSA-N	acyclic_connectivity:FC(F)(F)C(Cl)Cl	2
OHZYISZWOVEBCJ-UHFFFAOYSA-N	ring:C1=C2C3CCCC3CCC2C2CCC(OC3CCCCO3)CC2C1	2
OIALIKXMLIAOSN-UHFFFAOYSA-N	ring:c1ccncc1	2
OILAIQUEIWYQPH-UHFFFAOYSA-N	ring:O=C1CCCCC1=O	1
OIRFZVJHADZVMD-UHFFFAOYSA-N	ring:C1=CCCCC1	3
OJSUFFNCXVQQPG-UHFFFAOYSA-N	ring:O=c1[nH]c(=O)c2[nH]cnc2[nH]1	2
OKFNRRKYNNLVHN-UHFFFAOYSA-N	ring:C1CCC(OCCC2CCCC(OCCC3CCCC(OC4CC(OC5CCCOC5)OCC4OC4CCCCO4)O3)O2)OC1	2
OKJCFMUGMSVJBG-UHFFFAOYSA-N	ring:O=C1C=CC2C(CCC3C4CCCC4CCC23)C1	2
OKJIRPAQVSHGFK-UHFFFAOYSA-N	acyclic_connectivity:CC(=O)NCC(=O)O	4
OKNSFVSKHQJVRN-UHFFFAOYSA-N	ring:O=C1CC2CCCC2C2CCC3CCC(OC4CCCCO4)CC3C12	4
OKSQSPFWLWFCFR-UHFFFAOYSA-N	ring:c1ccccc1	0
OLBCVFGFOZPWHH-UHFFFAOYSA-N	ring:c1ccccc1	0
OLHOIERZAZMHGK-UHFFFAOYSA-N	ring:O=c1ccc2ccccc2o1	1
OLPSAOWBSPXZEA-UHFFFAOYSA-N	ring:O=C1CCC2C1CCC1C3CCCCC3=CCC21	3
OMRIQCUHVVBJKI-UHFFFAOYSA-N	ring:O=C1C=C2CCC3C(C4CC5(CCCC35)C(OC3CCCCO3)O4)C2CC1	4
ONBWJWYUHXVEJS-UHFFFAOYSA-N	ring:C1=CC2C3Cc4cccc5c4C2(CCN3)C(C1)O5	3
ONIBWKKTOPOVIA-UHFFFAOYSA-N	ring:C1CCNC1	1
ONPXCLZMBSJLSP-UHFFFAOYSA-N	ring:O=C(C1CCCN1)N1CCCC1	3
ONVABDHFQKWOSV-UHFFFAOYSA-N	ring:C=C1CC23CCC4CCCCC4C2CCC1C3	3
ONWMQORSVZYVNH-UHFFFAOYSA-N	ring:c1ccccc1	0
ONYOTXAYIZRIPJ-UHFFFAOYSA-N	ring:c1ccoc1	3
OOGJQPCLVADCPB-UHFFFAOYSA-N	ring:c1ccc(Cc2ccccc2)cc1	2
OOVOMPCQLMFEDT-UHFFFAOYSA-N	ring:O=C1Nc2ccccc2C(C#CC2CC2)O1	2
OPRNAVOPKSUPRE-UHFFFAOYSA-N	ring:c1ccccc1	0
OQIQSTLJSLGHID-UHFFFAOYSA-N	ring:O=C1CCc2c1c(=O)oc1c3c(ccc21)OC1OC=CC31	4
OQQYJPVCDFFEIV-UHFFFAOYSA-N	ring:c1ccc(N=Nc2cccc3ccccc23)cc1	4
ORNBQBCIOKFOEO-UHFFFAOYSA-N	ring:C1=C2CCCCC2C2CCC3CCCC3C2C1	4
OROGSEYTTFOCAN-UHFFFAOYSA-N	ring:C1=CC2C3Cc4cccc5c4C2(CCN3)C(C1)O5	3
OSJHMIVGKCXWHH-UHFFFAOYSA-N	ring:O=C1CCC(CCCCCCCCCCCCCC2CCCO2)O1	2
OSNRGQATWCHICL-UHFFFAOYSA-N	ring:C1CC2OC2C1	3
OSUCQKNXQBPLDG-UHFFFAOYSA-N	ring:C1=CC(c2ccccc2)CC=N1	1
OSXOPUBJJDUAOJ-UHFFFAOYSA-N	ring:C1CO1	1
OTGJPAOGHQFBMI-UHFFFAOYSA-N	ring:O=C(Nc1ccccn1)C1NS(=O)(=O)c2ccsc2C1=O	4
OTGQIQQTPXJQRG-UHFFFAOYSA-N	acyclic_connectivity:CCCCCCCCCCCCCCCCCC(=O)NCCO	2
OTXBNHIUIHNGAO-UHFFFAOYSA-N	acyclic_connectivity:CC(C)CC(N)C(=O)NC(CCCCN)C(=O)O	4
OUUOFMUQJUUKQQ-UHFFFAOYSA-N	ring:C1CCC(CCOC2CCCCO2)CC1	1
OUYCCCASQSFEME-UHFFFAOYSA-N	ring:c1ccccc1	0
OVCDSSHSILBFBN-UHFFFAOYSA-N	ring:c1ccc(Nc2ccnc3ccccc23)cc1	2
OWIWZQQFSTZZIG-UHFFFAOYSA-N	ring:c1ccoc1	3
OWMJDOUOHDOUFG-UHFFFAOYSA-N	ring:O=C(C=CC=Cc1ccccc1)CCc1ccccc1	3
OWVXRCQFFFWXGZ-UHFFFAOYSA-N	ring:O=C(OC1OCCC(OC2CCCCO2)C1OC1CCC(OC2CCCCO2)CO1)C12CCCCC1C1=CCC3C4CCC(OC5OCCC(OC6CCCCO6)C5OC5CCCCO5)CC4CCC3C1CC2	0
OWZREIFADZCYQD-UHFFFAOYSA-N	ring:O=C(OCc1cccc(Oc2ccccc2)c1)C1CC1	4
OXCOKHHSTQYOIW-UHFFFAOYSA-N	ring:c1ccc(Cc2cccs2)cc1	3
OXTQEWUBDTVSFB-UHFFFAOYSA-N	ring:O=C1CCCC1	2
OXZSUQJHKQOGOK-UHFFFAOYSA-N	ring:c1ccccc1	0
OYHQOLUKZRVURQ-UHFFFAOYSA-N	acyclic_connectivity:CCCCCC=CCC=CCCCCCCCC(=O)O	2
OYPPJMLKAYYWHH-UHFFFAOYSA-N	ring:C1CCOCC1	3
PAAZPARNPHGIKF-UHFFFAOYSA-N	acyclic_connectivity:BrCCBr	4
PAFMHAFYJMTISR-UHFFFAOYSA-N	ring:O=C(CCCCCCC1CCCO1)CCCCC1CCC(=O)O1	3
PAKGYCNZUGIDHV-UHFFFAOYSA-N	ring:O=C(NCc1ccc(-c2ccccc2-c2nn[nH]n2)cc1)C1CCCC1	0
PAPKCVKEZBFVFL-UHFFFAOYSA-N	ring:C1CCC(OCCC2CCCC(OCCC3CCCC(OC4CCOC(OC5CCCOC5)C4)O3)O2)OC1	2
PASMASQJCDKBJK-UHFFFAOYSA-N	acyclic_connectivity:C=CCCCCCOC(=O)C(C)CCCC(C)CCCC(C)CCC(=O)O	2
PAYRUJLWNCNPSJ-UHFFFAOYSA-N	ring:c1ccccc1	0
PBEXDDGVPJJKBX-UHFFFAOYSA-N	ring:O=S(=O)(Nc1ccc(CCNCCc2cccnc2)cc1)c1ccc(-c2ccc(-c3ccccc3)[nH]2)cc1	2
PBKONEOXTCPAFI-UHFFFAOYSA-N	ring:c1ccccc1	0
PBOUVYGPDSARIS-UHFFFAOYSA-N	acyclic_connectivity:CSCCC(N)C(=O)NC(CC(C)C)C(=O)O	0
PBUNVLRHZGSROC-UHFFFAOYSA-N	ring:O=C(NC1OC2C3CCCN3C(=O)CN2C1=O)C1CNC2Cc3c[nH]c4cccc(c34)C2C1	3
PCBGILKQGDYJAY-UHFFFAOYSA-N	ring:O=c1ccc2ccc(OCc3ccccc3)cc2o1	2
PCLITLDOTJTVDJ-UHFFFAOYSA-N	ring:c1cscn1	3
PCSKKIUURRTAEM-UHFFFAOYSA-N	ring:c1ccoc1	3
PCZOHLXUXFIOCF-UHFFFAOYSA-N	ring:O=C1CCCC(CCC2CC=CC3=CCCCC32)O1	0
PDGPIBIURNPBSE-UHFFFAOYSA-N	ring:c1ccccc1	0
PEPJPZZZBHWOCM-UHFFFAOYSA-N	acyclic_connectivity:C=C(CC)C(=O)COC	0
PESKGJQREUXSRR-UHFFFAOYSA-N	ring:O=C1CCC2C(CCC3C4CCCC4CCC23)C1	2
PFCHFHIRKBAQGU-UHFFFAOYSA-N	acyclic_connectivity:CCCC(=O)CC	2
PFRGXCVKLLPLIP-UHFFFAOYSA-N	acyclic_connectivity:C=CCSSCC=C	4
PFRYFZZSECNQOL-UHFFFAOYSA-N	ring:c1ccc(N=Nc2ccccc2)cc1	0
PGBFYLVIMDQYMS-UHFFFAOYSA-N	ring:c1ccsc1	3
PGBNIHXXFQBCPU-UHFFFAOYSA-N	ring:C=C1CC2CCC1C2	4
PGBZORAISITZTF-UHFFFAOYSA-N	ring:O=C1c2ccccc2CC1CC1CCNCC1	2
PGYSJEQVCATFBQ-UHFFFAOYSA-N	ring:C1=C2c3cc4[nH]c5c(c4cc3CC2COC1)CC1CCC2C3=CCCOC3CCC2C51	3
PHHROXLDZHUIGO-UHFFFAOYSA-N	ring:C1=CC2CCC3(CO3)C2CO1	0
PHLBKPHSAVXXEF-UHFFFAOYSA-N	ring:O=c1n(CCCN2CCN(c3ccccc3)CC2)nc2ccccn12	1
PHVGLTMQBUFIQQ-UHFFFAOYSA-N	ring:C=C1c2ccccc2CCc2ccccc21	0
PHWBOXQYWZNQIN-UHFFFAOYSA-N	ring:c1ccc(CN2CCc3sccc3C2)cc1	2
PIOWWGLKYJRCSY-UHFFFAOYSA-N	ring:c1ccc2ccccc2c1	4
PIOYBULRRJNPSG-UHFFFAOYSA-N	ring:O=C1CC2CCCCC2C2=C1C1CCCC1CC2	1
PIPJWVLVHFNOQG-UHFFFAOYSA-N	ring:O=C1CCCCCCCCCCOC2OCCCC2OC2OCC(OC3CC(OC4CCCCO4)C(OC4CCCCO4)CO3)CC2O1	2
PJANXHGTPQOBST-UHFFFAOYSA-N	ring:C(=Cc1ccccc1)c1ccccc1	1
PJEHRCCPERVGEC-UHFFFAOYSA-N	ring:C1=CCCCC1	3
PJMPHNIQZUBGLI-UHFFFAOYSA-N	ring:c1ccc(CCN2CCC(Nc3ccccc3)CC2)cc1	3
PJVWKTKQMONHTI-UHFFFAOYSA-N	ring:O=c1oc2ccccc2cc1Cc1ccccc1	3
PKTSCJXWLVREKX-UHFFFAOYSA-N	acyclic_connectivity:CCCCN(C)N=O	0
PKUWKAXTAVNIJR-UHFFFAOYSA-N	acyclic_connectivity:CCOP(=O)(S)OCC	3
PLDUPXSUYLZYBN-UHFFFAOYSA-N	ring:c1ccc2c(c1)Sc1ccccc1N2CCCN1CCNCC1	1
PLRACCBDVIHHLZ-UHFFFAOYSA-N	ring:C1=C(c2ccccc2)CCNC1	2
PLXKZKLXYHLWHR-UHFFFAOYSA-N	ring:c1ccc(C2CCC2)cc1	3
PMATZTZNYRCHOR-UHFFFAOYSA-N	ring:O=C1CNC(=O)CNC(=O)CNC(=O)CNC(=O)CNC(=O)CNC(=O)CNC(=O)CNC(=O)CNC(=O)CNC(=O)CN1	1
PMRIOHZXQQFZNL-UHFFFAOYSA-N	ring:c1ccccc1	0
PMXMIIMHBWHSKN-UHFFFAOYSA-N	ring:O=c1c(CCN2CCC(c3noc4ccccc34)CC2)cnc2n1CCCC2	2
PMZOJAHAJVKANR-UHFFFAOYSA-N	ring:C1COC(OC2CCOC(OC3CCOC(OC4CCC(OC5CCOCC5)OC4)C3)C2)C1	0
PNIFOHGQPKXLJE-UHFFFAOYSA-N	ring:O=C1C(=Cc2ccccc2)Oc2ccccc21	2
PNKNNRLOQYRSCW-UHFFFAOYSA-N	ring:C=C1Cc2c(oc3c4c(ccc3c2=O)OCC=C4)-c2ccccc2O1	2
PNVNVHUZROJLTJ-UHFFFAOYSA-N	ring:c1ccc(CC2CCCCC2)cc1	3
POQOTWQIYYNXAT-UHFFFAOYSA-N	ring:O=c1cc[nH]c(=O)[nH]1	0
POQRWMRXUOPCLD-UHFFFAOYSA-N	ring:C1CCOCC1	3
POULHZVOKOAJMA-UHFFFAOYSA-N	acyclic_connectivity:CCCCCCCCCCCC(=O)O	3
POWISKNFFRUCCW-UHFFFAOYSA-N	ring:C1CCC2(CC3C(CC4C3CCC3C5CCC(OC6CCC(OC7OCCC(OC8CCCCO8)C7OC7CCCCO7)CO6)CC5CCC34)O2)NC1	2
PPBRXRYQALVLMV-UHFFFAOYSA-N	ring:c1ccccc1	0
PPDIALCNVFLTST-UHFFFAOYSA-N	ring:O=C(c1ccccc1)c1cccs1	4
PPFRJNLKWADOTL-UHFFFAOYSA-N	ring:O=C1OCC2C3CCCC3CCC2C2CCCCC12	4
PPTYJKAXVCCBDU-UHFFFAOYSA-N	ring:O=C1CN=C(c2ccccc2)c2ccccc2N1	4
PPWWANBMWAQXLQ-UHFFFAOYSA-N	ring:C1=C2C3CCCCC3CCC2C2CCC3CC(OC4OCCCC4OC4CCCCO4)CCC3C2C1	4
PPXGQLMPUIVFRE-UHFFFAOYSA-N	acyclic_connectivity:C=CC=CC=O	1
PQOVJTQCPQRHKK-UHFFFAOYSA-N	acyclic_connectivity:CCCCCCCCCCCCCCCCCCCCCCCC(O)CC(O)CCCCCC	3
PRAUVHZJPXOEIF-UHFFFAOYSA-N	ring:C1=C2C3CCCCC3CCC2C2CCC3CCCCC3C2C1	4
PRMWQIVYOYCJQC-UHFFFAOYSA-N	acyclic_connectivity:CCCCCC(O)C=CC(O)C(O)CC=CCC=CCCCC(=O)O	2
PROQIPRRNZUXQM-UHFFFAOYSA-N	ring:c1ccc2c(c1)CCC1C2CCC2CCCC21	3
PSIFNNKUMBGKDQ-UHFFFAOYSA-N	ring:c1ccc(-c2nn[nH]n2)c(-c2ccc(Cn3ccnc3)cc2)c1	0
PSZDOEIIIJFCFE-UHFFFAOYSA-N	ring:C1=C2C3CCCCC3CCC2C2CCC3CCCCC3C2C1	4
PTFJEDBJXCZCDO-UHFFFAOYSA-N	acyclic_connectivity:C=C(C=O)CCCC(C)CCCC(C)CCCC(C)C	4
PTHCMJGKKRQCBF-UHFFFAOYSA-N	ring:C1CCC(OC2CCCOC2)OC1	4
PTJADDMMFYXMMG-UHFFFAOYSA-N	ring:c1ccc(C2OCc3ccccc32)cc1	1
PTJICCHLTNPHDB-UHFFFAOYSA-N	ring:C1COCO1	0
PTJWIQPHWPFNBW-UHFFFAOYSA-N	ring:O=c1[nH]cc(C2CCCO2)c(=O)[nH]1	4
PTVBAOGVIGOALV-UHFFFAOYSA-N	ring:c1ccccc1	0
PTZHJVIKISISFU-UHFFFAOYSA-N	acyclic_connectivity:CCCCCCC(=O)CCCCCCCCCCCCCCCCCCCCCO	4
PUNOCEUUYUXUGR-UHFFFAOYSA-N	ring:c1ccccc1	0
PVXVWWANJIWJOO-UHFFFAOYSA-N	ring:c1ccc2c(c1)OCO2	1
PWFTYELYTFERRB-UHFFFAOYSA-N	ring:C1CCC(OCCOC2CCCCO2)OC1	0
PWKSKIMOESPYIA-UHFFFAOYSA-N	acyclic_connectivity:CC(=O)NC(CS)C(=O)O	1
PWLNAUNEAKQYLH-UHFFFAOYSA-N	acyclic_connectivity:CCCCCCCCOC(=O)CCC	4
PWTCIBWRMQFJBC-UHFFFAOYSA-N	ring:O=S(=O)(NC1CC2CCC1C2)c1ccccc1	2
PWVXXGRKLHYWKM-UHFFFAOYSA-N	ring:O=S(=O)(CCc1ccc2[nH]cc(CC3CCCN3)c2c1)c1ccccc1	4
PXWCUJRVSZCPHE-UHFFFAOYSA-N	acyclic_connectivity:CCCCOCCOCC(C)OCCCOC	3
PYQSUTLVBSTCSK-UHFFFAOYSA-N	ring:O=C1Nc2ccccc2OC1OC1CCCCO1	1
PYUSHNKNPOHWEZ-UHFFFAOYSA-N	acyclic_connectivity:CSCCC(NC=O)C(=O)O	4
PYXFVCFISTUSOO-UHFFFAOYSA-N	ring:C1CCC2C(C1)CCC1C3CCCC3CCC21	2
PYZZIILDSAJNLZ-UHFFFAOYSA-N	ring:C1CCOCC1	3
PZNPHSFXILSZTM-UHFFFAOYSA-N	ring:C1CCC2(CC3C(CC4C3CCC3C5CCCCC5CCC34)O2)OC1	2
PZVRZRARFZZBCA-UHFFFAOYSA-N	ring:O=C(C=Cc1ccccc1)c1ccccc1	1
QAGYKUNXZHXKMR-UHFFFAOYSA-N	ring:O=C(NC(CCN1CCC2CCCCC2C1)CSc1ccccc1)c1ccccc1	4
QAILMWKAKHIIHL-UHFFFAOYSA-N	ring:O=C(C=CC=CC=CC=CC=CC=CC=CC=CC=CC12CCCCC1O2)C1CCCC1	2
QAYDNOZSJGIPSH-UHFFFAOYSA-N	ring:O=C(C=Cc1ccccc1)c1cc(Oc2ccc(C3CC(=O)c4ccccc4O3)cc2)cc(C2CCCCO2)c1	1
QBGPXOGXCVKULO-UHFFFAOYSA-N	acyclic_connectivity:NCCCCC(N)C(=O)NC(CS)C(=O)O	2
QBXROYPDQTVONF-UHFFFAOYSA-N	ring:O=C(c1cccs1)c1cnn2c(-c3ccccc3)ccnc12	0
QCFVNZMQQSUXJA-UHFFFAOYSA-N	ring:C1CCC(OCCC2CCCC(OCCC3CCCC(OC4CCOC(OC5CCCOC5)C4)O3)O2)OC1	2
QCHFTSOMWOSFHM-UHFFFAOYSA-N	ring:O=C1CC(Cc2cnc[nH]2)CO1	3
QCHPKSFMDHPSNR-UHFFFAOYSA-N	acyclic_connectivity:CC(CN)C(=O)O	0
QCLGPJNIMBAJLC-UHFFFAOYSA-N	ring:O=C1CCC2C(C1)CC(=O)C1C3C(=O)CCC3CC(=O)C21	2
QCSNJTIWCIMFFY-UHFFFAOYSA-N	ring:c1ccccc1	0
QCTRMDIJRRVPPY-UHFFFAOYSA-N	ring:O=C(Oc1c2nccnc2cn1-c1ccccn1)N1CCNCC1	1
QEMSVZNTSXPFJA-UHFFFAOYSA-N	ring:c1ccc(CCN2CCC(c3ccccc3)CC2)cc1	0
QESPSAHXYXIGBG-UHFFFAOYSA-N	ring:O=C1CCCO1	1
QFBNONLZWZUQCN-UHFFFAOYSA-N	ring:O=c1nc(C2CCCCC2)c2cccnc2[nH]1	4
QFIWFUDXERFOIY-UHFFFAOYSA-N	acyclic_connectivity:CC(C)CCCC(C)CCCC(C)C(=O)O	0
QFVOYBUQQBFCRH-UHFFFAOYSA-N	ring:C=C1CC23CCC4CCCCC4C2CCC1C3	3
QGGCALSIIQGFOU-UHFFFAOYSA-N	ring:C1CCC(OC2CCOC(OC3CCCOC3)C2)OC1	4
QGTMYAPGXJWNQR-UHFFFAOYSA-N	ring:C1CCC23CC(CCC2C1)C1OC13	4
QHELXIATGZYOIB-UHFFFAOYSA-N	acyclic_connectivity:CCCCCC=CCC=CCC=CCC=CCCCC(=O)NC(CO)CO	0
QHLHTTNIUVMWRY-UHFFFAOYSA-N	ring:C1CCC2C3=C(CCC2C1)C1CCCC1CC3	1
QIJNCQNMZUTUIF-UHFFFAOYSA-N	ring:O=C1CCC2C1CCC1c3ccccc3CCC12	3
QIQXTHQIDYTFRH-UHFFFAOYSA-N	acyclic_connectivity:CCCCCCCCCCCCCCCCCC(=O)O	3
QJKMCQRFHJRIPU-UHFFFAOYSA-N	ring:c1ccccc1	0
QJWOQBGBEFNYKB-UHFFFAOYSA-N	ring:O=C(CN1CCCC1)c1ccccc1	1
QKIWQBLNTSQOLY-UHFFFAOYSA-N	ring:c1ccc(-c2nnc3ccc(OCc4ncn[nH]4)nn23)cc1	1
QKRAILWBHKPTOP-UHFFFAOYSA-N	acyclic_connectivity:CCCCCCCCCCCCCCCCCCCCCC(=O)CC(O)CCC	2
QKSLDSYMZWHPGC-UHFFFAOYSA-N	ring:O=C1CC2C(CCC3C(=O)OC4C5CC6C(COC27OC34C6C7=O)C(=O)O5)C2C(=O)CCC=C12	4
QMHJFCPHRGVEAF-UHFFFAOYSA-N	ring:O=C(Nc1ccccc1CCC1CCCCN1)c1ccccc1	1
QMVPMAAFGQKVCJ-UHFFFAOYSA-N	acyclic_connectivity:CC(C)=CCCC(C)CCO	0
QMXHUFVYJLFLRY-UHFFFAOYSA-N	acyclic_connectivity:NC(CN[N+](=O)[O-])C(=O)O	2
QNQZBKQEIFTHFZ-UHFFFAOYSA-N	ring:c1ccccc1	0
QOBGWWQAMAPULA-UHFFFAOYSA-N	ring:c1ccc(C2CC3CCC2C3)cc1	3
QOFQTBTZCJVITI-UHFFFAOYSA-N	ring:O=C(Nc1ccccn1)C1NS(=O)(=O)c2ccsc2C1=O	4
QOIGKGMMAGJZNZ-UHFFFAOYSA-N	ring:O=C1CCCC(=O)N1CCCCN1CCN(c2ncccn2)CC1	0
QPOLEIZVZGWOJF-UHFFFAOYSA-N	ring:O=C(OC1CCN(Cc2ccccc2)C1)C1C=NC=CC1c1ccccc1	3
QQCSUWGQBREWRO-UHFFFAOYSA-N	ring:N=C1CCN(C(=O)c2ccccc2)c2ccccc21	1
QQEILXDLZRLTME-UHFFFAOYSA-N	ring:c1ccc2[nH]ccc2c1	4
QQMRPVREOTZDMG-UHFFFAOYSA-N	ring:C1CCC(OCCC2CCCC(OC3CC(OC4CCCOC4)OCC3OC3CCCCO3)O2)OC1	1
QQNJKUVXVNGPSE-UHFFFAOYSA-N	ring:O=C(CC=CCC=CCCC=CCCCOC1OCCCC1OC1CCCCO1)OC1CCOC(OCC2CCCC(OC3CCOC(OCC=CCCC=CCCC=CCCCOC4OCCCC4OC4CCCCO4)C3)O2)C1	0
QROGIFZRVHSFLM-UHFFFAOYSA-N	ring:c1ccccc1	0
QSBRHMSGMHEVKB-UHFFFAOYSA-N	ring:C1CCC(OCC2CCCO2)OC1	2
QSLMDECMDJKHMQ-UHFFFAOYSA-N	ring:c1ccc2c(c1)C1CCC2c2ccccc21	0
QTTNOSKSLATGQB-UHFFFAOYSA-N	ring:c1cc2[nH]c1Cc1ccc([nH]1)Cc1ccc([nH]1)Cc1ccc([nH]1)C2	0
QTZXSYBVOSXBEJ-UHFFFAOYSA-N	acyclic_connectivity:CSCCC(N)C(=O)NC(CC(=O)O)C(=O)O	4
QUSSPXNPULRXKG-UHFFFAOYSA-N	ring:O=C1CCCCc2ccc(cc2)Oc2cccc(c2)CC1	3
QUXNYZHQBWMPNX-UHFFFAOYSA-N	ring:O=C(Oc1cccc(C(=O)Oc2ccccc2)c1)c1ccccc1	2
QVWRWMJXTWVRCW-UHFFFAOYSA-N	ring:O=C(C=Cc1ccccc1)OC1CCC2CCC3C4CCC5CCCCC5C4=CCC3C2C1	0
QVZKZDOWTVQTPL-UHFFFAOYSA-N	ring:O=C(NCC(=O)N1CCCC1)C1CCCN1	4
QWAZWXOCSOFIPS-UHFFFAOYSA-N	ring:O=c1cc(-c2ccccc2)oc2ccc(C3OCCCC3OC3CCCCO3)cc12	4
QWBBPBRQALCEIZ-UHFFFAOYSA-N	ring:c1ccccc1	0
QXDHYSHOINNEAZ-UHFFFAOYSA-N	ring:C1=C2CCCCC2C2CCC3CCCC3C2C1	4
QXKHYNVANLEOEG-UHFFFAOYSA-N	ring:O=c1ccc2cc3ccoc3cc2o1	2
QXUSBVUVNRNHFU-UHFFFAOYSA-N	ring:c1ccc(CN2CCc3sccc3C2)cc1	2
QXXDOTRDVRYWCT-UHFFFAOYSA-N	ring:c1cc(CCCCCCCCCCCCCCCCOCC2CCCO2)co1	2
QYITWZRZMMUYMO-UHFFFAOYSA-N	ring:C(CCC1CC2C(CC3C2CCC2C4CCC(OC5CCC(OC6OCCC(OC7CCCCO7)C6OC6CC(OC7CCCCO7)CCO6)CO5)CC4CCC23)O1)COC1CCCCO1	1
QYIXCDOBOSTCEI-UHFFFAOYSA-N	ring:C1CCC2C(C1)CCC1C3CCCC3CCC21	2
QYJZSRPZFKAVGF-UHFFFAOYSA-N	ring:N=c1ccocc1	3
QYMDEOQLJUUNOF-UHFFFAOYSA-N	ring:c1ccc2c3c([nH]c2c1)CNCC3	4
QYOZAXQSDUAPDS-UHFFFAOYSA-N	acyclic_connectivity:CCCCCCCCC=CCCCCCCCCCCO	4
QYSGYZVSCZSLHT-UHFFFAOYSA-N	acyclic_connectivity:FC(F)(F)C(F)(F)C(F)(F)F	3
QZAYGJVTTNCVMB-UHFFFAOYSA-N	ring:c1ccc2[nH]ccc2c1	4
QZUDBNBUXVUHMW-UHFFFAOYSA-N	ring:c1ccc2c(c1)N=C(N1CCNCC1)c1ccccc1N2	4
QZZXXWCIDSHZEF-UHFFFAOYSA-N	ring:O=C1C=CC2C(=CCC3C4CCCC4CCC23)C1	4
RADRBZBLNXVQEU-UHFFFAOYSA-N	ring:C=C(c1ccccc1)c1ccccc1	1
RAFZYSUICBQABU-UHFFFAOYSA-N	acyclic_connectivity:CC(=CC=O)CCCC(C)CCCC(C)CCCC(C)C	4
RAPZEAPATHNIPO-UHFFFAOYSA-N	ring:O=c1c(CCN2CCC(c3noc4ccccc34)CC2)cnc2n1CCCC2	2
RBOXVHNMENFORY-UHFFFAOYSA-N	ring:c1cc2c3c(c1)OC1CCCC4C(C2)NCCC314	3
RBTUMRCMWWEVRS-UHFFFAOYSA-N	acyclic_connectivity:CCCCC=CCC(=O)OC(CCC(=O)[O-])[N+](C)(C)C	2
RCBSXXKUUVVZGA-UHFFFAOYSA-N	ring:O=C1CC2=CC3CCCCC3CC2O1	1
RCFJDVCRANOZEL-UHFFFAOYSA-N	ring:O=C1CCC2C(=CCC3C4CCCC4CCC23)C1	4
RCLLNBVPCJDIPX-UHFFFAOYSA-N	acyclic_connectivity:CN(C)S(=O)(=O)CCNC(=O)N(CCCl)N=O	1
RCMFOCNCKTYXQN-UHFFFAOYSA-N	ring:C=C1C(OC2CCCCO2)CC2CC(=O)OC2C2C(=C)CCC12	0
RCTJEXXXCUZPMY-UHFFFAOYSA-N	ring:C1=C(c2ccc3ccccc3c2)CCCC1	1
RDJTWDKSYLLHRW-UHFFFAOYSA-N	ring:c1ccccc1	0
RDJXPXHQENRCNG-UHFFFAOYSA-N	ring:O=c1ccc2nc3ccccc3oc-2c1	3
RDMQPKIDHAFXKA-UHFFFAOYSA-N	ring:O=C1CC2CCC(=O)C2C2=C1C1CCCCC1CC2=O	2
RDOIQAHITMMDAJ-UHFFFAOYSA-N	ring:c1ccc(C2CCN(CCC(c3ccccc3)c3ccccc3)CC2)cc1	2
RDSYZBZVCGNHLV-UHFFFAOYSA-N	ring:O=C1CC2CCC3C4CCC(OC5CCCCO5)CC4CCC3C2(COC2CCCC(COC3CCCCO3)O2)C1	0
RDYMFSUJUZBWLH-UHFFFAOYSA-N	ring:O=S1OCC2C3C=CC(C3)C2CO1	2
REPVLJRCJUVQFA-UHFFFAOYSA-N	ring:C1CC2CC(C1)C2	3
RERZNCLIYCABFS-UHFFFAOYSA-N	ring:C1=NCCc2c1[nH]c1ccccc21	1
RFFLAFLAYFXFSW-UHFFFAOYSA-N	ring:c1ccccc1	0
RFFOTVCVTJUTAD-UHFFFAOYSA-N	ring:C1CC2CCC1O2	4
RGACQXBDYBCJCY-UHFFFAOYSA-N	acyclic_connectivity:CCC=CCCOC(=O)CCCCC	4
RGCVKNLCSQQDEP-UHFFFAOYSA-N	ring:c1ccc2c(c1)Sc1ccccc1N2CCCN1CCNCC1	1
RGMPGMYEOQNLRJ-UHFFFAOYSA-N	ring:O=C1CCCC(OC2CCC(OC3CCCCO3)CO2)CCCCC=CC=CCCO1	3
RGRYQUWGSJPMMK-UHFFFAOYSA-N	ring:C1CCC23CCCC2(CC1)O3	0
RHJLQMVZXQKJKB-UHFFFAOYSA-N	ring:O=C(NC(C=CS(=O)(=O)c1ccccc1)CCc1ccccc1)C(Cc1ccccc1)NC(=O)N1CCNCC1	3
RHWJWILQFJTFLH-UHFFFAOYSA-N	ring:O=c1ccc2ccccc2o1	1
RIOSBTRTZGOASU-UHFFFAOYSA-N	ring:c1ccoc1	3
RITKHVBHSGLULN-UHFFFAOYSA-N	acyclic_connectivity:NC(CCC(=O)NC(CS)C(=O)O)C(=O)O	3
RIVQQZVHIVNQFH-UHFFFAOYSA-N	ring:C1CCC2C(C1)CCC1C3CCCC3CCC21	2
RJNJFKDVPIFVPQ-UHFFFAOYSA-N	ring:C=C1CCCC2CC(=O)CC12	0
RJWNCDOWHNLVPF-UHFFFAOYSA-N	ring:O=C1CCC2C1CCC1C3CCC=CC3CCC21	3
RKDWVYHBXWADKI-UHFFFAOYSA-N	ring:C=C1CC23CC1CCC2C1CCCCC1C3	2
RKEITGVZZHXKON-UHFFFAOYSA-N	ring:O=C1CCN(C2CCCO2)C(=O)N1	2
RKHDKQYMVJXUEM-UHFFFAOYSA-N	ring:O=C1OCC2CC3CCCC3C=CC12	0
RKWGIWYCVPQPMF-UHFFFAOYSA-N	ring:c1ccccc1	0
RLQDORSASYKBNB-UHFFFAOYSA-N	ring:C1CCC(OC2CCOC(OC3COC(OC4CCCOC4)CC3OC3CCCCO3)C2)OC1	2
RLVAVWQAAQFUOP-UHFFFAOYSA-N	ring:C1CCC2C(C1)CCC1C2CCC2C(C3CCCO3)CCC21	3
RMRJXGBAOAMLHD-UHFFFAOYSA-N	ring:c1cc2c3c(c1)OC1C4CCC5(CC4)C(C2)N(CC2CC2)CCC315	2
RNFXBUGJWZOUJT-UHFFFAOYSA-N	acyclic_connectivity:CCSC(C)CCO	1
RNKSNIBMTUYWSH-UHFFFAOYSA-N	ring:C1CCNC1	1
RNLCXYLHWYFRJX-UHFFFAOYSA-N	ring:c1ccccc1	0
RNMOMKCRCIRYCZ-UHFFFAOYSA-N	ring:C1=C(c2nn[nH]n2)CNCC1	3
RNUCUWWMTTWKAH-UHFFFAOYSA-N	ring:c1ccccc1	0
RONZAEMNMFQXRA-UHFFFAOYSA-N	ring:c1ccc2c(c1)Cc1cccnc1N1CCNCC21	3
ROPTZEMBZSOFJO-UHFFFAOYSA-N	ring:C1CCC(OCCC2CCCC(OCCC3CCCC(OC4CC(OC5CCCOC5)OCC4OC4CCCCO4)O3)O2)OC1	2
ROQZUJKOMJECOM-UHFFFAOYSA-N	ring:O=C(CCc1ccccc1)OC1CC2CC(C1)C(OC(=O)c1ccccc1)C1C(CCC3OCC31)C(=O)C2=O	4
RPLCPCMSCLEKRS-UHFFFAOYSA-N	ring:C=C1CC2CCCC2C2CCC3=CCCCC3C12	0
RPYWXZCFYPVCNQ-UHFFFAOYSA-N	ring:C(=C1CCCN=C1c1cccnc1)c1ccccc1	1
RQOSXGWCILNIKB-UHFFFAOYSA-N	acyclic_connectivity:CCCCC(CC=O)SC	4
RQTOOFIXOKYGAN-UHFFFAOYSA-N	ring:O=c1cc[nH]c2cc3occc(=O)c3cc12	3
RQVYBGPQFYCBGX-UHFFFAOYSA-N	ring:c1ncncn1	1
RRAFCDWBNXTKKO-UHFFFAOYSA-N	ring:c1ccccc1	0
RRGUKTPIGVIEKM-UHFFFAOYSA-N	ring:O=C1CCc2cc(OCCCCc3nnnn3C3CCCCC3)ccc2N1	2
RRHGJUQNOFWUDK-UHFFFAOYSA-N	acyclic_connectivity:C=CC(=C)C	2
RRRUXBQSQLKHEL-UHFFFAOYSA-N	ring:O=C(Nc1ccncc1)c1cccc(OC2CCCC2)c1	2
RRTVVRIFVKKTJK-UHFFFAOYSA-N	ring:O=C1CC(=O)N(c2ccccc2)c2ccccc2N1	3
RRVLNNMINXAIKC-UHFFFAOYSA-N	ring:C1CCC2C(C1)CCC1C3CCCC3CCC21	2
RRVYBPVLSILURP-UHFFFAOYSA-N	ring:O=C1CCCC1=O	3
RRWFUAMYULSWAG-UHFFFAOYSA-N	acyclic_connectivity:CCCCCCC=[N+](O)O	0
RRZWAMPDGRWRPF-UHFFFAOYSA-N	ring:O=c1oc2ccccc2cc1Cc1ccccc1	3
RSXBEVMDACDZRB-UHFFFAOYSA-N	acyclic_connectivity:O=C(O)CCC(=NO)C(=O)O	4
RTDCJKARQCRONF-UHFFFAOYSA-N	acyclic_connectivity:CCN(C)N=O	2
RTHCYVBBDHJXIQ-UHFFFAOYSA-N	ring:c1ccc(COc2ccccc2)cc1	2
RTUZVPPGTJRELI-UHFFFAOYSA-N	ring:O=c1cc(-c2ccccc2)oc2ccccc12	1
RUDATBOHQWOJDD-UHFFFAOYSA-N	ring:C1CCC2C(C1)CCC1C3CCCC3CCC21	2
RUJPNZNXGCHGID-UHFFFAOYSA-N	ring:C1CCCCC1	3
RUOLKIITSCGKJQ-UHFFFAOYSA-N	ring:c1cscn1	3
RVGGCRQPGKFZDS-UHFFFAOYSA-N	ring:O=c1ccc2ccc3c(c2o1)CCO3	2
RWEKXNHIQHNUFY-UHFFFAOYSA-N	ring:C1CCC(OCCC2CCCC(OCCC3CCCC(OC4CC(OC5CCCOC5)OCC4OC4CC(OC5CC(OC6CCCCO6)CCO5)CCO4)O3)O2)OC1	2
RWMRBNNWQLUEFX-UHFFFAOYSA-N	ring:O=c1ccc2ccccc2o1	1
RWNIGYFVXYWBEW-UHFFFAOYSA-N	ring:c1cc(CCCCCCCCCC2CCCO2)co1	1
RWQKHEORZBHNRI-UHFFFAOYSA-N	ring:O=C(NCCc1ccccc1)c1ccc2c(c1)C(=O)OCC2	4
RWSSUUKUVKNZLZ-UHFFFAOYSA-N	ring:C=C1CC23CC1CCC2C12CC(OC4CCCCO4)CC(C(=O)O1)C2C3	3
RXRDUVZIGPRFRB-UHFFFAOYSA-N	ring:C(C=CC=CC=CC=CC12CCCCC1O2)=CC=CC=CC=CC1C=C2CCCCC2O1	2
RXUWUMUEODDOSH-UHFFFAOYSA-N	ring:C1CCC(OCCOC2CC(OC3CC(OC4CCCCO4)CCO3)CCO2)OC1	4
RXZBMPWDPOLZGW-UHFFFAOYSA-N	ring:N=C1CCCCOC(=O)CC(OC2CCCCO2)CC(OC2CCCCO2)CCC1	0
RYMSXFPLTLWXCK-UHFFFAOYSA-N	acyclic_connectivity:O=C(O)CCCCC=CCC(=O)CCC=CC=CC(O)CCCC(=O)O	2
RYMZZMVNJRMUDD-UHFFFAOYSA-N	ring:O=C1CCCC(CCC2CC=CC3=CCCCC32)O1	0
RYYVLZVUVIJVGH-UHFFFAOYSA-N	ring:O=c1[nH]c(=O)c2[nH]cnc2[nH]1	2
RZEKVGVHFLEQIL-UHFFFAOYSA-N	ring:c1ccc(-c2ccnn2-c2ccccc2)cc1	2
RZEQTVHJZCIUBT-UHFFFAOYSA-N	acyclic_connectivity:N=C(N)NCCCC(NC(=O)C(N)CO)C(=O)O	4
RZJSUWQGFCHNFS-UHFFFAOYSA-N	ring:c1ccccc1	0
RZNASINOWKDLAT-UHFFFAOYSA-N	ring:C=c1cc2[nH]c1=Cc1ccc([nH]1)C=c1ccc([nH]1)=Cc1cc(=C)c([nH]1)=C2	2
RZVAJINKPMORJF-UHFFFAOYSA-N	ring:c1ccccc1	0
SBPBAQFWLVIOKP-UHFFFAOYSA-N	ring:c1ccncc1	2
SCAPWGHHHZEERU-UHFFFAOYSA-N	ring:C1=CCC2C(C1)CCC1C2CCC2C3CCCCC3CCC21	3
SDWGOFYIBUYAQT-UHFFFAOYSA-N	ring:C=C1CCCC2CCCCC12	2
SDYNZSKYFKAXNJ-UHFFFAOYSA-N	ring:C1CCC(OCCC2CCCC(OC3CCOC(OC4CCCOC4)C3)O2)OC1	3
SEBFKMXJBCUCAI-UHFFFAOYSA-N	ring:O=C1CC(c2ccc3c(c2)OC(c2ccccc2)CO3)Oc2ccccc21	4
SEEPANYCNGTZFQ-UHFFFAOYSA-N	ring:O=S(=O)(Nc1ncccn1)c1ccccc1	0
SELMQMFULRQVFS-UHFFFAOYSA-N	ring:C(C=CC=CC=CC=CC=CC1=CCCCC1)=CC=CC=CC=CC=CCCC1CO1	4
SEQDDYPDSLOBDC-UHFFFAOYSA-N	ring:O=C1CN=C(c2ccccc2)c2ccccc2N1	4
SERLAGPUMNYUCK-UHFFFAOYSA-N	ring:C1CCOCC1	3
SEWAOKNHYLYQEL-UHFFFAOYSA-N	acyclic_connectivity:CCCCCCCCC(=O)CCCCCCC(=O)O	4
SFBODOKJTYAUCM-UHFFFAOYSA-N	ring:O=c1c(-c2ccccc2)coc2ccccc12	4
SGLAKMDXJPVHBY-UHFFFAOYSA-N	ring:O=C1N(Cc2ccc(-c3ccccc3-c3nn[nH]n3)cc2)C=NC12CCCC2	1
SGOOQMRIPALTEL-UHFFFAOYSA-N	ring:O=C(Nc1ccccc1)c1cc2ccccc2[nH]c1=O	2
SGSGCQGCVKWRNM-UHFFFAOYSA-N	ring:c1ccc2sccc2c1	2
SGTNSNPWRIOYBX-UHFFFAOYSA-N	ring:c1ccc(CCCCNCCc2ccccc2)cc1	1
SHCAWXCZHVEGLB-UHFFFAOYSA-N	ring:O=C1CNC(=O)C(N2C(=O)c3ccccc3C2=O)C1	3
SHXWCVYOXRDMCX-UHFFFAOYSA-N	ring:c1ccc2c(c1)OCO2	1
SHZGCJCMOBCMKK-UHFFFAOYSA-N	ring:C1CCOCC1	3
SIDLHXXVIBTSJZ-UHFFFAOYSA-N	ring:c1ccc(COc2ccc3cccnc3c2)cc1	2
SIKJAQJRHWYJAI-UHFFFAOYSA-N	ring:c1ccc2[nH]ccc2c1	4
SKFYEJMLNMTTJA-UHFFFAOYSA-N	ring:O=c1oc2ccccc2cc1Cc1ccccc1	3
SKTFAQNZNWTXFP-UHFFFAOYSA-N	ring:c1ccc2c(c1)CC(c1ccc(OC3CCCCO3)cc1)O2	1
SLFGIOIONGJGRT-UHFFFAOYSA-N	ring:c1ccc2c(c1)Nc1ccccc1S2	1
SLRCCWJSBJZJBV-UHFFFAOYSA-N	ring:C1CCN2CC3CC(CN4CCCCC34)C2C1	3
SLUYGGAVUSVJOT-UHFFFAOYSA-N	ring:O=C1C=CCCCCCC2CCCC(O2)C(=O)C(=O)N2CCCCC2C(=O)OC(C=CC2CCCCC2)CCC1	3
SLVMESMUVMCQIY-UHFFFAOYSA-N	ring:c1ccc2c(c1)Sc1ccccc1N2CCC1CCCCN1	3
SMANXXCATUTDDT-UHFFFAOYSA-N	ring:C(=Cc1ccccc1)CN1CCN(C(c2ccccc2)c2ccccc2)CC1	4
SMEROWZSTRWXGI-UHFFFAOYSA-N	ring:C1CCC2C(C1)CCC1C3CCCC3CCC21	2
SMNDYUVBFMFKNZ-UHFFFAOYSA-N	ring:c1ccoc1	3
SMWDFEZZVXVKRB-UHFFFAOYSA-N	ring:c1ccc2ncccc2c1	2
SNICXCGAKADSCV-UHFFFAOYSA-N	ring:c1cncc(C2CCCN2)c1	3
SNPPWIUOZRMYNY-UHFFFAOYSA-N	ring:c1ccccc1	0
SOZHSICUHFFXDQ-UHFFFAOYSA-N	ring:C1=C2CCCCC2C2CCC3CCCC3C2C1	4
SPCIYGNTAMCTRO-UHFFFAOYSA-N	ring:c1ccc2[nH]ccc2c1	4
SPKBYQZELVEOLL-UHFFFAOYSA-N	ring:O=C(NC1CC2CCC(C1)N2)c1cccc2c1OCC2	1
SQAINHDHICKHLX-UHFFFAOYSA-N	ring:c1ccc2ccccc2c1	4
SQFSKOYWJBQGKQ-UHFFFAOYSA-N	ring:O=c1cc(-c2ccccc2)oc2ccccc12	1
SQGZFRITSMYKRH-UHFFFAOYSA-N	ring:O=C1CCC2C(=CCC3C4CCC(=O)C4CCC23)C1	0
SQNGSKAAFBONFI-UHFFFAOYSA-N	ring:c1cnc2c(c1)CCC2	3
SRZXCOWFGPICGA-UHFFFAOYSA-N	acyclic_connectivity:SCCCCCCS	4
SSEBTPPFLLCUMN-UHFFFAOYSA-N	ring:c1ccc2occc2c1	3
SSOLNOMRVKKSON-UHFFFAOYSA-N	ring:c1ccccc1	0
STLJXSQSUAPXFX-UHFFFAOYSA-N	ring:C1=C2C3CCCC3CCC2C2CCCCC2C1	2
STNNDCBSPFQUIQ-UHFFFAOYSA-N	acyclic_connectivity:C=C(C=CC=O)CCCCCCCCCC	3
STVIMSVCYHRGIY-UHFFFAOYSA-N	ring:c1cc(OC2CCCCO2)cc(OC2CCCCO2)c1	4
SUAKHGWARZSWIH-UHFFFAOYSA-N	acyclic_connectivity:CCN(C=O)CC	3
SUBDBMMJDZJVOS-UHFFFAOYSA-N	ring:c1ccc(C[SH+]c2nc3ccccc3[nH]2)nc1	3
SULXAXUGFHTBKQ-UHFFFAOYSA-N	ring:C1=CC2CCC3C4CCC(OC5CCC(OC6CCC(OC7CCC(OC8CCCCO8)CO7)CO6)CO5)CC4=CCC3C2C1	2
SUYNESVDWLCJSR-UHFFFAOYSA-N	ring:O=C(NCc1ccccc1)c1cccc(Cc2c[nH]c(=O)s2)c1	2
SVCNNZDUGWLODJ-UHFFFAOYSA-N	ring:C=C1CC(=C)C(=O)OC2CCN3CC=C(COC(=O)C1)C23	1
SWINWPBPEKHUOD-UHFFFAOYSA-N	ring:O=C1CCC2C1CCC1c3ccccc3CCC12	3
SWIRXSKBBSJXGY-UHFFFAOYSA-N	ring:O=C1CCC2C3Cc4cccc5c4C2(CCN3)C1O5	2
SWLDVJDYIJBAMP-UHFFFAOYSA-N	ring:O=c1ccc2ccccc2o1	1
SWMPJSKJLYNRQG-UHFFFAOYSA-N	ring:c1ccc2ccccc2c1	4
SWPAIUOYLTYQKK-UHFFFAOYSA-N	ring:O=c1[nH][nH]c2c1CC1C(CCC3C4CCCC4CCC13)C2	3
SXIBUDLORNYMST-UHFFFAOYSA-N	ring:O=C1C=CCCCC(=O)CCCC=CC=CC=CCCC2CCCC(O2)C(=O)C(=O)N2CCCCC2C(=O)OC(CCC2CCCCC2)C1	0
SXJKRFLZGRFPBD-UHFFFAOYSA-N	acyclic_connectivity:CCCC=CCOC(=O)C(C)CC	4
SXZWBNWTCVLZJN-UHFFFAOYSA-N	acyclic_connectivity:CCCCCCCCCCCCCC=CC(O)C(COP(=O)([O-])OCC[N+](C)(C)C)NC(=O)CCCCCCCCCCCCCCCCCCCCCC	2
SYNOVMDJYWJCON-UHFFFAOYSA-N	ring:c1ccoc1	3
SYTBZMRGLBWNTM-UHFFFAOYSA-N	ring:c1ccc(-c2ccccc2)cc1	1
SYTWWAZKYVYTTQ-UHFFFAOYSA-N	ring:C=C1CCCCC1CCC1C=CCCC1	4
SZNXJUGSSOHWJM-UHFFFAOYSA-N	ring:O=C1CCCC2CCCC=C12	4
TTWJBBZEZQICBI-UHFFFAOYSA-N	ring:c1ccccc1	0
TTYCFBAOLXCFAB-UHFFFAOYSA-N	ring:c1cn(C2CCCO2)cn1	1
TUNFSRHWOTWDNC-UHFFFAOYSA-N	acyclic_connectivity:CCCCCCCCCCCCCC(=O)O	4
TUSDEZXZIZRFGC-UHFFFAOYSA-N	ring:O=C(OC1CC2CC(COC(=O)c3ccccc3-c3ccccc3C(=O)O2)O1)c1ccccc1	0
TUSIZTVSUSBSQI-UHFFFAOYSA-N	ring:C1CCCCC1	3
TUSQPOXZYYVVMH-UHFFFAOYSA-N	ring:C1CCC2OC2C1	1
TVOFUERNMZTYRM-UHFFFAOYSA-N	ring:C1=CC2=CCN3CCc4cc5c(cc4C23CC1)OCO5	0
TVRIMSLYKUNOPS-UHFFFAOYSA-N	ring:C1=C2c3cc4[nH]c5c(c4cc3CC2COC1)CC1CCC2C3=CCCOC3CCC2C51	3
TVYLLZQTGLZFBW-UHFFFAOYSA-N	ring:c1ccc(C2CCCCC2)cc1	4
TWKNDDJHVQUEJF-UHFFFAOYSA-N	ring:C1CCC2C(C1)CCC1C2CCC2C3CCCC3CCC21	4
TWZNCTCQAGRUGQ-UHFFFAOYSA-N	ring:c1ccc(C2Sc3ccccc3OC2c2ccc(OCCN3CCCCC3)cc2)cc1	3
TXEFUSAHPIYZHD-UHFFFAOYSA-N	ring:O=c1ccc2nccc3c4ccccc4n1c23	1
TXRDDCDJSYWHET-UHFFFAOYSA-N	ring:O=c1[nH]c(=O)c2[nH]cnc2[nH]1	2
TXUZVZSFRXZGTL-UHFFFAOYSA-N	ring:C(=C(c1ccccc1)c1ccccc1)c1ccccc1	4
TXVAOITYBBWKMG-UHFFFAOYSA-N	acyclic_connectivity:CC=CC(=O)CCC	4
TXXHDPDFNKHHGW-UHFFFAOYSA-N	acyclic_connectivity:O=C(O)C=CC=CC(=O)O	1
TYEYBOSBBBHJIV-UHFFFAOYSA-N	acyclic_connectivity:CCC(=O)C(=O)O	4
TYNQWWGVEGFKRU-UHFFFAOYSA-N	ring:C1=C2CC(OC3OCC(OC4CCCCO4)CC3OC3CCCCO3)CCC2C2CCC3C(CC4C3CC3CCCCN34)C2C1	4
TYRRSRADDAROSO-UHFFFAOYSA-N	ring:C1CO1	1
TYYLDKGBCJGJGW-UHFFFAOYSA-N	ring:O=C(CCc1c[nH]c2ccccc12)NCCc1ccccc1	4
TZBJGXHYKVUXJN-UHFFFAOYSA-N	ring:O=c1c(-c2ccccc2)coc2ccccc12	4
TZFWDZFKRBELIQ-UHFFFAOYSA-N	ring:O=c1[nH]c2ccccc2o1	2
TZTLCJNYBHBVBN-UHFFFAOYSA-N	ring:O=C1CCSSCCCNC(=O)CNC(=O)CNC(=O)C(Cc2ccccc2)NC(=O)CNC(=O)CNC(=O)C(Cc2c[nH]c3ccccc23)NC(=O)C(Cc2ccccc2)NC(=O)C(Cc2ccccc2)NC(=O)CNC(=O)CN1	0
UAKVFUWDGIZDMA-UHFFFAOYSA-N	ring:C1CCC(OCCC2CCCC(OC3CC(OC4CCCOC4)OCC3OC3CC(OC4CCCCO4)CCO3)O2)OC1	4
UAKYQMHTPLVMJD-UHFFFAOYSA-N	ring:C1CCOCC1	3
UAWLTQJFZUYROA-UHFFFAOYSA-N	ring:c1ccc2c(c1)ccc1c3ccccc3ccc21	4
UAWXGRJVZSAUSZ-UHFFFAOYSA-N	ring:c1ccc(-c2cn3c(c2-c2ccccc2)CCC3)cc1	1
UBCMQDIOEUZUPT-UHFFFAOYSA-N	ring:C1CCC(OC2COC(OC3CCCOC3)CC2OC2CCCCO2)OC1	4
UBLAMKHIFZBBSS-UHFFFAOYSA-N	acyclic_connectivity:CCCCC(=O)OCCC(C)C	1
UBORTCNDUKBEOP-UHFFFAOYSA-N	ring:O=c1[nH]c(=O)c2ncn(C3CCCO3)c2[nH]1	0
UBQNRHZMVUUOMG-UHFFFAOYSA-N	ring:c1ccc2oncc2c1	4
UCHDWCPVSPXUMX-UHFFFAOYSA-N	ring:C(=Cc1ccc2ccccc2n1)c1cccc(C(CCc2ccccc2)SCC2CC2)c1	0
UEJJHQNACJXSKW-UHFFFAOYSA-N	ring:O=C1CCC(N2C(=O)c3ccccc3C2=O)C(=O)N1	4
UEQUQVLFIPOEMF-UHFFFAOYSA-N	ring:c1ccc2c(c1)Cc1ccccc1N1CCNCC21	3
UFCLZKMFXSILNL-UHFFFAOYSA-N	ring:O=C(C=Cc1ccccc1)OC1CCCCC1OC(=O)C=Cc1ccccc1	2
UFFBMTHBGFGIHF-UHFFFAOYSA-N	ring:c1ccccc1	0
UFHLMYOGRXOCSL-UHFFFAOYSA-N	ring:C=C1SCCS1	3
UFOUZKFFEDCDRA-UHFFFAOYSA-N	ring:C1=C2CCCC(OC3CCCCO3)C2C2CCC3CC(OC4CCCCO4)CC3C2C1	4
UFWIBTONFRDIAS-UHFFFAOYSA-N	ring:c1ccc2ccccc2c1	4
UGFMBZYKVQSQFX-UHFFFAOYSA-N	ring:c1ccccc1	0
UGJUNCJBZLALDV-UHFFFAOYSA-N	ring:O=C(c1ccccc1)c1cccs1	4
UHNRLUJLKSYZAJ-UHFFFAOYSA-N	ring:C1=C2CC(OC3CCCC(COC4CCCCO4)O3)CCC2C2CCC3CCCC3C2C1	1
UHOVQNZJYSORNB-UHFFFAOYSA-N	ring:c1ccccc1	0
UHQNVKKALWJDQL-UHFFFAOYSA-N	ring:O=C(OC1CCCCO1)C12CCCCC1C1=CCC3C4CCC(OC5CCCCO5)CC4CCC3C1CC2	0
UHRXEPZELBAZEZ-UHFFFAOYSA-N	ring:c1ccc2ccccc2c1	4
UIKPUUZBQYTDRX-UHFFFAOYSA-N	ring:C1CCC(OC2CCOC(OC3CCCOC3)C2)OC1	4
UIKROCXWUNQSPJ-UHFFFAOYSA-N	ring:O=C1CCC(c2cccnc2)N1	1
UIOFUWFRIANQPC-UHFFFAOYSA-N	ring:O=C(NC1C(=O)N2CCSC12)c1conc1-c1ccccc1	0
UISKIUIWPSPSAV-UHFFFAOYSA-N	ring:c1cc2ccc3cccc4ccc(c1)c2c34	1
UKLDABCYBVVGHL-UHFFFAOYSA-N	acyclic_connectivity:C#CC#CC#CCCO	0
UKMCCFHULJHJNS-UHFFFAOYSA-N	ring:O=C1C=C2CCCCC2C2CCC3CCCC3C12	0
UKWLNMIPRJLYGH-UHFFFAOYSA-N	ring:O=c1c(-c2ccccc2)coc2ccccc12	4
ULAADVBNYHGIBP-UHFFFAOYSA-N	ring:c1ccc2c(c1)CCC1C2CCC2CCCC21	3
ULGZDMOVFRHVEP-UHFFFAOYSA-N	ring:O=C1CCCCOC(=O)CC(OC2CCCCO2)CC(OC2CCCCO2)CCC1	3
ULHWZNASVJIOEM-UHFFFAOYSA-N	acyclic_connectivity:CC(C)=CCSCC(N)C(=O)O	2
ULSDMUVEXKOYBU-UHFFFAOYSA-N	ring:O=C1NC(Cc2ccc3[nH]ccc3c2)CO1	1
ULSUXBXHSYSGDT-UHFFFAOYSA-N	ring:O=c1cc(-c2ccccc2)oc2ccccc12	1
UMFJAHHVKNCGLG-UHFFFAOYSA-N	acyclic_connectivity:CN(C)N=O	4
UMJXUWDTBAXFNN-UHFFFAOYSA-N	ring:C1CCC(OC2CCOC(OC3CCC(OC4CCC5C(CCC6C5CCC5C7CC8(CCCCO8)OC7CC56)C4)OC3)C2OC2CCCCO2)OC1	2
UMKFEPPTGMDVMI-UHFFFAOYSA-N	ring:O=[PH]1NCCCO1	3
UMMREFLKYDGCQB-UHFFFAOYSA-N	acyclic_connectivity:CCC=CCC(=O)CC	4
UMSGKTJDUHERQW-UHFFFAOYSA-N	ring:c1ccc(C2=NCc3nncn3-c3sccc32)cc1	2
UMYDNZXEHYSVFY-UHFFFAOYSA-N	acyclic_connectivity:C=CCC(CCC)C(=O)O	3
UNAANXDKBXWMLN-UHFFFAOYSA-N	ring:c1ccc(C2CCC2)cc1	3
UNISKOOZAQCSPC-UHFFFAOYSA-N	ring:O=C1C=CC2C(=CCC3C2CCC2C3CC3OCOC32)C1	0
UNVGBIALRHLALK-UHFFFAOYSA-N	acyclic_connectivity:CC(O)CCCCO	4
UNXHWFMMPAWVPI-UHFFFAOYSA-N	acyclic_connectivity:OCC(O)C(O)CO	2
UOBJOWXNMYOTGQ-UHFFFAOYSA-N	ring:O=c1ccc2nc3ccc(OCOCc4ccccc4)cc3oc-2c1	4
UOCLXMDMGBRAIB-UHFFFAOYSA-N	acyclic_connectivity:CC(Cl)(Cl)Cl	1
UOKDPAAQNNWFSY-UHFFFAOYSA-N	ring:c1ccsc1	3
UOUIARGWRPHDBX-UHFFFAOYSA-N	ring:O=C1CCC2C1CCC1C3CCCCC3CCC21	4
UOVLTQUOCUWCRV-UHFFFAOYSA-N	ring:O=C1CC2=CC3CCCCC3CC2O1	1
UPKQNCPKPOLASS-UHFFFAOYSA-N	ring:c1ccc(CCCCNCCc2ccccc2)cc1	1
UPMRZALMHVUCIN-UHFFFAOYSA-N	ring:c1ccccc1	0
UPVBTYUCCOHEPJ-UHFFFAOYSA-N	ring:C1CCC(OC2CCCOC2)OC1	4
UQRPWWKJWZFNAE-UHFFFAOYSA-N	ring:O=C1CC2CCCC2C2CCC3CCCCC3C12	0
UQVKZNNCIHJZLS-UHFFFAOYSA-N	ring:c1ccc(-c2cnc3nc[nH]c3c2)cc1	3
URKOMYMAXPYINW-UHFFFAOYSA-N	ring:c1ccc2c(c1)N=C(N1CCNCC1)c1ccccc1S2	0
URLKBWYHVLBVBO-UHFFFAOYSA-N	ring:c1ccccc1	0
URRJUSLCXVXZOX-UHFFFAOYSA-N	ring:C1=CCC2c3ccccc3OCC2C1	3
URTFKMOPZGIJTM-UHFFFAOYSA-N	ring:c1ccccc1	0
URXZXNYJPAJJOQ-UHFFFAOYSA-N	acyclic_connectivity:CCCCCCC=CCCCCCCCCCCCC(=O)O	4
URYBOPNIACOOED-UHFFFAOYSA-N	ring:c1ccc(N(Cc2nn[nH]n2)C2CCOc3ccccc32)cc1	1
USBWBBAUWVUJLA-UHFFFAOYSA-N	ring:c1ccccc1	0
USMNOWBWPHYOEA-UHFFFAOYSA-N	ring:O=C1CC2CC2C1	1
USSIQXCVUWKGNF-UHFFFAOYSA-N	ring:c1ccc(Cc2ccccc2)cc1	2
USWVWJSAJAEEHQ-UHFFFAOYSA-N	ring:c1ccc2c(c1)OCO2	1
UTEAJHNFBCLZHN-UHFFFAOYSA-N	ring:O=c1c2ccccc2[nH]c2ccccc12	4
UTILMNMNJVRNKR-UHFFFAOYSA-N	ring:O=C1C=CC2C(=CCC3C2CCC2C(=O)CCC23)C1	4
UTKUVRNVYFTEHF-UHFFFAOYSA-N	ring:c1ccccc1	0
UTRJXEOCVQXSFY-UHFFFAOYSA-N	ring:C(CCC1CC2C(CC3C2CCC2C4CCC(OC5CCC(OC6CCCCO6)CO5)CC4CCC23)O1)COC1CCCCO1	0
UUIQMZJEGPQKFD-UHFFFAOYSA-N	acyclic_connectivity:CCCC(=O)OC	3
UUOCODHGILANAP-UHFFFAOYSA-N	ring:O=C1CCC23C(=O)OC4OCC(=CCC2C1)C43	2
UUWIEIBBJWHXIO-UHFFFAOYSA-N	ring:c1ccccc1	0
UVNHKOOJXSALHN-UHFFFAOYSA-N	ring:c1ccc(COC2CC3CCCC4CCC5OOC43C(O2)O5)cc1	4
UVTNFZQICZKOEM-UHFFFAOYSA-N	ring:c1ccc(Cc2ccccn2)cc1	0
UWKQSNNFCGGAFS-UHFFFAOYSA-N	ring:O=C1Cc2cc3n(c(=O)c2CO1)Cc1cc2cc(OC(=O)N4CCC(N5CCCCC5)CC4)ccc2nc1-3	3
UXUPPWPIGVTVQI-UHFFFAOYSA-N	acyclic_connectivity:CCCCCC(=O)OCC(C)C	4
UXVSDVSUISWXKD-UHFFFAOYSA-N	ring:O=C(OCCNCc1ccccc1)C1C=NC=CC1c1ccccc1	3
UYGONJYYUKVHDD-UHFFFAOYSA-N	ring:O=c1cc[nH]c2ccccc12	4
UYJHWPMQCSNBKU-UHFFFAOYSA-N	ring:O=c1[nH]c(=O)c2[nH]cnc2[nH]1	2
UYXAWHWODHRRMR-UHFFFAOYSA-N	ring:O=C1NC(=O)C(C2=CCCCC2)C(=O)N1	2
UZJVBXKFBQNDTQ-UHFFFAOYSA-N	ring:O=C(c1ccccc1)c1c[nH]c2ccccc12	2
UZLABLYYOJYQIX-UHFFFAOYSA-N	ring:O=C1C=CC2CCCC=C2C1	3
UZYMZRZCYLNXQU-UHFFFAOYSA-N	ring:O=C(OCC=Cc1ccccc1)c1cnccc1-c1ccccc1	2
VABCILAOYCMVPS-UHFFFAOYSA-N	ring:O=c1oc2ccccc2cc1Cc1ccccc1	3
VACPENDPPYPFPY-UHFFFAOYSA-N	ring:O=c1[nH]c(=O)n(Cc2ccco2)c2nc[nH]c12	4
VBAHFEPKESUPDE-UHFFFAOYSA-N	ring:c1ccccc1	0
VBGLYOIFKLUMQG-UHFFFAOYSA-N	ring:c1ccc2c(c1)COc1ccccc1-2	1
VBUWJOHKCBQXNU-UHFFFAOYSA-N	acyclic_connectivity:O=C(O)CC(O)C(O)CO	3
VCCRNZQBSJXYJD-UHFFFAOYSA-N	ring:O=c1cc(-c2ccccc2)oc2ccccc12	1
VCUCVBNQZJFUDR-UHFFFAOYSA-N	ring:O=C1CCC2C(CCC3C2CCC2C4CCCCC4CCC23)C1	1
VCVQSRCYSKKPBA-UHFFFAOYSA-N	ring:c1ccccc1	0
VCYXZJKAYAIMDV-UHFFFAOYSA-N	ring:C=C1CC23CC1CCC2C12CCCC(C(=O)O1)C2C3	2
VDSVKGIFRKCQHJ-UHFFFAOYSA-N	ring:O=C1CCOCC1	4
VEJWNIYARKAHFI-UHFFFAOYSA-N	ring:c1ccccc1	0
VEQOALNAAJBPNY-UHFFFAOYSA-N	ring:O=c1cc[nH]n1-c1ccccc1	1
VEXZGXHMUGYJMC-UHFFFAOYSA-N	acyclic_connectivity:Cl	3
VFJHHENNFQFTOV-UHFFFAOYSA-N	ring:C1CC2CC3COCC34CC4C2C1	1
VFLDPWHFBUODDF-UHFFFAOYSA-N	ring:O=C(C=Cc1ccccc1)CC(=O)C=Cc1ccccc1	0
VFVUMOKIAXYQDI-UHFFFAOYSA-N	ring:C1CCC(OCCC2CCCC(OC3CC(OC4CCCOC4)OCC3OC3CCCCO3)O2)OC1	1
VGKDLMBJGBXTGI-UHFFFAOYSA-N	ring:c1ccc(C2CCCc3ccccc32)cc1	1
VGRVKVGGUPOCMT-UHFFFAOYSA-N	ring:c1cscn1	3
VGWIZVWSLTYBQR-UHFFFAOYSA-N	ring:c1cc(C2CCC3C2CCC2C4CCC(OC5CCCCO5)CC4CCC23)co1	1
VHFVKMTVMIZMIK-UHFFFAOYSA-N	ring:c1ccc(N2CCNCC2)cc1	4
VHGCDTVCOLNTBX-UHFFFAOYSA-N	ring:c1ccc(COc2ccccc2)cc1	2
VHJLVAABSRFDPM-UHFFFAOYSA-N	acyclic_connectivity:OC(CS)C(O)CS	0
VHMRXGAIDDCGDU-UHFFFAOYSA-N	ring:c1ccc2c(c1)OCO2	1
VHOMAPWVLKRQAZ-UHFFFAOYSA-N	ring:c1ccccc1	0
VHRGRCVQAFMJIZ-UHFFFAOYSA-N	acyclic_connectivity:NCCCCCN	4
VHVPQPYKVGDNFY-UHFFFAOYSA-N	ring:O=c1[nH]ncn1-c1ccc(N2CCN(c3ccc(OCC4COC(Cn5cncn5)(c5ccccc5)O4)cc3)CC2)cc1	1
VHYCDWMUTMEGQY-UHFFFAOYSA-N	ring:c1ccccc1	0
VIAVBPFRYASSKF-UHFFFAOYSA-N	ring:c1ccccc1	0
VJGRWRRIAJQNFU-UHFFFAOYSA-N	ring:O=C(C=Cc1ccccc1)NC=Cc1ccccc1	1
VJJPUSNTGOMMGY-UHFFFAOYSA-N	ring:O=C1OCC2C(OC3CCC4OCOCC4O3)c3cc4c(cc3C(c3ccccc3)C12)OCO4	3
VJNXUFOTKNTNPG-UHFFFAOYSA-O	ring:O=c1nc[nH]c2c1[nH]c[n+]2C1CCCO1	0
VKTIONYPMSCHQI-UHFFFAOYSA-N	ring:C1CCCC1	2
VLCYCQAOQCDTCN-UHFFFAOYSA-N	acyclic_connectivity:NCCCC(N)(C(=O)O)C(F)F	0
VLKZOEOYAKHREP-UHFFFAOYSA-N	acyclic_connectivity:CCCCCC	1
VLPIATFUUWWMKC-UHFFFAOYSA-N	ring:c1ccccc1	0
VLWNRFXSKLVVEB-UHFFFAOYSA-N	ring:C1=CCCC2CCC2CCC1	1
VLWYFBXOEROLMC-UHFFFAOYSA-N	ring:C1CCC(OCCC2CCCC(OC3CC(OC4CCCOC4)OCC3OC3CC(OC4CCCCO4)CCO3)O2)OC1	4
VMBKZHMLQXCNCP-UHFFFAOYSA-N	acyclic_connectivity:C=C(C)CCCC(C)CCOC=O	2
VMZUTJCNQWMAGF-UHFFFAOYSA-N	ring:c1ccc(C2=NCc3nncn3-c3sccc32)cc1	2
VNGUCOGHCJHFID-UHFFFAOYSA-N	ring:C1=CC2CCC3C(=CCC4C5CCCCC5CCC34)C2CC1	1
VNQURRWYKFZKJZ-UHFFFAOYSA-N	ring:c1ccc(Nc2ccccc2)cc1	4
VNYSSYRCGWBHLG-UHFFFAOYSA-N	acyclic_connectivity:CCCCCC=CCC(O)C=CC=CC=CC(O)CCCC(=O)O	1
VOOYTQRREPYRIW-UHFFFAOYSA-N	ring:O=C1C=CCC(CCc2ccccc2)O1	3
VOXZDWNPVJITMN-UHFFFAOYSA-N	ring:c1ccc2c(c1)CCC1C2CCC2CCCC21	3
VPIAKHNXCOTPAY-UHFFFAOYSA-N	acyclic_connectivity:CCCCCCCS	0
VPIRRYIYIPYTGX-UHFFFAOYSA-N	ring:O=C(CCN1CCC(OC(c2ccccc2)c2ccccc2)CC1)c1ccccc1	2
VPIXQGUBUKFLRF-UHFFFAOYSA-N	ring:c1ccc2c(c1)CCc1ccccc1N2	3
VPKBRABQIHPIEA-UHFFFAOYSA-N	ring:C1=Cc2ccc(C=Cc3ccccc3)cc2OC1	0
VQEONGKQWIFHMN-UHFFFAOYSA-N	ring:c1ccccc1	0
VQSXCZMVUMSITD-UHFFFAOYSA-N	ring:c1ccc(CN2CCCCC2)cc1	3
VRBKIVRKKCLPHA-UHFFFAOYSA-N	ring:O=c1n(CCOc2ccccc2)cnn1CCCN1CCN(c2ccccc2)CC1	4
VREFGVBLTWBCJP-UHFFFAOYSA-N	ring:c1ccc(C2=NCc3nncn3-c3ccccc32)cc1	4
VSXVHWPQGHHXGS-UHFFFAOYSA-N	ring:O=C1OC2C=C3CCCCC3C3CCCC1C23	3
VTJUNIYRYIAIHF-UHFFFAOYSA-N	ring:C1CCNC1	1
VTNQPKFIQCLBDU-UHFFFAOYSA-N	ring:c1ccccc1	0
VTSFIPHRNAESED-UHFFFAOYSA-N	acyclic_connectivity:CCC=CCC(=O)OCC	0
VTWHHBJKZZJDQM-UHFFFAOYSA-N	ring:C1=CC23CC(OC4CCCCO4)CCC2C2(CCC4CCCC4C12)CO3	2
VUAXPLNAPPGWDL-UHFFFAOYSA-N	ring:O=C1CC2C(CCC3C4C=C(CCCCOC5CCCCO5)OC4CC32)C2CCC(OC3CCC(OC4CCCCO4)C(COC4CCCCO4)O3)CC12	2
VUDYWBBYQWVFAG-UHFFFAOYSA-N	ring:O=C1C=C2CCC3C4CCCC4CCC3C2CC1	1
VUNFOJWKJSYIDH-UHFFFAOYSA-N	acyclic_connectivity:CCCCCC=CCCCO	3
VVPRQWTYSNDTEA-UHFFFAOYSA-N	acyclic_connectivity:CCCCCC(=O)OC(CC(=O)[O-])C[N+](C)(C)C	3
VVTJQHCRBOHFTD-UHFFFAOYSA-N	ring:C1=CC(c2ccccc2)CC=N1	1
VVUQNTKYPPFMID-UHFFFAOYSA-N	ring:O=S(=O)(Nc1ccnn1-c1ccccc1)c1ccccc1	0
VWCUGCYZZGRKEE-UHFFFAOYSA-N	ring:c1ccc(Cc2ccccc2)cc1	2
VXCSHMSBMMIJCN-UHFFFAOYSA-N	ring:O=C1CC=CCC=CC2C3OC3CC3C(Cc4c[nH]c5ccccc45)NC(=O)C23C(=O)CCC1=O	3
VXPWQNBKEIVYIS-UHFFFAOYSA-N	ring:c1ccc(CNc2cc(-c3[nH]cnc3-c3ccccc3)ccn2)cc1	1
VYDBTNADENXYSN-UHFFFAOYSA-N	ring:O=C(Cc1cn(C(=O)c2ccccc2)c2ccccc12)NCCc1ccccc1	3
VYOZKWKETGHHDW-UHFFFAOYSA-N	ring:C1CCC2CCCC2CC1	0
VYQXIUVIYICVCM-UHFFFAOYSA-N	ring:c1ccc(CCc2ccccc2)cc1	2
VYURQCQMACPHRC-UHFFFAOYSA-N	ring:c1ccc(C2CC(c3cc4c(c(C5CC(c6ccccc6)Oc6ccccc65)c3)OC(c3ccccc3)CC4)c3ccccc3O2)cc1	2
VYZGQLBKGMFPIP-UHFFFAOYSA-N	ring:C1CCC2C3=C(CCC2C1)C1CCCC1CC3	1
VZCYOOQTPOCHFL-UHFFFAOYSA-N	acyclic_connectivity:O=C(O)C=CC(=O)O	0
WBBPRCNXBQTYLF-UHFFFAOYSA-N	acyclic_connectivity:CSCCO	0
WBNQDOYYEUMPFS-UHFFFAOYSA-N	acyclic_connectivity:CCN(CC)N=O	1
WCCRLLABFCMDBZ-UHFFFAOYSA-N	ring:O=C1CCC2=C(CCC3C2=C(c2ccccc2)CC2CCCC23)C1	0
WCXZJNBNVYUXJV-UHFFFAOYSA-N	acyclic_connectivity:CC=CC=CCC(C)=O	2
WDZVGELJXXEGPV-UHFFFAOYSA-N	ring:c1ccccc1	0
WEDQXORSDFFRHR-UHFFFAOYSA-N	ring:C1CCC(OCCC2CCCC(OCCC3CCCC(OC4CCOC(OC5CCCOC5)C4)O3)O2)OC1	2
WEEGYLXZBRQIMU-UHFFFAOYSA-N	ring:C1CC2CCC1CO2	3
WEYVCQFUGFRXOM-UHFFFAOYSA-N	ring:c1ccc2c(c1)Sc1ccccc1N2CCCN1CCNCC1	1
WFWLQNSHRPWKFK-UHFFFAOYSA-N	ring:O=c1ccn(C2CCCO2)c(=O)[nH]1	3
WGCNASOHLSPBMP-UHFFFAOYSA-N	acyclic_connectivity:O=CCO	4
WGKIDCRTLNUROQ-UHFFFAOYSA-N	ring:c1ccc2sccc2c1	2
WGVKWNUPNGFDFJ-UHFFFAOYSA-N	ring:c1ccc2c(c1)CCCO2	1
WHBIGIKBNXZKFE-UHFFFAOYSA-N	ring:O=C(c1cc2ccccc2[nH]1)N1CCN(c2ccccn2)CC1	3
WHBMMWSBFZVSSR-UHFFFAOYSA-N	acyclic_connectivity:CC(O)CC(=O)O	3
WHKFJCYVPLCOGR-UHFFFAOYSA-N	ring:O=C(Cc1c(-c2ccccc2)c(-c2ccccc2)c2n1CCC2)OC1CCCCO1	0
WHOZNOZYMBRCBL-UHFFFAOYSA-N	acyclic_connectivity:CCCCCCCCCCCC=CC=O	4
WHTVZRBIWZFKQO-UHFFFAOYSA-N	ring:c1ccc2ncccc2c1	2
WIEOUDNBMYRSRD-UHFFFAOYSA-N	ring:O=C1c2ccccc2CCC2CCCCC12	3
WIFHAKQJYHVTQK-UHFFFAOYSA-N	ring:O=C1CC2C3CC=CC3C3(CCCCC23)O1	1
WISFURKNQXSDRA-UHFFFAOYSA-N	ring:C1CCC(OCCC2CCCC(OCCC3CCCC(OC4CC(OC5CCCOC5)OCC4OC4CC(OC5CCCCO5)CCO4)O3)O2)OC1	3
WITCOKQIPFWQQD-UHFFFAOYSA-N	acyclic_connectivity:CC(C)C(N)C(=O)NC(CC(N)=O)C(=O)O	4
WJCNZQLZVWNLKY-UHFFFAOYSA-N	ring:c1ccc2[nH]c(-c3cscn3)nc2c1	4
WJUSDWNKAATRHW-UHFFFAOYSA-N	ring:c1ccc2ccccc2c1	4
WKEMJKQOLOHJLZ-UHFFFAOYSA-N	ring:O=S(=O)(Cc1ccc2[nH]ccc2c1)N1CCCC1	1
WLCHQSHZHFLMJH-UHFFFAOYSA-N	ring:C1CC2CCC3C(CCC4C5CCCC5CCC43)C2C1	2
WLLMYDQRCSWAST-UHFFFAOYSA-N	acyclic_connectivity:CCC=CCC=CCC=CCC=CCC=CCC=CCCC(=O)OC(CC(=O)[O-])C[N+](C)(C)C	3
WLTXBTSNYDYARD-UHFFFAOYSA-N	ring:C1CCC(OC2CCOC(OC3CCC4C(CCC5C4CCC4C6CCCOC67CC54CO7)C3)C2OC2CCCCO2)OC1	4
WNEFHJONOSWJAK-UHFFFAOYSA-N	ring:C=C1CCCC2CCC=C12	1
WNJBUWVXSNLWEQ-UHFFFAOYSA-N	acyclic_connectivity:C=CCOC(=O)C=CC	3
WNYADZVDBIBLJJ-UHFFFAOYSA-N	ring:C1CCNC1	1
WNZBBTJFOIOEMP-UHFFFAOYSA-N	ring:c1ccc(CCCCN2CCC(c3ccccc3)CC2)cc1	3
WOEUPEKLVDSCQN-UHFFFAOYSA-N	ring:O=c1cc[nH]n1-c1ccccc1	1
WPGPCDVQHXOMQP-UHFFFAOYSA-N	ring:O=C1C=CCCC1	4
WPOQYXKDKVBMSB-UHFFFAOYSA-N	ring:C=C1CC=CCC1	2
WPZFUQQBKHILMS-UHFFFAOYSA-N	ring:O=c1ccc2ccccc2o1	1
WQODMRNWOXLYKU-UHFFFAOYSA-N	ring:C1CCOCC1	3
WQZGKKKJIJFFOK-UHFFFAOYSA-N	ring:C1CCOCC1	3
WRHGORWNJGOVQY-UHFFFAOYSA-N	ring:C=C1CCCC2C=CCCC12	4
WRHGSRWGZMBAFV-UHFFFAOYSA-N	ring:c1cc(CCCCCCCCCC2CCCO2)co1	1
WRHZVMBBRYBTKZ-UHFFFAOYSA-N	ring:c1cc[nH]c1	4
WSEQXVZVJXJVFP-UHFFFAOYSA-N	ring:c1ccc(C2OCc3ccccc32)cc1	1
WTBZNVRBNJWSPF-UHFFFAOYSA-N	ring:O=C1CCC2=CCC3C4CCCC4CC(=O)C3C2C1	3
WTFMBIIXZCPCMT-UHFFFAOYSA-N	ring:C1C2CC3C1C3C2	4
WTRSURIFLHBSLZ-UHFFFAOYSA-N	ring:O=C(OC1CCC2C(C1)C(=O)CC1C3CCC4CCCCC4C3=CCC21)c1ccccc1	4
WUADCCWRTIWANL-UHFFFAOYSA-N	ring:O=c1c(-c2ccccc2)coc2ccccc12	4
WUTYZMFRCNBCHQ-UHFFFAOYSA-N	ring:C1OC2(CS1)CN1CCC2CC1	4
WVKLERKKJXUPIK-UHFFFAOYSA-N	ring:O=c1ccc2ccc(OCc3ccccc3)cc2o1	2
WVLOADHCBXTIJK-UHFFFAOYSA-N	ring:O=C1CCC2C3Cc4cccc5c4C2(CCN3)C1O5	2
WVQBLGZPHOPPFO-UHFFFAOYSA-N	ring:c1ccccc1	0
WVVWYQOPRPVQFM-UHFFFAOYSA-N	ring:C1CCC(OC2CCOC(OC3CCCOC3)C2)OC1	4
WXTMDXOMEHJXQO-UHFFFAOYSA-N	ring:c1ccccc1	0
WYFYRQBBNVSDHV-UHFFFAOYSA-N	ring:c1ccc(OC2CCCCO2)cc1	2
WYUBYHGDUPOTPG-UHFFFAOYSA-N	ring:O=C(C=Cc1ccccc1)c1ccccc1	1
WZAMDSBJONFHAO-UHFFFAOYSA-N	ring:C1CCC2C(C1)CCC1C3CCCC3CCC21	2
WZBNEZWCNKUOSM-UHFFFAOYSA-N	ring:O=C(C=Cc1c[nH]c2ccccc12)Nc1ccccc1	4
WZXHSWVDAYOFPE-UHFFFAOYSA-N	ring:c1ccc2oc(C3CCNCC3)cc2c1	2
XADCESSVHJOZHK-UHFFFAOYSA-N	ring:c1ccc(C2CCNCC2)cc1	4
XALRSJNOMCWQJW-UHFFFAOYSA-N	ring:C1CCC2CCCCC2C1	4
XAPRFLSJBSXESP-UHFFFAOYSA-N	ring:c1ccc(-c2ccc3ccccc3n2)cc1	4
XBMIVRRWGCYBTQ-UHFFFAOYSA-N	ring:c1ccc(Cc2ccccc2)cc1	2
XBPVWACQUMEORV-UHFFFAOYSA-N	ring:O=C1CCC2C(CCC3Oc4cc5c(cc4CC32)C(=O)OC5)CO1	2
XBYJEPZKXGPIKK-UHFFFAOYSA-N	ring:C1=CC2(C=CCO2)OC1	0
XCSGPAVHZFQHGE-UHFFFAOYSA-N	ring:c1ccccc1	0
XCTHZFGSVQBHBW-UHFFFAOYSA-N	acyclic_connectivity:CC(C)CC(NC(=O)C(N)C(C)C)C(=O)O	1
XDOFQFKRPWOURC-UHFFFAOYSA-N	acyclic_connectivity:CC(C)CCCCCCCCCCCCCCC(=O)O	3
XEEDURHPFVXALT-UHFFFAOYSA-N	ring:O=C1NC(=O)C(c2ccccc2)(c2ccccc2)N1	4
XEJGJTYRUWUFFD-UHFFFAOYSA-N	ring:C1=CCCCC1	3
XERVTTUAMKCJIM-UHFFFAOYSA-N	ring:C1CCC(OCC2CCCC(OC3CCC4C(CCC5C4CCC4C6CC7(CCCCO7)OC6CC45)C3)O2)OC1	4
XEUPFPHHPCQXFV-UHFFFAOYSA-N	ring:C1CO1	1
XFCLJVABOIYOMF-UHFFFAOYSA-N	ring:C(=C(c1ccccc1)c1ccccc1)c1ccccc1	4
XFESAOYVWBMFSJ-UHFFFAOYSA-N	ring:c1ccc2ccccc2c1	4
XFLVBMBRLSCJAI-UHFFFAOYSA-N	ring:O=C1NC2CSCC2N1	2
XFYDIVBRZNQMJC-UHFFFAOYSA-N	ring:c1cc(NC2=NCCN2)c2nsnc2c1	3
XGALLCVXEZPNRQ-UHFFFAOYSA-N	ring:c1ccc(Nc2ncnc3ccc(OCCCN4CCOCC4)cc23)cc1	4
XGIODORTBODPTQ-UHFFFAOYSA-N	ring:O=c1n(CCOc2ccccc2)cnn1CCCN1CCN(c2ccccc2)CC1	4
XGOYIMQSIKSOBS-UHFFFAOYSA-N	ring:O=c1c2ccccc2oc2ccccc12	1
XIEAUEYXHINALS-UHFFFAOYSA-N	ring:O=C1CCC2C(C1)C(=O)CC1=C3CCCC3CCC12	2
XIGFNCYVSHOLIF-UHFFFAOYSA-N	ring:C1CCOC1	1
XIQVNETUBQGFHX-UHFFFAOYSA-N	ring:c1ccc(CC2CCCCC2)cc1	3
XJNGQIYBMXBCRU-UHFFFAOYSA-N	ring:C1=C2CCCC(Cc3ccccc3)C2CCC1	3
XJUZRXYOEPSWMB-UHFFFAOYSA-N	acyclic_connectivity:COCCl	2
XJZGNVBLVFOSKJ-UHFFFAOYSA-N	ring:C1CCC2C(C1)CCC1C3CCCC3CCC21	2
XKABJYQDMJTNGQ-UHFFFAOYSA-N	ring:c1cncc(C2CCCN2)c1	3
XKRVXEKRWHROIF-UHFFFAOYSA-N	ring:C1CCC(OCC2CCC(OC3CCCCO3)C(OCC3CCC4C3CCC3C5CCCCC5C(OC5CCCCO5)CC43)O2)OC1	1
XKWSWANXMRXDES-UHFFFAOYSA-N	acyclic_connectivity:CCCCCCCC(=O)OCCC(C)C	1
XLMALTXPSGQGBX-UHFFFAOYSA-N	ring:c1ccc(CCc2ccccc2)cc1	2
XLSMFKSTNGKWQX-UHFFFAOYSA-N	acyclic_connectivity:CC(=O)CO	0
XLYOFNOQVPJJNP-UHFFFAOYSA-N	acyclic_connectivity:O	1
XMAUFHMAAVTODF-UHFFFAOYSA-N	ring:O=C(CCc1c[nH]cn1)NCCc1ccccc1	1
XMGQYMWWDOXHJM-UHFFFAOYSA-N	ring:C1=CCCCC1	3
XMRPGKVKISIQBV-UHFFFAOYSA-N	ring:O=C1CCC2C(CCC3C4CCCC4CCC23)C1	2
XMTQQYYKAHVGBJ-UHFFFAOYSA-N	ring:c1ccccc1	0
XMXHEBAFVSFQEX-UHFFFAOYSA-N	ring:c1ccc(OCCCN2CCC(c3noc4ccccc34)CC2)cc1	1
XNZRYTITWLGTJS-UHFFFAOYSA-N	ring:O=c1ccc2nc3ccc(OCc4ccccc4)cc3oc-2c1	0
XOFDOXJFXCEFDE-UHFFFAOYSA-N	ring:C1=CC2C=CCCC2=C1	3
XPNMCDYOYIKVGB-UHFFFAOYSA-N	ring:c1ccc(CNC2C3CCN(CC3)C2C(c2ccccc2)c2ccccc2)cc1	4
XPOQHMRABVBWPR-UHFFFAOYSA-N	ring:O=C1Nc2ccccc2C(C#CC2CC2)O1	2
XRLVMZVXPMYCSF-UHFFFAOYSA-N	ring:O=C1CCC2C3=C(CCC2C1)C1CCC(CCCC2CO2)C1CC3	0
XROYFEWIXXCPAW-UHFFFAOYSA-N	acyclic_connectivity:CC(C(=O)O)C(=O)OC(CC(=O)[O-])C[N+](C)(C)C	0
XRSKAICFHVAEAV-UHFFFAOYSA-N	ring:O=C1CCC2C(=CC=C3C4CCCC4CCC32)C1	1
XSAYZAUNJMRRIR-UHFFFAOYSA-N	ring:c1ccc2ccccc2c1	4
XTUXQFVSYNSZST-UHFFFAOYSA-N	ring:c1cc(CCCCCCCCCCCCCC2CCCO2)co1	2
XTXDDQDHRPTBJS-UHFFFAOYSA-N	ring:C=C1C=C2C=c3ccc([nH]3)=Cc3ccc([nH]3)C=c3ccc([nH]3)=CC1=N2	2
XTXRWKRVRITETP-UHFFFAOYSA-N	acyclic_connectivity:C=COC(C)=O	0
XUEHVOLRMXNRKQ-UHFFFAOYSA-N	ring:C1=CC2C3CCCCC23C1	1
XUKUURHRXDUEBC-UHFFFAOYSA-N	ring:O=C(Nc1ccccc1)c1c[nH]c(-c2ccccc2)c1-c1ccccc1	4
XUXWOYRIGVQFMU-UHFFFAOYSA-N	ring:O=C1CCCOC1	0
XVAIDCNLVLTVFM-UHFFFAOYSA-N	ring:c1ccccc1	0
XVQDCCGQSOTQBN-UHFFFAOYSA-N	ring:C1=CCCCC1	3
XVSZRAWFCDHCBP-UHFFFAOYSA-N	acyclic_connectivity:CCCCCC(=O)OCCC(C)C	0
XVULBTBTFGYVRC-UHFFFAOYSA-N	ring:C1CCC2CCCCC2C1	4
XWBWIAOWSABHFI-UHFFFAOYSA-N	acyclic_connectivity:CCCCCCCCCCCCCC=CC(O)C(CO)NC(=O)CCCCCCCCCCCCCCCCCCC	1
XWJCPIDSQDMGHG-UHFFFAOYSA-N	acyclic_connectivity:N=C(C=CCC(=O)O)C(=O)O	1
XWLXKKNPFMNSFA-UHFFFAOYSA-N	ring:C1=CC2=CCCCC2CC1	4
XWNRORKBBGYRMR-UHFFFAOYSA-N	acyclic_connectivity:NC(CS)C(=O)NC(C=O)C(O)O	3
XWORXFNMQCQKKK-UHFFFAOYSA-N	ring:O=c1nc[nH]c2c1NCCN2	4
XXDVDTMEVBYRPK-UHFFFAOYSA-N	acyclic_connectivity:CC(C)C(N)C(=O)NC(CCC(N)=O)C(=O)O	0
XXFACTAYGKKOQB-UHFFFAOYSA-N	ring:c1ncc2nc[nH]c2n1	1
XXHPBAVKFNFEEE-UHFFFAOYSA-N	acyclic_connectivity:CCCC(C)C(=N)C(=O)O	1
XXQDOHPCGGBWFU-UHFFFAOYSA-N	ring:O=C1CCc2c(ccc3c2CCC2C(=O)CCC32)C1	1
XXSPOWNRZKCIRF-UHFFFAOYSA-N	ring:c1ccsc1	3
XYFZZOKPDQAJPG-UHFFFAOYSA-N	ring:O=C1C=NC(c2ccccc2)c2ccccc2N1	1
XYIBRDXRRQCHLP-UHFFFAOYSA-N	acyclic_connectivity:CCOC(=O)CC(C)=O	3
XYLWKHKCYHMVMA-UHFFFAOYSA-N	acyclic_connectivity:CCCCCCCCC=CCCCCCCCC(=O)NC(COP(=O)([O-])OCC[N+](C)(C)C)C(O)CCCCCCCCCCCCCCC	1
XYWDPYKBIRQXQS-UHFFFAOYSA-N	acyclic_connectivity:CC(C)SC(C)C	4
XZAFZXJXZHRNAQ-UHFFFAOYSA-N	ring:O=c1ccn(-c2nccs2)c2nc(N3CCCC3)ccc12	3
XZDDMPMZGYEESG-UHFFFAOYSA-N	ring:O=C1CNC(=O)CNC(=O)CNC(=O)CNC(=O)CNC(=O)CNC(=O)CNC(=O)CNC(=O)CNC(=O)CNC(=O)CN1	1
XZRVRYFILCSYSP-UHFFFAOYSA-N	ring:C1=CCCCC1	3
XZWYZXLIPXDOLR-UHFFFAOYSA-N	acyclic_connectivity:CN(C)C(N)=NC(=N)N	2
YACLQRRMGMJLJV-UHFFFAOYSA-N	acyclic_connectivity:C=CC(=C)Cl	3
YAFGHMIAFYQSCF-UHFFFAOYSA-N	ring:O=c1ccc2ccccc2o1	1
YAGBSNMZQKEFCO-UHFFFAOYSA-N	ring:c1ccccc1	0
YAHNGTQFNICUIJ-UHFFFAOYSA-N	ring:O=C1CC=CCC1	2
YAPQBXQYLJRXSA-UHFFFAOYSA-N	ring:O=c1[nH]c(=O)c2[nH]cnc2[nH]1	2
YBDUXZKWDIUNSG-UHFFFAOYSA-N	ring:C1=CC2CCCCC2CC1	4
YBLIQJGXRLZBCZ-UHFFFAOYSA-N	ring:c1ccc(CCOc2ccccc2)cc1	2
YCCILVSKPBXVIP-UHFFFAOYSA-N	ring:c1ccccc1	0
YCFJXOFFQLPCHD-UHFFFAOYSA-N	ring:c1nc2c([nH]1)CCNC2	4
YCWUVLPMLLBDCU-UHFFFAOYSA-N	ring:O=c1nc[nH]c2c1NC(CNc1ccccc1)CN2	0
YDKNDJWHERPREZ-UHFFFAOYSA-N	acyclic_connectivity:O=C(O)C(=O)C(=O)C(O)O	4
YDNKGFDKKRUKPY-UHFFFAOYSA-N	acyclic_connectivity:CCCCCCCCCCCCCC=CC(O)C(CO)NC(=O)CCCCCCCCCCCCCCC	0
YEEZWCHGZNKEEK-UHFFFAOYSA-N	ring:O=C(Nc1ccc2[nH]cc(Cc3ccc(C(=O)NS(=O)(=O)c4ccccc4)cc3)c2c1)OC1CCCC1	0
YEJRWHAVMIAJKC-UHFFFAOYSA-N	ring:O=C1CCCO1	1
YEKZYRCPUZIPAI-UHFFFAOYSA-N	ring:O=C1CC2C3CCC(OC4CCC(OC5CCCCO5)CO4)CC3CCC2C2CC3OC4(CCCCO4)CC3C12	3
YFBPRJGDJKVWAH-UHFFFAOYSA-N	ring:c1ccccc1	0
YFSXBSRGIRSXAD-UHFFFAOYSA-N	ring:O=C1CN=C(c2ccccc2)c2ccccc2N1	4
YFTBALWTXJWGFU-UHFFFAOYSA-N	acyclic_connectivity:CCCCCCCCCCCCCCCCCCCCCCCCCC(=O)NCC(C)C	0
YGJHZCLPZAZIHH-UHFFFAOYSA-N	acyclic_connectivity:CCCCN(CCCC)N=O	1
YGQHQTMRZPHIBB-UHFFFAOYSA-N	ring:c1ccccc1	0
YGSDEFSMJLZEOE-UHFFFAOYSA-N	ring:c1ccccc1	0
YGVOMEFPHQJTOZ-UHFFFAOYSA-N	ring:O=C1CCC2C(=CC=C3C4CCCC4CCC32)C1	1
YHBTXTFFTYXOFV-UHFFFAOYSA-N	ring:c1cc2ccsc2s1	0
YHJQTKZJFHLHOA-UHFFFAOYSA-N	ring:O=C1CC2C=CC(=O)C3C4C(=O)CC=CC4CC(O1)C23	4
YHMQXWQYGOPVLE-UHFFFAOYSA-N	ring:c1cncc(-c2ccc3n2CCCC3)c1	2
YIBNHAJFJUQSRA-UHFFFAOYSA-N	ring:C1CC2CC1OO2	4
YIKYNHJUKRTCJL-UHFFFAOYSA-N	ring:O=c1ccocc1	4
YJDYDFNKCBANTM-UHFFFAOYSA-N	ring:O=C1CNC(=O)CNC(=O)CNC(=O)CNC(=O)CNC(=O)CNC(=O)CNC(=O)CNC(=O)CNC(=O)CNC(=O)CN1	1
YJZOIBYRKVITQF-UHFFFAOYSA-N	ring:O=C1CCC2OC3CCC(C2C1=O)C31CO1	3
YKPUWZUDDOIDPM-UHFFFAOYSA-N	ring:c1ccccc1	0
YLCHTSSXNSNXSW-UHFFFAOYSA-N	ring:C1CCCCC1	3
YLGXILFCIXHCMC-UHFFFAOYSA-N	ring:C1CCC(OC2CCCOC2)OC1	4
YLHIVIHHVKLKEI-UHFFFAOYSA-N	ring:O=C1CC2=C3CCCCC3CCC2C2CCC3CCCCC3C12	3
YLJREFDVOIBQDA-UHFFFAOYSA-N	ring:c1ccc2nc3c(cc2c1)CCCC3	3
YLKFDHTUAUWZPQ-UHFFFAOYSA-N	acyclic_connectivity:CCCN(CCC)N=O	4
YLPOFTFBOIPYLE-UHFFFAOYSA-N	ring:C1=CC2=C(CCC1)CCC2	3
YLQBMQCUIZJEEH-UHFFFAOYSA-N	ring:c1ccoc1	3
YMCDOXNQLVDSQL-UHFFFAOYSA-N	ring:C1CCC(OC2CCOC(OC3CCCOC3)C2)OC1	4
YMIHAYABXZORPU-UHFFFAOYSA-N	ring:C=C1CCCCC1=O	3
YMNKUHIVVMFOFO-UHFFFAOYSA-N	ring:c1ccc2cc3ccccc3cc2c1	0
YMWUJEATGCHHMB-UHFFFAOYSA-N	acyclic_connectivity:ClCCl	0
YNPNZTXNASCQKK-UHFFFAOYSA-N	ring:c1ccc2c(c1)ccc1ccccc12	0
YOBYAKWFGPDGHG-UHFFFAOYSA-N	ring:O=c1[nH]c(=O)c2[nH]cnc2[nH]1	2
YOMLDISQSWWYOT-UHFFFAOYSA-N	ring:O=C1CC(c2ccccc2)Sc2ccccc2N1	4
YOOPHLDCWPOWDX-UHFFFAOYSA-N	ring:C1CCC(COC2CCCCO2)OC1	1
YOSANFHYUVSQIJ-UHFFFAOYSA-N	ring:O=C1OC2(CCCC2)C(c2ccccc2)=C1c1ccccc1	3
YOSHYTLCDANDAN-UHFFFAOYSA-N	ring:O=C1N(Cc2ccc(-c3ccccc3-c3nn[nH]n3)cc2)C=NC12CCCC2	1
YOYAIZYFCNQIRF-UHFFFAOYSA-N	ring:c1ccccc1	0
YPGCWEMNNLXISK-UHFFFAOYSA-N	ring:c1ccccc1	0
YQDZGFAYWGWSJK-UHFFFAOYSA-N	ring:O=C1C=C2CCC3C4CCCC4CCC3C2CC1	1
YQEZLKZALYSWHR-UHFFFAOYSA-N	ring:O=C1CCCCC1c1ccccc1	2
YQNWZWMKLDQSAC-UHFFFAOYSA-N	ring:c1ccc(Sc2ccccc2N2CCNCC2)cc1	3
YSPZBZPFWJQSQN-UHFFFAOYSA-N	ring:C1CCC2C(C1)CCC13CC(CCC21)C1OC13	2
YSQMCHDYZPIFEM-UHFFFAOYSA-N	ring:C1CCC(OC2COC(OC3CCCOC3)CC2OC2CCCCO2)OC1	4
YSWHPLCDIMUKFE-UHFFFAOYSA-N	ring:c1ccccc1	0
YTBDMVHTAWZMMS-UHFFFAOYSA-N	ring:c1ccc(CN2CCc3sccc3C2)cc1	2
YTBRNEUEFCNVHC-UHFFFAOYSA-N	ring:c1ccc(-c2ccccc2)cc1	1
YUCYEVHMFBEBSC-UHFFFAOYSA-N	ring:C1=C2C(CC1)CCC1C2CC=C2CC3COC4OC1C2C4C3	0
YUGCAAVRZWBXEQ-UHFFFAOYSA-N	ring:C(=CC1=CCCC2CCCC12)C1=CCCCC1	2
YVLPJIGOMTXXLP-UHFFFAOYSA-N	acyclic_connectivity:CC(C)=CCCC(C)=CCCC(C)=CCCC(C)=CC=CC=C(C)CCC=C(C)CCC=C(C)CCC=C(C)C	3
YVUQSNJEYSNKRX-UHFFFAOYSA-N	ring:O=c1[nH]c2ccccc2n1C1CCN(CCCC(c2ccccc2)c2ccccc2)CC1	0
YWTYJOPNNQFBPC-UHFFFAOYSA-N	ring:C1=NCCN1Cc1cccnc1	0
YWVYEZNFPRWGMM-UHFFFAOYSA-N	ring:C1CC2CCC1CN2	2
YXFVVABEGXRONW-UHFFFAOYSA-N	ring:c1ccccc1	0
YXKTVDFXDRQTKV-UHFFFAOYSA-N	ring:c1ccc(CCNCc2ccccc2)cc1	1
YXNIWVFDFGNCED-UHFFFAOYSA-N	ring:O=C(Cc1c(-c2ccccc2)c(-c2ccccc2)c2n1CCC2)OCC1CCCCO1	1
YYGGQNGAVIATMP-UHFFFAOYSA-N	ring:C=C1CCC2CC=C(C#CC#CCC3CO3)OC2CCC2CCC12	4
YYGQSWCERNMFNH-UHFFFAOYSA-N	ring:O=C1CCC2CCC3C4CCC5CCCCC5C4=CCC3C2C1	1
YYTVGIBSAJVHGD-UHFFFAOYSA-N	ring:O=c1c2ccccc2[nH]c2c3c(ccc12)OCC3	3
YZBNXQLCEJJXSC-UHFFFAOYSA-N	ring:C1=C2C(CCC1)CCC1C2CCC2C3CCCCC3CCC12	1
YZJBMONDZNACEV-UHFFFAOYSA-N	ring:C1CCC(COC2CCCCO2)OC1	1
YZJGKSLPSGPFEV-UHFFFAOYSA-N	ring:O=C(OCc1ccccc1)c1ccccc1-c1c2ccc(=O)cc-2oc2cc(OCc3ccccc3)ccc12	0
YZVWKHVRBDQPMQ-UHFFFAOYSA-N	ring:c1cc2ccc3cccc4ccc(c1)c2c34	1
YZXBAPSDXZZRGB-UHFFFAOYSA-N	acyclic_connectivity:CCCCCC=CCC=CCC=CCC=CCCCC(=O)O	1
ZAFYATHCZYHLPB-UHFFFAOYSA-N	ring:c1ccc(-c2cn3ccccc3n2)cc1	2
ZAHQBPYQBHTECE-UHFFFAOYSA-N	ring:O=C(Nc1nccs1)C1NS(=O)(=O)c2ccccc2C1=O	3
ZAOGJXDWOQXFBW-UHFFFAOYSA-N	ring:O=c1nc[nH]c2c1NC(CNc1ccccc1)CN2	0
ZARXTZFGQZBYFO-UHFFFAOYSA-N	ring:c1ccc2[nH]ccc2c1	4
ZBEOTAUYLFQRMF-UHFFFAOYSA-N	ring:C1CCC(OC2CCOC(OC3CCOC(OC4COC(OC5CCCOC5)CC4OC4CCCCO4)C3)C2)OC1	3
ZBILSSSEXRZGKS-UHFFFAOYSA-N	ring:c1ccc2c(c1)Cc1ccccc1N1CCNCC21	3
ZBJCYZPANVLBRK-UHFFFAOYSA-N	ring:C1CCC2(CC1)OCCO2	1
ZCBUQCWBWNUWSU-UHFFFAOYSA-N	ring:O=C1NC(=O)C2=C1c1cn(c3ccccc13)CCCOCCn1cc2c2ccccc21	0
ZCCUUQDIBDJBTK-UHFFFAOYSA-N	ring:O=c1ccc2cc3ccoc3cc2o1	2
ZCDKJIRLFSPIQI-UHFFFAOYSA-N	ring:C1CCOCC1	3
ZCRLGANQNRMURE-UHFFFAOYSA-N	ring:C=C1CC23CC1CCC2C12CCCC(C(=O)OC1)C2C3	0
ZCWVJVNYHGWIEF-UHFFFAOYSA-N	ring:C1=C2C3CCCCC3CCC2C2CCC3CC(OC4CCCCO4)CCC3C2C1	1
ZCZCOXLLICTZAH-UHFFFAOYSA-N	acyclic_connectivity:N#CSO	0
ZDKZHVNKFOXMND-UHFFFAOYSA-N	ring:O=C1OC=CC2CCCC12	0
ZDSJDEUSYYXIOG-UHFFFAOYSA-N	ring:O=C1c2cocc2CCC2CCCC12	4
ZEAPBLQYYQTNCR-UHFFFAOYSA-N	ring:O=C(OC1c2ccoc2CC2CCCCC21)C1CO1	3
ZEPNVCGPJXYABB-UHFFFAOYSA-N	ring:C1=C2CCCCC2C2CCC3CCCC3C2=C1	1
ZEQYDMUNUYOURN-UHFFFAOYSA-N	ring:O=C1CCC2=C(CCC3C2=C(c2ccccc2)CC2CCCC23)C1	0
ZEVJZHRJNZKVGI-UHFFFAOYSA-N	ring:O=C1CCCCCCCCCCOC2OCCCC2OC2OCC(OC3CC(OC4CCCCO4)C(OC4CCCCO4)CO3)CC2O1	2
ZFDXQUVDLKGYIL-UHFFFAOYSA-N	ring:c1ccc(N2CCc3cnc4ccccc4c32)cc1	3
ZFMSMUAANRJZFM-UHFFFAOYSA-N	ring:c1ccccc1	0
ZFRKQXVRDFCRJG-UHFFFAOYSA-N	ring:c1ccc2[nH]ccc2c1	4
ZFXYFBGIUFBOJW-UHFFFAOYSA-N	ring:O=c1[nH]c(=O)c2[nH]cnc2[nH]1	2
ZGHAVKULRAPSKM-UHFFFAOYSA-N	ring:C=C1CC23CC1CCC2C12CCCC(C(=O)O1)C2C3	2
ZGKMOBGNUPSVFU-UHFFFAOYSA-N	ring:C1CCC(OC2CCOCC2)OC1	3
ZGLHBRQAEXKACO-UHFFFAOYSA-N	ring:C=C1CCCCC1=CC=C1CCCC2CCCC12	3
ZGLXUQQMLLIKAN-UHFFFAOYSA-N	ring:O=C1OCC2Cc3cc4c(cc3C(c3ccccc3)C12)OCO4	1
ZGPDFGRHCXLZIF-UHFFFAOYSA-N	ring:C1CCC(OCCC2CCCC(OCCC3CCCC(OC4CC(OC5CCCOC5)OCC4OC4CC(OC5CC(OC6CCCCO6)CCO5)CCO4)O3)O2)OC1	2
ZGUGWUXLJSTTMA-UHFFFAOYSA-N	ring:c1ccc2c(c1)Nc1ccccc1S2	1
ZGVRGXGXZKITGK-UHFFFAOYSA-N	ring:C1CCC(OC2CCCOC2OC2CCC3C(CCC4C3CCC3C5CC6(CCCCO6)OC5CC34)C2)OC1	2
ZHCAAZIHTDCFJX-UHFFFAOYSA-N	ring:C1CCC2C(C1)CCC1C3CCCC3CCC21	2
ZHDMPVIDHWJGTN-UHFFFAOYSA-N	ring:c1ccc(C2CCc3ccccc3O2)cc1	0
ZIGUFUZHKPIMCR-UHFFFAOYSA-N	ring:c1ccccc1	0
ZIWFCOIGUNPHPM-UHFFFAOYSA-N	ring:c1ccc(CNC2CCCNC2c2ccccc2)cc1	0
ZIZODWXWMZVEEM-UHFFFAOYSA-N	ring:C1=C2C3CCCCC3CCC2C2CCCC2C1	1
ZJFZKWFGTZZRRT-UHFFFAOYSA-N	acyclic_connectivity:CCCCCCCCCCCCC=CC=CCC(=O)NCC(C)C	2
ZJJXGWJIGJFDTL-UHFFFAOYSA-N	ring:O=C(NC1CCCCC1)NS(=O)(=O)c1ccc(CCNC(=O)c2cnccn2)cc1	3
ZJOFAFWTOKDIFH-UHFFFAOYSA-N	ring:C1=CCC(c2cccnc2)NC1	2
ZKMNUMMKYBVTFN-UHFFFAOYSA-N	ring:O=C(Nc1ccccc1)C1CCCCN1	1
ZKTQSWBSOLFYDL-UHFFFAOYSA-N	ring:C1=C2C3CCCCC3CCC2C2CCC3CC(OC4CC(OC5CCCCO5)C(OC5CCCCO5)CO4)CCC3C2C1	4
ZKXDGKXYMTYWTB-UHFFFAOYSA-N	ring:C1COCCN1	2
ZLYIWYCHNAZAQI-UHFFFAOYSA-N	ring:O=C(C=Cc1ccccc1)OC1CC2CC(OC2=O)C1OC(=O)C=Cc1ccccc1	4
ZMQAAUBTXCXRIC-UHFFFAOYSA-N	ring:c1ccc2c(c1)OCO2	1
ZMXDDKWLCZADIW-UHFFFAOYSA-N	acyclic_connectivity:CN(C)C=O	3
ZNQVEEAIQZEUHB-UHFFFAOYSA-N	acyclic_connectivity:CCOCCO	2
ZNRGQMMCGHDTEI-UHFFFAOYSA-N	ring:O=C(OC1CC2CCC(C1)N2)c1c[nH]c2ccccc12	2
ZNXXWTPQHVLMQT-UHFFFAOYSA-N	ring:O=C1CCC(Cc2ccccc2)O1	3
ZOCSXAVNDGMNBV-UHFFFAOYSA-N	ring:c1ccc(-n2cccn2)cc1	1
ZOIAMMQYAZSWRX-UHFFFAOYSA-N	ring:c1ccc(OC2CCCCO2)cc1	2
ZONTWFMTDBGILI-UHFFFAOYSA-N	acyclic_connectivity:CC(=O)NC(CSC(F)(F)C(OCF)C(F)F)C(=O)O	2
ZOWKQQIGQBVKSV-UHFFFAOYSA-N	ring:c1cc(CCC2CCCC3CCCCC32)co1	2
ZOYASYRPGHCQHW-UHFFFAOYSA-N	acyclic_connectivity:CCCSSSC	0
ZPEIMTDSQAKGNT-UHFFFAOYSA-N	ring:c1ccc2c(c1)Nc1ccccc1S2	1
ZPSOKQFFOYYPKC-UHFFFAOYSA-N	ring:O=c1ccc2nc3ccccc3oc-2c1	3
ZPUCINDJVBIVPJ-UHFFFAOYSA-N	ring:O=C(OC1CC2CCC(C1)N2)c1ccccc1	3
ZPVXZDCYCDBKAJ-UHFFFAOYSA-N	ring:O=C(CCc1ccccc1)c1ccccc1OC1OCCCC1OC1CCCO1	0
ZQEKBPUAGJKEQO-UHFFFAOYSA-N	ring:C1CCC(OC2CCOC(OC3CCC(OC4CCC5C(CCC6C5CCC5C7CC8(CCCCO8)OC7CC56)C4)OC3)C2OC2CCCCO2)OC1	2
ZQIULKXWJGSFAC-UHFFFAOYSA-N	ring:O=C1C=CC2C(CCC3C4CCC5CCCC5C4=CCC23)C1	1
ZQPPMHVWECSIRJ-UHFFFAOYSA-N	acyclic_connectivity:CCCCCCCCC=CCCCCCCCC(=O)O	2
ZQRBOBGLJZHCAN-UHFFFAOYSA-N	ring:O=C(Cn1cnnn1)NC1C(=O)N2CC(=CSc3nncs3)CSC12	1
ZQRKCRBPNDLUPZ-UHFFFAOYSA-N	ring:O=c1ccc2ccccc2o1	1
ZRALSGWEFCBTJO-UHFFFAOYSA-N	acyclic_connectivity:N=C(N)N	2
ZRZLPBMRQBPBKQ-UHFFFAOYSA-N	ring:C1CCC(OCCC2CCCC(OCCC3CCCC(OC4CCOC(OC5CCCOC5)C4)O3)O2)OC1	2
ZSCDBOWYZJWBIY-UHFFFAOYSA-N	ring:c1ccc2c(c1)CCc1ccccc1N2	3
ZSTKHSQDNIGFLM-UHFFFAOYSA-N	ring:c1ccc2[nH]ccc2c1	4
ZSYPIPFQOQGYHH-UHFFFAOYSA-N	ring:O=c1cc(-c2ccccc2)oc2ccccc12	1
ZTUJKPWRKVDGPL-UHFFFAOYSA-N	ring:O=c1ccc2ccc3occc3c2o1	3
ZTULNMNIVVMLIU-UHFFFAOYSA-N	acyclic_connectivity:CCCC(C)C(=O)OC	2
ZUTQCPBDRJBADG-UHFFFAOYSA-N	ring:c1ccc(CCN2CCN(CCCc3c[nH]c4ccc(-n5cnnc5)cc34)CC2)cc1	3
ZVQUCWXZCKWZBP-UHFFFAOYSA-N	ring:c1ccc(CCCNCc2ccccc2)cc1	2
ZWJKFSZYIOCMGF-UHFFFAOYSA-N	acyclic_connectivity:CCCCCCC(C)CC(C)(C)C	3
ZXEXAUWPQPJYJZ-UHFFFAOYSA-N	ring:O=C1CC2CCOC3CC4CC=CC(=O)C4C(C1)C23	2
ZXJJBDHPUHUUHD-UHFFFAOYSA-N	ring:O=c1cc(-c2ccccc2)oc2ccccc12	1
ZXTKKUHKNXKMEL-UHFFFAOYSA-N	ring:C=C1CC23CC4C5CCCC4(OC5=O)C2CCC1(OC1CCCCO1)C3	1
ZYEMGPIYFIJGTP-UHFFFAOYSA-N	ring:c1ccccc1	0
ZYGHJZDHTFUPRJ-UHFFFAOYSA-N	ring:O=c1ccc2ccccc2o1	1
ZYVXHFWBYUDDBM-UHFFFAOYSA-N	ring:c1ccncc1	2
ZZFNQLFGNVPSOG-UHFFFAOYSA-N	acyclic_connectivity:CCC=CCOC(=O)CCCCC	0
ZZSBUQYGAPWEOJ-UHFFFAOYSA-N	acyclic_connectivity:O=C(O)CCCC(O)C=CC=CC=CC(O)CC=CCCCCC(O)O	1
ZZSUZHDAZDQPJO-UHFFFAOYSA-N	ring:c1ccncc1	2
ZZVUWRFHKOJYTH-UHFFFAOYSA-N	ring:c1ccc(Cc2ccccc2)cc1	2
